ano,orgao_cod,orgao_nome_sigla,poder_cod,situacao,uo_cod,uo_nome_sigla,categoria_cod,grupo_cod,modalidade_cod,elemento_cod,fonte_cod,ipu_cod,seq_progtrab,funcao_cod,subfuncao_cod,programa_cod,identificador_tipo_acao_cod,projeto_atividade_cod,acao_cod,subprojeto_subatividade_cod,vlr_loa_desp_uo,vlr_loa_desp_scppo,vlr_loa_desp,iag_cod,acao_desc,programa_desc
2027,1010,ASSEMBLEIA LEGISLATIVA DO ESTADO DE MINAS GERAIS - ALMG,1,,1011,ASSEMBLEIA LEGISLATIVA DO ESTADO DE MINAS GERAIS - ALMG,3,1,90,11,10,1,,1,31,729,4,239,4239,1,,,952083985.00,0,ELABORAÇÃO LEGISLATIVA E ACOMPANHAMENTO DAS POLÍTICAS PÚBLICAS,PROCESSO LEGISLATIVO
2027,1010,ASSEMBLEIA LEGISLATIVA DO ESTADO DE MINAS GERAIS - ALMG,1,,1011,ASSEMBLEIA LEGISLATIVA DO ESTADO DE MINAS GERAIS - ALMG,3,1,90,13,10,1,,1,31,729,4,239,4239,1,,,107367200.00,0,ELABORAÇÃO LEGISLATIVA E ACOMPANHAMENTO DAS POLÍTICAS PÚBLICAS,PROCESSO LEGISLATIVO
2027,1010,ASSEMBLEIA LEGISLATIVA DO ESTADO DE MINAS GERAIS - ALMG,1,,1011,ASSEMBLEIA LEGISLATIVA DO ESTADO DE MINAS GERAIS - ALMG,3,1,90,16,10,1,,1,31,729,4,239,4239,1,,,56085100.00,0,ELABORAÇÃO LEGISLATIVA E ACOMPANHAMENTO DAS POLÍTICAS PÚBLICAS,PROCESSO LEGISLATIVO
2027,1010,ASSEMBLEIA LEGISLATIVA DO ESTADO DE MINAS GERAIS - ALMG,1,,1011,ASSEMBLEIA LEGISLATIVA DO ESTADO DE MINAS GERAIS - ALMG,3,1,90,17,10,1,,1,31,729,4,239,4239,1,,,595200.00,0,ELABORAÇÃO LEGISLATIVA E ACOMPANHAMENTO DAS POLÍTICAS PÚBLICAS,PROCESSO LEGISLATIVO
2027,1010,ASSEMBLEIA LEGISLATIVA DO ESTADO DE MINAS GERAIS - ALMG,1,,1011,ASSEMBLEIA LEGISLATIVA DO ESTADO DE MINAS GERAIS - ALMG,3,1,90,7,10,1,,1,31,729,4,239,4239,1,,,4306800.00,0,ELABORAÇÃO LEGISLATIVA E ACOMPANHAMENTO DAS POLÍTICAS PÚBLICAS,PROCESSO LEGISLATIVO
2027,1010,ASSEMBLEIA LEGISLATIVA DO ESTADO DE MINAS GERAIS - ALMG,1,,1011,ASSEMBLEIA LEGISLATIVA DO ESTADO DE MINAS GERAIS - ALMG,3,1,90,92,10,1,,1,31,729,4,239,4239,1,,,32000000.00,0,ELABORAÇÃO LEGISLATIVA E ACOMPANHAMENTO DAS POLÍTICAS PÚBLICAS,PROCESSO LEGISLATIVO
2027,1010,ASSEMBLEIA LEGISLATIVA DO ESTADO DE MINAS GERAIS - ALMG,1,,1011,ASSEMBLEIA LEGISLATIVA DO ESTADO DE MINAS GERAIS - ALMG,3,1,90,94,10,1,,1,31,729,4,239,4239,1,,,10000000.00,0,ELABORAÇÃO LEGISLATIVA E ACOMPANHAMENTO DAS POLÍTICAS PÚBLICAS,PROCESSO LEGISLATIVO
2027,1010,ASSEMBLEIA LEGISLATIVA DO ESTADO DE MINAS GERAIS - ALMG,1,,1011,ASSEMBLEIA LEGISLATIVA DO ESTADO DE MINAS GERAIS - ALMG,3,1,91,13,10,1,,1,31,729,4,239,4239,1,,,123169000.00,0,ELABORAÇÃO LEGISLATIVA E ACOMPANHAMENTO DAS POLÍTICAS PÚBLICAS,PROCESSO LEGISLATIVO
2027,1010,ASSEMBLEIA LEGISLATIVA DO ESTADO DE MINAS GERAIS - ALMG,1,,1011,ASSEMBLEIA LEGISLATIVA DO ESTADO DE MINAS GERAIS - ALMG,3,3,90,13,10,1,,1,31,729,4,239,4239,1,,,69600.00,0,ELABORAÇÃO LEGISLATIVA E ACOMPANHAMENTO DAS POLÍTICAS PÚBLICAS,PROCESSO LEGISLATIVO
2027,1010,ASSEMBLEIA LEGISLATIVA DO ESTADO DE MINAS GERAIS - ALMG,1,,1011,ASSEMBLEIA LEGISLATIVA DO ESTADO DE MINAS GERAIS - ALMG,3,3,90,14,10,1,,1,31,729,4,239,4239,1,,,15348600.00,0,ELABORAÇÃO LEGISLATIVA E ACOMPANHAMENTO DAS POLÍTICAS PÚBLICAS,PROCESSO LEGISLATIVO
2027,1010,ASSEMBLEIA LEGISLATIVA DO ESTADO DE MINAS GERAIS - ALMG,1,,1011,ASSEMBLEIA LEGISLATIVA DO ESTADO DE MINAS GERAIS - ALMG,3,3,90,30,10,1,,1,31,729,4,239,4239,1,,,4396300.00,0,ELABORAÇÃO LEGISLATIVA E ACOMPANHAMENTO DAS POLÍTICAS PÚBLICAS,PROCESSO LEGISLATIVO
2027,1010,ASSEMBLEIA LEGISLATIVA DO ESTADO DE MINAS GERAIS - ALMG,1,,1011,ASSEMBLEIA LEGISLATIVA DO ESTADO DE MINAS GERAIS - ALMG,3,3,90,31,10,1,,1,31,729,4,239,4239,1,,,52200.00,0,ELABORAÇÃO LEGISLATIVA E ACOMPANHAMENTO DAS POLÍTICAS PÚBLICAS,PROCESSO LEGISLATIVO
2027,1010,ASSEMBLEIA LEGISLATIVA DO ESTADO DE MINAS GERAIS - ALMG,1,,1011,ASSEMBLEIA LEGISLATIVA DO ESTADO DE MINAS GERAIS - ALMG,3,3,90,33,10,1,,1,31,729,4,239,4239,1,,,5454300.00,0,ELABORAÇÃO LEGISLATIVA E ACOMPANHAMENTO DAS POLÍTICAS PÚBLICAS,PROCESSO LEGISLATIVO
2027,1010,ASSEMBLEIA LEGISLATIVA DO ESTADO DE MINAS GERAIS - ALMG,1,,1011,ASSEMBLEIA LEGISLATIVA DO ESTADO DE MINAS GERAIS - ALMG,3,3,90,35,10,1,,1,31,729,4,239,4239,1,,,936100.00,0,ELABORAÇÃO LEGISLATIVA E ACOMPANHAMENTO DAS POLÍTICAS PÚBLICAS,PROCESSO LEGISLATIVO
2027,1010,ASSEMBLEIA LEGISLATIVA DO ESTADO DE MINAS GERAIS - ALMG,1,,1011,ASSEMBLEIA LEGISLATIVA DO ESTADO DE MINAS GERAIS - ALMG,3,3,90,36,10,1,,1,31,729,4,239,4239,1,,,6970700.00,0,ELABORAÇÃO LEGISLATIVA E ACOMPANHAMENTO DAS POLÍTICAS PÚBLICAS,PROCESSO LEGISLATIVO
2027,1010,ASSEMBLEIA LEGISLATIVA DO ESTADO DE MINAS GERAIS - ALMG,1,,1011,ASSEMBLEIA LEGISLATIVA DO ESTADO DE MINAS GERAIS - ALMG,3,3,90,37,10,1,,1,31,729,4,239,4239,1,,,52782600.00,0,ELABORAÇÃO LEGISLATIVA E ACOMPANHAMENTO DAS POLÍTICAS PÚBLICAS,PROCESSO LEGISLATIVO
2027,1010,ASSEMBLEIA LEGISLATIVA DO ESTADO DE MINAS GERAIS - ALMG,1,,1011,ASSEMBLEIA LEGISLATIVA DO ESTADO DE MINAS GERAIS - ALMG,3,3,90,39,10,1,,1,31,729,4,239,4239,1,,,208447700.00,0,ELABORAÇÃO LEGISLATIVA E ACOMPANHAMENTO DAS POLÍTICAS PÚBLICAS,PROCESSO LEGISLATIVO
2027,1010,ASSEMBLEIA LEGISLATIVA DO ESTADO DE MINAS GERAIS - ALMG,1,,1011,ASSEMBLEIA LEGISLATIVA DO ESTADO DE MINAS GERAIS - ALMG,3,3,90,40,10,1,,1,31,729,4,239,4239,1,,,10743000.00,0,ELABORAÇÃO LEGISLATIVA E ACOMPANHAMENTO DAS POLÍTICAS PÚBLICAS,PROCESSO LEGISLATIVO
2027,1010,ASSEMBLEIA LEGISLATIVA DO ESTADO DE MINAS GERAIS - ALMG,1,,1011,ASSEMBLEIA LEGISLATIVA DO ESTADO DE MINAS GERAIS - ALMG,3,3,90,41,10,1,,1,31,729,4,239,4239,1,,,605900.00,0,ELABORAÇÃO LEGISLATIVA E ACOMPANHAMENTO DAS POLÍTICAS PÚBLICAS,PROCESSO LEGISLATIVO
2027,1010,ASSEMBLEIA LEGISLATIVA DO ESTADO DE MINAS GERAIS - ALMG,1,,1011,ASSEMBLEIA LEGISLATIVA DO ESTADO DE MINAS GERAIS - ALMG,3,3,90,46,10,7,,1,31,729,4,239,4239,1,,,110437000.00,0,ELABORAÇÃO LEGISLATIVA E ACOMPANHAMENTO DAS POLÍTICAS PÚBLICAS,PROCESSO LEGISLATIVO
2027,1010,ASSEMBLEIA LEGISLATIVA DO ESTADO DE MINAS GERAIS - ALMG,1,,1011,ASSEMBLEIA LEGISLATIVA DO ESTADO DE MINAS GERAIS - ALMG,3,3,90,47,10,1,,1,31,729,4,239,4239,1,,,169800.00,0,ELABORAÇÃO LEGISLATIVA E ACOMPANHAMENTO DAS POLÍTICAS PÚBLICAS,PROCESSO LEGISLATIVO
2027,1010,ASSEMBLEIA LEGISLATIVA DO ESTADO DE MINAS GERAIS - ALMG,1,,1011,ASSEMBLEIA LEGISLATIVA DO ESTADO DE MINAS GERAIS - ALMG,3,3,90,49,10,7,,1,31,729,4,239,4239,1,,,23773000.00,0,ELABORAÇÃO LEGISLATIVA E ACOMPANHAMENTO DAS POLÍTICAS PÚBLICAS,PROCESSO LEGISLATIVO
2027,1010,ASSEMBLEIA LEGISLATIVA DO ESTADO DE MINAS GERAIS - ALMG,1,,1011,ASSEMBLEIA LEGISLATIVA DO ESTADO DE MINAS GERAIS - ALMG,3,3,90,8,10,1,,1,31,729,4,239,4239,1,,,23848900.00,0,ELABORAÇÃO LEGISLATIVA E ACOMPANHAMENTO DAS POLÍTICAS PÚBLICAS,PROCESSO LEGISLATIVO
2027,1010,ASSEMBLEIA LEGISLATIVA DO ESTADO DE MINAS GERAIS - ALMG,1,,1011,ASSEMBLEIA LEGISLATIVA DO ESTADO DE MINAS GERAIS - ALMG,3,3,90,8,10,7,,1,31,729,4,239,4239,1,,,1290000.00,0,ELABORAÇÃO LEGISLATIVA E ACOMPANHAMENTO DAS POLÍTICAS PÚBLICAS,PROCESSO LEGISLATIVO
2027,1010,ASSEMBLEIA LEGISLATIVA DO ESTADO DE MINAS GERAIS - ALMG,1,,1011,ASSEMBLEIA LEGISLATIVA DO ESTADO DE MINAS GERAIS - ALMG,3,3,90,93,10,1,,1,31,729,4,239,4239,1,,,14506100.00,0,ELABORAÇÃO LEGISLATIVA E ACOMPANHAMENTO DAS POLÍTICAS PÚBLICAS,PROCESSO LEGISLATIVO
2027,1010,ASSEMBLEIA LEGISLATIVA DO ESTADO DE MINAS GERAIS - ALMG,1,,1011,ASSEMBLEIA LEGISLATIVA DO ESTADO DE MINAS GERAIS - ALMG,3,3,90,93,60,1,,1,31,729,4,239,4239,1,,,24895294.00,0,ELABORAÇÃO LEGISLATIVA E ACOMPANHAMENTO DAS POLÍTICAS PÚBLICAS,PROCESSO LEGISLATIVO
2027,1010,ASSEMBLEIA LEGISLATIVA DO ESTADO DE MINAS GERAIS - ALMG,1,,1011,ASSEMBLEIA LEGISLATIVA DO ESTADO DE MINAS GERAIS - ALMG,3,3,91,30,10,1,,1,31,729,4,239,4239,1,,,140000.00,0,ELABORAÇÃO LEGISLATIVA E ACOMPANHAMENTO DAS POLÍTICAS PÚBLICAS,PROCESSO LEGISLATIVO
2027,1010,ASSEMBLEIA LEGISLATIVA DO ESTADO DE MINAS GERAIS - ALMG,1,,1011,ASSEMBLEIA LEGISLATIVA DO ESTADO DE MINAS GERAIS - ALMG,4,4,90,40,10,1,,1,31,729,4,239,4239,1,,,490800.00,0,ELABORAÇÃO LEGISLATIVA E ACOMPANHAMENTO DAS POLÍTICAS PÚBLICAS,PROCESSO LEGISLATIVO
2027,1010,ASSEMBLEIA LEGISLATIVA DO ESTADO DE MINAS GERAIS - ALMG,1,,1011,ASSEMBLEIA LEGISLATIVA DO ESTADO DE MINAS GERAIS - ALMG,4,4,90,52,10,1,,1,31,729,4,239,4239,1,,,15009200.00,0,ELABORAÇÃO LEGISLATIVA E ACOMPANHAMENTO DAS POLÍTICAS PÚBLICAS,PROCESSO LEGISLATIVO
2027,1010,ASSEMBLEIA LEGISLATIVA DO ESTADO DE MINAS GERAIS - ALMG,1,,1011,ASSEMBLEIA LEGISLATIVA DO ESTADO DE MINAS GERAIS - ALMG,4,5,91,41,10,1,,1,31,729,4,239,4239,1,,,11953000.00,0,ELABORAÇÃO LEGISLATIVA E ACOMPANHAMENTO DAS POLÍTICAS PÚBLICAS,PROCESSO LEGISLATIVO
2027,1010,ASSEMBLEIA LEGISLATIVA DO ESTADO DE MINAS GERAIS - ALMG,1,,1011,ASSEMBLEIA LEGISLATIVA DO ESTADO DE MINAS GERAIS - ALMG,3,1,90,91,10,9,,28,846,705,7,4,7004,1,,,1000000.00,0,PRECATÓRIOS E SENTENÇAS JUDICIÁRIAS,APOIO ÀS POLÍTICAS PÚBLICAS
2027,1010,ASSEMBLEIA LEGISLATIVA DO ESTADO DE MINAS GERAIS - ALMG,1,,1011,ASSEMBLEIA LEGISLATIVA DO ESTADO DE MINAS GERAIS - ALMG,3,3,90,91,10,9,,28,846,705,7,4,7004,1,,,30000.00,0,PRECATÓRIOS E SENTENÇAS JUDICIÁRIAS,APOIO ÀS POLÍTICAS PÚBLICAS
2027,1010,ASSEMBLEIA LEGISLATIVA DO ESTADO DE MINAS GERAIS - ALMG,1,,1011,ASSEMBLEIA LEGISLATIVA DO ESTADO DE MINAS GERAIS - ALMG,3,1,90,1,10,5,,9,272,705,7,6,7006,1,,,354000000.00,0,PROVENTOS DE INATIVOS CIVIS E PENSIONISTAS,APOIO ÀS POLÍTICAS PÚBLICAS
2027,1010,ASSEMBLEIA LEGISLATIVA DO ESTADO DE MINAS GERAIS - ALMG,1,,1011,ASSEMBLEIA LEGISLATIVA DO ESTADO DE MINAS GERAIS - ALMG,3,1,90,1,42,5,,9,272,705,7,6,7006,1,,,120000000.00,0,PROVENTOS DE INATIVOS CIVIS E PENSIONISTAS,APOIO ÀS POLÍTICAS PÚBLICAS
2027,1010,ASSEMBLEIA LEGISLATIVA DO ESTADO DE MINAS GERAIS - ALMG,1,,1011,ASSEMBLEIA LEGISLATIVA DO ESTADO DE MINAS GERAIS - ALMG,3,1,90,1,43,5,,9,272,705,7,6,7006,1,,,129510000.00,0,PROVENTOS DE INATIVOS CIVIS E PENSIONISTAS,APOIO ÀS POLÍTICAS PÚBLICAS
2027,1010,ASSEMBLEIA LEGISLATIVA DO ESTADO DE MINAS GERAIS - ALMG,1,,1011,ASSEMBLEIA LEGISLATIVA DO ESTADO DE MINAS GERAIS - ALMG,3,1,90,59,10,1,,9,272,705,7,6,7006,1,,,1830000.00,0,PROVENTOS DE INATIVOS CIVIS E PENSIONISTAS,APOIO ÀS POLÍTICAS PÚBLICAS
2027,1010,ASSEMBLEIA LEGISLATIVA DO ESTADO DE MINAS GERAIS - ALMG,1,,1011,ASSEMBLEIA LEGISLATIVA DO ESTADO DE MINAS GERAIS - ALMG,3,1,91,13,10,5,,9,272,705,7,6,7006,1,,,200000.00,0,PROVENTOS DE INATIVOS CIVIS E PENSIONISTAS,APOIO ÀS POLÍTICAS PÚBLICAS
2027,1010,ASSEMBLEIA LEGISLATIVA DO ESTADO DE MINAS GERAIS - IPLEMG,1,,2361,INSTITUTO DE PREVIDÊNCIA DO LEGISLATIVO DO ESTADO DE MINAS GERAIS - IPLEMG,3,1,90,11,60,1,,1,122,705,2,9,2009,1,,,420067.00,0,DIREÇÃO ADMINISTRATIVA,APOIO ÀS POLÍTICAS PÚBLICAS
2027,1010,ASSEMBLEIA LEGISLATIVA DO ESTADO DE MINAS GERAIS - IPLEMG,1,,2361,INSTITUTO DE PREVIDÊNCIA DO LEGISLATIVO DO ESTADO DE MINAS GERAIS - IPLEMG,3,1,90,13,60,1,,1,122,705,2,9,2009,1,,,567270.00,0,DIREÇÃO ADMINISTRATIVA,APOIO ÀS POLÍTICAS PÚBLICAS
2027,1010,ASSEMBLEIA LEGISLATIVA DO ESTADO DE MINAS GERAIS - IPLEMG,1,,2361,INSTITUTO DE PREVIDÊNCIA DO LEGISLATIVO DO ESTADO DE MINAS GERAIS - IPLEMG,3,1,90,16,60,1,,1,122,705,2,9,2009,1,,,160764.00,0,DIREÇÃO ADMINISTRATIVA,APOIO ÀS POLÍTICAS PÚBLICAS
2027,1010,ASSEMBLEIA LEGISLATIVA DO ESTADO DE MINAS GERAIS - IPLEMG,1,,2361,INSTITUTO DE PREVIDÊNCIA DO LEGISLATIVO DO ESTADO DE MINAS GERAIS - IPLEMG,3,1,90,92,60,1,,1,122,705,2,9,2009,1,,,62899.00,0,DIREÇÃO ADMINISTRATIVA,APOIO ÀS POLÍTICAS PÚBLICAS
2027,1010,ASSEMBLEIA LEGISLATIVA DO ESTADO DE MINAS GERAIS - IPLEMG,1,,2361,INSTITUTO DE PREVIDÊNCIA DO LEGISLATIVO DO ESTADO DE MINAS GERAIS - IPLEMG,3,3,90,30,60,1,,1,122,705,2,9,2009,1,,,350011.00,0,DIREÇÃO ADMINISTRATIVA,APOIO ÀS POLÍTICAS PÚBLICAS
2027,1010,ASSEMBLEIA LEGISLATIVA DO ESTADO DE MINAS GERAIS - IPLEMG,1,,2361,INSTITUTO DE PREVIDÊNCIA DO LEGISLATIVO DO ESTADO DE MINAS GERAIS - IPLEMG,3,3,90,33,60,1,,1,122,705,2,9,2009,1,,,102000.00,0,DIREÇÃO ADMINISTRATIVA,APOIO ÀS POLÍTICAS PÚBLICAS
2027,1010,ASSEMBLEIA LEGISLATIVA DO ESTADO DE MINAS GERAIS - IPLEMG,1,,2361,INSTITUTO DE PREVIDÊNCIA DO LEGISLATIVO DO ESTADO DE MINAS GERAIS - IPLEMG,3,3,90,35,60,1,,1,122,705,2,9,2009,1,,,2951770.00,0,DIREÇÃO ADMINISTRATIVA,APOIO ÀS POLÍTICAS PÚBLICAS
2027,1010,ASSEMBLEIA LEGISLATIVA DO ESTADO DE MINAS GERAIS - IPLEMG,1,,2361,INSTITUTO DE PREVIDÊNCIA DO LEGISLATIVO DO ESTADO DE MINAS GERAIS - IPLEMG,3,3,90,36,60,1,,1,122,705,2,9,2009,1,,,957810.00,0,DIREÇÃO ADMINISTRATIVA,APOIO ÀS POLÍTICAS PÚBLICAS
2027,1010,ASSEMBLEIA LEGISLATIVA DO ESTADO DE MINAS GERAIS - IPLEMG,1,,2361,INSTITUTO DE PREVIDÊNCIA DO LEGISLATIVO DO ESTADO DE MINAS GERAIS - IPLEMG,3,3,90,37,60,1,,1,122,705,2,9,2009,1,,,674000.00,0,DIREÇÃO ADMINISTRATIVA,APOIO ÀS POLÍTICAS PÚBLICAS
2027,1010,ASSEMBLEIA LEGISLATIVA DO ESTADO DE MINAS GERAIS - IPLEMG,1,,2361,INSTITUTO DE PREVIDÊNCIA DO LEGISLATIVO DO ESTADO DE MINAS GERAIS - IPLEMG,3,3,90,39,60,1,,1,122,705,2,9,2009,1,,,493485.00,0,DIREÇÃO ADMINISTRATIVA,APOIO ÀS POLÍTICAS PÚBLICAS
2027,1010,ASSEMBLEIA LEGISLATIVA DO ESTADO DE MINAS GERAIS - IPLEMG,1,,2361,INSTITUTO DE PREVIDÊNCIA DO LEGISLATIVO DO ESTADO DE MINAS GERAIS - IPLEMG,3,3,90,40,60,1,,1,122,705,2,9,2009,1,,,192500.00,0,DIREÇÃO ADMINISTRATIVA,APOIO ÀS POLÍTICAS PÚBLICAS
2027,1010,ASSEMBLEIA LEGISLATIVA DO ESTADO DE MINAS GERAIS - IPLEMG,1,,2361,INSTITUTO DE PREVIDÊNCIA DO LEGISLATIVO DO ESTADO DE MINAS GERAIS - IPLEMG,3,3,90,92,60,1,,1,122,705,2,9,2009,1,,,15750.00,0,DIREÇÃO ADMINISTRATIVA,APOIO ÀS POLÍTICAS PÚBLICAS
2027,1010,ASSEMBLEIA LEGISLATIVA DO ESTADO DE MINAS GERAIS - IPLEMG,1,,2361,INSTITUTO DE PREVIDÊNCIA DO LEGISLATIVO DO ESTADO DE MINAS GERAIS - IPLEMG,4,4,90,52,60,1,,1,122,705,2,9,2009,1,,,387731.00,0,DIREÇÃO ADMINISTRATIVA,APOIO ÀS POLÍTICAS PÚBLICAS
2027,1010,ASSEMBLEIA LEGISLATIVA DO ESTADO DE MINAS GERAIS - IPLEMG,1,,2361,INSTITUTO DE PREVIDÊNCIA DO LEGISLATIVO DO ESTADO DE MINAS GERAIS - IPLEMG,3,3,90,91,60,9,,28,846,705,7,4,7004,1,,,321836.00,0,PRECATÓRIOS E SENTENÇAS JUDICIÁRIAS,APOIO ÀS POLÍTICAS PÚBLICAS
2027,1010,ASSEMBLEIA LEGISLATIVA DO ESTADO DE MINAS GERAIS - IPLEMG,1,,2361,INSTITUTO DE PREVIDÊNCIA DO LEGISLATIVO DO ESTADO DE MINAS GERAIS - IPLEMG,3,3,90,1,60,1,,9,274,705,7,208,7208,1,,,47243866.00,0,"PROVENTOS DE INATIVOS PARLAMENTARES, OUTROS CIVIS E PENSIONISTAS",APOIO ÀS POLÍTICAS PÚBLICAS
2027,1010,ASSEMBLEIA LEGISLATIVA DO ESTADO DE MINAS GERAIS - IPLEMG,1,,2361,INSTITUTO DE PREVIDÊNCIA DO LEGISLATIVO DO ESTADO DE MINAS GERAIS - IPLEMG,3,3,90,3,60,1,,9,274,705,7,208,7208,1,,,31593405.00,0,"PROVENTOS DE INATIVOS PARLAMENTARES, OUTROS CIVIS E PENSIONISTAS",APOIO ÀS POLÍTICAS PÚBLICAS
2027,1010,ASSEMBLEIA LEGISLATIVA DO ESTADO DE MINAS GERAIS - IPLEMG,1,,2361,INSTITUTO DE PREVIDÊNCIA DO LEGISLATIVO DO ESTADO DE MINAS GERAIS - IPLEMG,3,3,90,92,60,1,,9,274,705,7,208,7208,1,,,620000.00,0,"PROVENTOS DE INATIVOS PARLAMENTARES, OUTROS CIVIS E PENSIONISTAS",APOIO ÀS POLÍTICAS PÚBLICAS
2027,1010,ASSEMBLEIA LEGISLATIVA DO ESTADO DE MINAS GERAIS - IPLEMG,1,,2361,INSTITUTO DE PREVIDÊNCIA DO LEGISLATIVO DO ESTADO DE MINAS GERAIS - IPLEMG,3,3,90,8,60,1,,9,274,766,2,113,2113,1,,,5616080.00,0,"PECÚLIO, AUXÍLIO FUNERAL, SAÚDE E OUTRAS ASSISTÊNCIAS",BENEFÍCIOS ASSISTENCIAIS
2027,1010,ASSEMBLEIA LEGISLATIVA DO ESTADO DE MINAS GERAIS - IPLEMG,1,,2361,INSTITUTO DE PREVIDÊNCIA DO LEGISLATIVO DO ESTADO DE MINAS GERAIS - IPLEMG,3,3,90,92,60,1,,9,274,766,2,113,2113,1,,,779100.00,0,"PECÚLIO, AUXÍLIO FUNERAL, SAÚDE E OUTRAS ASSISTÊNCIAS",BENEFÍCIOS ASSISTENCIAIS
2027,1010,ASSEMBLEIA LEGISLATIVA DO ESTADO DE MINAS GERAIS - IPLEMG,1,,2361,INSTITUTO DE PREVIDÊNCIA DO LEGISLATIVO DO ESTADO DE MINAS GERAIS - IPLEMG,4,4,90,51,60,1,,9,274,767,2,114,2114,1,,,2754406.00,0,RESERVA TÉCNICA,RESERVA DE BENEFÍCIOS
2027,1010,ASSEMBLEIA LEGISLATIVA DO ESTADO DE MINAS GERAIS - IPLEMG,1,,2361,INSTITUTO DE PREVIDÊNCIA DO LEGISLATIVO DO ESTADO DE MINAS GERAIS - IPLEMG,4,4,90,61,60,1,,9,274,767,2,114,2114,1,,,785000.00,0,RESERVA TÉCNICA,RESERVA DE BENEFÍCIOS
2027,1010,ASSEMBLEIA LEGISLATIVA DO ESTADO DE MINAS GERAIS - IPLEMG,1,,2361,INSTITUTO DE PREVIDÊNCIA DO LEGISLATIVO DO ESTADO DE MINAS GERAIS - IPLEMG,4,4,90,92,60,1,,9,274,767,2,114,2114,1,,,210000.00,0,RESERVA TÉCNICA,RESERVA DE BENEFÍCIOS
2027,1010,ASSEMBLEIA LEGISLATIVA DO ESTADO DE MINAS GERAIS - IPLEMG,1,,2361,INSTITUTO DE PREVIDÊNCIA DO LEGISLATIVO DO ESTADO DE MINAS GERAIS - IPLEMG,4,5,90,63,60,1,,9,274,767,2,114,2114,1,,,12254750.00,0,RESERVA TÉCNICA,RESERVA DE BENEFÍCIOS
2027,1010,ASSEMBLEIA LEGISLATIVA DO ESTADO DE MINAS GERAIS - FUNDALEMG,1,,4121,FUNDO ESPECIAL DA ASSEMBLEIA LEGISLATIVA DO ESTADO DE MINAS GERAIS - FUNDALEMG,3,3,90,39,60,1,,1,122,98,2,13,2013,1,,,1000.00,0,DIREÇÃO ADMINISTRATIVA.,MODERNIZAÇÃO INSTITUCIONAL.
2027,1010,ASSEMBLEIA LEGISLATIVA DO ESTADO DE MINAS GERAIS - FUNDALEMG,1,,4121,FUNDO ESPECIAL DA ASSEMBLEIA LEGISLATIVA DO ESTADO DE MINAS GERAIS - FUNDALEMG,3,3,90,39,60,1,,10,302,764,4,539,4539,1,,,1000.00,0,ASSISTÊNCIA COMPLEMENTAR,ASSISTÊNCIA COMPLEMENTAR
2027,1010,ASSEMBLEIA LEGISLATIVA DO ESTADO DE MINAS GERAIS - FUNDALEMG,1,,4121,FUNDO ESPECIAL DA ASSEMBLEIA LEGISLATIVA DO ESTADO DE MINAS GERAIS - FUNDALEMG,4,5,90,66,60,1,,16,482,765,4,84,4084,1,,,19998000.00,0,FINANCIAMENTO HABITACIONAL AOS SERVIDORES DA ASSEMBLEIA LEGISLATIVA,APOIO HABITACIONAL
2027,1020,TRIBUNAL DE CONTAS DO ESTADO DE MINAS GERAIS - TCEMG,1,,1021,TRIBUNAL DE CONTAS DO ESTADO DE MINAS GERAIS - TCEMG,3,3,90,46,10,7,,1,32,705,2,157,2157,1,,,50329291.00,0,"AUXÍLIOS ALIMENTAÇÃO, CRECHE, MORADIA, SAÚDE E OUTROS AUXÍLIOS",APOIO ÀS POLÍTICAS PÚBLICAS
2027,1020,TRIBUNAL DE CONTAS DO ESTADO DE MINAS GERAIS - TCEMG,1,,1021,TRIBUNAL DE CONTAS DO ESTADO DE MINAS GERAIS - TCEMG,3,3,90,8,10,7,,1,32,705,2,157,2157,1,,,5728518.00,0,"AUXÍLIOS ALIMENTAÇÃO, CRECHE, MORADIA, SAÚDE E OUTROS AUXÍLIOS",APOIO ÀS POLÍTICAS PÚBLICAS
2027,1020,TRIBUNAL DE CONTAS DO ESTADO DE MINAS GERAIS - TCEMG,1,,1021,TRIBUNAL DE CONTAS DO ESTADO DE MINAS GERAIS - TCEMG,3,3,90,93,10,7,,1,32,705,2,157,2157,1,,,34999441.00,0,"AUXÍLIOS ALIMENTAÇÃO, CRECHE, MORADIA, SAÚDE E OUTROS AUXÍLIOS",APOIO ÀS POLÍTICAS PÚBLICAS
2027,1020,TRIBUNAL DE CONTAS DO ESTADO DE MINAS GERAIS - TCEMG,1,,1021,TRIBUNAL DE CONTAS DO ESTADO DE MINAS GERAIS - TCEMG,3,3,90,91,10,9,,28,846,705,7,4,7004,1,,,1000.00,0,PRECATÓRIOS E SENTENÇAS JUDICIÁRIAS,APOIO ÀS POLÍTICAS PÚBLICAS
2027,1030,TRIBUNAL DE JUSTIÇA DO ESTADO DE MINAS GERAIS - FEPJ,2,,4031,FUNDO ESPECIAL DO PODER JUDICIÁRIO DO ESTADO DE MINAS GERAIS - FEPJ,3,3,90,14,77,1,,2,128,706,2,109,2109,1,,,10251000.00,0,"FORMAÇÃO, APERFEIÇOAMENTO E DESENVOLVIMENTO CONTÍNUO DE PESSOAS",PRESTAÇÃO JURISDICIONAL
2027,1030,TRIBUNAL DE JUSTIÇA DO ESTADO DE MINAS GERAIS - FEPJ,2,,4031,FUNDO ESPECIAL DO PODER JUDICIÁRIO DO ESTADO DE MINAS GERAIS - FEPJ,3,3,90,35,77,1,,2,128,706,2,109,2109,1,,,90560.00,0,"FORMAÇÃO, APERFEIÇOAMENTO E DESENVOLVIMENTO CONTÍNUO DE PESSOAS",PRESTAÇÃO JURISDICIONAL
2027,1030,TRIBUNAL DE JUSTIÇA DO ESTADO DE MINAS GERAIS - FEPJ,2,,4031,FUNDO ESPECIAL DO PODER JUDICIÁRIO DO ESTADO DE MINAS GERAIS - FEPJ,3,3,90,36,77,1,,2,128,706,2,109,2109,1,,,1032145.00,0,"FORMAÇÃO, APERFEIÇOAMENTO E DESENVOLVIMENTO CONTÍNUO DE PESSOAS",PRESTAÇÃO JURISDICIONAL
2027,1030,TRIBUNAL DE JUSTIÇA DO ESTADO DE MINAS GERAIS - FEPJ,2,,4031,FUNDO ESPECIAL DO PODER JUDICIÁRIO DO ESTADO DE MINAS GERAIS - FEPJ,3,3,90,39,77,1,,2,128,706,2,109,2109,1,,,5862276.00,0,"FORMAÇÃO, APERFEIÇOAMENTO E DESENVOLVIMENTO CONTÍNUO DE PESSOAS",PRESTAÇÃO JURISDICIONAL
2027,1030,TRIBUNAL DE JUSTIÇA DO ESTADO DE MINAS GERAIS - FEPJ,2,,4031,FUNDO ESPECIAL DO PODER JUDICIÁRIO DO ESTADO DE MINAS GERAIS - FEPJ,3,3,90,47,77,1,,2,128,706,2,109,2109,1,,,193801.00,0,"FORMAÇÃO, APERFEIÇOAMENTO E DESENVOLVIMENTO CONTÍNUO DE PESSOAS",PRESTAÇÃO JURISDICIONAL
2027,1030,TRIBUNAL DE JUSTIÇA DO ESTADO DE MINAS GERAIS - FEPJ,2,,4031,FUNDO ESPECIAL DO PODER JUDICIÁRIO DO ESTADO DE MINAS GERAIS - FEPJ,3,3,90,14,77,1,,2,61,706,2,25,2025,1,,,700000.00,0,GESTÃO DE SERVIÇOS DE TIC,PRESTAÇÃO JURISDICIONAL
2027,1030,TRIBUNAL DE JUSTIÇA DO ESTADO DE MINAS GERAIS - FEPJ,2,,4031,FUNDO ESPECIAL DO PODER JUDICIÁRIO DO ESTADO DE MINAS GERAIS - FEPJ,3,3,90,40,77,1,,2,61,706,2,25,2025,1,,,306287493.00,0,GESTÃO DE SERVIÇOS DE TIC,PRESTAÇÃO JURISDICIONAL
2027,1030,TRIBUNAL DE JUSTIÇA DO ESTADO DE MINAS GERAIS - FEPJ,2,,4031,FUNDO ESPECIAL DO PODER JUDICIÁRIO DO ESTADO DE MINAS GERAIS - FEPJ,4,4,90,40,77,1,,2,61,706,2,25,2025,1,,,103208234.00,0,GESTÃO DE SERVIÇOS DE TIC,PRESTAÇÃO JURISDICIONAL
2027,1030,TRIBUNAL DE JUSTIÇA DO ESTADO DE MINAS GERAIS - FEPJ,2,,4031,FUNDO ESPECIAL DO PODER JUDICIÁRIO DO ESTADO DE MINAS GERAIS - FEPJ,4,4,90,52,77,1,,2,61,706,2,25,2025,1,,,62300278.00,0,GESTÃO DE SERVIÇOS DE TIC,PRESTAÇÃO JURISDICIONAL
2027,1030,TRIBUNAL DE JUSTIÇA DO ESTADO DE MINAS GERAIS - FEPJ,2,,4031,FUNDO ESPECIAL DO PODER JUDICIÁRIO DO ESTADO DE MINAS GERAIS - FEPJ,3,3,90,46,60,7,,2,61,706,2,55,2055,1,,,129980000.00,0,AUXÍLIOS CONCEDIDOS A MAGISTRADOS E SERVIDORES,PRESTAÇÃO JURISDICIONAL
2027,1030,TRIBUNAL DE JUSTIÇA DO ESTADO DE MINAS GERAIS - FEPJ,2,,4031,FUNDO ESPECIAL DO PODER JUDICIÁRIO DO ESTADO DE MINAS GERAIS - FEPJ,3,3,90,49,60,7,,2,61,706,2,55,2055,1,,,15180000.00,0,AUXÍLIOS CONCEDIDOS A MAGISTRADOS E SERVIDORES,PRESTAÇÃO JURISDICIONAL
2027,1030,TRIBUNAL DE JUSTIÇA DO ESTADO DE MINAS GERAIS - FEPJ,2,,4031,FUNDO ESPECIAL DO PODER JUDICIÁRIO DO ESTADO DE MINAS GERAIS - FEPJ,3,3,90,8,60,7,,2,61,706,2,55,2055,1,,,21400000.00,0,AUXÍLIOS CONCEDIDOS A MAGISTRADOS E SERVIDORES,PRESTAÇÃO JURISDICIONAL
2027,1030,TRIBUNAL DE JUSTIÇA DO ESTADO DE MINAS GERAIS - FEPJ,2,,4031,FUNDO ESPECIAL DO PODER JUDICIÁRIO DO ESTADO DE MINAS GERAIS - FEPJ,3,3,90,93,60,7,,2,61,706,2,55,2055,1,,,183440000.00,0,AUXÍLIOS CONCEDIDOS A MAGISTRADOS E SERVIDORES,PRESTAÇÃO JURISDICIONAL
2027,1030,TRIBUNAL DE JUSTIÇA DO ESTADO DE MINAS GERAIS - FEPJ,2,,4031,FUNDO ESPECIAL DO PODER JUDICIÁRIO DO ESTADO DE MINAS GERAIS - FEPJ,3,3,90,14,77,1,,2,61,706,2,91,2091,1,,,658590.00,0,OBRAS E GESTÃO PREDIAL,PRESTAÇÃO JURISDICIONAL
2027,1030,TRIBUNAL DE JUSTIÇA DO ESTADO DE MINAS GERAIS - FEPJ,2,,4031,FUNDO ESPECIAL DO PODER JUDICIÁRIO DO ESTADO DE MINAS GERAIS - FEPJ,3,3,90,30,77,1,,2,61,706,2,91,2091,1,,,1849574.00,0,OBRAS E GESTÃO PREDIAL,PRESTAÇÃO JURISDICIONAL
2027,1030,TRIBUNAL DE JUSTIÇA DO ESTADO DE MINAS GERAIS - FEPJ,2,,4031,FUNDO ESPECIAL DO PODER JUDICIÁRIO DO ESTADO DE MINAS GERAIS - FEPJ,3,3,90,35,77,1,,2,61,706,2,91,2091,1,,,100000.00,0,OBRAS E GESTÃO PREDIAL,PRESTAÇÃO JURISDICIONAL
2027,1030,TRIBUNAL DE JUSTIÇA DO ESTADO DE MINAS GERAIS - FEPJ,2,,4031,FUNDO ESPECIAL DO PODER JUDICIÁRIO DO ESTADO DE MINAS GERAIS - FEPJ,3,3,90,36,77,1,,2,61,706,2,91,2091,1,,,3234815.00,0,OBRAS E GESTÃO PREDIAL,PRESTAÇÃO JURISDICIONAL
2027,1030,TRIBUNAL DE JUSTIÇA DO ESTADO DE MINAS GERAIS - FEPJ,2,,4031,FUNDO ESPECIAL DO PODER JUDICIÁRIO DO ESTADO DE MINAS GERAIS - FEPJ,3,3,90,39,77,1,,2,61,706,2,91,2091,1,,,139960781.00,0,OBRAS E GESTÃO PREDIAL,PRESTAÇÃO JURISDICIONAL
2027,1030,TRIBUNAL DE JUSTIÇA DO ESTADO DE MINAS GERAIS - FEPJ,2,,4031,FUNDO ESPECIAL DO PODER JUDICIÁRIO DO ESTADO DE MINAS GERAIS - FEPJ,3,3,90,40,77,1,,2,61,706,2,91,2091,1,,,7468600.00,0,OBRAS E GESTÃO PREDIAL,PRESTAÇÃO JURISDICIONAL
2027,1030,TRIBUNAL DE JUSTIÇA DO ESTADO DE MINAS GERAIS - FEPJ,2,,4031,FUNDO ESPECIAL DO PODER JUDICIÁRIO DO ESTADO DE MINAS GERAIS - FEPJ,3,3,90,47,77,1,,2,61,706,2,91,2091,1,,,1631802.00,0,OBRAS E GESTÃO PREDIAL,PRESTAÇÃO JURISDICIONAL
2027,1030,TRIBUNAL DE JUSTIÇA DO ESTADO DE MINAS GERAIS - FEPJ,2,,4031,FUNDO ESPECIAL DO PODER JUDICIÁRIO DO ESTADO DE MINAS GERAIS - FEPJ,3,3,90,93,77,1,,2,61,706,2,91,2091,1,,,2600000.00,0,OBRAS E GESTÃO PREDIAL,PRESTAÇÃO JURISDICIONAL
2027,1030,TRIBUNAL DE JUSTIÇA DO ESTADO DE MINAS GERAIS - FEPJ,2,,4031,FUNDO ESPECIAL DO PODER JUDICIÁRIO DO ESTADO DE MINAS GERAIS - FEPJ,4,4,90,39,77,1,,2,61,706,2,91,2091,1,,,9901845.00,0,OBRAS E GESTÃO PREDIAL,PRESTAÇÃO JURISDICIONAL
2027,1030,TRIBUNAL DE JUSTIÇA DO ESTADO DE MINAS GERAIS - FEPJ,2,,4031,FUNDO ESPECIAL DO PODER JUDICIÁRIO DO ESTADO DE MINAS GERAIS - FEPJ,4,4,90,51,77,1,,2,61,706,2,91,2091,1,,,393050919.00,0,OBRAS E GESTÃO PREDIAL,PRESTAÇÃO JURISDICIONAL
2027,1030,TRIBUNAL DE JUSTIÇA DO ESTADO DE MINAS GERAIS - FEPJ,2,,4031,FUNDO ESPECIAL DO PODER JUDICIÁRIO DO ESTADO DE MINAS GERAIS - FEPJ,4,4,90,52,77,1,,2,61,706,2,91,2091,1,,,9828604.00,0,OBRAS E GESTÃO PREDIAL,PRESTAÇÃO JURISDICIONAL
2027,1030,TRIBUNAL DE JUSTIÇA DO ESTADO DE MINAS GERAIS - FEPJ,2,,4031,FUNDO ESPECIAL DO PODER JUDICIÁRIO DO ESTADO DE MINAS GERAIS - FEPJ,3,3,40,41,60,1,,2,61,706,4,395,4395,1,,,79080838.00,0,PROCESSAMENTO JUDICIÁRIO,PRESTAÇÃO JURISDICIONAL
2027,1030,TRIBUNAL DE JUSTIÇA DO ESTADO DE MINAS GERAIS - FEPJ,2,,4031,FUNDO ESPECIAL DO PODER JUDICIÁRIO DO ESTADO DE MINAS GERAIS - FEPJ,3,3,90,14,77,1,,2,61,706,4,395,4395,1,,,8300390.00,0,PROCESSAMENTO JUDICIÁRIO,PRESTAÇÃO JURISDICIONAL
2027,1030,TRIBUNAL DE JUSTIÇA DO ESTADO DE MINAS GERAIS - FEPJ,2,,4031,FUNDO ESPECIAL DO PODER JUDICIÁRIO DO ESTADO DE MINAS GERAIS - FEPJ,3,3,90,15,77,1,,2,61,706,4,395,4395,1,,,160000.00,0,PROCESSAMENTO JUDICIÁRIO,PRESTAÇÃO JURISDICIONAL
2027,1030,TRIBUNAL DE JUSTIÇA DO ESTADO DE MINAS GERAIS - FEPJ,2,,4031,FUNDO ESPECIAL DO PODER JUDICIÁRIO DO ESTADO DE MINAS GERAIS - FEPJ,3,3,90,30,60,1,,2,61,706,4,395,4395,1,,,189825446.00,0,PROCESSAMENTO JUDICIÁRIO,PRESTAÇÃO JURISDICIONAL
2027,1030,TRIBUNAL DE JUSTIÇA DO ESTADO DE MINAS GERAIS - FEPJ,2,,4031,FUNDO ESPECIAL DO PODER JUDICIÁRIO DO ESTADO DE MINAS GERAIS - FEPJ,3,3,90,30,77,1,,2,61,706,4,395,4395,1,,,30774076.00,0,PROCESSAMENTO JUDICIÁRIO,PRESTAÇÃO JURISDICIONAL
2027,1030,TRIBUNAL DE JUSTIÇA DO ESTADO DE MINAS GERAIS - FEPJ,2,,4031,FUNDO ESPECIAL DO PODER JUDICIÁRIO DO ESTADO DE MINAS GERAIS - FEPJ,3,3,90,31,77,1,,2,61,706,4,395,4395,1,,,59000.00,0,PROCESSAMENTO JUDICIÁRIO,PRESTAÇÃO JURISDICIONAL
2027,1030,TRIBUNAL DE JUSTIÇA DO ESTADO DE MINAS GERAIS - FEPJ,2,,4031,FUNDO ESPECIAL DO PODER JUDICIÁRIO DO ESTADO DE MINAS GERAIS - FEPJ,3,3,90,32,77,1,,2,61,706,4,395,4395,1,,,465000.00,0,PROCESSAMENTO JUDICIÁRIO,PRESTAÇÃO JURISDICIONAL
2027,1030,TRIBUNAL DE JUSTIÇA DO ESTADO DE MINAS GERAIS - FEPJ,2,,4031,FUNDO ESPECIAL DO PODER JUDICIÁRIO DO ESTADO DE MINAS GERAIS - FEPJ,3,3,90,33,77,1,,2,61,706,4,395,4395,1,,,5996831.00,0,PROCESSAMENTO JUDICIÁRIO,PRESTAÇÃO JURISDICIONAL
2027,1030,TRIBUNAL DE JUSTIÇA DO ESTADO DE MINAS GERAIS - FEPJ,2,,4031,FUNDO ESPECIAL DO PODER JUDICIÁRIO DO ESTADO DE MINAS GERAIS - FEPJ,3,3,90,35,77,1,,2,61,706,4,395,4395,1,,,8332533.00,0,PROCESSAMENTO JUDICIÁRIO,PRESTAÇÃO JURISDICIONAL
2027,1030,TRIBUNAL DE JUSTIÇA DO ESTADO DE MINAS GERAIS - FEPJ,2,,4031,FUNDO ESPECIAL DO PODER JUDICIÁRIO DO ESTADO DE MINAS GERAIS - FEPJ,3,3,90,36,60,1,,2,61,706,4,395,4395,1,,,274036689.00,0,PROCESSAMENTO JUDICIÁRIO,PRESTAÇÃO JURISDICIONAL
2027,1030,TRIBUNAL DE JUSTIÇA DO ESTADO DE MINAS GERAIS - FEPJ,2,,4031,FUNDO ESPECIAL DO PODER JUDICIÁRIO DO ESTADO DE MINAS GERAIS - FEPJ,3,3,90,36,77,1,,2,61,706,4,395,4395,1,,,72357861.00,0,PROCESSAMENTO JUDICIÁRIO,PRESTAÇÃO JURISDICIONAL
2027,1030,TRIBUNAL DE JUSTIÇA DO ESTADO DE MINAS GERAIS - FEPJ,2,,4031,FUNDO ESPECIAL DO PODER JUDICIÁRIO DO ESTADO DE MINAS GERAIS - FEPJ,3,3,90,37,60,1,,2,61,706,4,395,4395,1,,,484016711.00,0,PROCESSAMENTO JUDICIÁRIO,PRESTAÇÃO JURISDICIONAL
2027,1030,TRIBUNAL DE JUSTIÇA DO ESTADO DE MINAS GERAIS - FEPJ,2,,4031,FUNDO ESPECIAL DO PODER JUDICIÁRIO DO ESTADO DE MINAS GERAIS - FEPJ,3,3,90,37,77,1,,2,61,706,4,395,4395,1,,,981482149.00,0,PROCESSAMENTO JUDICIÁRIO,PRESTAÇÃO JURISDICIONAL
2027,1030,TRIBUNAL DE JUSTIÇA DO ESTADO DE MINAS GERAIS - FEPJ,2,,4031,FUNDO ESPECIAL DO PODER JUDICIÁRIO DO ESTADO DE MINAS GERAIS - FEPJ,3,3,90,39,60,1,,2,61,706,4,395,4395,1,,,336375843.00,0,PROCESSAMENTO JUDICIÁRIO,PRESTAÇÃO JURISDICIONAL
2027,1030,TRIBUNAL DE JUSTIÇA DO ESTADO DE MINAS GERAIS - FEPJ,2,,4031,FUNDO ESPECIAL DO PODER JUDICIÁRIO DO ESTADO DE MINAS GERAIS - FEPJ,3,3,90,39,77,1,,2,61,706,4,395,4395,1,,,109682217.00,0,PROCESSAMENTO JUDICIÁRIO,PRESTAÇÃO JURISDICIONAL
2027,1030,TRIBUNAL DE JUSTIÇA DO ESTADO DE MINAS GERAIS - FEPJ,2,,4031,FUNDO ESPECIAL DO PODER JUDICIÁRIO DO ESTADO DE MINAS GERAIS - FEPJ,3,3,90,40,77,1,,2,61,706,4,395,4395,1,,,1968384.00,0,PROCESSAMENTO JUDICIÁRIO,PRESTAÇÃO JURISDICIONAL
2027,1030,TRIBUNAL DE JUSTIÇA DO ESTADO DE MINAS GERAIS - FEPJ,2,,4031,FUNDO ESPECIAL DO PODER JUDICIÁRIO DO ESTADO DE MINAS GERAIS - FEPJ,3,3,90,47,77,1,,2,61,706,4,395,4395,1,,,8309587.00,0,PROCESSAMENTO JUDICIÁRIO,PRESTAÇÃO JURISDICIONAL
2027,1030,TRIBUNAL DE JUSTIÇA DO ESTADO DE MINAS GERAIS - FEPJ,2,,4031,FUNDO ESPECIAL DO PODER JUDICIÁRIO DO ESTADO DE MINAS GERAIS - FEPJ,3,3,90,48,60,1,,2,61,706,4,395,4395,1,,,175068000.00,0,PROCESSAMENTO JUDICIÁRIO,PRESTAÇÃO JURISDICIONAL
2027,1030,TRIBUNAL DE JUSTIÇA DO ESTADO DE MINAS GERAIS - FEPJ,2,,4031,FUNDO ESPECIAL DO PODER JUDICIÁRIO DO ESTADO DE MINAS GERAIS - FEPJ,3,3,90,49,60,1,,2,61,706,4,395,4395,1,,,68915076.00,0,PROCESSAMENTO JUDICIÁRIO,PRESTAÇÃO JURISDICIONAL
2027,1030,TRIBUNAL DE JUSTIÇA DO ESTADO DE MINAS GERAIS - FEPJ,2,,4031,FUNDO ESPECIAL DO PODER JUDICIÁRIO DO ESTADO DE MINAS GERAIS - FEPJ,3,3,90,49,77,1,,2,61,706,4,395,4395,1,,,2700000.00,0,PROCESSAMENTO JUDICIÁRIO,PRESTAÇÃO JURISDICIONAL
2027,1030,TRIBUNAL DE JUSTIÇA DO ESTADO DE MINAS GERAIS - FEPJ,2,,4031,FUNDO ESPECIAL DO PODER JUDICIÁRIO DO ESTADO DE MINAS GERAIS - FEPJ,3,3,90,93,61,1,,2,61,706,4,395,4395,1,,,91724664.00,0,PROCESSAMENTO JUDICIÁRIO,PRESTAÇÃO JURISDICIONAL
2027,1030,TRIBUNAL DE JUSTIÇA DO ESTADO DE MINAS GERAIS - FEPJ,2,,4031,FUNDO ESPECIAL DO PODER JUDICIÁRIO DO ESTADO DE MINAS GERAIS - FEPJ,3,3,90,93,70,1,,2,61,706,4,395,4395,1,,,1030341.00,0,PROCESSAMENTO JUDICIÁRIO,PRESTAÇÃO JURISDICIONAL
2027,1030,TRIBUNAL DE JUSTIÇA DO ESTADO DE MINAS GERAIS - FEPJ,2,,4031,FUNDO ESPECIAL DO PODER JUDICIÁRIO DO ESTADO DE MINAS GERAIS - FEPJ,3,3,90,93,77,1,,2,61,706,4,395,4395,1,,,275013853.00,0,PROCESSAMENTO JUDICIÁRIO,PRESTAÇÃO JURISDICIONAL
2027,1030,TRIBUNAL DE JUSTIÇA DO ESTADO DE MINAS GERAIS - FEPJ,2,,4031,FUNDO ESPECIAL DO PODER JUDICIÁRIO DO ESTADO DE MINAS GERAIS - FEPJ,4,4,40,42,60,1,,2,61,706,4,395,4395,1,,,1784249.00,0,PROCESSAMENTO JUDICIÁRIO,PRESTAÇÃO JURISDICIONAL
2027,1030,TRIBUNAL DE JUSTIÇA DO ESTADO DE MINAS GERAIS - FEPJ,2,,4031,FUNDO ESPECIAL DO PODER JUDICIÁRIO DO ESTADO DE MINAS GERAIS - FEPJ,4,4,90,30,77,1,,2,61,706,4,395,4395,1,,,20000.00,0,PROCESSAMENTO JUDICIÁRIO,PRESTAÇÃO JURISDICIONAL
2027,1030,TRIBUNAL DE JUSTIÇA DO ESTADO DE MINAS GERAIS - FEPJ,2,,4031,FUNDO ESPECIAL DO PODER JUDICIÁRIO DO ESTADO DE MINAS GERAIS - FEPJ,4,4,90,40,77,1,,2,61,706,4,395,4395,1,,,50000.00,0,PROCESSAMENTO JUDICIÁRIO,PRESTAÇÃO JURISDICIONAL
2027,1030,TRIBUNAL DE JUSTIÇA DO ESTADO DE MINAS GERAIS - FEPJ,2,,4031,FUNDO ESPECIAL DO PODER JUDICIÁRIO DO ESTADO DE MINAS GERAIS - FEPJ,4,4,90,52,47,1,,2,61,706,4,395,4395,1,,,496692.00,0,PROCESSAMENTO JUDICIÁRIO,PRESTAÇÃO JURISDICIONAL
2027,1030,TRIBUNAL DE JUSTIÇA DO ESTADO DE MINAS GERAIS - FEPJ,2,,4031,FUNDO ESPECIAL DO PODER JUDICIÁRIO DO ESTADO DE MINAS GERAIS - FEPJ,4,4,90,52,60,1,,2,61,706,4,395,4395,1,,,127128814.00,0,PROCESSAMENTO JUDICIÁRIO,PRESTAÇÃO JURISDICIONAL
2027,1030,TRIBUNAL DE JUSTIÇA DO ESTADO DE MINAS GERAIS - FEPJ,2,,4031,FUNDO ESPECIAL DO PODER JUDICIÁRIO DO ESTADO DE MINAS GERAIS - FEPJ,4,4,90,52,77,1,,2,61,706,4,395,4395,1,,,18151206.00,0,PROCESSAMENTO JUDICIÁRIO,PRESTAÇÃO JURISDICIONAL
2027,1050,TRIBUNAL DE JUSTIÇA MILITAR DO ESTADO DE MINAS GERAIS - TJMMG,2,,1051,TRIBUNAL DE JUSTIÇA MILITAR DO ESTADO DE MINAS GERAIS - TJMMG,3,1,90,11,10,1,,2,122,734,2,77,2077,1,,,20505179.00,0,REMUNERACAO DE MAGISTRADOS DA ATIVA E ENCARGOS SOCIAIS,PRESTAÇÃO JURISDICIONAL MILITAR
2027,1050,TRIBUNAL DE JUSTIÇA MILITAR DO ESTADO DE MINAS GERAIS - TJMMG,2,,1051,TRIBUNAL DE JUSTIÇA MILITAR DO ESTADO DE MINAS GERAIS - TJMMG,3,1,90,12,10,1,,2,122,734,2,77,2077,1,,,8251213.00,0,REMUNERACAO DE MAGISTRADOS DA ATIVA E ENCARGOS SOCIAIS,PRESTAÇÃO JURISDICIONAL MILITAR
2027,1050,TRIBUNAL DE JUSTIÇA MILITAR DO ESTADO DE MINAS GERAIS - TJMMG,2,,1051,TRIBUNAL DE JUSTIÇA MILITAR DO ESTADO DE MINAS GERAIS - TJMMG,3,1,90,7,10,1,,2,122,734,2,77,2077,1,,,256163.00,0,REMUNERACAO DE MAGISTRADOS DA ATIVA E ENCARGOS SOCIAIS,PRESTAÇÃO JURISDICIONAL MILITAR
2027,1050,TRIBUNAL DE JUSTIÇA MILITAR DO ESTADO DE MINAS GERAIS - TJMMG,2,,1051,TRIBUNAL DE JUSTIÇA MILITAR DO ESTADO DE MINAS GERAIS - TJMMG,3,1,90,92,10,1,,2,122,734,2,77,2077,1,,,5950140.00,0,REMUNERACAO DE MAGISTRADOS DA ATIVA E ENCARGOS SOCIAIS,PRESTAÇÃO JURISDICIONAL MILITAR
2027,1050,TRIBUNAL DE JUSTIÇA MILITAR DO ESTADO DE MINAS GERAIS - TJMMG,2,,1051,TRIBUNAL DE JUSTIÇA MILITAR DO ESTADO DE MINAS GERAIS - TJMMG,3,1,91,13,10,1,,2,122,734,2,77,2077,1,,,3252000.00,0,REMUNERACAO DE MAGISTRADOS DA ATIVA E ENCARGOS SOCIAIS,PRESTAÇÃO JURISDICIONAL MILITAR
2027,1050,TRIBUNAL DE JUSTIÇA MILITAR DO ESTADO DE MINAS GERAIS - TJMMG,2,,1051,TRIBUNAL DE JUSTIÇA MILITAR DO ESTADO DE MINAS GERAIS - TJMMG,3,1,90,11,10,1,,2,122,734,2,78,2078,1,,,52392203.00,0,REMUNERACAO DE SERVIDORES DA ATIVA E ENCARGOS SOCIAIS,PRESTAÇÃO JURISDICIONAL MILITAR
2027,1050,TRIBUNAL DE JUSTIÇA MILITAR DO ESTADO DE MINAS GERAIS - TJMMG,2,,1051,TRIBUNAL DE JUSTIÇA MILITAR DO ESTADO DE MINAS GERAIS - TJMMG,3,1,90,12,10,1,,2,122,734,2,78,2078,1,,,3482757.00,0,REMUNERACAO DE SERVIDORES DA ATIVA E ENCARGOS SOCIAIS,PRESTAÇÃO JURISDICIONAL MILITAR
2027,1050,TRIBUNAL DE JUSTIÇA MILITAR DO ESTADO DE MINAS GERAIS - TJMMG,2,,1051,TRIBUNAL DE JUSTIÇA MILITAR DO ESTADO DE MINAS GERAIS - TJMMG,3,1,90,13,10,1,,2,122,734,2,78,2078,1,,,2241788.00,0,REMUNERACAO DE SERVIDORES DA ATIVA E ENCARGOS SOCIAIS,PRESTAÇÃO JURISDICIONAL MILITAR
2027,1050,TRIBUNAL DE JUSTIÇA MILITAR DO ESTADO DE MINAS GERAIS - TJMMG,2,,1051,TRIBUNAL DE JUSTIÇA MILITAR DO ESTADO DE MINAS GERAIS - TJMMG,3,1,90,16,10,1,,2,122,734,2,78,2078,1,,,1100000.00,0,REMUNERACAO DE SERVIDORES DA ATIVA E ENCARGOS SOCIAIS,PRESTAÇÃO JURISDICIONAL MILITAR
2027,1050,TRIBUNAL DE JUSTIÇA MILITAR DO ESTADO DE MINAS GERAIS - TJMMG,2,,1051,TRIBUNAL DE JUSTIÇA MILITAR DO ESTADO DE MINAS GERAIS - TJMMG,3,1,90,7,10,1,,2,122,734,2,78,2078,1,,,12050.00,0,REMUNERACAO DE SERVIDORES DA ATIVA E ENCARGOS SOCIAIS,PRESTAÇÃO JURISDICIONAL MILITAR
2027,1050,TRIBUNAL DE JUSTIÇA MILITAR DO ESTADO DE MINAS GERAIS - TJMMG,2,,1051,TRIBUNAL DE JUSTIÇA MILITAR DO ESTADO DE MINAS GERAIS - TJMMG,3,1,91,13,10,1,,2,122,734,2,78,2078,1,,,8253190.00,0,REMUNERACAO DE SERVIDORES DA ATIVA E ENCARGOS SOCIAIS,PRESTAÇÃO JURISDICIONAL MILITAR
2027,1050,TRIBUNAL DE JUSTIÇA MILITAR DO ESTADO DE MINAS GERAIS - TJMMG,2,,1051,TRIBUNAL DE JUSTIÇA MILITAR DO ESTADO DE MINAS GERAIS - TJMMG,3,3,90,40,10,1,,2,61,734,1,19,1019,1,,,155000.00,0,APRIMORAMENTO DE SISTEMA ELETRÕNICO E DA SEGURANÇA CIBERNÉTICA,PRESTAÇÃO JURISDICIONAL MILITAR
2027,1050,TRIBUNAL DE JUSTIÇA MILITAR DO ESTADO DE MINAS GERAIS - TJMMG,2,,1051,TRIBUNAL DE JUSTIÇA MILITAR DO ESTADO DE MINAS GERAIS - TJMMG,4,4,90,40,60,1,,2,61,734,1,19,1019,1,,,1000000.00,0,APRIMORAMENTO DE SISTEMA ELETRÕNICO E DA SEGURANÇA CIBERNÉTICA,PRESTAÇÃO JURISDICIONAL MILITAR
2027,1050,TRIBUNAL DE JUSTIÇA MILITAR DO ESTADO DE MINAS GERAIS - TJMMG,2,,1051,TRIBUNAL DE JUSTIÇA MILITAR DO ESTADO DE MINAS GERAIS - TJMMG,3,3,90,46,10,7,,2,61,734,2,47,2047,1,,,8403624.00,0,AUXILIOS CONCEDIDOS A MAGISTRADOS E SERVIDORES,PRESTAÇÃO JURISDICIONAL MILITAR
2027,1050,TRIBUNAL DE JUSTIÇA MILITAR DO ESTADO DE MINAS GERAIS - TJMMG,2,,1051,TRIBUNAL DE JUSTIÇA MILITAR DO ESTADO DE MINAS GERAIS - TJMMG,3,3,90,49,10,7,,2,61,734,2,47,2047,1,,,853222.00,0,AUXILIOS CONCEDIDOS A MAGISTRADOS E SERVIDORES,PRESTAÇÃO JURISDICIONAL MILITAR
2027,1050,TRIBUNAL DE JUSTIÇA MILITAR DO ESTADO DE MINAS GERAIS - TJMMG,2,,1051,TRIBUNAL DE JUSTIÇA MILITAR DO ESTADO DE MINAS GERAIS - TJMMG,3,3,90,8,10,7,,2,61,734,2,47,2047,1,,,934502.00,0,AUXILIOS CONCEDIDOS A MAGISTRADOS E SERVIDORES,PRESTAÇÃO JURISDICIONAL MILITAR
2027,1050,TRIBUNAL DE JUSTIÇA MILITAR DO ESTADO DE MINAS GERAIS - TJMMG,2,,1051,TRIBUNAL DE JUSTIÇA MILITAR DO ESTADO DE MINAS GERAIS - TJMMG,3,3,90,93,10,7,,2,61,734,2,47,2047,1,,,5872906.00,0,AUXILIOS CONCEDIDOS A MAGISTRADOS E SERVIDORES,PRESTAÇÃO JURISDICIONAL MILITAR
2027,1050,TRIBUNAL DE JUSTIÇA MILITAR DO ESTADO DE MINAS GERAIS - TJMMG,2,,1051,TRIBUNAL DE JUSTIÇA MILITAR DO ESTADO DE MINAS GERAIS - TJMMG,3,3,90,33,60,1,,2,61,734,4,3,4003,1,,,50000.00,0,"FORMAÇÃO, APERFEIÇOAMENTO E DESENVOLVIMENTO CONTINUO DE PESSOAS",PRESTAÇÃO JURISDICIONAL MILITAR
2027,1050,TRIBUNAL DE JUSTIÇA MILITAR DO ESTADO DE MINAS GERAIS - TJMMG,2,,1051,TRIBUNAL DE JUSTIÇA MILITAR DO ESTADO DE MINAS GERAIS - TJMMG,3,3,90,39,60,1,,2,61,734,4,3,4003,1,,,390000.00,0,"FORMAÇÃO, APERFEIÇOAMENTO E DESENVOLVIMENTO CONTINUO DE PESSOAS",PRESTAÇÃO JURISDICIONAL MILITAR
2027,1050,TRIBUNAL DE JUSTIÇA MILITAR DO ESTADO DE MINAS GERAIS - TJMMG,2,,1051,TRIBUNAL DE JUSTIÇA MILITAR DO ESTADO DE MINAS GERAIS - TJMMG,4,4,90,52,60,1,,2,61,734,4,3,4003,1,,,10000.00,0,"FORMAÇÃO, APERFEIÇOAMENTO E DESENVOLVIMENTO CONTINUO DE PESSOAS",PRESTAÇÃO JURISDICIONAL MILITAR
2027,1050,TRIBUNAL DE JUSTIÇA MILITAR DO ESTADO DE MINAS GERAIS - TJMMG,2,,1051,TRIBUNAL DE JUSTIÇA MILITAR DO ESTADO DE MINAS GERAIS - TJMMG,3,3,90,14,10,1,,2,61,734,4,355,4355,1,,,230000.00,0,"PROCESSAMENTO JUDICIÁRIO MILITAR, AÇÕES DE COMUNICAÇÃO INSTITUCIONAL E PRIORIZAÇÃO DO 1º GRAU",PRESTAÇÃO JURISDICIONAL MILITAR
2027,1050,TRIBUNAL DE JUSTIÇA MILITAR DO ESTADO DE MINAS GERAIS - TJMMG,2,,1051,TRIBUNAL DE JUSTIÇA MILITAR DO ESTADO DE MINAS GERAIS - TJMMG,3,3,90,15,10,1,,2,61,734,4,355,4355,1,,,330000.00,0,"PROCESSAMENTO JUDICIÁRIO MILITAR, AÇÕES DE COMUNICAÇÃO INSTITUCIONAL E PRIORIZAÇÃO DO 1º GRAU",PRESTAÇÃO JURISDICIONAL MILITAR
2027,1050,TRIBUNAL DE JUSTIÇA MILITAR DO ESTADO DE MINAS GERAIS - TJMMG,2,,1051,TRIBUNAL DE JUSTIÇA MILITAR DO ESTADO DE MINAS GERAIS - TJMMG,3,3,90,30,10,1,,2,61,734,4,355,4355,1,,,645000.00,0,"PROCESSAMENTO JUDICIÁRIO MILITAR, AÇÕES DE COMUNICAÇÃO INSTITUCIONAL E PRIORIZAÇÃO DO 1º GRAU",PRESTAÇÃO JURISDICIONAL MILITAR
2027,1050,TRIBUNAL DE JUSTIÇA MILITAR DO ESTADO DE MINAS GERAIS - TJMMG,2,,1051,TRIBUNAL DE JUSTIÇA MILITAR DO ESTADO DE MINAS GERAIS - TJMMG,3,3,90,30,60,1,,2,61,734,4,355,4355,1,,,50000.00,0,"PROCESSAMENTO JUDICIÁRIO MILITAR, AÇÕES DE COMUNICAÇÃO INSTITUCIONAL E PRIORIZAÇÃO DO 1º GRAU",PRESTAÇÃO JURISDICIONAL MILITAR
2027,1050,TRIBUNAL DE JUSTIÇA MILITAR DO ESTADO DE MINAS GERAIS - TJMMG,2,,1051,TRIBUNAL DE JUSTIÇA MILITAR DO ESTADO DE MINAS GERAIS - TJMMG,3,3,90,33,10,1,,2,61,734,4,355,4355,1,,,570000.00,0,"PROCESSAMENTO JUDICIÁRIO MILITAR, AÇÕES DE COMUNICAÇÃO INSTITUCIONAL E PRIORIZAÇÃO DO 1º GRAU",PRESTAÇÃO JURISDICIONAL MILITAR
2027,1050,TRIBUNAL DE JUSTIÇA MILITAR DO ESTADO DE MINAS GERAIS - TJMMG,2,,1051,TRIBUNAL DE JUSTIÇA MILITAR DO ESTADO DE MINAS GERAIS - TJMMG,3,3,90,36,10,1,,2,61,734,4,355,4355,1,,,195000.00,0,"PROCESSAMENTO JUDICIÁRIO MILITAR, AÇÕES DE COMUNICAÇÃO INSTITUCIONAL E PRIORIZAÇÃO DO 1º GRAU",PRESTAÇÃO JURISDICIONAL MILITAR
2027,1050,TRIBUNAL DE JUSTIÇA MILITAR DO ESTADO DE MINAS GERAIS - TJMMG,2,,1051,TRIBUNAL DE JUSTIÇA MILITAR DO ESTADO DE MINAS GERAIS - TJMMG,3,3,90,37,10,1,,2,61,734,4,355,4355,1,,,4900000.00,0,"PROCESSAMENTO JUDICIÁRIO MILITAR, AÇÕES DE COMUNICAÇÃO INSTITUCIONAL E PRIORIZAÇÃO DO 1º GRAU",PRESTAÇÃO JURISDICIONAL MILITAR
2027,1050,TRIBUNAL DE JUSTIÇA MILITAR DO ESTADO DE MINAS GERAIS - TJMMG,2,,1051,TRIBUNAL DE JUSTIÇA MILITAR DO ESTADO DE MINAS GERAIS - TJMMG,3,3,90,39,10,1,,2,61,734,4,355,4355,1,,,5969521.00,0,"PROCESSAMENTO JUDICIÁRIO MILITAR, AÇÕES DE COMUNICAÇÃO INSTITUCIONAL E PRIORIZAÇÃO DO 1º GRAU",PRESTAÇÃO JURISDICIONAL MILITAR
2027,1050,TRIBUNAL DE JUSTIÇA MILITAR DO ESTADO DE MINAS GERAIS - TJMMG,2,,1051,TRIBUNAL DE JUSTIÇA MILITAR DO ESTADO DE MINAS GERAIS - TJMMG,3,3,90,39,60,1,,2,61,734,4,355,4355,1,,,100000.00,0,"PROCESSAMENTO JUDICIÁRIO MILITAR, AÇÕES DE COMUNICAÇÃO INSTITUCIONAL E PRIORIZAÇÃO DO 1º GRAU",PRESTAÇÃO JURISDICIONAL MILITAR
2027,1050,TRIBUNAL DE JUSTIÇA MILITAR DO ESTADO DE MINAS GERAIS - TJMMG,2,,1051,TRIBUNAL DE JUSTIÇA MILITAR DO ESTADO DE MINAS GERAIS - TJMMG,3,3,90,40,10,1,,2,61,734,4,355,4355,1,,,2280000.00,0,"PROCESSAMENTO JUDICIÁRIO MILITAR, AÇÕES DE COMUNICAÇÃO INSTITUCIONAL E PRIORIZAÇÃO DO 1º GRAU",PRESTAÇÃO JURISDICIONAL MILITAR
2027,1050,TRIBUNAL DE JUSTIÇA MILITAR DO ESTADO DE MINAS GERAIS - TJMMG,2,,1051,TRIBUNAL DE JUSTIÇA MILITAR DO ESTADO DE MINAS GERAIS - TJMMG,3,3,90,40,60,1,,2,61,734,4,355,4355,1,,,222500.00,0,"PROCESSAMENTO JUDICIÁRIO MILITAR, AÇÕES DE COMUNICAÇÃO INSTITUCIONAL E PRIORIZAÇÃO DO 1º GRAU",PRESTAÇÃO JURISDICIONAL MILITAR
2027,1050,TRIBUNAL DE JUSTIÇA MILITAR DO ESTADO DE MINAS GERAIS - TJMMG,2,,1051,TRIBUNAL DE JUSTIÇA MILITAR DO ESTADO DE MINAS GERAIS - TJMMG,3,3,90,92,10,1,,2,61,734,4,355,4355,1,,,50000.00,0,"PROCESSAMENTO JUDICIÁRIO MILITAR, AÇÕES DE COMUNICAÇÃO INSTITUCIONAL E PRIORIZAÇÃO DO 1º GRAU",PRESTAÇÃO JURISDICIONAL MILITAR
2027,1050,TRIBUNAL DE JUSTIÇA MILITAR DO ESTADO DE MINAS GERAIS - TJMMG,2,,1051,TRIBUNAL DE JUSTIÇA MILITAR DO ESTADO DE MINAS GERAIS - TJMMG,4,4,90,40,10,1,,2,61,734,4,355,4355,1,,,3541663.00,0,"PROCESSAMENTO JUDICIÁRIO MILITAR, AÇÕES DE COMUNICAÇÃO INSTITUCIONAL E PRIORIZAÇÃO DO 1º GRAU",PRESTAÇÃO JURISDICIONAL MILITAR
2027,1050,TRIBUNAL DE JUSTIÇA MILITAR DO ESTADO DE MINAS GERAIS - TJMMG,2,,1051,TRIBUNAL DE JUSTIÇA MILITAR DO ESTADO DE MINAS GERAIS - TJMMG,4,4,90,40,60,1,,2,61,734,4,355,4355,1,,,240000.00,0,"PROCESSAMENTO JUDICIÁRIO MILITAR, AÇÕES DE COMUNICAÇÃO INSTITUCIONAL E PRIORIZAÇÃO DO 1º GRAU",PRESTAÇÃO JURISDICIONAL MILITAR
2027,1050,TRIBUNAL DE JUSTIÇA MILITAR DO ESTADO DE MINAS GERAIS - TJMMG,2,,1051,TRIBUNAL DE JUSTIÇA MILITAR DO ESTADO DE MINAS GERAIS - TJMMG,4,4,90,52,10,1,,2,61,734,4,355,4355,1,,,556000.00,0,"PROCESSAMENTO JUDICIÁRIO MILITAR, AÇÕES DE COMUNICAÇÃO INSTITUCIONAL E PRIORIZAÇÃO DO 1º GRAU",PRESTAÇÃO JURISDICIONAL MILITAR
2027,1050,TRIBUNAL DE JUSTIÇA MILITAR DO ESTADO DE MINAS GERAIS - TJMMG,2,,1051,TRIBUNAL DE JUSTIÇA MILITAR DO ESTADO DE MINAS GERAIS - TJMMG,4,4,90,52,60,1,,2,61,734,4,355,4355,1,,,1947500.00,0,"PROCESSAMENTO JUDICIÁRIO MILITAR, AÇÕES DE COMUNICAÇÃO INSTITUCIONAL E PRIORIZAÇÃO DO 1º GRAU",PRESTAÇÃO JURISDICIONAL MILITAR
2027,1050,TRIBUNAL DE JUSTIÇA MILITAR DO ESTADO DE MINAS GERAIS - TJMMG,2,,1051,TRIBUNAL DE JUSTIÇA MILITAR DO ESTADO DE MINAS GERAIS - TJMMG,4,5,90,61,10,1,,2,61,734,4,355,4355,1,,,5000000.00,0,"PROCESSAMENTO JUDICIÁRIO MILITAR, AÇÕES DE COMUNICAÇÃO INSTITUCIONAL E PRIORIZAÇÃO DO 1º GRAU",PRESTAÇÃO JURISDICIONAL MILITAR
2027,1050,TRIBUNAL DE JUSTIÇA MILITAR DO ESTADO DE MINAS GERAIS - TJMMG,2,,1051,TRIBUNAL DE JUSTIÇA MILITAR DO ESTADO DE MINAS GERAIS - TJMMG,3,1,90,91,10,9,,28,846,705,7,4,7004,1,,,1000.00,0,PRECATÓRIOS E SENTENÇAS JUDICIÁRIAS,APOIO ÀS POLÍTICAS PÚBLICAS
2027,1050,TRIBUNAL DE JUSTIÇA MILITAR DO ESTADO DE MINAS GERAIS - TJMMG,2,,1051,TRIBUNAL DE JUSTIÇA MILITAR DO ESTADO DE MINAS GERAIS - TJMMG,3,1,90,1,10,5,,9,272,705,7,6,7006,1,,,8051474.00,0,PROVENTOS DE INATIVOS CIVIS E PENSIONISTAS,APOIO ÀS POLÍTICAS PÚBLICAS
2027,1050,TRIBUNAL DE JUSTIÇA MILITAR DO ESTADO DE MINAS GERAIS - TJMMG,2,,1051,TRIBUNAL DE JUSTIÇA MILITAR DO ESTADO DE MINAS GERAIS - TJMMG,3,1,90,1,42,5,,9,272,705,7,6,7006,1,,,11045990.00,0,PROVENTOS DE INATIVOS CIVIS E PENSIONISTAS,APOIO ÀS POLÍTICAS PÚBLICAS
2027,1050,TRIBUNAL DE JUSTIÇA MILITAR DO ESTADO DE MINAS GERAIS - TJMMG,2,,1051,TRIBUNAL DE JUSTIÇA MILITAR DO ESTADO DE MINAS GERAIS - TJMMG,3,1,90,1,43,5,,9,272,705,7,6,7006,1,,,8800648.00,0,PROVENTOS DE INATIVOS CIVIS E PENSIONISTAS,APOIO ÀS POLÍTICAS PÚBLICAS
2027,1050,TRIBUNAL DE JUSTIÇA MILITAR DO ESTADO DE MINAS GERAIS - TJMMG,2,,1051,TRIBUNAL DE JUSTIÇA MILITAR DO ESTADO DE MINAS GERAIS - TJMMG,3,1,90,3,10,5,,9,272,705,7,6,7006,1,,,1532923.00,0,PROVENTOS DE INATIVOS CIVIS E PENSIONISTAS,APOIO ÀS POLÍTICAS PÚBLICAS
2027,1050,TRIBUNAL DE JUSTIÇA MILITAR DO ESTADO DE MINAS GERAIS - TJMMG,2,,1051,TRIBUNAL DE JUSTIÇA MILITAR DO ESTADO DE MINAS GERAIS - TJMMG,3,1,90,59,10,1,,9,272,705,7,6,7006,1,,,591829.00,0,PROVENTOS DE INATIVOS CIVIS E PENSIONISTAS,APOIO ÀS POLÍTICAS PÚBLICAS
2027,1050,TRIBUNAL DE JUSTIÇA MILITAR DO ESTADO DE MINAS GERAIS - TJMMG,2,,1051,TRIBUNAL DE JUSTIÇA MILITAR DO ESTADO DE MINAS GERAIS - TJMMG,3,1,90,92,10,1,,9,272,705,7,6,7006,1,,,2397028.00,0,PROVENTOS DE INATIVOS CIVIS E PENSIONISTAS,APOIO ÀS POLÍTICAS PÚBLICAS
2027,1050,TRIBUNAL DE JUSTIÇA MILITAR DO ESTADO DE MINAS GERAIS - TJMMG,2,,1051,TRIBUNAL DE JUSTIÇA MILITAR DO ESTADO DE MINAS GERAIS - TJMMG,3,1,90,92,10,5,,9,272,705,7,6,7006,1,,,9703480.00,0,PROVENTOS DE INATIVOS CIVIS E PENSIONISTAS,APOIO ÀS POLÍTICAS PÚBLICAS
2027,1050,TRIBUNAL DE JUSTIÇA MILITAR DO ESTADO DE MINAS GERAIS - TJMMG,2,,1051,TRIBUNAL DE JUSTIÇA MILITAR DO ESTADO DE MINAS GERAIS - TJMMG,3,1,91,13,10,1,,9,272,705,7,6,7006,1,,,3250.00,0,PROVENTOS DE INATIVOS CIVIS E PENSIONISTAS,APOIO ÀS POLÍTICAS PÚBLICAS
2027,1050,TRIBUNAL DE JUSTIÇA MILITAR DO ESTADO DE MINAS GERAIS - TJMMG,2,,1051,TRIBUNAL DE JUSTIÇA MILITAR DO ESTADO DE MINAS GERAIS - TJMMG,3,1,91,13,10,5,,9,272,705,7,6,7006,1,,,15732.00,0,PROVENTOS DE INATIVOS CIVIS E PENSIONISTAS,APOIO ÀS POLÍTICAS PÚBLICAS
2027,1050,TRIBUNAL DE JUSTIÇA MILITAR DO ESTADO DE MINAS GERAIS - TJMMG,2,,1051,TRIBUNAL DE JUSTIÇA MILITAR DO ESTADO DE MINAS GERAIS - TJMMG,3,1,90,1,10,1,,9,272,705,7,7,7007,1,,,4591599.00,0,PROVENTOS DE INATIVOS MILITARES,APOIO ÀS POLÍTICAS PÚBLICAS
2027,1050,TRIBUNAL DE JUSTIÇA MILITAR DO ESTADO DE MINAS GERAIS - TJMMG,2,,1051,TRIBUNAL DE JUSTIÇA MILITAR DO ESTADO DE MINAS GERAIS - TJMMG,3,1,90,92,10,1,,9,272,705,7,7,7007,1,,,1990000.00,0,PROVENTOS DE INATIVOS MILITARES,APOIO ÀS POLÍTICAS PÚBLICAS
2027,1050,TRIBUNAL DE JUSTIÇA MILITAR DO ESTADO DE MINAS GERAIS - TJMMG,2,,1051,TRIBUNAL DE JUSTIÇA MILITAR DO ESTADO DE MINAS GERAIS - TJMMG,3,1,91,13,10,1,,9,272,705,7,7,7007,1,,,187865.00,0,PROVENTOS DE INATIVOS MILITARES,APOIO ÀS POLÍTICAS PÚBLICAS
2027,1070,GABINETE MILITAR DO GOVERNADOR DO ESTADO DE MINAS GERAIS - GABINETE MILITAR,3,,1071,GABINETE MILITAR DO GOVERNADOR DO ESTADO DE MINAS GERAIS - GABINETE MILITAR,3,3,90,30,10,1,,4,122,49,4,354,4354,1,,,1019445.00,0,"GESTÃO DE BENS,SERVIÇOS E LOGISTICA DOS PRÉDIOS GOVERNAMENTAIS",ADMINISTRAÇÃO DOS PRÉDIOS GOVERNAMENTAIS
2027,1070,GABINETE MILITAR DO GOVERNADOR DO ESTADO DE MINAS GERAIS - GABINETE MILITAR,3,,1071,GABINETE MILITAR DO GOVERNADOR DO ESTADO DE MINAS GERAIS - GABINETE MILITAR,3,3,90,36,10,1,,4,122,49,4,354,4354,1,,,2398.00,0,"GESTÃO DE BENS,SERVIÇOS E LOGISTICA DOS PRÉDIOS GOVERNAMENTAIS",ADMINISTRAÇÃO DOS PRÉDIOS GOVERNAMENTAIS
2027,1070,GABINETE MILITAR DO GOVERNADOR DO ESTADO DE MINAS GERAIS - GABINETE MILITAR,3,,1071,GABINETE MILITAR DO GOVERNADOR DO ESTADO DE MINAS GERAIS - GABINETE MILITAR,3,3,90,37,10,1,,4,122,49,4,354,4354,1,,,5077394.00,0,"GESTÃO DE BENS,SERVIÇOS E LOGISTICA DOS PRÉDIOS GOVERNAMENTAIS",ADMINISTRAÇÃO DOS PRÉDIOS GOVERNAMENTAIS
2027,1070,GABINETE MILITAR DO GOVERNADOR DO ESTADO DE MINAS GERAIS - GABINETE MILITAR,3,,1071,GABINETE MILITAR DO GOVERNADOR DO ESTADO DE MINAS GERAIS - GABINETE MILITAR,3,3,90,39,10,1,,4,122,49,4,354,4354,1,,,37783.00,0,"GESTÃO DE BENS,SERVIÇOS E LOGISTICA DOS PRÉDIOS GOVERNAMENTAIS",ADMINISTRAÇÃO DOS PRÉDIOS GOVERNAMENTAIS
2027,1070,GABINETE MILITAR DO GOVERNADOR DO ESTADO DE MINAS GERAIS - GABINETE MILITAR,3,,1071,GABINETE MILITAR DO GOVERNADOR DO ESTADO DE MINAS GERAIS - GABINETE MILITAR,3,1,90,11,10,1,,6,122,705,2,417,2417,1,,,6922539.00,0,REMUNERAÇÃO DE PESSOAL ATIVO E ENCARGOS SOCIAIS,APOIO ÀS POLÍTICAS PÚBLICAS
2027,1070,GABINETE MILITAR DO GOVERNADOR DO ESTADO DE MINAS GERAIS - GABINETE MILITAR,3,,1071,GABINETE MILITAR DO GOVERNADOR DO ESTADO DE MINAS GERAIS - GABINETE MILITAR,3,1,90,13,10,1,,6,122,705,2,417,2417,1,,,1110100.00,0,REMUNERAÇÃO DE PESSOAL ATIVO E ENCARGOS SOCIAIS,APOIO ÀS POLÍTICAS PÚBLICAS
2027,1070,GABINETE MILITAR DO GOVERNADOR DO ESTADO DE MINAS GERAIS - GABINETE MILITAR,3,,1071,GABINETE MILITAR DO GOVERNADOR DO ESTADO DE MINAS GERAIS - GABINETE MILITAR,3,1,90,16,10,1,,6,122,705,2,417,2417,1,,,25525.00,0,REMUNERAÇÃO DE PESSOAL ATIVO E ENCARGOS SOCIAIS,APOIO ÀS POLÍTICAS PÚBLICAS
2027,1070,GABINETE MILITAR DO GOVERNADOR DO ESTADO DE MINAS GERAIS - GABINETE MILITAR,3,,1071,GABINETE MILITAR DO GOVERNADOR DO ESTADO DE MINAS GERAIS - GABINETE MILITAR,3,1,91,13,10,1,,6,122,705,2,417,2417,1,,,497231.00,0,REMUNERAÇÃO DE PESSOAL ATIVO E ENCARGOS SOCIAIS,APOIO ÀS POLÍTICAS PÚBLICAS
2027,1070,GABINETE MILITAR DO GOVERNADOR DO ESTADO DE MINAS GERAIS - GABINETE MILITAR,3,,1071,GABINETE MILITAR DO GOVERNADOR DO ESTADO DE MINAS GERAIS - GABINETE MILITAR,3,3,90,46,10,7,,6,122,705,2,417,2417,1,,,1425200.00,0,REMUNERAÇÃO DE PESSOAL ATIVO E ENCARGOS SOCIAIS,APOIO ÀS POLÍTICAS PÚBLICAS
2027,1070,GABINETE MILITAR DO GOVERNADOR DO ESTADO DE MINAS GERAIS - GABINETE MILITAR,3,,1071,GABINETE MILITAR DO GOVERNADOR DO ESTADO DE MINAS GERAIS - GABINETE MILITAR,3,3,90,49,10,7,,6,122,705,2,417,2417,1,,,153535.00,0,REMUNERAÇÃO DE PESSOAL ATIVO E ENCARGOS SOCIAIS,APOIO ÀS POLÍTICAS PÚBLICAS
2027,1070,GABINETE MILITAR DO GOVERNADOR DO ESTADO DE MINAS GERAIS - GABINETE MILITAR,3,,1071,GABINETE MILITAR DO GOVERNADOR DO ESTADO DE MINAS GERAIS - GABINETE MILITAR,3,3,90,8,10,7,,6,122,705,2,417,2417,1,,,2000.00,0,REMUNERAÇÃO DE PESSOAL ATIVO E ENCARGOS SOCIAIS,APOIO ÀS POLÍTICAS PÚBLICAS
2027,1070,GABINETE MILITAR DO GOVERNADOR DO ESTADO DE MINAS GERAIS - GABINETE MILITAR,3,,1071,GABINETE MILITAR DO GOVERNADOR DO ESTADO DE MINAS GERAIS - GABINETE MILITAR,3,3,90,14,10,1,,6,122,705,2,500,2500,1,,,10000.00,0,ASSESSORAMENTO E GERENCIAMENTO DE POLÍTICAS PÚBLICAS,APOIO ÀS POLÍTICAS PÚBLICAS
2027,1070,GABINETE MILITAR DO GOVERNADOR DO ESTADO DE MINAS GERAIS - GABINETE MILITAR,3,,1071,GABINETE MILITAR DO GOVERNADOR DO ESTADO DE MINAS GERAIS - GABINETE MILITAR,3,3,90,15,10,1,,6,122,705,2,500,2500,1,,,25200.00,0,ASSESSORAMENTO E GERENCIAMENTO DE POLÍTICAS PÚBLICAS,APOIO ÀS POLÍTICAS PÚBLICAS
2027,1070,GABINETE MILITAR DO GOVERNADOR DO ESTADO DE MINAS GERAIS - GABINETE MILITAR,3,,1071,GABINETE MILITAR DO GOVERNADOR DO ESTADO DE MINAS GERAIS - GABINETE MILITAR,3,3,90,30,10,1,,6,122,705,2,500,2500,1,,,25432.00,0,ASSESSORAMENTO E GERENCIAMENTO DE POLÍTICAS PÚBLICAS,APOIO ÀS POLÍTICAS PÚBLICAS
2027,1070,GABINETE MILITAR DO GOVERNADOR DO ESTADO DE MINAS GERAIS - GABINETE MILITAR,3,,1071,GABINETE MILITAR DO GOVERNADOR DO ESTADO DE MINAS GERAIS - GABINETE MILITAR,3,3,90,31,10,1,,6,122,705,2,500,2500,1,,,52496.00,0,ASSESSORAMENTO E GERENCIAMENTO DE POLÍTICAS PÚBLICAS,APOIO ÀS POLÍTICAS PÚBLICAS
2027,1070,GABINETE MILITAR DO GOVERNADOR DO ESTADO DE MINAS GERAIS - GABINETE MILITAR,3,,1071,GABINETE MILITAR DO GOVERNADOR DO ESTADO DE MINAS GERAIS - GABINETE MILITAR,3,3,90,33,10,1,,6,122,705,2,500,2500,1,,,58749.00,0,ASSESSORAMENTO E GERENCIAMENTO DE POLÍTICAS PÚBLICAS,APOIO ÀS POLÍTICAS PÚBLICAS
2027,1070,GABINETE MILITAR DO GOVERNADOR DO ESTADO DE MINAS GERAIS - GABINETE MILITAR,3,,1071,GABINETE MILITAR DO GOVERNADOR DO ESTADO DE MINAS GERAIS - GABINETE MILITAR,3,3,90,36,10,1,,6,122,705,2,500,2500,1,,,3197.00,0,ASSESSORAMENTO E GERENCIAMENTO DE POLÍTICAS PÚBLICAS,APOIO ÀS POLÍTICAS PÚBLICAS
2027,1070,GABINETE MILITAR DO GOVERNADOR DO ESTADO DE MINAS GERAIS - GABINETE MILITAR,3,,1071,GABINETE MILITAR DO GOVERNADOR DO ESTADO DE MINAS GERAIS - GABINETE MILITAR,3,3,90,37,10,1,,6,122,705,2,500,2500,1,,,310877.00,0,ASSESSORAMENTO E GERENCIAMENTO DE POLÍTICAS PÚBLICAS,APOIO ÀS POLÍTICAS PÚBLICAS
2027,1070,GABINETE MILITAR DO GOVERNADOR DO ESTADO DE MINAS GERAIS - GABINETE MILITAR,3,,1071,GABINETE MILITAR DO GOVERNADOR DO ESTADO DE MINAS GERAIS - GABINETE MILITAR,3,3,90,39,10,1,,6,122,705,2,500,2500,1,,,797755.00,0,ASSESSORAMENTO E GERENCIAMENTO DE POLÍTICAS PÚBLICAS,APOIO ÀS POLÍTICAS PÚBLICAS
2027,1070,GABINETE MILITAR DO GOVERNADOR DO ESTADO DE MINAS GERAIS - GABINETE MILITAR,3,,1071,GABINETE MILITAR DO GOVERNADOR DO ESTADO DE MINAS GERAIS - GABINETE MILITAR,3,3,90,40,10,1,,6,122,705,2,500,2500,1,,,213278.00,0,ASSESSORAMENTO E GERENCIAMENTO DE POLÍTICAS PÚBLICAS,APOIO ÀS POLÍTICAS PÚBLICAS
2027,1070,GABINETE MILITAR DO GOVERNADOR DO ESTADO DE MINAS GERAIS - GABINETE MILITAR,3,,1071,GABINETE MILITAR DO GOVERNADOR DO ESTADO DE MINAS GERAIS - GABINETE MILITAR,3,3,90,14,10,1,,6,182,101,1,8,1008,1,,,760.00,0,PROJETO CONVIVÊNCIA COM A SECA E ESTIAGEM,PROGRAMA ENCONTRO DAS ÁGUAS
2027,1070,GABINETE MILITAR DO GOVERNADOR DO ESTADO DE MINAS GERAIS - GABINETE MILITAR,3,,1071,GABINETE MILITAR DO GOVERNADOR DO ESTADO DE MINAS GERAIS - GABINETE MILITAR,3,3,90,15,10,1,,6,182,101,1,8,1008,1,,,6183.00,0,PROJETO CONVIVÊNCIA COM A SECA E ESTIAGEM,PROGRAMA ENCONTRO DAS ÁGUAS
2027,1070,GABINETE MILITAR DO GOVERNADOR DO ESTADO DE MINAS GERAIS - GABINETE MILITAR,3,,1071,GABINETE MILITAR DO GOVERNADOR DO ESTADO DE MINAS GERAIS - GABINETE MILITAR,3,3,90,14,10,1,,6,182,101,4,99,4099,1,,,3800.00,0,OPERAÇÃO CAMINHÃO PIPA,PROGRAMA ENCONTRO DAS ÁGUAS
2027,1070,GABINETE MILITAR DO GOVERNADOR DO ESTADO DE MINAS GERAIS - GABINETE MILITAR,3,,1071,GABINETE MILITAR DO GOVERNADOR DO ESTADO DE MINAS GERAIS - GABINETE MILITAR,3,3,90,15,10,1,,6,182,101,4,99,4099,1,,,44612.00,0,OPERAÇÃO CAMINHÃO PIPA,PROGRAMA ENCONTRO DAS ÁGUAS
2027,1070,GABINETE MILITAR DO GOVERNADOR DO ESTADO DE MINAS GERAIS - GABINETE MILITAR,3,,1071,GABINETE MILITAR DO GOVERNADOR DO ESTADO DE MINAS GERAIS - GABINETE MILITAR,3,3,90,39,10,1,,6,182,101,4,99,4099,1,,,50000.00,0,OPERAÇÃO CAMINHÃO PIPA,PROGRAMA ENCONTRO DAS ÁGUAS
2027,1070,GABINETE MILITAR DO GOVERNADOR DO ESTADO DE MINAS GERAIS - GABINETE MILITAR,3,,1071,GABINETE MILITAR DO GOVERNADOR DO ESTADO DE MINAS GERAIS - GABINETE MILITAR,3,3,90,39,57,1,,6,182,101,4,99,4099,1,,,3002000.00,0,OPERAÇÃO CAMINHÃO PIPA,PROGRAMA ENCONTRO DAS ÁGUAS
2027,1070,GABINETE MILITAR DO GOVERNADOR DO ESTADO DE MINAS GERAIS - GABINETE MILITAR,3,,1071,GABINETE MILITAR DO GOVERNADOR DO ESTADO DE MINAS GERAIS - GABINETE MILITAR,3,3,90,14,10,1,,6,182,139,4,734,4734,1,,,27864.00,0,Gestão de Riscos e de Desastres causados pela chuva,PROGRAMA CAMINHO NAS CHUVAS
2027,1070,GABINETE MILITAR DO GOVERNADOR DO ESTADO DE MINAS GERAIS - GABINETE MILITAR,3,,1071,GABINETE MILITAR DO GOVERNADOR DO ESTADO DE MINAS GERAIS - GABINETE MILITAR,3,3,90,15,10,1,,6,182,139,4,734,4734,1,,,284384.00,0,Gestão de Riscos e de Desastres causados pela chuva,PROGRAMA CAMINHO NAS CHUVAS
2027,1070,GABINETE MILITAR DO GOVERNADOR DO ESTADO DE MINAS GERAIS - GABINETE MILITAR,3,,1071,GABINETE MILITAR DO GOVERNADOR DO ESTADO DE MINAS GERAIS - GABINETE MILITAR,3,3,90,30,10,1,,6,182,139,4,734,4734,1,,,960.00,0,Gestão de Riscos e de Desastres causados pela chuva,PROGRAMA CAMINHO NAS CHUVAS
2027,1070,GABINETE MILITAR DO GOVERNADOR DO ESTADO DE MINAS GERAIS - GABINETE MILITAR,3,,1071,GABINETE MILITAR DO GOVERNADOR DO ESTADO DE MINAS GERAIS - GABINETE MILITAR,3,3,90,32,10,1,,6,182,139,4,734,4734,1,,,1542310.00,0,Gestão de Riscos e de Desastres causados pela chuva,PROGRAMA CAMINHO NAS CHUVAS
2027,1070,GABINETE MILITAR DO GOVERNADOR DO ESTADO DE MINAS GERAIS - GABINETE MILITAR,3,,1071,GABINETE MILITAR DO GOVERNADOR DO ESTADO DE MINAS GERAIS - GABINETE MILITAR,3,3,90,39,10,1,,6,182,48,4,155,4155,1,,,1000.00,1,"MODERNIZAÇÃO, ESTRUTURAÇÃO, CAPACITAÇÃO EM DEFESA CIVIL",PROTEÇÃO E DEFESA CIVIL
2027,1070,GABINETE MILITAR DO GOVERNADOR DO ESTADO DE MINAS GERAIS - GABINETE MILITAR,3,,1071,GABINETE MILITAR DO GOVERNADOR DO ESTADO DE MINAS GERAIS - GABINETE MILITAR,4,4,90,52,98,1,,6,182,48,4,155,4155,1,,,3000.00,1,"MODERNIZAÇÃO, ESTRUTURAÇÃO, CAPACITAÇÃO EM DEFESA CIVIL",PROTEÇÃO E DEFESA CIVIL
2027,1070,GABINETE MILITAR DO GOVERNADOR DO ESTADO DE MINAS GERAIS - GABINETE MILITAR,3,,1071,GABINETE MILITAR DO GOVERNADOR DO ESTADO DE MINAS GERAIS - GABINETE MILITAR,3,3,90,14,10,1,,6,182,48,4,356,4356,1,,,5953.00,0,GESTÃO DE DESASTRE,PROTEÇÃO E DEFESA CIVIL
2027,1070,GABINETE MILITAR DO GOVERNADOR DO ESTADO DE MINAS GERAIS - GABINETE MILITAR,3,,1071,GABINETE MILITAR DO GOVERNADOR DO ESTADO DE MINAS GERAIS - GABINETE MILITAR,3,3,90,15,10,1,,6,182,48,4,356,4356,1,,,23404.00,0,GESTÃO DE DESASTRE,PROTEÇÃO E DEFESA CIVIL
2027,1070,GABINETE MILITAR DO GOVERNADOR DO ESTADO DE MINAS GERAIS - GABINETE MILITAR,3,,1071,GABINETE MILITAR DO GOVERNADOR DO ESTADO DE MINAS GERAIS - GABINETE MILITAR,3,3,90,32,10,1,,6,182,48,4,356,4356,1,,,429856.00,0,GESTÃO DE DESASTRE,PROTEÇÃO E DEFESA CIVIL
2027,1070,GABINETE MILITAR DO GOVERNADOR DO ESTADO DE MINAS GERAIS - GABINETE MILITAR,3,,1071,GABINETE MILITAR DO GOVERNADOR DO ESTADO DE MINAS GERAIS - GABINETE MILITAR,3,3,90,37,10,1,,6,182,48,4,356,4356,1,,,337055.00,0,GESTÃO DE DESASTRE,PROTEÇÃO E DEFESA CIVIL
2027,1070,GABINETE MILITAR DO GOVERNADOR DO ESTADO DE MINAS GERAIS - GABINETE MILITAR,3,,1071,GABINETE MILITAR DO GOVERNADOR DO ESTADO DE MINAS GERAIS - GABINETE MILITAR,3,3,90,39,10,1,,6,182,48,4,356,4356,1,,,10805.00,0,GESTÃO DE DESASTRE,PROTEÇÃO E DEFESA CIVIL
2027,1070,GABINETE MILITAR DO GOVERNADOR DO ESTADO DE MINAS GERAIS - GABINETE MILITAR,3,,1071,GABINETE MILITAR DO GOVERNADOR DO ESTADO DE MINAS GERAIS - GABINETE MILITAR,4,4,90,52,10,1,,6,182,48,4,356,4356,1,,,37750.00,0,GESTÃO DE DESASTRE,PROTEÇÃO E DEFESA CIVIL
2027,1070,GABINETE MILITAR DO GOVERNADOR DO ESTADO DE MINAS GERAIS - GABINETE MILITAR,3,,1071,GABINETE MILITAR DO GOVERNADOR DO ESTADO DE MINAS GERAIS - GABINETE MILITAR,3,3,90,14,10,1,,6,182,48,4,390,4390,1,,,125179.00,0,GESTÃO DO RISCO DE DESASTRES,PROTEÇÃO E DEFESA CIVIL
2027,1070,GABINETE MILITAR DO GOVERNADOR DO ESTADO DE MINAS GERAIS - GABINETE MILITAR,3,,1071,GABINETE MILITAR DO GOVERNADOR DO ESTADO DE MINAS GERAIS - GABINETE MILITAR,3,3,90,15,10,1,,6,182,48,4,390,4390,1,,,565812.00,0,GESTÃO DO RISCO DE DESASTRES,PROTEÇÃO E DEFESA CIVIL
2027,1070,GABINETE MILITAR DO GOVERNADOR DO ESTADO DE MINAS GERAIS - GABINETE MILITAR,3,,1071,GABINETE MILITAR DO GOVERNADOR DO ESTADO DE MINAS GERAIS - GABINETE MILITAR,3,3,90,30,10,1,,6,182,48,4,390,4390,1,,,24965.00,0,GESTÃO DO RISCO DE DESASTRES,PROTEÇÃO E DEFESA CIVIL
2027,1070,GABINETE MILITAR DO GOVERNADOR DO ESTADO DE MINAS GERAIS - GABINETE MILITAR,3,,1071,GABINETE MILITAR DO GOVERNADOR DO ESTADO DE MINAS GERAIS - GABINETE MILITAR,3,3,90,31,10,1,,6,182,48,4,390,4390,1,,,13624.00,0,GESTÃO DO RISCO DE DESASTRES,PROTEÇÃO E DEFESA CIVIL
2027,1070,GABINETE MILITAR DO GOVERNADOR DO ESTADO DE MINAS GERAIS - GABINETE MILITAR,3,,1071,GABINETE MILITAR DO GOVERNADOR DO ESTADO DE MINAS GERAIS - GABINETE MILITAR,3,3,90,33,10,1,,6,182,48,4,390,4390,1,,,30920.00,0,GESTÃO DO RISCO DE DESASTRES,PROTEÇÃO E DEFESA CIVIL
2027,1070,GABINETE MILITAR DO GOVERNADOR DO ESTADO DE MINAS GERAIS - GABINETE MILITAR,3,,1071,GABINETE MILITAR DO GOVERNADOR DO ESTADO DE MINAS GERAIS - GABINETE MILITAR,3,3,90,39,10,1,,6,182,48,4,390,4390,1,,,183102.00,0,GESTÃO DO RISCO DE DESASTRES,PROTEÇÃO E DEFESA CIVIL
2027,1070,GABINETE MILITAR DO GOVERNADOR DO ESTADO DE MINAS GERAIS - GABINETE MILITAR,3,,1071,GABINETE MILITAR DO GOVERNADOR DO ESTADO DE MINAS GERAIS - GABINETE MILITAR,3,3,90,15,10,1,,6,183,50,4,335,4335,1,,,3720468.00,0,SERVIÇO ESPECIAL DE SEGURANÇA GOVERNAMENTAL ,SEGURANÇA E INTELIGÊNCIA GOVERNAMENTAL
2027,1070,GABINETE MILITAR DO GOVERNADOR DO ESTADO DE MINAS GERAIS - GABINETE MILITAR,3,,1071,GABINETE MILITAR DO GOVERNADOR DO ESTADO DE MINAS GERAIS - GABINETE MILITAR,3,3,90,30,10,1,,6,183,50,4,335,4335,1,,,24367.00,0,SERVIÇO ESPECIAL DE SEGURANÇA GOVERNAMENTAL ,SEGURANÇA E INTELIGÊNCIA GOVERNAMENTAL
2027,1070,GABINETE MILITAR DO GOVERNADOR DO ESTADO DE MINAS GERAIS - GABINETE MILITAR,3,,1071,GABINETE MILITAR DO GOVERNADOR DO ESTADO DE MINAS GERAIS - GABINETE MILITAR,3,3,90,33,10,1,,6,183,50,4,335,4335,1,,,423609.00,0,SERVIÇO ESPECIAL DE SEGURANÇA GOVERNAMENTAL ,SEGURANÇA E INTELIGÊNCIA GOVERNAMENTAL
2027,1070,GABINETE MILITAR DO GOVERNADOR DO ESTADO DE MINAS GERAIS - GABINETE MILITAR,3,,1071,GABINETE MILITAR DO GOVERNADOR DO ESTADO DE MINAS GERAIS - GABINETE MILITAR,3,3,90,39,10,1,,6,183,50,4,335,4335,1,,,781232.00,0,SERVIÇO ESPECIAL DE SEGURANÇA GOVERNAMENTAL ,SEGURANÇA E INTELIGÊNCIA GOVERNAMENTAL
2027,1070,GABINETE MILITAR DO GOVERNADOR DO ESTADO DE MINAS GERAIS - GABINETE MILITAR,3,,1071,GABINETE MILITAR DO GOVERNADOR DO ESTADO DE MINAS GERAIS - GABINETE MILITAR,3,3,90,40,10,1,,6,183,50,4,335,4335,1,,,84664.00,0,SERVIÇO ESPECIAL DE SEGURANÇA GOVERNAMENTAL ,SEGURANÇA E INTELIGÊNCIA GOVERNAMENTAL
2027,1070,GABINETE MILITAR DO GOVERNADOR DO ESTADO DE MINAS GERAIS - GABINETE MILITAR,3,,1071,GABINETE MILITAR DO GOVERNADOR DO ESTADO DE MINAS GERAIS - GABINETE MILITAR,3,3,90,93,10,1,,6,183,50,4,335,4335,1,,,38146.00,0,SERVIÇO ESPECIAL DE SEGURANÇA GOVERNAMENTAL ,SEGURANÇA E INTELIGÊNCIA GOVERNAMENTAL
2027,1070,GABINETE MILITAR DO GOVERNADOR DO ESTADO DE MINAS GERAIS - GABINETE MILITAR,3,,1071,GABINETE MILITAR DO GOVERNADOR DO ESTADO DE MINAS GERAIS - GABINETE MILITAR,3,3,90,14,10,1,,6,781,46,4,426,4426,1,,,330130.00,0,GESTÃO DA AVIAÇÃO DO GABINETE MILITAR DO GOVERNADOR,SUPORTE AÉREO AOS SERVIÇOS PÚBLICOS ESTADUAIS
2027,1070,GABINETE MILITAR DO GOVERNADOR DO ESTADO DE MINAS GERAIS - GABINETE MILITAR,3,,1071,GABINETE MILITAR DO GOVERNADOR DO ESTADO DE MINAS GERAIS - GABINETE MILITAR,3,3,90,15,10,1,,6,781,46,4,426,4426,1,,,200278.00,0,GESTÃO DA AVIAÇÃO DO GABINETE MILITAR DO GOVERNADOR,SUPORTE AÉREO AOS SERVIÇOS PÚBLICOS ESTADUAIS
2027,1070,GABINETE MILITAR DO GOVERNADOR DO ESTADO DE MINAS GERAIS - GABINETE MILITAR,3,,1071,GABINETE MILITAR DO GOVERNADOR DO ESTADO DE MINAS GERAIS - GABINETE MILITAR,3,3,90,30,10,1,,6,781,46,4,426,4426,1,,,2513188.00,0,GESTÃO DA AVIAÇÃO DO GABINETE MILITAR DO GOVERNADOR,SUPORTE AÉREO AOS SERVIÇOS PÚBLICOS ESTADUAIS
2027,1070,GABINETE MILITAR DO GOVERNADOR DO ESTADO DE MINAS GERAIS - GABINETE MILITAR,3,,1071,GABINETE MILITAR DO GOVERNADOR DO ESTADO DE MINAS GERAIS - GABINETE MILITAR,3,3,90,33,10,1,,6,781,46,4,426,4426,1,,,58749.00,0,GESTÃO DA AVIAÇÃO DO GABINETE MILITAR DO GOVERNADOR,SUPORTE AÉREO AOS SERVIÇOS PÚBLICOS ESTADUAIS
2027,1070,GABINETE MILITAR DO GOVERNADOR DO ESTADO DE MINAS GERAIS - GABINETE MILITAR,3,,1071,GABINETE MILITAR DO GOVERNADOR DO ESTADO DE MINAS GERAIS - GABINETE MILITAR,3,3,90,37,10,1,,6,781,46,4,426,4426,1,,,422435.00,0,GESTÃO DA AVIAÇÃO DO GABINETE MILITAR DO GOVERNADOR,SUPORTE AÉREO AOS SERVIÇOS PÚBLICOS ESTADUAIS
2027,1070,GABINETE MILITAR DO GOVERNADOR DO ESTADO DE MINAS GERAIS - GABINETE MILITAR,3,,1071,GABINETE MILITAR DO GOVERNADOR DO ESTADO DE MINAS GERAIS - GABINETE MILITAR,3,3,90,39,10,1,,6,781,46,4,426,4426,1,,,4915015.00,0,GESTÃO DA AVIAÇÃO DO GABINETE MILITAR DO GOVERNADOR,SUPORTE AÉREO AOS SERVIÇOS PÚBLICOS ESTADUAIS
2027,1070,GABINETE MILITAR DO GOVERNADOR DO ESTADO DE MINAS GERAIS - GABINETE MILITAR,3,,1071,GABINETE MILITAR DO GOVERNADOR DO ESTADO DE MINAS GERAIS - GABINETE MILITAR,3,3,90,40,10,1,,6,781,46,4,426,4426,1,,,115359.00,0,GESTÃO DA AVIAÇÃO DO GABINETE MILITAR DO GOVERNADOR,SUPORTE AÉREO AOS SERVIÇOS PÚBLICOS ESTADUAIS
2027,1070,GABINETE MILITAR DO GOVERNADOR DO ESTADO DE MINAS GERAIS - GABINETE MILITAR,3,,1071,GABINETE MILITAR DO GOVERNADOR DO ESTADO DE MINAS GERAIS - GABINETE MILITAR,3,3,90,93,10,1,,6,781,46,4,426,4426,1,,,30073.00,0,GESTÃO DA AVIAÇÃO DO GABINETE MILITAR DO GOVERNADOR,SUPORTE AÉREO AOS SERVIÇOS PÚBLICOS ESTADUAIS
2027,1070,GABINETE MILITAR DO GOVERNADOR DO ESTADO DE MINAS GERAIS - GABINETE MILITAR,3,,1071,GABINETE MILITAR DO GOVERNADOR DO ESTADO DE MINAS GERAIS - GABINETE MILITAR,4,4,90,52,10,1,,6,781,46,4,426,4426,1,,,50000.00,0,GESTÃO DA AVIAÇÃO DO GABINETE MILITAR DO GOVERNADOR,SUPORTE AÉREO AOS SERVIÇOS PÚBLICOS ESTADUAIS
2027,1070,GABINETE MILITAR DO GOVERNADOR DO ESTADO DE MINAS GERAIS - GABINETE MILITAR,3,,1071,GABINETE MILITAR DO GOVERNADOR DO ESTADO DE MINAS GERAIS - GABINETE MILITAR,3,3,90,30,10,1,,6,782,34,4,341,4341,1,,,1547092.00,0,GESTÃO DO TRANSPORTE RODOVIÁRIO,SUPORTE ÀS AÇÕES DE TRANSPORTE RODOVIÁRIO
2027,1070,GABINETE MILITAR DO GOVERNADOR DO ESTADO DE MINAS GERAIS - GABINETE MILITAR,3,,1071,GABINETE MILITAR DO GOVERNADOR DO ESTADO DE MINAS GERAIS - GABINETE MILITAR,3,3,90,39,10,1,,6,782,34,4,341,4341,1,,,3049681.00,0,GESTÃO DO TRANSPORTE RODOVIÁRIO,SUPORTE ÀS AÇÕES DE TRANSPORTE RODOVIÁRIO
2027,1070,GABINETE MILITAR DO GOVERNADOR DO ESTADO DE MINAS GERAIS - GABINETE MILITAR,3,,1071,GABINETE MILITAR DO GOVERNADOR DO ESTADO DE MINAS GERAIS - GABINETE MILITAR,3,3,90,93,10,1,,6,782,34,4,341,4341,1,,,9082.00,0,GESTÃO DO TRANSPORTE RODOVIÁRIO,SUPORTE ÀS AÇÕES DE TRANSPORTE RODOVIÁRIO
2027,1080,ADVOCACIA GERAL DO ESTADO - AGE,3,,1081,ADVOCACIA GERAL DO ESTADO - AGE,3,1,90,13,10,9,,28,846,705,7,803,7803,1,,,25000000.00,0,PRECATÓRIOS E SENTENÇAS JUDICIÁRIAS DA ADMINISTRAÇÃO DIRETA DO PODER EXECUTIVO,APOIO ÀS POLÍTICAS PÚBLICAS
2027,1080,ADVOCACIA GERAL DO ESTADO - AGE,3,,1081,ADVOCACIA GERAL DO ESTADO - AGE,3,1,90,91,10,9,,28,846,705,7,803,7803,1,,,728152070.00,0,PRECATÓRIOS E SENTENÇAS JUDICIÁRIAS DA ADMINISTRAÇÃO DIRETA DO PODER EXECUTIVO,APOIO ÀS POLÍTICAS PÚBLICAS
2027,1080,ADVOCACIA GERAL DO ESTADO - AGE,3,,1081,ADVOCACIA GERAL DO ESTADO - AGE,3,3,90,13,10,9,,28,846,705,7,803,7803,1,,,95000000.00,0,PRECATÓRIOS E SENTENÇAS JUDICIÁRIAS DA ADMINISTRAÇÃO DIRETA DO PODER EXECUTIVO,APOIO ÀS POLÍTICAS PÚBLICAS
2027,1080,ADVOCACIA GERAL DO ESTADO - AGE,3,,1081,ADVOCACIA GERAL DO ESTADO - AGE,3,3,90,91,10,9,,28,846,705,7,803,7803,1,,,426715469.00,0,PRECATÓRIOS E SENTENÇAS JUDICIÁRIAS DA ADMINISTRAÇÃO DIRETA DO PODER EXECUTIVO,APOIO ÀS POLÍTICAS PÚBLICAS
2027,1080,ADVOCACIA GERAL DO ESTADO - AGE,3,,1081,ADVOCACIA GERAL DO ESTADO - AGE,3,1,90,11,10,1,,3,122,705,2,417,2417,1,,,283188204.00,0,REMUNERAÇÃO DE PESSOAL ATIVO E ENCARGOS SOCIAIS,APOIO ÀS POLÍTICAS PÚBLICAS
2027,1080,ADVOCACIA GERAL DO ESTADO - AGE,3,,1081,ADVOCACIA GERAL DO ESTADO - AGE,3,1,91,13,10,1,,3,122,705,2,417,2417,1,,,112014774.00,0,REMUNERAÇÃO DE PESSOAL ATIVO E ENCARGOS SOCIAIS,APOIO ÀS POLÍTICAS PÚBLICAS
2027,1080,ADVOCACIA GERAL DO ESTADO - AGE,3,,1081,ADVOCACIA GERAL DO ESTADO - AGE,3,3,90,36,10,1,,3,122,705,2,417,2417,1,,,1674000.00,0,REMUNERAÇÃO DE PESSOAL ATIVO E ENCARGOS SOCIAIS,APOIO ÀS POLÍTICAS PÚBLICAS
2027,1080,ADVOCACIA GERAL DO ESTADO - AGE,3,,1081,ADVOCACIA GERAL DO ESTADO - AGE,3,3,90,46,10,7,,3,122,705,2,417,2417,1,,,13338343.00,0,REMUNERAÇÃO DE PESSOAL ATIVO E ENCARGOS SOCIAIS,APOIO ÀS POLÍTICAS PÚBLICAS
2027,1080,ADVOCACIA GERAL DO ESTADO - AGE,3,,1081,ADVOCACIA GERAL DO ESTADO - AGE,3,3,90,49,10,7,,3,122,705,2,417,2417,1,,,13338342.00,0,REMUNERAÇÃO DE PESSOAL ATIVO E ENCARGOS SOCIAIS,APOIO ÀS POLÍTICAS PÚBLICAS
2027,1080,ADVOCACIA GERAL DO ESTADO - AGE,3,,1081,ADVOCACIA GERAL DO ESTADO - AGE,3,3,90,14,10,1,,3,122,705,2,500,2500,1,,,48000.00,0,ASSESSORAMENTO E GERENCIAMENTO DE POLÍTICAS PÚBLICAS,APOIO ÀS POLÍTICAS PÚBLICAS
2027,1080,ADVOCACIA GERAL DO ESTADO - AGE,3,,1081,ADVOCACIA GERAL DO ESTADO - AGE,3,3,90,30,10,1,,3,122,705,2,500,2500,1,,,582097.00,0,ASSESSORAMENTO E GERENCIAMENTO DE POLÍTICAS PÚBLICAS,APOIO ÀS POLÍTICAS PÚBLICAS
2027,1080,ADVOCACIA GERAL DO ESTADO - AGE,3,,1081,ADVOCACIA GERAL DO ESTADO - AGE,3,3,90,33,10,1,,3,122,705,2,500,2500,1,,,72600.00,0,ASSESSORAMENTO E GERENCIAMENTO DE POLÍTICAS PÚBLICAS,APOIO ÀS POLÍTICAS PÚBLICAS
2027,1080,ADVOCACIA GERAL DO ESTADO - AGE,3,,1081,ADVOCACIA GERAL DO ESTADO - AGE,3,3,90,36,10,1,,3,122,705,2,500,2500,1,,,27600.00,0,ASSESSORAMENTO E GERENCIAMENTO DE POLÍTICAS PÚBLICAS,APOIO ÀS POLÍTICAS PÚBLICAS
2027,1080,ADVOCACIA GERAL DO ESTADO - AGE,3,,1081,ADVOCACIA GERAL DO ESTADO - AGE,3,3,90,37,10,1,,3,122,705,2,500,2500,1,,,1500000.00,0,ASSESSORAMENTO E GERENCIAMENTO DE POLÍTICAS PÚBLICAS,APOIO ÀS POLÍTICAS PÚBLICAS
2027,1080,ADVOCACIA GERAL DO ESTADO - AGE,3,,1081,ADVOCACIA GERAL DO ESTADO - AGE,3,3,90,39,10,1,,3,122,705,2,500,2500,1,,,6764081.00,0,ASSESSORAMENTO E GERENCIAMENTO DE POLÍTICAS PÚBLICAS,APOIO ÀS POLÍTICAS PÚBLICAS
2027,1080,ADVOCACIA GERAL DO ESTADO - AGE,3,,1081,ADVOCACIA GERAL DO ESTADO - AGE,3,3,90,40,10,1,,3,122,705,2,500,2500,1,,,565367.00,0,ASSESSORAMENTO E GERENCIAMENTO DE POLÍTICAS PÚBLICAS,APOIO ÀS POLÍTICAS PÚBLICAS
2027,1080,ADVOCACIA GERAL DO ESTADO - AGE,3,,1081,ADVOCACIA GERAL DO ESTADO - AGE,3,3,90,47,10,1,,3,122,705,2,500,2500,1,,,10000.00,0,ASSESSORAMENTO E GERENCIAMENTO DE POLÍTICAS PÚBLICAS,APOIO ÀS POLÍTICAS PÚBLICAS
2027,1080,ADVOCACIA GERAL DO ESTADO - AGE,3,,1081,ADVOCACIA GERAL DO ESTADO - AGE,3,3,90,14,10,1,,3,92,43,1,10,1010,1,,,12000.00,0,FOMENTO À UTILIZAÇÃO DE MÉTODOS ALTERNATIVOS DE SOLUÇÃO DE CONFLITOS,DESJUDICIALIZA MINAS
2027,1080,ADVOCACIA GERAL DO ESTADO - AGE,3,,1081,ADVOCACIA GERAL DO ESTADO - AGE,3,3,90,33,10,1,,3,92,43,1,10,1010,1,,,24000.00,0,FOMENTO À UTILIZAÇÃO DE MÉTODOS ALTERNATIVOS DE SOLUÇÃO DE CONFLITOS,DESJUDICIALIZA MINAS
2027,1080,ADVOCACIA GERAL DO ESTADO - AGE,3,,1081,ADVOCACIA GERAL DO ESTADO - AGE,3,3,90,39,10,1,,3,92,43,2,30,2030,1,,,360000.00,0,CUMPRIMENTO ADMINISTRATIVO DE DETERMINAÇÕES JUDICIAIS DECORRENTES DO ACESSO GRATUITO À JUSTIÇA,DESJUDICIALIZA MINAS
2027,1080,ADVOCACIA GERAL DO ESTADO - AGE,3,,1081,ADVOCACIA GERAL DO ESTADO - AGE,3,3,90,40,10,1,,3,92,44,1,12,1012,1,,,377676.00,0,APERFEIÇOAMENTO DA GESTÃO DA AGE,REPRESENTAÇÃO JURÍDICA DO ESTADO E ENTIDADES
2027,1080,ADVOCACIA GERAL DO ESTADO - AGE,3,,1081,ADVOCACIA GERAL DO ESTADO - AGE,4,4,90,40,10,1,,3,92,44,1,12,1012,1,,,4697432.00,0,APERFEIÇOAMENTO DA GESTÃO DA AGE,REPRESENTAÇÃO JURÍDICA DO ESTADO E ENTIDADES
2027,1080,ADVOCACIA GERAL DO ESTADO - AGE,3,,1081,ADVOCACIA GERAL DO ESTADO - AGE,3,3,90,14,10,1,,3,92,44,1,13,1013,1,,,48000.00,0,"REPRESENTAÇÃO JUDICIAL, COBRANÇA DA DÍVIDA ATIVA E ASSESSORAMENTO JURÍDICO AO ESTADO E ENTIDADES",REPRESENTAÇÃO JURÍDICA DO ESTADO E ENTIDADES
2027,1080,ADVOCACIA GERAL DO ESTADO - AGE,3,,1081,ADVOCACIA GERAL DO ESTADO - AGE,3,3,90,30,10,1,,3,92,44,1,13,1013,1,,,375461.00,0,"REPRESENTAÇÃO JUDICIAL, COBRANÇA DA DÍVIDA ATIVA E ASSESSORAMENTO JURÍDICO AO ESTADO E ENTIDADES",REPRESENTAÇÃO JURÍDICA DO ESTADO E ENTIDADES
2027,1080,ADVOCACIA GERAL DO ESTADO - AGE,3,,1081,ADVOCACIA GERAL DO ESTADO - AGE,3,3,90,30,57,1,,3,92,44,1,13,1013,1,,,51000.00,0,"REPRESENTAÇÃO JUDICIAL, COBRANÇA DA DÍVIDA ATIVA E ASSESSORAMENTO JURÍDICO AO ESTADO E ENTIDADES",REPRESENTAÇÃO JURÍDICA DO ESTADO E ENTIDADES
2027,1080,ADVOCACIA GERAL DO ESTADO - AGE,3,,1081,ADVOCACIA GERAL DO ESTADO - AGE,3,3,90,33,10,1,,3,92,44,1,13,1013,1,,,73200.00,0,"REPRESENTAÇÃO JUDICIAL, COBRANÇA DA DÍVIDA ATIVA E ASSESSORAMENTO JURÍDICO AO ESTADO E ENTIDADES",REPRESENTAÇÃO JURÍDICA DO ESTADO E ENTIDADES
2027,1080,ADVOCACIA GERAL DO ESTADO - AGE,3,,1081,ADVOCACIA GERAL DO ESTADO - AGE,3,3,90,36,10,1,,3,92,44,1,13,1013,1,,,24000.00,0,"REPRESENTAÇÃO JUDICIAL, COBRANÇA DA DÍVIDA ATIVA E ASSESSORAMENTO JURÍDICO AO ESTADO E ENTIDADES",REPRESENTAÇÃO JURÍDICA DO ESTADO E ENTIDADES
2027,1080,ADVOCACIA GERAL DO ESTADO - AGE,3,,1081,ADVOCACIA GERAL DO ESTADO - AGE,3,3,90,36,60,2,,3,92,44,1,13,1013,1,,,45000.00,0,"REPRESENTAÇÃO JUDICIAL, COBRANÇA DA DÍVIDA ATIVA E ASSESSORAMENTO JURÍDICO AO ESTADO E ENTIDADES",REPRESENTAÇÃO JURÍDICA DO ESTADO E ENTIDADES
2027,1080,ADVOCACIA GERAL DO ESTADO - AGE,3,,1081,ADVOCACIA GERAL DO ESTADO - AGE,3,3,90,36,9,1,,3,92,44,1,13,1013,1,,,101000.00,0,"REPRESENTAÇÃO JUDICIAL, COBRANÇA DA DÍVIDA ATIVA E ASSESSORAMENTO JURÍDICO AO ESTADO E ENTIDADES",REPRESENTAÇÃO JURÍDICA DO ESTADO E ENTIDADES
2027,1080,ADVOCACIA GERAL DO ESTADO - AGE,3,,1081,ADVOCACIA GERAL DO ESTADO - AGE,3,3,90,37,10,1,,3,92,44,1,13,1013,1,,,7800000.00,0,"REPRESENTAÇÃO JUDICIAL, COBRANÇA DA DÍVIDA ATIVA E ASSESSORAMENTO JURÍDICO AO ESTADO E ENTIDADES",REPRESENTAÇÃO JURÍDICA DO ESTADO E ENTIDADES
2027,1080,ADVOCACIA GERAL DO ESTADO - AGE,3,,1081,ADVOCACIA GERAL DO ESTADO - AGE,3,3,90,39,10,1,,3,92,44,1,13,1013,1,,,895374.00,0,"REPRESENTAÇÃO JUDICIAL, COBRANÇA DA DÍVIDA ATIVA E ASSESSORAMENTO JURÍDICO AO ESTADO E ENTIDADES",REPRESENTAÇÃO JURÍDICA DO ESTADO E ENTIDADES
2027,1080,ADVOCACIA GERAL DO ESTADO - AGE,3,,1081,ADVOCACIA GERAL DO ESTADO - AGE,3,3,90,40,10,1,,3,92,44,1,13,1013,1,,,2282112.00,0,"REPRESENTAÇÃO JUDICIAL, COBRANÇA DA DÍVIDA ATIVA E ASSESSORAMENTO JURÍDICO AO ESTADO E ENTIDADES",REPRESENTAÇÃO JURÍDICA DO ESTADO E ENTIDADES
2027,1080,ADVOCACIA GERAL DO ESTADO - AGE,3,,1081,ADVOCACIA GERAL DO ESTADO - AGE,4,4,90,52,57,1,,3,92,44,1,13,1013,1,,,1551000.00,0,"REPRESENTAÇÃO JUDICIAL, COBRANÇA DA DÍVIDA ATIVA E ASSESSORAMENTO JURÍDICO AO ESTADO E ENTIDADES",REPRESENTAÇÃO JURÍDICA DO ESTADO E ENTIDADES
2027,1080,ADVOCACIA GERAL DO ESTADO - AGE,3,,1081,ADVOCACIA GERAL DO ESTADO - AGE,4,4,90,52,9,1,,3,92,44,1,13,1013,1,,,1001000.00,0,"REPRESENTAÇÃO JUDICIAL, COBRANÇA DA DÍVIDA ATIVA E ASSESSORAMENTO JURÍDICO AO ESTADO E ENTIDADES",REPRESENTAÇÃO JURÍDICA DO ESTADO E ENTIDADES
2027,1080,ADVOCACIA GERAL DO ESTADO - AGE,3,,1081,ADVOCACIA GERAL DO ESTADO - AGE,3,3,90,40,10,1,,3,92,44,1,14,1014,1,,,1000.00,0,"REESTRUTURAÇÃO LOGÍSTICA, TECNOLÓGICA E DE COBRANÇA DA DÍVIDA ATIVA DA AGE",REPRESENTAÇÃO JURÍDICA DO ESTADO E ENTIDADES
2027,1080,ADVOCACIA GERAL DO ESTADO - FEAGE,3,,4751,FUNDO ESPECIAL DA ADVOCACIA-GERAL DO ESTADO - FEAGE,3,3,90,39,59,1,,3,92,79,2,73,2073,1,,,2000000.00,0,REAPARELHAMENTO E APERFEIÇOAMENTO INSTITUCIONAL 4751,MODERNIZAÇÃO E APRIMORAMENTO INSTITUCIONAL
2027,1080,ADVOCACIA GERAL DO ESTADO - FEAGE,3,,4751,FUNDO ESPECIAL DA ADVOCACIA-GERAL DO ESTADO - FEAGE,3,3,90,40,59,1,,3,92,79,2,73,2073,1,,,6000000.00,0,REAPARELHAMENTO E APERFEIÇOAMENTO INSTITUCIONAL 4751,MODERNIZAÇÃO E APRIMORAMENTO INSTITUCIONAL
2027,1080,ADVOCACIA GERAL DO ESTADO - FEAGE,3,,4751,FUNDO ESPECIAL DA ADVOCACIA-GERAL DO ESTADO - FEAGE,3,3,90,93,59,1,,3,92,79,2,73,2073,1,,,1632500.00,0,REAPARELHAMENTO E APERFEIÇOAMENTO INSTITUCIONAL 4751,MODERNIZAÇÃO E APRIMORAMENTO INSTITUCIONAL
2027,1080,ADVOCACIA GERAL DO ESTADO - FEAGE,3,,4751,FUNDO ESPECIAL DA ADVOCACIA-GERAL DO ESTADO - FEAGE,4,4,90,52,59,1,,3,92,79,2,73,2073,1,,,2367500.00,0,REAPARELHAMENTO E APERFEIÇOAMENTO INSTITUCIONAL 4751,MODERNIZAÇÃO E APRIMORAMENTO INSTITUCIONAL
2027,1100,OUVIDORIA-GERAL DO ESTADO DE MINAS GERAIS - OGE,3,,1101,OUVIDORIA-GERAL DO ESTADO DE MINAS GERAIS - OGE,3,3,90,40,10,1,,14,122,54,4,104,4104,1,,,51005.00,0,APRESENTAÇÃO DE RELATÓRIOS DE GESTÃO,GOVERNANÇA PARA INTEGRIDADE E MELHORES RESULTADOS EM SERVIÇOS PÚBLICOS
2027,1100,OUVIDORIA-GERAL DO ESTADO DE MINAS GERAIS - OGE,3,,1101,OUVIDORIA-GERAL DO ESTADO DE MINAS GERAIS - OGE,3,1,90,11,10,1,,14,122,705,2,417,2417,1,,,13138033.00,0,REMUNERAÇÃO DE PESSOAL ATIVO E ENCARGOS SOCIAIS,APOIO ÀS POLÍTICAS PÚBLICAS
2027,1100,OUVIDORIA-GERAL DO ESTADO DE MINAS GERAIS - OGE,3,,1101,OUVIDORIA-GERAL DO ESTADO DE MINAS GERAIS - OGE,3,1,90,13,10,1,,14,122,705,2,417,2417,1,,,704249.00,0,REMUNERAÇÃO DE PESSOAL ATIVO E ENCARGOS SOCIAIS,APOIO ÀS POLÍTICAS PÚBLICAS
2027,1100,OUVIDORIA-GERAL DO ESTADO DE MINAS GERAIS - OGE,3,,1101,OUVIDORIA-GERAL DO ESTADO DE MINAS GERAIS - OGE,3,1,91,13,10,1,,14,122,705,2,417,2417,1,,,4174074.00,0,REMUNERAÇÃO DE PESSOAL ATIVO E ENCARGOS SOCIAIS,APOIO ÀS POLÍTICAS PÚBLICAS
2027,1100,OUVIDORIA-GERAL DO ESTADO DE MINAS GERAIS - OGE,3,,1101,OUVIDORIA-GERAL DO ESTADO DE MINAS GERAIS - OGE,3,3,90,19,10,7,,14,122,705,2,417,2417,1,,,30643.00,0,REMUNERAÇÃO DE PESSOAL ATIVO E ENCARGOS SOCIAIS,APOIO ÀS POLÍTICAS PÚBLICAS
2027,1100,OUVIDORIA-GERAL DO ESTADO DE MINAS GERAIS - OGE,3,,1101,OUVIDORIA-GERAL DO ESTADO DE MINAS GERAIS - OGE,3,3,90,46,10,7,,14,122,705,2,417,2417,1,,,1687059.00,0,REMUNERAÇÃO DE PESSOAL ATIVO E ENCARGOS SOCIAIS,APOIO ÀS POLÍTICAS PÚBLICAS
2027,1100,OUVIDORIA-GERAL DO ESTADO DE MINAS GERAIS - OGE,3,,1101,OUVIDORIA-GERAL DO ESTADO DE MINAS GERAIS - OGE,3,3,90,49,10,7,,14,122,705,2,417,2417,1,,,83660.00,0,REMUNERAÇÃO DE PESSOAL ATIVO E ENCARGOS SOCIAIS,APOIO ÀS POLÍTICAS PÚBLICAS
2027,1100,OUVIDORIA-GERAL DO ESTADO DE MINAS GERAIS - OGE,3,,1101,OUVIDORIA-GERAL DO ESTADO DE MINAS GERAIS - OGE,3,3,90,14,10,1,,14,122,705,2,500,2500,1,,,19576.00,0,ASSESSORAMENTO E GERENCIAMENTO DE POLÍTICAS PÚBLICAS,APOIO ÀS POLÍTICAS PÚBLICAS
2027,1100,OUVIDORIA-GERAL DO ESTADO DE MINAS GERAIS - OGE,3,,1101,OUVIDORIA-GERAL DO ESTADO DE MINAS GERAIS - OGE,3,3,90,30,10,1,,14,122,705,2,500,2500,1,,,18811.00,0,ASSESSORAMENTO E GERENCIAMENTO DE POLÍTICAS PÚBLICAS,APOIO ÀS POLÍTICAS PÚBLICAS
2027,1100,OUVIDORIA-GERAL DO ESTADO DE MINAS GERAIS - OGE,3,,1101,OUVIDORIA-GERAL DO ESTADO DE MINAS GERAIS - OGE,3,3,90,33,10,1,,14,122,705,2,500,2500,1,,,16558.00,0,ASSESSORAMENTO E GERENCIAMENTO DE POLÍTICAS PÚBLICAS,APOIO ÀS POLÍTICAS PÚBLICAS
2027,1100,OUVIDORIA-GERAL DO ESTADO DE MINAS GERAIS - OGE,3,,1101,OUVIDORIA-GERAL DO ESTADO DE MINAS GERAIS - OGE,3,3,90,37,10,1,,14,122,705,2,500,2500,1,,,514326.00,0,ASSESSORAMENTO E GERENCIAMENTO DE POLÍTICAS PÚBLICAS,APOIO ÀS POLÍTICAS PÚBLICAS
2027,1100,OUVIDORIA-GERAL DO ESTADO DE MINAS GERAIS - OGE,3,,1101,OUVIDORIA-GERAL DO ESTADO DE MINAS GERAIS - OGE,3,3,90,39,10,1,,14,122,705,2,500,2500,1,,,133308.00,0,ASSESSORAMENTO E GERENCIAMENTO DE POLÍTICAS PÚBLICAS,APOIO ÀS POLÍTICAS PÚBLICAS
2027,1100,OUVIDORIA-GERAL DO ESTADO DE MINAS GERAIS - OGE,3,,1101,OUVIDORIA-GERAL DO ESTADO DE MINAS GERAIS - OGE,3,3,90,40,10,1,,14,122,705,2,500,2500,1,,,149543.00,0,ASSESSORAMENTO E GERENCIAMENTO DE POLÍTICAS PÚBLICAS,APOIO ÀS POLÍTICAS PÚBLICAS
2027,1100,OUVIDORIA-GERAL DO ESTADO DE MINAS GERAIS - OGE,3,,1101,OUVIDORIA-GERAL DO ESTADO DE MINAS GERAIS - OGE,3,3,90,14,10,1,,14,124,55,4,12,4012,1,,,3916.00,0,PREVENÇÃO E COMBATE AO ASSÉDIO MORAL E SEXUAL,CONTROLE SOCIAL ATRAVÉS DA DEFESA DOS USUÁRIOS DE SERVIÇOS PÚBLICOS
2027,1100,OUVIDORIA-GERAL DO ESTADO DE MINAS GERAIS - OGE,3,,1101,OUVIDORIA-GERAL DO ESTADO DE MINAS GERAIS - OGE,3,3,90,33,10,1,,14,124,55,4,12,4012,1,,,8424.00,0,PREVENÇÃO E COMBATE AO ASSÉDIO MORAL E SEXUAL,CONTROLE SOCIAL ATRAVÉS DA DEFESA DOS USUÁRIOS DE SERVIÇOS PÚBLICOS
2027,1100,OUVIDORIA-GERAL DO ESTADO DE MINAS GERAIS - OGE,3,,1101,OUVIDORIA-GERAL DO ESTADO DE MINAS GERAIS - OGE,3,3,90,14,10,1,,14,128,54,2,20,2020,1,,,4026.00,0,FORMAÇÃO EM OUVIDORIA - CAPACITAR PARA MELHOR ATENDER O CIDADÃO,GOVERNANÇA PARA INTEGRIDADE E MELHORES RESULTADOS EM SERVIÇOS PÚBLICOS
2027,1100,OUVIDORIA-GERAL DO ESTADO DE MINAS GERAIS - OGE,3,,1101,OUVIDORIA-GERAL DO ESTADO DE MINAS GERAIS - OGE,3,3,90,33,10,1,,14,128,54,2,20,2020,1,,,1417.00,0,FORMAÇÃO EM OUVIDORIA - CAPACITAR PARA MELHOR ATENDER O CIDADÃO,GOVERNANÇA PARA INTEGRIDADE E MELHORES RESULTADOS EM SERVIÇOS PÚBLICOS
2027,1100,OUVIDORIA-GERAL DO ESTADO DE MINAS GERAIS - OGE,3,,1101,OUVIDORIA-GERAL DO ESTADO DE MINAS GERAIS - OGE,3,3,90,39,10,1,,14,131,55,4,102,4102,1,,,21764.00,0,DIVULGAÇÃO DOS CANAIS E AÇÕES DA OUVIDORIA,CONTROLE SOCIAL ATRAVÉS DA DEFESA DOS USUÁRIOS DE SERVIÇOS PÚBLICOS
2027,1100,OUVIDORIA-GERAL DO ESTADO DE MINAS GERAIS - OGE,3,,1101,OUVIDORIA-GERAL DO ESTADO DE MINAS GERAIS - OGE,3,3,90,40,10,1,,14,131,55,4,102,4102,1,,,29534.00,0,DIVULGAÇÃO DOS CANAIS E AÇÕES DA OUVIDORIA,CONTROLE SOCIAL ATRAVÉS DA DEFESA DOS USUÁRIOS DE SERVIÇOS PÚBLICOS
2027,1100,OUVIDORIA-GERAL DO ESTADO DE MINAS GERAIS - OGE,3,,1101,OUVIDORIA-GERAL DO ESTADO DE MINAS GERAIS - OGE,3,3,90,14,10,1,,14,422,55,4,101,4101,1,,,53776.00,0,OUVIDORIA MÓVEL,CONTROLE SOCIAL ATRAVÉS DA DEFESA DOS USUÁRIOS DE SERVIÇOS PÚBLICOS
2027,1100,OUVIDORIA-GERAL DO ESTADO DE MINAS GERAIS - OGE,3,,1101,OUVIDORIA-GERAL DO ESTADO DE MINAS GERAIS - OGE,3,3,90,33,10,1,,14,422,55,4,101,4101,1,,,55909.00,0,OUVIDORIA MÓVEL,CONTROLE SOCIAL ATRAVÉS DA DEFESA DOS USUÁRIOS DE SERVIÇOS PÚBLICOS
2027,1100,OUVIDORIA-GERAL DO ESTADO DE MINAS GERAIS - OGE,3,,1101,OUVIDORIA-GERAL DO ESTADO DE MINAS GERAIS - OGE,3,3,90,14,10,1,,14,422,55,4,109,4109,1,,,16133.00,0,FOMENTO À PARTICIPAÇÃO SOCIAL NO ESTADO DE MINAS GERAIS,CONTROLE SOCIAL ATRAVÉS DA DEFESA DOS USUÁRIOS DE SERVIÇOS PÚBLICOS
2027,1100,OUVIDORIA-GERAL DO ESTADO DE MINAS GERAIS - OGE,3,,1101,OUVIDORIA-GERAL DO ESTADO DE MINAS GERAIS - OGE,3,3,90,33,10,1,,14,422,55,4,109,4109,1,,,3801.00,0,FOMENTO À PARTICIPAÇÃO SOCIAL NO ESTADO DE MINAS GERAIS,CONTROLE SOCIAL ATRAVÉS DA DEFESA DOS USUÁRIOS DE SERVIÇOS PÚBLICOS
2027,1100,OUVIDORIA-GERAL DO ESTADO DE MINAS GERAIS - OGE,3,,1101,OUVIDORIA-GERAL DO ESTADO DE MINAS GERAIS - OGE,3,3,90,37,10,1,,14,422,55,4,110,4110,1,,,430354.00,0,"RECEBIMENTO, ANÁLISE E TRATAMENTO DE MANIFESTAÇÕES",CONTROLE SOCIAL ATRAVÉS DA DEFESA DOS USUÁRIOS DE SERVIÇOS PÚBLICOS
2027,1100,OUVIDORIA-GERAL DO ESTADO DE MINAS GERAIS - OGE,3,,1101,OUVIDORIA-GERAL DO ESTADO DE MINAS GERAIS - OGE,3,3,90,39,10,1,,14,422,55,4,110,4110,1,,,152345.00,0,"RECEBIMENTO, ANÁLISE E TRATAMENTO DE MANIFESTAÇÕES",CONTROLE SOCIAL ATRAVÉS DA DEFESA DOS USUÁRIOS DE SERVIÇOS PÚBLICOS
2027,1100,OUVIDORIA-GERAL DO ESTADO DE MINAS GERAIS - OGE,3,,1101,OUVIDORIA-GERAL DO ESTADO DE MINAS GERAIS - OGE,3,3,90,40,10,1,,14,422,55,4,110,4110,1,,,552070.00,0,"RECEBIMENTO, ANÁLISE E TRATAMENTO DE MANIFESTAÇÕES",CONTROLE SOCIAL ATRAVÉS DA DEFESA DOS USUÁRIOS DE SERVIÇOS PÚBLICOS
2027,1190,SECRETARIA DE ESTADO DE FAZENDA - SEF,3,,1191,SECRETARIA DE ESTADO DE FAZENDA - SEF,3,3,90,14,10,1,,4,122,38,2,16,2016,1,,,9240.00,0,MODERNIZAÇÃO DA GESTÃO E INOVAÇÃO DO TESOURO ESTADUAL,TESOURO RESPONSÁVEL E TRANSPARENTE
2027,1190,SECRETARIA DE ESTADO DE FAZENDA - SEF,3,,1191,SECRETARIA DE ESTADO DE FAZENDA - SEF,3,3,90,33,10,1,,4,122,38,2,16,2016,1,,,66492.00,0,MODERNIZAÇÃO DA GESTÃO E INOVAÇÃO DO TESOURO ESTADUAL,TESOURO RESPONSÁVEL E TRANSPARENTE
2027,1190,SECRETARIA DE ESTADO DE FAZENDA - SEF,3,,1191,SECRETARIA DE ESTADO DE FAZENDA - SEF,3,3,90,14,10,1,,4,122,38,2,19,2019,1,,,14100.00,0,GERENCIAMENTO E SUPORTE ÀS ATIVIDADES LIGADAS À CONTADORIA GERAL DO ESTADO DE MINAS GERAIS,TESOURO RESPONSÁVEL E TRANSPARENTE
2027,1190,SECRETARIA DE ESTADO DE FAZENDA - SEF,3,,1191,SECRETARIA DE ESTADO DE FAZENDA - SEF,3,3,90,33,10,1,,4,122,38,2,19,2019,1,,,78000.00,0,GERENCIAMENTO E SUPORTE ÀS ATIVIDADES LIGADAS À CONTADORIA GERAL DO ESTADO DE MINAS GERAIS,TESOURO RESPONSÁVEL E TRANSPARENTE
2027,1190,SECRETARIA DE ESTADO DE FAZENDA - SEF,3,,1191,SECRETARIA DE ESTADO DE FAZENDA - SEF,3,3,90,39,10,1,,4,122,38,2,19,2019,1,,,3000.00,0,GERENCIAMENTO E SUPORTE ÀS ATIVIDADES LIGADAS À CONTADORIA GERAL DO ESTADO DE MINAS GERAIS,TESOURO RESPONSÁVEL E TRANSPARENTE
2027,1190,SECRETARIA DE ESTADO DE FAZENDA - SEF,3,,1191,SECRETARIA DE ESTADO DE FAZENDA - SEF,3,3,90,14,10,1,,4,122,38,2,32,2032,1,,,9240.00,0,"GERENCIAMENTO E SUPORTE ÀS ATIVIDADES LIGADAS À GOVERNANÇA DE ATIVOS, RISCOS FISCAIS E DA DÍVIDA PÚBLICA DO ESTADO DE MINAS GERAIS",TESOURO RESPONSÁVEL E TRANSPARENTE
2027,1190,SECRETARIA DE ESTADO DE FAZENDA - SEF,3,,1191,SECRETARIA DE ESTADO DE FAZENDA - SEF,3,3,90,33,10,1,,4,122,38,2,32,2032,1,,,34092.00,0,"GERENCIAMENTO E SUPORTE ÀS ATIVIDADES LIGADAS À GOVERNANÇA DE ATIVOS, RISCOS FISCAIS E DA DÍVIDA PÚBLICA DO ESTADO DE MINAS GERAIS",TESOURO RESPONSÁVEL E TRANSPARENTE
2027,1190,SECRETARIA DE ESTADO DE FAZENDA - SEF,3,,1191,SECRETARIA DE ESTADO DE FAZENDA - SEF,3,1,90,11,15,1,,4,122,705,2,417,2417,1,,,865919897.00,0,REMUNERAÇÃO DE PESSOAL ATIVO E ENCARGOS SOCIAIS,APOIO ÀS POLÍTICAS PÚBLICAS
2027,1190,SECRETARIA DE ESTADO DE FAZENDA - SEF,3,,1191,SECRETARIA DE ESTADO DE FAZENDA - SEF,3,1,90,13,15,1,,4,122,705,2,417,2417,1,,,316190400.00,0,REMUNERAÇÃO DE PESSOAL ATIVO E ENCARGOS SOCIAIS,APOIO ÀS POLÍTICAS PÚBLICAS
2027,1190,SECRETARIA DE ESTADO DE FAZENDA - SEF,3,,1191,SECRETARIA DE ESTADO DE FAZENDA - SEF,3,1,90,16,15,1,,4,122,705,2,417,2417,1,,,2399937.00,0,REMUNERAÇÃO DE PESSOAL ATIVO E ENCARGOS SOCIAIS,APOIO ÀS POLÍTICAS PÚBLICAS
2027,1190,SECRETARIA DE ESTADO DE FAZENDA - SEF,3,,1191,SECRETARIA DE ESTADO DE FAZENDA - SEF,3,1,90,7,15,1,,4,122,705,2,417,2417,1,,,5431990.00,0,REMUNERAÇÃO DE PESSOAL ATIVO E ENCARGOS SOCIAIS,APOIO ÀS POLÍTICAS PÚBLICAS
2027,1190,SECRETARIA DE ESTADO DE FAZENDA - SEF,3,,1191,SECRETARIA DE ESTADO DE FAZENDA - SEF,3,1,90,92,15,1,,4,122,705,2,417,2417,1,,,4901543.00,0,REMUNERAÇÃO DE PESSOAL ATIVO E ENCARGOS SOCIAIS,APOIO ÀS POLÍTICAS PÚBLICAS
2027,1190,SECRETARIA DE ESTADO DE FAZENDA - SEF,3,,1191,SECRETARIA DE ESTADO DE FAZENDA - SEF,3,1,90,96,15,1,,4,122,705,2,417,2417,1,,,2437113.00,0,REMUNERAÇÃO DE PESSOAL ATIVO E ENCARGOS SOCIAIS,APOIO ÀS POLÍTICAS PÚBLICAS
2027,1190,SECRETARIA DE ESTADO DE FAZENDA - SEF,3,,1191,SECRETARIA DE ESTADO DE FAZENDA - SEF,3,1,91,13,15,1,,4,122,705,2,417,2417,1,,,431867145.00,0,REMUNERAÇÃO DE PESSOAL ATIVO E ENCARGOS SOCIAIS,APOIO ÀS POLÍTICAS PÚBLICAS
2027,1190,SECRETARIA DE ESTADO DE FAZENDA - SEF,3,,1191,SECRETARIA DE ESTADO DE FAZENDA - SEF,3,3,90,19,10,7,,4,122,705,2,417,2417,1,,,227.00,0,REMUNERAÇÃO DE PESSOAL ATIVO E ENCARGOS SOCIAIS,APOIO ÀS POLÍTICAS PÚBLICAS
2027,1190,SECRETARIA DE ESTADO DE FAZENDA - SEF,3,,1191,SECRETARIA DE ESTADO DE FAZENDA - SEF,3,3,90,36,10,1,,4,122,705,2,417,2417,1,,,198708.00,0,REMUNERAÇÃO DE PESSOAL ATIVO E ENCARGOS SOCIAIS,APOIO ÀS POLÍTICAS PÚBLICAS
2027,1190,SECRETARIA DE ESTADO DE FAZENDA - SEF,3,,1191,SECRETARIA DE ESTADO DE FAZENDA - SEF,3,3,90,46,10,7,,4,122,705,2,417,2417,1,,,81448498.00,0,REMUNERAÇÃO DE PESSOAL ATIVO E ENCARGOS SOCIAIS,APOIO ÀS POLÍTICAS PÚBLICAS
2027,1190,SECRETARIA DE ESTADO DE FAZENDA - SEF,3,,1191,SECRETARIA DE ESTADO DE FAZENDA - SEF,3,3,90,49,10,7,,4,122,705,2,417,2417,1,,,985999.00,0,REMUNERAÇÃO DE PESSOAL ATIVO E ENCARGOS SOCIAIS,APOIO ÀS POLÍTICAS PÚBLICAS
2027,1190,SECRETARIA DE ESTADO DE FAZENDA - SEF,3,,1191,SECRETARIA DE ESTADO DE FAZENDA - SEF,3,3,90,14,10,1,,4,122,705,2,500,2500,1,,,1032602.00,0,ASSESSORAMENTO E GERENCIAMENTO DE POLÍTICAS PÚBLICAS,APOIO ÀS POLÍTICAS PÚBLICAS
2027,1190,SECRETARIA DE ESTADO DE FAZENDA - SEF,3,,1191,SECRETARIA DE ESTADO DE FAZENDA - SEF,3,3,90,14,29,1,,4,122,705,2,500,2500,1,,,19958.00,0,ASSESSORAMENTO E GERENCIAMENTO DE POLÍTICAS PÚBLICAS,APOIO ÀS POLÍTICAS PÚBLICAS
2027,1190,SECRETARIA DE ESTADO DE FAZENDA - SEF,3,,1191,SECRETARIA DE ESTADO DE FAZENDA - SEF,3,3,90,30,10,1,,4,122,705,2,500,2500,1,,,1673250.00,0,ASSESSORAMENTO E GERENCIAMENTO DE POLÍTICAS PÚBLICAS,APOIO ÀS POLÍTICAS PÚBLICAS
2027,1190,SECRETARIA DE ESTADO DE FAZENDA - SEF,3,,1191,SECRETARIA DE ESTADO DE FAZENDA - SEF,3,3,90,33,10,1,,4,122,705,2,500,2500,1,,,1191020.00,0,ASSESSORAMENTO E GERENCIAMENTO DE POLÍTICAS PÚBLICAS,APOIO ÀS POLÍTICAS PÚBLICAS
2027,1190,SECRETARIA DE ESTADO DE FAZENDA - SEF,3,,1191,SECRETARIA DE ESTADO DE FAZENDA - SEF,3,3,90,33,9,1,,4,122,705,2,500,2500,1,,,1000.00,0,ASSESSORAMENTO E GERENCIAMENTO DE POLÍTICAS PÚBLICAS,APOIO ÀS POLÍTICAS PÚBLICAS
2027,1190,SECRETARIA DE ESTADO DE FAZENDA - SEF,3,,1191,SECRETARIA DE ESTADO DE FAZENDA - SEF,3,3,90,36,10,1,,4,122,705,2,500,2500,1,,,2400.00,0,ASSESSORAMENTO E GERENCIAMENTO DE POLÍTICAS PÚBLICAS,APOIO ÀS POLÍTICAS PÚBLICAS
2027,1190,SECRETARIA DE ESTADO DE FAZENDA - SEF,3,,1191,SECRETARIA DE ESTADO DE FAZENDA - SEF,3,3,90,37,10,1,,4,122,705,2,500,2500,1,,,3811504.00,0,ASSESSORAMENTO E GERENCIAMENTO DE POLÍTICAS PÚBLICAS,APOIO ÀS POLÍTICAS PÚBLICAS
2027,1190,SECRETARIA DE ESTADO DE FAZENDA - SEF,3,,1191,SECRETARIA DE ESTADO DE FAZENDA - SEF,3,3,90,37,29,1,,4,122,705,2,500,2500,1,,,667872.00,0,ASSESSORAMENTO E GERENCIAMENTO DE POLÍTICAS PÚBLICAS,APOIO ÀS POLÍTICAS PÚBLICAS
2027,1190,SECRETARIA DE ESTADO DE FAZENDA - SEF,3,,1191,SECRETARIA DE ESTADO DE FAZENDA - SEF,3,3,90,39,10,1,,4,122,705,2,500,2500,1,,,3549507.00,0,ASSESSORAMENTO E GERENCIAMENTO DE POLÍTICAS PÚBLICAS,APOIO ÀS POLÍTICAS PÚBLICAS
2027,1190,SECRETARIA DE ESTADO DE FAZENDA - SEF,3,,1191,SECRETARIA DE ESTADO DE FAZENDA - SEF,3,3,90,39,9,1,,4,122,705,2,500,2500,1,,,1000.00,0,ASSESSORAMENTO E GERENCIAMENTO DE POLÍTICAS PÚBLICAS,APOIO ÀS POLÍTICAS PÚBLICAS
2027,1190,SECRETARIA DE ESTADO DE FAZENDA - SEF,3,,1191,SECRETARIA DE ESTADO DE FAZENDA - SEF,3,3,90,40,10,1,,4,122,705,2,500,2500,1,,,82012.00,0,ASSESSORAMENTO E GERENCIAMENTO DE POLÍTICAS PÚBLICAS,APOIO ÀS POLÍTICAS PÚBLICAS
2027,1190,SECRETARIA DE ESTADO DE FAZENDA - SEF,3,,1191,SECRETARIA DE ESTADO DE FAZENDA - SEF,3,3,90,47,10,1,,4,122,705,2,500,2500,1,,,1294.00,0,ASSESSORAMENTO E GERENCIAMENTO DE POLÍTICAS PÚBLICAS,APOIO ÀS POLÍTICAS PÚBLICAS
2027,1190,SECRETARIA DE ESTADO DE FAZENDA - SEF,3,,1191,SECRETARIA DE ESTADO DE FAZENDA - SEF,3,3,90,93,29,1,,4,122,705,2,500,2500,1,,,352286.00,0,ASSESSORAMENTO E GERENCIAMENTO DE POLÍTICAS PÚBLICAS,APOIO ÀS POLÍTICAS PÚBLICAS
2027,1190,SECRETARIA DE ESTADO DE FAZENDA - SEF,3,,1191,SECRETARIA DE ESTADO DE FAZENDA - SEF,4,4,90,39,10,1,,4,122,705,2,500,2500,1,,,10000.00,0,ASSESSORAMENTO E GERENCIAMENTO DE POLÍTICAS PÚBLICAS,APOIO ÀS POLÍTICAS PÚBLICAS
2027,1190,SECRETARIA DE ESTADO DE FAZENDA - SEF,3,,1191,SECRETARIA DE ESTADO DE FAZENDA - SEF,3,3,90,14,10,1,,4,123,38,4,95,4095,1,,,24640.00,0,CONTROLE E OPERAÇÕES FINANCEIRAS DOS RECURSOS ESTADUAIS.,TESOURO RESPONSÁVEL E TRANSPARENTE
2027,1190,SECRETARIA DE ESTADO DE FAZENDA - SEF,3,,1191,SECRETARIA DE ESTADO DE FAZENDA - SEF,3,3,90,33,10,1,,4,123,38,4,95,4095,1,,,43200.00,0,CONTROLE E OPERAÇÕES FINANCEIRAS DOS RECURSOS ESTADUAIS.,TESOURO RESPONSÁVEL E TRANSPARENTE
2027,1190,SECRETARIA DE ESTADO DE FAZENDA - SEF,3,,1191,SECRETARIA DE ESTADO DE FAZENDA - SEF,3,3,90,37,10,1,,4,123,38,4,95,4095,1,,,1094160.00,0,CONTROLE E OPERAÇÕES FINANCEIRAS DOS RECURSOS ESTADUAIS.,TESOURO RESPONSÁVEL E TRANSPARENTE
2027,1190,SECRETARIA DE ESTADO DE FAZENDA - SEF,3,,1191,SECRETARIA DE ESTADO DE FAZENDA - SEF,3,3,90,39,10,1,,4,123,38,4,95,4095,1,,,28500000.00,0,CONTROLE E OPERAÇÕES FINANCEIRAS DOS RECURSOS ESTADUAIS.,TESOURO RESPONSÁVEL E TRANSPARENTE
2027,1190,SECRETARIA DE ESTADO DE FAZENDA - SEF,3,,1191,SECRETARIA DE ESTADO DE FAZENDA - SEF,3,3,90,39,27,1,,4,123,38,4,95,4095,1,,,19800000.00,0,CONTROLE E OPERAÇÕES FINANCEIRAS DOS RECURSOS ESTADUAIS.,TESOURO RESPONSÁVEL E TRANSPARENTE
2027,1190,SECRETARIA DE ESTADO DE FAZENDA - SEF,3,,1191,SECRETARIA DE ESTADO DE FAZENDA - SEF,3,3,90,39,83,2,,4,123,38,4,95,4095,1,,,1008000.00,0,CONTROLE E OPERAÇÕES FINANCEIRAS DOS RECURSOS ESTADUAIS.,TESOURO RESPONSÁVEL E TRANSPARENTE
2027,1190,SECRETARIA DE ESTADO DE FAZENDA - SEF,3,,1191,SECRETARIA DE ESTADO DE FAZENDA - SEF,3,3,90,14,10,1,,4,123,38,4,96,4096,1,,,24640.00,0,GESTÃO ESTRATÉGICA E PLANEJAMENTO FINANCEIRO,TESOURO RESPONSÁVEL E TRANSPARENTE
2027,1190,SECRETARIA DE ESTADO DE FAZENDA - SEF,3,,1191,SECRETARIA DE ESTADO DE FAZENDA - SEF,3,3,90,33,10,1,,4,123,38,4,96,4096,1,,,43200.00,0,GESTÃO ESTRATÉGICA E PLANEJAMENTO FINANCEIRO,TESOURO RESPONSÁVEL E TRANSPARENTE
2027,1190,SECRETARIA DE ESTADO DE FAZENDA - SEF,3,,1191,SECRETARIA DE ESTADO DE FAZENDA - SEF,3,3,90,14,10,1,,4,123,38,4,97,4097,1,,,3080.00,0,CONTADORIA TRANSPARENTE,TESOURO RESPONSÁVEL E TRANSPARENTE
2027,1190,SECRETARIA DE ESTADO DE FAZENDA - SEF,3,,1191,SECRETARIA DE ESTADO DE FAZENDA - SEF,3,3,90,33,10,1,,4,123,38,4,97,4097,1,,,10000.00,0,CONTADORIA TRANSPARENTE,TESOURO RESPONSÁVEL E TRANSPARENTE
2027,1190,SECRETARIA DE ESTADO DE FAZENDA - SEF,3,,1191,SECRETARIA DE ESTADO DE FAZENDA - SEF,3,3,90,37,10,1,,4,123,38,4,98,4098,1,,,3456000.00,0,CONTADORIA LEGAL,TESOURO RESPONSÁVEL E TRANSPARENTE
2027,1190,SECRETARIA DE ESTADO DE FAZENDA - SEF,3,,1191,SECRETARIA DE ESTADO DE FAZENDA - SEF,3,3,90,40,10,1,,4,123,38,4,103,4103,1,,,33572227.00,0,"GOVERNANÇA DO SISTEMA INTEGRADO UTILIZADO PARA A EXECUÇÃO ORÇAMENTÁRIA, FINANCEIRA, PATRIMONIAL E CONTÁBIL",TESOURO RESPONSÁVEL E TRANSPARENTE
2027,1190,SECRETARIA DE ESTADO DE FAZENDA - SEF,3,,1191,SECRETARIA DE ESTADO DE FAZENDA - SEF,4,4,90,40,10,1,,4,123,38,4,103,4103,1,,,11408000.00,0,"GOVERNANÇA DO SISTEMA INTEGRADO UTILIZADO PARA A EXECUÇÃO ORÇAMENTÁRIA, FINANCEIRA, PATRIMONIAL E CONTÁBIL",TESOURO RESPONSÁVEL E TRANSPARENTE
2027,1190,SECRETARIA DE ESTADO DE FAZENDA - SEF,3,,1191,SECRETARIA DE ESTADO DE FAZENDA - SEF,3,3,90,39,10,1,,4,123,38,4,105,4105,1,,,1356828.00,0,GESTÃO DE ATIVOS E HAVERES,TESOURO RESPONSÁVEL E TRANSPARENTE
2027,1190,SECRETARIA DE ESTADO DE FAZENDA - SEF,3,,1191,SECRETARIA DE ESTADO DE FAZENDA - SEF,3,3,90,14,10,1,,4,123,38,4,106,4106,1,,,9240.00,0,ENDIVIDAMENTO SUSTENTÁVEL,TESOURO RESPONSÁVEL E TRANSPARENTE
2027,1190,SECRETARIA DE ESTADO DE FAZENDA - SEF,3,,1191,SECRETARIA DE ESTADO DE FAZENDA - SEF,3,3,90,33,10,1,,4,123,38,4,106,4106,1,,,34092.00,0,ENDIVIDAMENTO SUSTENTÁVEL,TESOURO RESPONSÁVEL E TRANSPARENTE
2027,1190,SECRETARIA DE ESTADO DE FAZENDA - SEF,3,,1191,SECRETARIA DE ESTADO DE FAZENDA - SEF,3,3,90,14,10,1,,4,123,38,4,107,4107,1,,,9240.00,0,GERENCIAMENTO DE RISCOS FISCAIS,TESOURO RESPONSÁVEL E TRANSPARENTE
2027,1190,SECRETARIA DE ESTADO DE FAZENDA - SEF,3,,1191,SECRETARIA DE ESTADO DE FAZENDA - SEF,3,3,90,33,10,1,,4,123,38,4,107,4107,1,,,34092.00,0,GERENCIAMENTO DE RISCOS FISCAIS,TESOURO RESPONSÁVEL E TRANSPARENTE
2027,1190,SECRETARIA DE ESTADO DE FAZENDA - SEF,3,,1191,SECRETARIA DE ESTADO DE FAZENDA - SEF,3,3,90,40,10,1,,4,126,33,1,2,1002,1,,,1458849.00,0,DIVISA TRIBUTÁRIA SEGURA,GESTÃO DA INFORMAÇÃO COM USO DE TECNOLOGIA E COMUNICAÇÃO
2027,1190,SECRETARIA DE ESTADO DE FAZENDA - SEF,3,,1191,SECRETARIA DE ESTADO DE FAZENDA - SEF,3,3,90,40,10,1,,4,126,33,2,4,2004,1,,,12387169.00,0,MODERNIZAÇÃO DE SISTEMAS FAZENDÁRIOS LEGADOS,GESTÃO DA INFORMAÇÃO COM USO DE TECNOLOGIA E COMUNICAÇÃO
2027,1190,SECRETARIA DE ESTADO DE FAZENDA - SEF,3,,1191,SECRETARIA DE ESTADO DE FAZENDA - SEF,3,3,90,40,9,1,,4,126,33,2,5,2005,1,,,1000.00,0,TRANSFORMAÇÃO DIGITAL DA SEF/MG,GESTÃO DA INFORMAÇÃO COM USO DE TECNOLOGIA E COMUNICAÇÃO
2027,1190,SECRETARIA DE ESTADO DE FAZENDA - SEF,3,,1191,SECRETARIA DE ESTADO DE FAZENDA - SEF,4,4,90,40,74,1,,4,126,33,2,5,2005,1,,,15000000.00,0,TRANSFORMAÇÃO DIGITAL DA SEF/MG,GESTÃO DA INFORMAÇÃO COM USO DE TECNOLOGIA E COMUNICAÇÃO
2027,1190,SECRETARIA DE ESTADO DE FAZENDA - SEF,3,,1191,SECRETARIA DE ESTADO DE FAZENDA - SEF,4,4,90,52,9,1,,4,126,33,2,5,2005,1,,,1000.00,0,TRANSFORMAÇÃO DIGITAL DA SEF/MG,GESTÃO DA INFORMAÇÃO COM USO DE TECNOLOGIA E COMUNICAÇÃO
2027,1190,SECRETARIA DE ESTADO DE FAZENDA - SEF,3,,1191,SECRETARIA DE ESTADO DE FAZENDA - SEF,3,3,90,33,10,1,,4,126,33,2,6,2006,1,,,55571.00,0,"PROPOSIÇÃO, AMPLIAÇÃO E SUSTENTAÇÃO DE SOLUÇÕES E ATENDIMENTO AOS USUÁRIOS DE TIC",GESTÃO DA INFORMAÇÃO COM USO DE TECNOLOGIA E COMUNICAÇÃO
2027,1190,SECRETARIA DE ESTADO DE FAZENDA - SEF,3,,1191,SECRETARIA DE ESTADO DE FAZENDA - SEF,3,3,90,39,10,1,,4,126,33,2,6,2006,1,,,1133602.00,0,"PROPOSIÇÃO, AMPLIAÇÃO E SUSTENTAÇÃO DE SOLUÇÕES E ATENDIMENTO AOS USUÁRIOS DE TIC",GESTÃO DA INFORMAÇÃO COM USO DE TECNOLOGIA E COMUNICAÇÃO
2027,1190,SECRETARIA DE ESTADO DE FAZENDA - SEF,3,,1191,SECRETARIA DE ESTADO DE FAZENDA - SEF,3,3,90,40,10,1,,4,126,33,2,6,2006,1,,,112321105.00,0,"PROPOSIÇÃO, AMPLIAÇÃO E SUSTENTAÇÃO DE SOLUÇÕES E ATENDIMENTO AOS USUÁRIOS DE TIC",GESTÃO DA INFORMAÇÃO COM USO DE TECNOLOGIA E COMUNICAÇÃO
2027,1190,SECRETARIA DE ESTADO DE FAZENDA - SEF,3,,1191,SECRETARIA DE ESTADO DE FAZENDA - SEF,3,3,90,40,29,1,,4,126,33,2,6,2006,1,,,12935408.00,0,"PROPOSIÇÃO, AMPLIAÇÃO E SUSTENTAÇÃO DE SOLUÇÕES E ATENDIMENTO AOS USUÁRIOS DE TIC",GESTÃO DA INFORMAÇÃO COM USO DE TECNOLOGIA E COMUNICAÇÃO
2027,1190,SECRETARIA DE ESTADO DE FAZENDA - SEF,3,,1191,SECRETARIA DE ESTADO DE FAZENDA - SEF,3,3,90,93,10,1,,4,126,33,2,6,2006,1,,,976.00,0,"PROPOSIÇÃO, AMPLIAÇÃO E SUSTENTAÇÃO DE SOLUÇÕES E ATENDIMENTO AOS USUÁRIOS DE TIC",GESTÃO DA INFORMAÇÃO COM USO DE TECNOLOGIA E COMUNICAÇÃO
2027,1190,SECRETARIA DE ESTADO DE FAZENDA - SEF,3,,1191,SECRETARIA DE ESTADO DE FAZENDA - SEF,4,4,90,40,10,1,,4,126,33,2,6,2006,1,,,1650.00,0,"PROPOSIÇÃO, AMPLIAÇÃO E SUSTENTAÇÃO DE SOLUÇÕES E ATENDIMENTO AOS USUÁRIOS DE TIC",GESTÃO DA INFORMAÇÃO COM USO DE TECNOLOGIA E COMUNICAÇÃO
2027,1190,SECRETARIA DE ESTADO DE FAZENDA - SEF,3,,1191,SECRETARIA DE ESTADO DE FAZENDA - SEF,4,4,90,52,10,1,,4,126,33,2,6,2006,1,,,339000.00,0,"PROPOSIÇÃO, AMPLIAÇÃO E SUSTENTAÇÃO DE SOLUÇÕES E ATENDIMENTO AOS USUÁRIOS DE TIC",GESTÃO DA INFORMAÇÃO COM USO DE TECNOLOGIA E COMUNICAÇÃO
2027,1190,SECRETARIA DE ESTADO DE FAZENDA - SEF,3,,1191,SECRETARIA DE ESTADO DE FAZENDA - SEF,3,3,90,30,10,1,,4,126,33,2,7,2007,1,,,500000.00,0,SUSTENTAÇÃO DO DATA CENTER,GESTÃO DA INFORMAÇÃO COM USO DE TECNOLOGIA E COMUNICAÇÃO
2027,1190,SECRETARIA DE ESTADO DE FAZENDA - SEF,3,,1191,SECRETARIA DE ESTADO DE FAZENDA - SEF,3,3,90,37,10,1,,4,126,33,2,7,2007,1,,,456074.00,0,SUSTENTAÇÃO DO DATA CENTER,GESTÃO DA INFORMAÇÃO COM USO DE TECNOLOGIA E COMUNICAÇÃO
2027,1190,SECRETARIA DE ESTADO DE FAZENDA - SEF,3,,1191,SECRETARIA DE ESTADO DE FAZENDA - SEF,3,3,90,39,10,1,,4,126,33,2,7,2007,1,,,15151427.00,0,SUSTENTAÇÃO DO DATA CENTER,GESTÃO DA INFORMAÇÃO COM USO DE TECNOLOGIA E COMUNICAÇÃO
2027,1190,SECRETARIA DE ESTADO DE FAZENDA - SEF,3,,1191,SECRETARIA DE ESTADO DE FAZENDA - SEF,3,3,90,39,29,1,,4,126,33,2,7,2007,1,,,8215609.00,0,SUSTENTAÇÃO DO DATA CENTER,GESTÃO DA INFORMAÇÃO COM USO DE TECNOLOGIA E COMUNICAÇÃO
2027,1190,SECRETARIA DE ESTADO DE FAZENDA - SEF,3,,1191,SECRETARIA DE ESTADO DE FAZENDA - SEF,3,3,90,40,10,1,,4,126,33,2,7,2007,1,,,44700672.00,0,SUSTENTAÇÃO DO DATA CENTER,GESTÃO DA INFORMAÇÃO COM USO DE TECNOLOGIA E COMUNICAÇÃO
2027,1190,SECRETARIA DE ESTADO DE FAZENDA - SEF,3,,1191,SECRETARIA DE ESTADO DE FAZENDA - SEF,4,4,90,40,10,1,,4,126,33,2,7,2007,1,,,2298016.00,0,SUSTENTAÇÃO DO DATA CENTER,GESTÃO DA INFORMAÇÃO COM USO DE TECNOLOGIA E COMUNICAÇÃO
2027,1190,SECRETARIA DE ESTADO DE FAZENDA - SEF,3,,1191,SECRETARIA DE ESTADO DE FAZENDA - SEF,4,4,90,52,10,1,,4,126,33,2,7,2007,1,,,14523029.00,0,SUSTENTAÇÃO DO DATA CENTER,GESTÃO DA INFORMAÇÃO COM USO DE TECNOLOGIA E COMUNICAÇÃO
2027,1190,SECRETARIA DE ESTADO DE FAZENDA - SEF,3,,1191,SECRETARIA DE ESTADO DE FAZENDA - SEF,4,4,90,39,10,1,,4,129,45,1,15,1015,1,,,1000.00,0,REVITALIZAÇÃO DAS UNIDADES FAZENDÁRIAS,"RECEITA ESTADUAL DIGITAL, EFICIENTE, MODERNIZADA E MAIS JUSTA"
2027,1190,SECRETARIA DE ESTADO DE FAZENDA - SEF,3,,1191,SECRETARIA DE ESTADO DE FAZENDA - SEF,3,3,90,14,10,1,,4,129,45,4,79,4079,1,,,11280.00,0,GESTÃO EFICENTE E TRANSPARÊNCIA DO CONTENCIOSO ADMINISTRATIVO TRIBUTÁRIO,"RECEITA ESTADUAL DIGITAL, EFICIENTE, MODERNIZADA E MAIS JUSTA"
2027,1190,SECRETARIA DE ESTADO DE FAZENDA - SEF,3,,1191,SECRETARIA DE ESTADO DE FAZENDA - SEF,3,3,90,33,10,1,,4,129,45,4,79,4079,1,,,47916.00,0,GESTÃO EFICENTE E TRANSPARÊNCIA DO CONTENCIOSO ADMINISTRATIVO TRIBUTÁRIO,"RECEITA ESTADUAL DIGITAL, EFICIENTE, MODERNIZADA E MAIS JUSTA"
2027,1190,SECRETARIA DE ESTADO DE FAZENDA - SEF,3,,1191,SECRETARIA DE ESTADO DE FAZENDA - SEF,3,3,90,37,10,1,,4,129,45,4,79,4079,1,,,1398240.00,0,GESTÃO EFICENTE E TRANSPARÊNCIA DO CONTENCIOSO ADMINISTRATIVO TRIBUTÁRIO,"RECEITA ESTADUAL DIGITAL, EFICIENTE, MODERNIZADA E MAIS JUSTA"
2027,1190,SECRETARIA DE ESTADO DE FAZENDA - SEF,3,,1191,SECRETARIA DE ESTADO DE FAZENDA - SEF,3,3,90,39,10,1,,4,129,45,4,79,4079,1,,,442942.00,0,GESTÃO EFICENTE E TRANSPARÊNCIA DO CONTENCIOSO ADMINISTRATIVO TRIBUTÁRIO,"RECEITA ESTADUAL DIGITAL, EFICIENTE, MODERNIZADA E MAIS JUSTA"
2027,1190,SECRETARIA DE ESTADO DE FAZENDA - SEF,3,,1191,SECRETARIA DE ESTADO DE FAZENDA - SEF,3,3,90,40,10,1,,4,129,45,4,79,4079,1,,,13068.00,0,GESTÃO EFICENTE E TRANSPARÊNCIA DO CONTENCIOSO ADMINISTRATIVO TRIBUTÁRIO,"RECEITA ESTADUAL DIGITAL, EFICIENTE, MODERNIZADA E MAIS JUSTA"
2027,1190,SECRETARIA DE ESTADO DE FAZENDA - SEF,3,,1191,SECRETARIA DE ESTADO DE FAZENDA - SEF,3,3,90,47,10,1,,4,129,45,4,79,4079,1,,,1650.00,0,GESTÃO EFICENTE E TRANSPARÊNCIA DO CONTENCIOSO ADMINISTRATIVO TRIBUTÁRIO,"RECEITA ESTADUAL DIGITAL, EFICIENTE, MODERNIZADA E MAIS JUSTA"
2027,1190,SECRETARIA DE ESTADO DE FAZENDA - SEF,3,,1191,SECRETARIA DE ESTADO DE FAZENDA - SEF,3,3,90,31,10,1,,4,129,45,4,81,4081,1,,,12000000.00,0,RECEITA ESTADUAL MAIS JUSTA,"RECEITA ESTADUAL DIGITAL, EFICIENTE, MODERNIZADA E MAIS JUSTA"
2027,1190,SECRETARIA DE ESTADO DE FAZENDA - SEF,3,,1191,SECRETARIA DE ESTADO DE FAZENDA - SEF,3,3,90,40,10,1,,4,129,45,4,81,4081,1,,,121200.00,0,RECEITA ESTADUAL MAIS JUSTA,"RECEITA ESTADUAL DIGITAL, EFICIENTE, MODERNIZADA E MAIS JUSTA"
2027,1190,SECRETARIA DE ESTADO DE FAZENDA - SEF,3,,1191,SECRETARIA DE ESTADO DE FAZENDA - SEF,3,3,90,14,10,1,,4,129,45,4,82,4082,1,,,228000.00,0,RECEITA ESTADUAL EFICIENTE,"RECEITA ESTADUAL DIGITAL, EFICIENTE, MODERNIZADA E MAIS JUSTA"
2027,1190,SECRETARIA DE ESTADO DE FAZENDA - SEF,3,,1191,SECRETARIA DE ESTADO DE FAZENDA - SEF,3,3,90,30,10,1,,4,129,45,4,82,4082,1,,,79416.00,0,RECEITA ESTADUAL EFICIENTE,"RECEITA ESTADUAL DIGITAL, EFICIENTE, MODERNIZADA E MAIS JUSTA"
2027,1190,SECRETARIA DE ESTADO DE FAZENDA - SEF,3,,1191,SECRETARIA DE ESTADO DE FAZENDA - SEF,3,3,90,33,10,1,,4,129,45,4,82,4082,1,,,330720.00,0,RECEITA ESTADUAL EFICIENTE,"RECEITA ESTADUAL DIGITAL, EFICIENTE, MODERNIZADA E MAIS JUSTA"
2027,1190,SECRETARIA DE ESTADO DE FAZENDA - SEF,3,,1191,SECRETARIA DE ESTADO DE FAZENDA - SEF,3,3,90,36,10,1,,4,129,45,4,82,4082,1,,,2410080.00,0,RECEITA ESTADUAL EFICIENTE,"RECEITA ESTADUAL DIGITAL, EFICIENTE, MODERNIZADA E MAIS JUSTA"
2027,1190,SECRETARIA DE ESTADO DE FAZENDA - SEF,3,,1191,SECRETARIA DE ESTADO DE FAZENDA - SEF,3,3,90,37,10,1,,4,129,45,4,82,4082,1,,,8950008.00,0,RECEITA ESTADUAL EFICIENTE,"RECEITA ESTADUAL DIGITAL, EFICIENTE, MODERNIZADA E MAIS JUSTA"
2027,1190,SECRETARIA DE ESTADO DE FAZENDA - SEF,3,,1191,SECRETARIA DE ESTADO DE FAZENDA - SEF,3,3,90,37,29,1,,4,129,45,4,82,4082,1,,,5700000.00,0,RECEITA ESTADUAL EFICIENTE,"RECEITA ESTADUAL DIGITAL, EFICIENTE, MODERNIZADA E MAIS JUSTA"
2027,1190,SECRETARIA DE ESTADO DE FAZENDA - SEF,3,,1191,SECRETARIA DE ESTADO DE FAZENDA - SEF,3,3,90,39,10,1,,4,129,45,4,82,4082,1,,,12539175.00,0,RECEITA ESTADUAL EFICIENTE,"RECEITA ESTADUAL DIGITAL, EFICIENTE, MODERNIZADA E MAIS JUSTA"
2027,1190,SECRETARIA DE ESTADO DE FAZENDA - SEF,3,,1191,SECRETARIA DE ESTADO DE FAZENDA - SEF,3,3,90,40,10,1,,4,129,45,4,82,4082,1,,,316008.00,0,RECEITA ESTADUAL EFICIENTE,"RECEITA ESTADUAL DIGITAL, EFICIENTE, MODERNIZADA E MAIS JUSTA"
2027,1190,SECRETARIA DE ESTADO DE FAZENDA - SEF,3,,1191,SECRETARIA DE ESTADO DE FAZENDA - SEF,3,3,90,47,10,1,,4,129,45,4,82,4082,1,,,128700.00,0,RECEITA ESTADUAL EFICIENTE,"RECEITA ESTADUAL DIGITAL, EFICIENTE, MODERNIZADA E MAIS JUSTA"
2027,1190,SECRETARIA DE ESTADO DE FAZENDA - SEF,3,,1191,SECRETARIA DE ESTADO DE FAZENDA - SEF,3,3,90,49,10,1,,4,129,45,4,82,4082,1,,,30096.00,0,RECEITA ESTADUAL EFICIENTE,"RECEITA ESTADUAL DIGITAL, EFICIENTE, MODERNIZADA E MAIS JUSTA"
2027,1190,SECRETARIA DE ESTADO DE FAZENDA - SEF,3,,1191,SECRETARIA DE ESTADO DE FAZENDA - SEF,3,3,90,93,10,1,,4,129,45,4,82,4082,1,,,395000.00,0,RECEITA ESTADUAL EFICIENTE,"RECEITA ESTADUAL DIGITAL, EFICIENTE, MODERNIZADA E MAIS JUSTA"
2027,1190,SECRETARIA DE ESTADO DE FAZENDA - SEF,3,,1191,SECRETARIA DE ESTADO DE FAZENDA - SEF,4,4,90,52,10,1,,4,129,45,4,82,4082,1,,,1000.00,0,RECEITA ESTADUAL EFICIENTE,"RECEITA ESTADUAL DIGITAL, EFICIENTE, MODERNIZADA E MAIS JUSTA"
2027,1190,SECRETARIA DE ESTADO DE FAZENDA - SEF,3,,1191,SECRETARIA DE ESTADO DE FAZENDA - SEF,3,3,90,14,10,1,,4,129,45,4,83,4083,1,,,218500.00,0,RECEITA ESTADUAL DIGITAL,"RECEITA ESTADUAL DIGITAL, EFICIENTE, MODERNIZADA E MAIS JUSTA"
2027,1190,SECRETARIA DE ESTADO DE FAZENDA - SEF,3,,1191,SECRETARIA DE ESTADO DE FAZENDA - SEF,3,3,90,30,10,1,,4,129,45,4,83,4083,1,,,1000.00,0,RECEITA ESTADUAL DIGITAL,"RECEITA ESTADUAL DIGITAL, EFICIENTE, MODERNIZADA E MAIS JUSTA"
2027,1190,SECRETARIA DE ESTADO DE FAZENDA - SEF,3,,1191,SECRETARIA DE ESTADO DE FAZENDA - SEF,3,3,90,33,10,1,,4,129,45,4,83,4083,1,,,447424.00,0,RECEITA ESTADUAL DIGITAL,"RECEITA ESTADUAL DIGITAL, EFICIENTE, MODERNIZADA E MAIS JUSTA"
2027,1190,SECRETARIA DE ESTADO DE FAZENDA - SEF,3,,1191,SECRETARIA DE ESTADO DE FAZENDA - SEF,3,3,90,35,10,1,,4,129,45,4,83,4083,1,,,220000.00,0,RECEITA ESTADUAL DIGITAL,"RECEITA ESTADUAL DIGITAL, EFICIENTE, MODERNIZADA E MAIS JUSTA"
2027,1190,SECRETARIA DE ESTADO DE FAZENDA - SEF,3,,1191,SECRETARIA DE ESTADO DE FAZENDA - SEF,3,3,90,36,10,1,,4,129,45,4,83,4083,1,,,3000.00,0,RECEITA ESTADUAL DIGITAL,"RECEITA ESTADUAL DIGITAL, EFICIENTE, MODERNIZADA E MAIS JUSTA"
2027,1190,SECRETARIA DE ESTADO DE FAZENDA - SEF,3,,1191,SECRETARIA DE ESTADO DE FAZENDA - SEF,3,3,90,37,10,1,,4,129,45,4,83,4083,1,,,2016.00,0,RECEITA ESTADUAL DIGITAL,"RECEITA ESTADUAL DIGITAL, EFICIENTE, MODERNIZADA E MAIS JUSTA"
2027,1190,SECRETARIA DE ESTADO DE FAZENDA - SEF,3,,1191,SECRETARIA DE ESTADO DE FAZENDA - SEF,3,3,90,37,29,1,,4,129,45,4,83,4083,1,,,300000.00,0,RECEITA ESTADUAL DIGITAL,"RECEITA ESTADUAL DIGITAL, EFICIENTE, MODERNIZADA E MAIS JUSTA"
2027,1190,SECRETARIA DE ESTADO DE FAZENDA - SEF,3,,1191,SECRETARIA DE ESTADO DE FAZENDA - SEF,3,3,90,39,10,1,,4,129,45,4,83,4083,1,,,5617018.00,0,RECEITA ESTADUAL DIGITAL,"RECEITA ESTADUAL DIGITAL, EFICIENTE, MODERNIZADA E MAIS JUSTA"
2027,1190,SECRETARIA DE ESTADO DE FAZENDA - SEF,3,,1191,SECRETARIA DE ESTADO DE FAZENDA - SEF,3,3,90,40,10,1,,4,129,45,4,83,4083,1,,,585416.00,0,RECEITA ESTADUAL DIGITAL,"RECEITA ESTADUAL DIGITAL, EFICIENTE, MODERNIZADA E MAIS JUSTA"
2027,1190,SECRETARIA DE ESTADO DE FAZENDA - SEF,3,,1191,SECRETARIA DE ESTADO DE FAZENDA - SEF,3,3,90,47,10,1,,4,129,45,4,83,4083,1,,,19000.00,0,RECEITA ESTADUAL DIGITAL,"RECEITA ESTADUAL DIGITAL, EFICIENTE, MODERNIZADA E MAIS JUSTA"
2027,1190,SECRETARIA DE ESTADO DE FAZENDA - SEF,3,,1191,SECRETARIA DE ESTADO DE FAZENDA - SEF,3,3,90,93,10,1,,4,129,45,4,83,4083,1,,,135004.00,0,RECEITA ESTADUAL DIGITAL,"RECEITA ESTADUAL DIGITAL, EFICIENTE, MODERNIZADA E MAIS JUSTA"
2027,1190,SECRETARIA DE ESTADO DE FAZENDA - SEF,3,,1191,SECRETARIA DE ESTADO DE FAZENDA - SEF,4,4,90,52,74,1,,4,129,45,4,85,4085,1,,,2902000.00,0,RECEITA ESTADUAL MODERNIZADA,"RECEITA ESTADUAL DIGITAL, EFICIENTE, MODERNIZADA E MAIS JUSTA"
2027,1190,SECRETARIA DE ESTADO DE FAZENDA - MG INVESTE,3,,4621,FUNDO DE INVESTIMENTO DO ESTADO DE MINAS GERAIS - MG INVESTE,3,3,90,45,60,1,,22,661,20,4,408,4408,1,,,13237000.00,0,EQUALIZAÇÃO DE TAXAS DE JUROS NO FUNDO MG INVESTE,FOMENTO E INCENTIVO DE INVESTIMENTOS
2027,1190,SECRETARIA DE ESTADO DE FAZENDA - MG INVESTE,3,,4621,FUNDO DE INVESTIMENTO DO ESTADO DE MINAS GERAIS - MG INVESTE,4,5,90,66,60,1,,22,661,20,4,444,4444,1,,,1000.00,0,MG INVESTE,FOMENTO E INCENTIVO DE INVESTIMENTOS
2027,1220,SECRETARIA DE ESTADO DE DESENVOLVIMENTO ECONÔMICO - SEDE,3,,1221,SECRETARIA DE ESTADO DE DESENVOLVIMENTO ECONÔMICO - SEDE,4,4,90,93,24,1,,17,511,56,1,100,1100,1,,,3006521.00,0,PROMOÇÃO DO DESENVOLVIMENTO SOCIOECONÔMICO E ACESSO À INFRAESTRUTURA DO NORTE E NORDESTE DE MINAS GERAIS,DESENVOLVIMENTO DA INFRAESTRUTURA DO NORTE E NORDESTE DE MINAS GERAIS
2027,1220,SECRETARIA DE ESTADO DE DESENVOLVIMENTO ECONÔMICO - SEDE,3,,1221,SECRETARIA DE ESTADO DE DESENVOLVIMENTO ECONÔMICO - SEDE,3,3,90,35,24,1,,17,544,40,1,49,1049,1,,,1543866.00,1,SEGURANÇA HÍDRICA NA RMBH,RECUPERAÇÃO AMBIENTAL E GESTÃO DE BARRAGENS
2027,1220,SECRETARIA DE ESTADO DE DESENVOLVIMENTO ECONÔMICO - SEDE,3,,1221,SECRETARIA DE ESTADO DE DESENVOLVIMENTO ECONÔMICO - SEDE,3,3,90,39,95,1,,17,544,40,1,49,1049,1,,,1000.00,1,SEGURANÇA HÍDRICA NA RMBH,RECUPERAÇÃO AMBIENTAL E GESTÃO DE BARRAGENS
2027,1220,SECRETARIA DE ESTADO DE DESENVOLVIMENTO ECONÔMICO - SEDE,3,,1221,SECRETARIA DE ESTADO DE DESENVOLVIMENTO ECONÔMICO - SEDE,3,3,90,14,10,1,,19,571,143,4,472,4472,1,,,152641.00,0,APOIO À GESTÃO DE PROJETOS DE PESQUISA E TECNOLOGIA,"MG TECH - POLÍTICAS DE CIÊNCIA, TECNOLOGIA E INOVAÇÃO"
2027,1220,SECRETARIA DE ESTADO DE DESENVOLVIMENTO ECONÔMICO - SEDE,3,,1221,SECRETARIA DE ESTADO DE DESENVOLVIMENTO ECONÔMICO - SEDE,3,3,90,33,10,1,,19,571,143,4,472,4472,1,,,34825.00,0,APOIO À GESTÃO DE PROJETOS DE PESQUISA E TECNOLOGIA,"MG TECH - POLÍTICAS DE CIÊNCIA, TECNOLOGIA E INOVAÇÃO"
2027,1220,SECRETARIA DE ESTADO DE DESENVOLVIMENTO ECONÔMICO - SEDE,3,,1221,SECRETARIA DE ESTADO DE DESENVOLVIMENTO ECONÔMICO - SEDE,3,3,90,37,10,1,,19,571,143,4,472,4472,1,,,1298471.00,0,APOIO À GESTÃO DE PROJETOS DE PESQUISA E TECNOLOGIA,"MG TECH - POLÍTICAS DE CIÊNCIA, TECNOLOGIA E INOVAÇÃO"
2027,1220,SECRETARIA DE ESTADO DE DESENVOLVIMENTO ECONÔMICO - SEDE,3,,1221,SECRETARIA DE ESTADO DE DESENVOLVIMENTO ECONÔMICO - SEDE,3,3,90,39,10,1,,19,571,143,4,472,4472,1,,,76902.00,0,APOIO À GESTÃO DE PROJETOS DE PESQUISA E TECNOLOGIA,"MG TECH - POLÍTICAS DE CIÊNCIA, TECNOLOGIA E INOVAÇÃO"
2027,1220,SECRETARIA DE ESTADO DE DESENVOLVIMENTO ECONÔMICO - SEDE,3,,1221,SECRETARIA DE ESTADO DE DESENVOLVIMENTO ECONÔMICO - SEDE,3,3,90,14,10,1,,19,573,143,4,449,4449,1,,,119801.00,0,APOIO À GESTÃO DE PROJETOS DE INOVAÇÃO TECNOLÓGICA,"MG TECH - POLÍTICAS DE CIÊNCIA, TECNOLOGIA E INOVAÇÃO"
2027,1220,SECRETARIA DE ESTADO DE DESENVOLVIMENTO ECONÔMICO - SEDE,3,,1221,SECRETARIA DE ESTADO DE DESENVOLVIMENTO ECONÔMICO - SEDE,3,3,90,33,10,1,,19,573,143,4,449,4449,1,,,125534.00,0,APOIO À GESTÃO DE PROJETOS DE INOVAÇÃO TECNOLÓGICA,"MG TECH - POLÍTICAS DE CIÊNCIA, TECNOLOGIA E INOVAÇÃO"
2027,1220,SECRETARIA DE ESTADO DE DESENVOLVIMENTO ECONÔMICO - SEDE,3,,1221,SECRETARIA DE ESTADO DE DESENVOLVIMENTO ECONÔMICO - SEDE,3,3,90,39,10,1,,19,573,143,4,449,4449,1,,,101395.00,0,APOIO À GESTÃO DE PROJETOS DE INOVAÇÃO TECNOLÓGICA,"MG TECH - POLÍTICAS DE CIÊNCIA, TECNOLOGIA E INOVAÇÃO"
2027,1220,SECRETARIA DE ESTADO DE DESENVOLVIMENTO ECONÔMICO - SEDE,3,,1221,SECRETARIA DE ESTADO DE DESENVOLVIMENTO ECONÔMICO - SEDE,3,3,90,14,32,1,,22,661,132,1,72,1072,1,,,62163.00,0,DESENVOLVIMENTO DOS ARRANJOS PRODUTIVOS LOCAIS,MINAS EMPREENDEDORA: ESTADO MAIS SIMPLES E LIVRE PARA SE EMPREENDER
2027,1220,SECRETARIA DE ESTADO DE DESENVOLVIMENTO ECONÔMICO - SEDE,3,,1221,SECRETARIA DE ESTADO DE DESENVOLVIMENTO ECONÔMICO - SEDE,3,3,90,33,32,1,,22,661,132,1,72,1072,1,,,21459.00,0,DESENVOLVIMENTO DOS ARRANJOS PRODUTIVOS LOCAIS,MINAS EMPREENDEDORA: ESTADO MAIS SIMPLES E LIVRE PARA SE EMPREENDER
2027,1220,SECRETARIA DE ESTADO DE DESENVOLVIMENTO ECONÔMICO - SEDE,3,,1221,SECRETARIA DE ESTADO DE DESENVOLVIMENTO ECONÔMICO - SEDE,3,3,90,35,24,1,,22,661,132,1,72,1072,1,,,6324025.00,0,DESENVOLVIMENTO DOS ARRANJOS PRODUTIVOS LOCAIS,MINAS EMPREENDEDORA: ESTADO MAIS SIMPLES E LIVRE PARA SE EMPREENDER
2027,1220,SECRETARIA DE ESTADO DE DESENVOLVIMENTO ECONÔMICO - SEDE,3,,1221,SECRETARIA DE ESTADO DE DESENVOLVIMENTO ECONÔMICO - SEDE,3,3,90,39,32,1,,22,661,132,1,72,1072,1,,,459550.00,0,DESENVOLVIMENTO DOS ARRANJOS PRODUTIVOS LOCAIS,MINAS EMPREENDEDORA: ESTADO MAIS SIMPLES E LIVRE PARA SE EMPREENDER
2027,1220,SECRETARIA DE ESTADO DE DESENVOLVIMENTO ECONÔMICO - SEDE,3,,1221,SECRETARIA DE ESTADO DE DESENVOLVIMENTO ECONÔMICO - SEDE,3,3,90,14,32,1,,22,663,133,1,55,1055,1,,,26918.00,1,VALE DO LÍTIO,MINAS GERAÇÃO DE VALOR
2027,1220,SECRETARIA DE ESTADO DE DESENVOLVIMENTO ECONÔMICO - SEDE,3,,1221,SECRETARIA DE ESTADO DE DESENVOLVIMENTO ECONÔMICO - SEDE,3,3,90,33,32,1,,22,663,133,1,55,1055,1,,,12461.00,1,VALE DO LÍTIO,MINAS GERAÇÃO DE VALOR
2027,1220,SECRETARIA DE ESTADO DE DESENVOLVIMENTO ECONÔMICO - SEDE,3,,1221,SECRETARIA DE ESTADO DE DESENVOLVIMENTO ECONÔMICO - SEDE,3,3,90,39,32,1,,22,663,133,1,55,1055,1,,,16366.00,1,VALE DO LÍTIO,MINAS GERAÇÃO DE VALOR
2027,1220,SECRETARIA DE ESTADO DE DESENVOLVIMENTO ECONÔMICO - SEDE,3,,1221,SECRETARIA DE ESTADO DE DESENVOLVIMENTO ECONÔMICO - SEDE,3,3,90,14,32,1,,22,663,133,1,77,1077,1,,,16151.00,0,GESTÃO DA POLÍTICA MINERÁRIA,MINAS GERAÇÃO DE VALOR
2027,1220,SECRETARIA DE ESTADO DE DESENVOLVIMENTO ECONÔMICO - SEDE,3,,1221,SECRETARIA DE ESTADO DE DESENVOLVIMENTO ECONÔMICO - SEDE,3,3,90,33,32,1,,22,663,133,1,77,1077,1,,,16539.00,0,GESTÃO DA POLÍTICA MINERÁRIA,MINAS GERAÇÃO DE VALOR
2027,1220,SECRETARIA DE ESTADO DE DESENVOLVIMENTO ECONÔMICO - SEDE,3,,1221,SECRETARIA DE ESTADO DE DESENVOLVIMENTO ECONÔMICO - SEDE,3,3,90,35,32,1,,22,663,133,1,77,1077,1,,,600000.00,0,GESTÃO DA POLÍTICA MINERÁRIA,MINAS GERAÇÃO DE VALOR
2027,1220,SECRETARIA DE ESTADO DE DESENVOLVIMENTO ECONÔMICO - SEDE,3,,1221,SECRETARIA DE ESTADO DE DESENVOLVIMENTO ECONÔMICO - SEDE,3,3,90,40,32,1,,22,663,133,1,77,1077,1,,,13500.00,0,GESTÃO DA POLÍTICA MINERÁRIA,MINAS GERAÇÃO DE VALOR
2027,1220,SECRETARIA DE ESTADO DE DESENVOLVIMENTO ECONÔMICO - SEDE,3,,1221,SECRETARIA DE ESTADO DE DESENVOLVIMENTO ECONÔMICO - SEDE,3,1,90,11,10,1,,23,122,705,2,417,2417,1,,,19257385.00,0,REMUNERAÇÃO DE PESSOAL ATIVO E ENCARGOS SOCIAIS,APOIO ÀS POLÍTICAS PÚBLICAS
2027,1220,SECRETARIA DE ESTADO DE DESENVOLVIMENTO ECONÔMICO - SEDE,3,,1221,SECRETARIA DE ESTADO DE DESENVOLVIMENTO ECONÔMICO - SEDE,3,1,90,13,10,1,,23,122,705,2,417,2417,1,,,2152298.00,0,REMUNERAÇÃO DE PESSOAL ATIVO E ENCARGOS SOCIAIS,APOIO ÀS POLÍTICAS PÚBLICAS
2027,1220,SECRETARIA DE ESTADO DE DESENVOLVIMENTO ECONÔMICO - SEDE,3,,1221,SECRETARIA DE ESTADO DE DESENVOLVIMENTO ECONÔMICO - SEDE,3,1,90,4,10,1,,23,122,705,2,417,2417,1,,,113300.00,0,REMUNERAÇÃO DE PESSOAL ATIVO E ENCARGOS SOCIAIS,APOIO ÀS POLÍTICAS PÚBLICAS
2027,1220,SECRETARIA DE ESTADO DE DESENVOLVIMENTO ECONÔMICO - SEDE,3,,1221,SECRETARIA DE ESTADO DE DESENVOLVIMENTO ECONÔMICO - SEDE,3,1,91,13,10,1,,23,122,705,2,417,2417,1,,,3173607.00,0,REMUNERAÇÃO DE PESSOAL ATIVO E ENCARGOS SOCIAIS,APOIO ÀS POLÍTICAS PÚBLICAS
2027,1220,SECRETARIA DE ESTADO DE DESENVOLVIMENTO ECONÔMICO - SEDE,3,,1221,SECRETARIA DE ESTADO DE DESENVOLVIMENTO ECONÔMICO - SEDE,3,3,90,46,10,7,,23,122,705,2,417,2417,1,,,3717804.00,0,REMUNERAÇÃO DE PESSOAL ATIVO E ENCARGOS SOCIAIS,APOIO ÀS POLÍTICAS PÚBLICAS
2027,1220,SECRETARIA DE ESTADO DE DESENVOLVIMENTO ECONÔMICO - SEDE,3,,1221,SECRETARIA DE ESTADO DE DESENVOLVIMENTO ECONÔMICO - SEDE,3,3,90,49,10,7,,23,122,705,2,417,2417,1,,,244274.00,0,REMUNERAÇÃO DE PESSOAL ATIVO E ENCARGOS SOCIAIS,APOIO ÀS POLÍTICAS PÚBLICAS
2027,1220,SECRETARIA DE ESTADO DE DESENVOLVIMENTO ECONÔMICO - SEDE,3,,1221,SECRETARIA DE ESTADO DE DESENVOLVIMENTO ECONÔMICO - SEDE,3,3,90,14,10,1,,23,122,705,2,500,2500,1,,,212781.00,0,ASSESSORAMENTO E GERENCIAMENTO DE POLÍTICAS PÚBLICAS,APOIO ÀS POLÍTICAS PÚBLICAS
2027,1220,SECRETARIA DE ESTADO DE DESENVOLVIMENTO ECONÔMICO - SEDE,3,,1221,SECRETARIA DE ESTADO DE DESENVOLVIMENTO ECONÔMICO - SEDE,3,3,90,30,10,1,,23,122,705,2,500,2500,1,,,170000.00,0,ASSESSORAMENTO E GERENCIAMENTO DE POLÍTICAS PÚBLICAS,APOIO ÀS POLÍTICAS PÚBLICAS
2027,1220,SECRETARIA DE ESTADO DE DESENVOLVIMENTO ECONÔMICO - SEDE,3,,1221,SECRETARIA DE ESTADO DE DESENVOLVIMENTO ECONÔMICO - SEDE,3,3,90,33,10,1,,23,122,705,2,500,2500,1,,,221064.00,0,ASSESSORAMENTO E GERENCIAMENTO DE POLÍTICAS PÚBLICAS,APOIO ÀS POLÍTICAS PÚBLICAS
2027,1220,SECRETARIA DE ESTADO DE DESENVOLVIMENTO ECONÔMICO - SEDE,3,,1221,SECRETARIA DE ESTADO DE DESENVOLVIMENTO ECONÔMICO - SEDE,3,3,90,37,10,1,,23,122,705,2,500,2500,1,,,7228787.00,0,ASSESSORAMENTO E GERENCIAMENTO DE POLÍTICAS PÚBLICAS,APOIO ÀS POLÍTICAS PÚBLICAS
2027,1220,SECRETARIA DE ESTADO DE DESENVOLVIMENTO ECONÔMICO - SEDE,3,,1221,SECRETARIA DE ESTADO DE DESENVOLVIMENTO ECONÔMICO - SEDE,3,3,90,39,10,1,,23,122,705,2,500,2500,1,,,1633092.00,0,ASSESSORAMENTO E GERENCIAMENTO DE POLÍTICAS PÚBLICAS,APOIO ÀS POLÍTICAS PÚBLICAS
2027,1220,SECRETARIA DE ESTADO DE DESENVOLVIMENTO ECONÔMICO - SEDE,3,,1221,SECRETARIA DE ESTADO DE DESENVOLVIMENTO ECONÔMICO - SEDE,3,3,90,40,10,1,,23,122,705,2,500,2500,1,,,1287086.00,0,ASSESSORAMENTO E GERENCIAMENTO DE POLÍTICAS PÚBLICAS,APOIO ÀS POLÍTICAS PÚBLICAS
2027,1220,SECRETARIA DE ESTADO DE DESENVOLVIMENTO ECONÔMICO - SEDE,3,,1221,SECRETARIA DE ESTADO DE DESENVOLVIMENTO ECONÔMICO - SEDE,4,4,90,52,10,1,,23,122,705,2,500,2500,1,,,320000.00,0,ASSESSORAMENTO E GERENCIAMENTO DE POLÍTICAS PÚBLICAS,APOIO ÀS POLÍTICAS PÚBLICAS
2027,1220,SECRETARIA DE ESTADO DE DESENVOLVIMENTO ECONÔMICO - SEDE,3,,1221,SECRETARIA DE ESTADO DE DESENVOLVIMENTO ECONÔMICO - SEDE,3,3,90,39,80,1,,23,334,132,1,57,1057,1,,,250.00,0,CRÉDITO A EMPRESAS DA BACIA DO RIO DOCE,MINAS EMPREENDEDORA: ESTADO MAIS SIMPLES E LIVRE PARA SE EMPREENDER
2027,1220,SECRETARIA DE ESTADO DE DESENVOLVIMENTO ECONÔMICO - SEDE,3,,1221,SECRETARIA DE ESTADO DE DESENVOLVIMENTO ECONÔMICO - SEDE,3,3,90,39,80,1,,23,334,132,1,59,1059,1,,,250.00,0,GARANTIA DE CRÉDITOS A EMPRESAS DA BACIA DO RIO DOCE,MINAS EMPREENDEDORA: ESTADO MAIS SIMPLES E LIVRE PARA SE EMPREENDER
2027,1220,SECRETARIA DE ESTADO DE DESENVOLVIMENTO ECONÔMICO - SEDE,3,,1221,SECRETARIA DE ESTADO DE DESENVOLVIMENTO ECONÔMICO - SEDE,3,3,90,39,80,1,,23,691,132,1,56,1056,1,,,500.00,0,"FOMENTO  AO COOPERATIVISMO, ASSOCIATIVISMO E ÀS MICRO E PEQUENAS EMPRESAS DA BACIA DO RIO DOCE (COOPERA + RIO DOCE)",MINAS EMPREENDEDORA: ESTADO MAIS SIMPLES E LIVRE PARA SE EMPREENDER
2027,1220,SECRETARIA DE ESTADO DE DESENVOLVIMENTO ECONÔMICO - SEDE,3,,1221,SECRETARIA DE ESTADO DE DESENVOLVIMENTO ECONÔMICO - SEDE,3,3,90,14,32,1,,23,691,132,1,73,1073,1,,,62870.00,0,FOMENTO AOS PEQUENOS NEGÓCIOS,MINAS EMPREENDEDORA: ESTADO MAIS SIMPLES E LIVRE PARA SE EMPREENDER
2027,1220,SECRETARIA DE ESTADO DE DESENVOLVIMENTO ECONÔMICO - SEDE,3,,1221,SECRETARIA DE ESTADO DE DESENVOLVIMENTO ECONÔMICO - SEDE,3,3,90,33,32,1,,23,691,132,1,73,1073,1,,,18824.00,0,FOMENTO AOS PEQUENOS NEGÓCIOS,MINAS EMPREENDEDORA: ESTADO MAIS SIMPLES E LIVRE PARA SE EMPREENDER
2027,1220,SECRETARIA DE ESTADO DE DESENVOLVIMENTO ECONÔMICO - SEDE,3,,1221,SECRETARIA DE ESTADO DE DESENVOLVIMENTO ECONÔMICO - SEDE,3,3,90,35,24,1,,23,691,132,1,73,1073,1,,,8971540.00,0,FOMENTO AOS PEQUENOS NEGÓCIOS,MINAS EMPREENDEDORA: ESTADO MAIS SIMPLES E LIVRE PARA SE EMPREENDER
2027,1220,SECRETARIA DE ESTADO DE DESENVOLVIMENTO ECONÔMICO - SEDE,3,,1221,SECRETARIA DE ESTADO DE DESENVOLVIMENTO ECONÔMICO - SEDE,3,3,90,39,32,1,,23,691,132,1,73,1073,1,,,667175.00,0,FOMENTO AOS PEQUENOS NEGÓCIOS,MINAS EMPREENDEDORA: ESTADO MAIS SIMPLES E LIVRE PARA SE EMPREENDER
2027,1220,SECRETARIA DE ESTADO DE DESENVOLVIMENTO ECONÔMICO - SEDE,3,,1221,SECRETARIA DE ESTADO DE DESENVOLVIMENTO ECONÔMICO - SEDE,3,3,90,14,32,1,,23,691,132,4,474,4474,1,,,73412.00,0,ARTESANATO EMPREENDEDOR,MINAS EMPREENDEDORA: ESTADO MAIS SIMPLES E LIVRE PARA SE EMPREENDER
2027,1220,SECRETARIA DE ESTADO DE DESENVOLVIMENTO ECONÔMICO - SEDE,3,,1221,SECRETARIA DE ESTADO DE DESENVOLVIMENTO ECONÔMICO - SEDE,3,3,90,30,32,1,,23,691,132,4,474,4474,1,,,14480.00,0,ARTESANATO EMPREENDEDOR,MINAS EMPREENDEDORA: ESTADO MAIS SIMPLES E LIVRE PARA SE EMPREENDER
2027,1220,SECRETARIA DE ESTADO DE DESENVOLVIMENTO ECONÔMICO - SEDE,3,,1221,SECRETARIA DE ESTADO DE DESENVOLVIMENTO ECONÔMICO - SEDE,3,3,90,33,32,1,,23,691,132,4,474,4474,1,,,60236.00,0,ARTESANATO EMPREENDEDOR,MINAS EMPREENDEDORA: ESTADO MAIS SIMPLES E LIVRE PARA SE EMPREENDER
2027,1220,SECRETARIA DE ESTADO DE DESENVOLVIMENTO ECONÔMICO - SEDE,3,,1221,SECRETARIA DE ESTADO DE DESENVOLVIMENTO ECONÔMICO - SEDE,3,3,90,36,32,1,,23,691,132,4,474,4474,1,,,27895.00,0,ARTESANATO EMPREENDEDOR,MINAS EMPREENDEDORA: ESTADO MAIS SIMPLES E LIVRE PARA SE EMPREENDER
2027,1220,SECRETARIA DE ESTADO DE DESENVOLVIMENTO ECONÔMICO - SEDE,3,,1221,SECRETARIA DE ESTADO DE DESENVOLVIMENTO ECONÔMICO - SEDE,3,3,90,39,32,1,,23,691,132,4,474,4474,1,,,350407.00,0,ARTESANATO EMPREENDEDOR,MINAS EMPREENDEDORA: ESTADO MAIS SIMPLES E LIVRE PARA SE EMPREENDER
2027,1220,SECRETARIA DE ESTADO DE DESENVOLVIMENTO ECONÔMICO - SEDE,3,,1221,SECRETARIA DE ESTADO DE DESENVOLVIMENTO ECONÔMICO - SEDE,3,3,90,39,98,1,,23,691,132,4,474,4474,1,,,330376.00,0,ARTESANATO EMPREENDEDOR,MINAS EMPREENDEDORA: ESTADO MAIS SIMPLES E LIVRE PARA SE EMPREENDER
2027,1220,SECRETARIA DE ESTADO DE DESENVOLVIMENTO ECONÔMICO - SEDE,3,,1221,SECRETARIA DE ESTADO DE DESENVOLVIMENTO ECONÔMICO - SEDE,3,3,90,14,32,1,,23,691,133,1,78,1078,1,,,58730.00,0,LOGÍSTICA E MOBILIDADE DO FUTURO,MINAS GERAÇÃO DE VALOR
2027,1220,SECRETARIA DE ESTADO DE DESENVOLVIMENTO ECONÔMICO - SEDE,3,,1221,SECRETARIA DE ESTADO DE DESENVOLVIMENTO ECONÔMICO - SEDE,3,3,90,33,32,1,,23,691,133,1,78,1078,1,,,15246.00,0,LOGÍSTICA E MOBILIDADE DO FUTURO,MINAS GERAÇÃO DE VALOR
2027,1220,SECRETARIA DE ESTADO DE DESENVOLVIMENTO ECONÔMICO - SEDE,3,,1221,SECRETARIA DE ESTADO DE DESENVOLVIMENTO ECONÔMICO - SEDE,3,3,90,40,32,1,,23,691,133,1,78,1078,1,,,9907.00,0,LOGÍSTICA E MOBILIDADE DO FUTURO,MINAS GERAÇÃO DE VALOR
2027,1220,SECRETARIA DE ESTADO DE DESENVOLVIMENTO ECONÔMICO - SEDE,3,,1221,SECRETARIA DE ESTADO DE DESENVOLVIMENTO ECONÔMICO - SEDE,4,4,90,40,32,1,,23,691,133,1,78,1078,1,,,1500.00,0,LOGÍSTICA E MOBILIDADE DO FUTURO,MINAS GERAÇÃO DE VALOR
2027,1220,SECRETARIA DE ESTADO DE DESENVOLVIMENTO ECONÔMICO - SEDE,3,,1221,SECRETARIA DE ESTADO DE DESENVOLVIMENTO ECONÔMICO - SEDE,3,3,90,14,32,1,,23,691,133,1,91,1091,1,,,80753.00,0,INTEGRAÇÃO DAS CADEIAS PRODUTIVAS,MINAS GERAÇÃO DE VALOR
2027,1220,SECRETARIA DE ESTADO DE DESENVOLVIMENTO ECONÔMICO - SEDE,3,,1221,SECRETARIA DE ESTADO DE DESENVOLVIMENTO ECONÔMICO - SEDE,3,3,90,33,32,1,,23,691,133,1,91,1091,1,,,76122.00,0,INTEGRAÇÃO DAS CADEIAS PRODUTIVAS,MINAS GERAÇÃO DE VALOR
2027,1220,SECRETARIA DE ESTADO DE DESENVOLVIMENTO ECONÔMICO - SEDE,3,,1221,SECRETARIA DE ESTADO DE DESENVOLVIMENTO ECONÔMICO - SEDE,3,3,90,35,24,1,,23,691,133,1,91,1091,1,,,980000.00,0,INTEGRAÇÃO DAS CADEIAS PRODUTIVAS,MINAS GERAÇÃO DE VALOR
2027,1220,SECRETARIA DE ESTADO DE DESENVOLVIMENTO ECONÔMICO - SEDE,3,,1221,SECRETARIA DE ESTADO DE DESENVOLVIMENTO ECONÔMICO - SEDE,3,3,90,39,32,1,,23,691,133,1,91,1091,1,,,16366.00,0,INTEGRAÇÃO DAS CADEIAS PRODUTIVAS,MINAS GERAÇÃO DE VALOR
2027,1220,SECRETARIA DE ESTADO DE DESENVOLVIMENTO ECONÔMICO - SEDE,3,,1221,SECRETARIA DE ESTADO DE DESENVOLVIMENTO ECONÔMICO - SEDE,3,3,90,14,32,1,,23,693,133,1,79,1079,1,,,151672.00,0,PROMOÇÃO DO COMÉRCIO EXTERIOR MINEIRO,MINAS GERAÇÃO DE VALOR
2027,1220,SECRETARIA DE ESTADO DE DESENVOLVIMENTO ECONÔMICO - SEDE,3,,1221,SECRETARIA DE ESTADO DE DESENVOLVIMENTO ECONÔMICO - SEDE,3,3,90,33,32,1,,23,693,133,1,79,1079,1,,,82825.00,0,PROMOÇÃO DO COMÉRCIO EXTERIOR MINEIRO,MINAS GERAÇÃO DE VALOR
2027,1220,SECRETARIA DE ESTADO DE DESENVOLVIMENTO ECONÔMICO - SEDE,3,,1221,SECRETARIA DE ESTADO DE DESENVOLVIMENTO ECONÔMICO - SEDE,3,3,90,39,32,1,,23,693,133,1,79,1079,1,,,59302.00,0,PROMOÇÃO DO COMÉRCIO EXTERIOR MINEIRO,MINAS GERAÇÃO DE VALOR
2027,1220,SECRETARIA DE ESTADO DE DESENVOLVIMENTO ECONÔMICO - SEDE,3,,1221,SECRETARIA DE ESTADO DE DESENVOLVIMENTO ECONÔMICO - SEDE,3,3,90,14,32,1,,25,754,133,1,75,1075,1,,,75558.00,0,FONTES RENOVÁVEIS DE ENERGIA,MINAS GERAÇÃO DE VALOR
2027,1220,SECRETARIA DE ESTADO DE DESENVOLVIMENTO ECONÔMICO - SEDE,3,,1221,SECRETARIA DE ESTADO DE DESENVOLVIMENTO ECONÔMICO - SEDE,3,3,90,33,32,1,,25,754,133,1,75,1075,1,,,60084.00,0,FONTES RENOVÁVEIS DE ENERGIA,MINAS GERAÇÃO DE VALOR
2027,1220,SECRETARIA DE ESTADO DE DESENVOLVIMENTO ECONÔMICO - SEDE,3,,1221,SECRETARIA DE ESTADO DE DESENVOLVIMENTO ECONÔMICO - SEDE,3,3,90,37,10,1,,25,754,133,1,75,1075,1,,,410376.00,0,FONTES RENOVÁVEIS DE ENERGIA,MINAS GERAÇÃO DE VALOR
2027,1220,SECRETARIA DE ESTADO DE DESENVOLVIMENTO ECONÔMICO - SEDE,3,,1221,SECRETARIA DE ESTADO DE DESENVOLVIMENTO ECONÔMICO - SEDE,3,3,90,39,32,1,,25,754,133,1,75,1075,1,,,44427.00,0,FONTES RENOVÁVEIS DE ENERGIA,MINAS GERAÇÃO DE VALOR
2027,1220,SECRETARIA DE ESTADO DE DESENVOLVIMENTO ECONÔMICO - SEDE,3,,1221,SECRETARIA DE ESTADO DE DESENVOLVIMENTO ECONÔMICO - SEDE,4,4,90,39,32,1,,25,754,133,1,75,1075,1,,,6665412.00,0,FONTES RENOVÁVEIS DE ENERGIA,MINAS GERAÇÃO DE VALOR
2027,1220,SECRETARIA DE ESTADO DE DESENVOLVIMENTO ECONÔMICO - SEDE,3,,1221,SECRETARIA DE ESTADO DE DESENVOLVIMENTO ECONÔMICO - SEDE,3,3,90,39,10,1,,4,122,133,1,90,1090,1,,,638.00,0,IMPLEMENTAÇÃO DA POLÍTICA DE DESESTATIZAÇÃO,MINAS GERAÇÃO DE VALOR
2027,1220,SECRETARIA DE ESTADO DE DESENVOLVIMENTO ECONÔMICO - SEDE,3,,1221,SECRETARIA DE ESTADO DE DESENVOLVIMENTO ECONÔMICO - SEDE,3,3,90,14,10,1,,4,123,125,4,482,4482,1,,,93967.00,0,GESTÃO DE ATIVOS IMOBILIÁRIOS ALIENÁVEIS - SEDE,POLÍTICA DE REGULARIZAÇÃO FUNDIÁRIA E DE GESTÃO DE IMÓVEIS
2027,1220,SECRETARIA DE ESTADO DE DESENVOLVIMENTO ECONÔMICO - SEDE,3,,1221,SECRETARIA DE ESTADO DE DESENVOLVIMENTO ECONÔMICO - SEDE,3,3,90,33,10,1,,4,123,125,4,482,4482,1,,,49152.00,0,GESTÃO DE ATIVOS IMOBILIÁRIOS ALIENÁVEIS - SEDE,POLÍTICA DE REGULARIZAÇÃO FUNDIÁRIA E DE GESTÃO DE IMÓVEIS
2027,1220,SECRETARIA DE ESTADO DE DESENVOLVIMENTO ECONÔMICO - SEDE,3,,1221,SECRETARIA DE ESTADO DE DESENVOLVIMENTO ECONÔMICO - SEDE,3,3,90,37,10,1,,4,123,125,4,482,4482,1,,,4193020.00,0,GESTÃO DE ATIVOS IMOBILIÁRIOS ALIENÁVEIS - SEDE,POLÍTICA DE REGULARIZAÇÃO FUNDIÁRIA E DE GESTÃO DE IMÓVEIS
2027,1220,SECRETARIA DE ESTADO DE DESENVOLVIMENTO ECONÔMICO - SEDE,3,,1221,SECRETARIA DE ESTADO DE DESENVOLVIMENTO ECONÔMICO - SEDE,3,3,90,39,10,1,,4,123,125,4,482,4482,1,,,2561353.00,0,GESTÃO DE ATIVOS IMOBILIÁRIOS ALIENÁVEIS - SEDE,POLÍTICA DE REGULARIZAÇÃO FUNDIÁRIA E DE GESTÃO DE IMÓVEIS
2027,1220,SECRETARIA DE ESTADO DE DESENVOLVIMENTO ECONÔMICO - SEDE,3,,1221,SECRETARIA DE ESTADO DE DESENVOLVIMENTO ECONÔMICO - SEDE,3,3,90,47,10,1,,4,123,125,4,482,4482,1,,,50100.00,0,GESTÃO DE ATIVOS IMOBILIÁRIOS ALIENÁVEIS - SEDE,POLÍTICA DE REGULARIZAÇÃO FUNDIÁRIA E DE GESTÃO DE IMÓVEIS
2027,1220,SECRETARIA DE ESTADO DE DESENVOLVIMENTO ECONÔMICO - SEDE,3,,1221,SECRETARIA DE ESTADO DE DESENVOLVIMENTO ECONÔMICO - SEDE,3,3,90,14,10,1,,4,123,133,4,499,4499,1,,,35238.00,0,GOVERNANÇA DAS EMPRESAS ESTATAIS,MINAS GERAÇÃO DE VALOR
2027,1220,SECRETARIA DE ESTADO DE DESENVOLVIMENTO ECONÔMICO - SEDE,3,,1221,SECRETARIA DE ESTADO DE DESENVOLVIMENTO ECONÔMICO - SEDE,3,3,90,33,10,1,,4,123,133,4,499,4499,1,,,23492.00,0,GOVERNANÇA DAS EMPRESAS ESTATAIS,MINAS GERAÇÃO DE VALOR
2027,1220,SECRETARIA DE ESTADO DE DESENVOLVIMENTO ECONÔMICO - SEDE,3,,1221,SECRETARIA DE ESTADO DE DESENVOLVIMENTO ECONÔMICO - SEDE,3,3,90,39,10,1,,4,123,133,4,499,4499,1,,,11902.00,0,GOVERNANÇA DAS EMPRESAS ESTATAIS,MINAS GERAÇÃO DE VALOR
2027,1220,SECRETARIA DE ESTADO DE DESENVOLVIMENTO ECONÔMICO - SEDE,3,,1221,SECRETARIA DE ESTADO DE DESENVOLVIMENTO ECONÔMICO - SEDE,3,3,90,14,32,1,,4,125,132,1,71,1071,1,,,88094.00,1,MINAS LIVRE PARA CRESCER,MINAS EMPREENDEDORA: ESTADO MAIS SIMPLES E LIVRE PARA SE EMPREENDER
2027,1220,SECRETARIA DE ESTADO DE DESENVOLVIMENTO ECONÔMICO - SEDE,3,,1221,SECRETARIA DE ESTADO DE DESENVOLVIMENTO ECONÔMICO - SEDE,3,3,90,33,32,1,,4,125,132,1,71,1071,1,,,25661.00,1,MINAS LIVRE PARA CRESCER,MINAS EMPREENDEDORA: ESTADO MAIS SIMPLES E LIVRE PARA SE EMPREENDER
2027,1220,SECRETARIA DE ESTADO DE DESENVOLVIMENTO ECONÔMICO - SEDE,3,,1221,SECRETARIA DE ESTADO DE DESENVOLVIMENTO ECONÔMICO - SEDE,3,3,90,37,10,1,,4,125,132,1,71,1071,1,,,884409.00,1,MINAS LIVRE PARA CRESCER,MINAS EMPREENDEDORA: ESTADO MAIS SIMPLES E LIVRE PARA SE EMPREENDER
2027,1220,SECRETARIA DE ESTADO DE DESENVOLVIMENTO ECONÔMICO - SEDE,3,,1221,SECRETARIA DE ESTADO DE DESENVOLVIMENTO ECONÔMICO - SEDE,3,3,90,39,32,1,,4,125,132,1,71,1071,1,,,40170.00,1,MINAS LIVRE PARA CRESCER,MINAS EMPREENDEDORA: ESTADO MAIS SIMPLES E LIVRE PARA SE EMPREENDER
2027,1220,SECRETARIA DE ESTADO DE DESENVOLVIMENTO ECONÔMICO - SEDE,3,,1221,SECRETARIA DE ESTADO DE DESENVOLVIMENTO ECONÔMICO - SEDE,3,3,90,14,32,1,,4,127,125,1,82,1082,1,,,14682.00,1,MINAS REURB SEDE,POLÍTICA DE REGULARIZAÇÃO FUNDIÁRIA E DE GESTÃO DE IMÓVEIS
2027,1220,SECRETARIA DE ESTADO DE DESENVOLVIMENTO ECONÔMICO - SEDE,3,,1221,SECRETARIA DE ESTADO DE DESENVOLVIMENTO ECONÔMICO - SEDE,3,3,90,14,80,1,,4,127,125,1,82,1082,1,,,30960.00,1,MINAS REURB SEDE,POLÍTICA DE REGULARIZAÇÃO FUNDIÁRIA E DE GESTÃO DE IMÓVEIS
2027,1220,SECRETARIA DE ESTADO DE DESENVOLVIMENTO ECONÔMICO - SEDE,3,,1221,SECRETARIA DE ESTADO DE DESENVOLVIMENTO ECONÔMICO - SEDE,3,3,90,30,80,1,,4,127,125,1,82,1082,1,,,110000.00,1,MINAS REURB SEDE,POLÍTICA DE REGULARIZAÇÃO FUNDIÁRIA E DE GESTÃO DE IMÓVEIS
2027,1220,SECRETARIA DE ESTADO DE DESENVOLVIMENTO ECONÔMICO - SEDE,3,,1221,SECRETARIA DE ESTADO DE DESENVOLVIMENTO ECONÔMICO - SEDE,3,3,90,33,32,1,,4,127,125,1,82,1082,1,,,9713.00,1,MINAS REURB SEDE,POLÍTICA DE REGULARIZAÇÃO FUNDIÁRIA E DE GESTÃO DE IMÓVEIS
2027,1220,SECRETARIA DE ESTADO DE DESENVOLVIMENTO ECONÔMICO - SEDE,3,,1221,SECRETARIA DE ESTADO DE DESENVOLVIMENTO ECONÔMICO - SEDE,3,3,90,37,80,1,,4,127,125,1,82,1082,1,,,1360324.00,1,MINAS REURB SEDE,POLÍTICA DE REGULARIZAÇÃO FUNDIÁRIA E DE GESTÃO DE IMÓVEIS
2027,1220,SECRETARIA DE ESTADO DE DESENVOLVIMENTO ECONÔMICO - SEDE,3,,1221,SECRETARIA DE ESTADO DE DESENVOLVIMENTO ECONÔMICO - SEDE,3,3,90,39,32,1,,4,127,125,1,82,1082,1,,,103732.00,1,MINAS REURB SEDE,POLÍTICA DE REGULARIZAÇÃO FUNDIÁRIA E DE GESTÃO DE IMÓVEIS
2027,1220,SECRETARIA DE ESTADO DE DESENVOLVIMENTO ECONÔMICO - SEDE,3,,1221,SECRETARIA DE ESTADO DE DESENVOLVIMENTO ECONÔMICO - SEDE,3,3,90,39,80,1,,4,127,125,1,82,1082,1,,,102974.00,1,MINAS REURB SEDE,POLÍTICA DE REGULARIZAÇÃO FUNDIÁRIA E DE GESTÃO DE IMÓVEIS
2027,1220,SECRETARIA DE ESTADO DE DESENVOLVIMENTO ECONÔMICO - SEDE,3,,1221,SECRETARIA DE ESTADO DE DESENVOLVIMENTO ECONÔMICO - SEDE,3,3,90,41,32,1,,4,127,125,1,82,1082,1,,,229000.00,1,MINAS REURB SEDE,POLÍTICA DE REGULARIZAÇÃO FUNDIÁRIA E DE GESTÃO DE IMÓVEIS
2027,1220,SECRETARIA DE ESTADO DE DESENVOLVIMENTO ECONÔMICO - SEDE,3,,1221,SECRETARIA DE ESTADO DE DESENVOLVIMENTO ECONÔMICO - SEDE,3,3,90,14,10,1,,4,127,125,4,544,4544,1,,,146824.00,0,REGULARIZAÇÃO FUNDIÁRIA DE TERRITÓRIOS COLETIVOS,POLÍTICA DE REGULARIZAÇÃO FUNDIÁRIA E DE GESTÃO DE IMÓVEIS
2027,1220,SECRETARIA DE ESTADO DE DESENVOLVIMENTO ECONÔMICO - SEDE,3,,1221,SECRETARIA DE ESTADO DE DESENVOLVIMENTO ECONÔMICO - SEDE,3,3,90,33,10,1,,4,127,125,4,544,4544,1,,,2861.00,0,REGULARIZAÇÃO FUNDIÁRIA DE TERRITÓRIOS COLETIVOS,POLÍTICA DE REGULARIZAÇÃO FUNDIÁRIA E DE GESTÃO DE IMÓVEIS
2027,1220,SECRETARIA DE ESTADO DE DESENVOLVIMENTO ECONÔMICO - SEDE,3,,1221,SECRETARIA DE ESTADO DE DESENVOLVIMENTO ECONÔMICO - SEDE,3,3,90,14,10,1,,4,129,125,1,83,1083,1,,,195765.00,0,DISCRIMINAÇÃO E ARRECADAÇÃO DE TERRAS E GESTÃO DOS ARRENDAMENTOS,POLÍTICA DE REGULARIZAÇÃO FUNDIÁRIA E DE GESTÃO DE IMÓVEIS
2027,1220,SECRETARIA DE ESTADO DE DESENVOLVIMENTO ECONÔMICO - SEDE,3,,1221,SECRETARIA DE ESTADO DE DESENVOLVIMENTO ECONÔMICO - SEDE,3,3,90,33,10,1,,4,129,125,1,83,1083,1,,,10917.00,0,DISCRIMINAÇÃO E ARRECADAÇÃO DE TERRAS E GESTÃO DOS ARRENDAMENTOS,POLÍTICA DE REGULARIZAÇÃO FUNDIÁRIA E DE GESTÃO DE IMÓVEIS
2027,1220,SECRETARIA DE ESTADO DE DESENVOLVIMENTO ECONÔMICO - LEMG,3,,2041,LOTERIA DO ESTADO DE MINAS GERAIS - LEMG,3,1,90,11,60,1,,23,122,705,2,417,2417,1,,,2170050.00,0,REMUNERAÇÃO DE PESSOAL ATIVO E ENCARGOS SOCIAIS,APOIO ÀS POLÍTICAS PÚBLICAS
2027,1220,SECRETARIA DE ESTADO DE DESENVOLVIMENTO ECONÔMICO - LEMG,3,,2041,LOTERIA DO ESTADO DE MINAS GERAIS - LEMG,3,1,90,13,60,1,,23,122,705,2,417,2417,1,,,188857.00,0,REMUNERAÇÃO DE PESSOAL ATIVO E ENCARGOS SOCIAIS,APOIO ÀS POLÍTICAS PÚBLICAS
2027,1220,SECRETARIA DE ESTADO DE DESENVOLVIMENTO ECONÔMICO - LEMG,3,,2041,LOTERIA DO ESTADO DE MINAS GERAIS - LEMG,3,1,91,13,60,1,,23,122,705,2,417,2417,1,,,531106.00,0,REMUNERAÇÃO DE PESSOAL ATIVO E ENCARGOS SOCIAIS,APOIO ÀS POLÍTICAS PÚBLICAS
2027,1220,SECRETARIA DE ESTADO DE DESENVOLVIMENTO ECONÔMICO - LEMG,3,,2041,LOTERIA DO ESTADO DE MINAS GERAIS - LEMG,3,3,90,46,60,7,,23,122,705,2,417,2417,1,,,342798.00,0,REMUNERAÇÃO DE PESSOAL ATIVO E ENCARGOS SOCIAIS,APOIO ÀS POLÍTICAS PÚBLICAS
2027,1220,SECRETARIA DE ESTADO DE DESENVOLVIMENTO ECONÔMICO - LEMG,3,,2041,LOTERIA DO ESTADO DE MINAS GERAIS - LEMG,3,3,90,49,60,7,,23,122,705,2,417,2417,1,,,15000.00,0,REMUNERAÇÃO DE PESSOAL ATIVO E ENCARGOS SOCIAIS,APOIO ÀS POLÍTICAS PÚBLICAS
2027,1220,SECRETARIA DE ESTADO DE DESENVOLVIMENTO ECONÔMICO - LEMG,3,,2041,LOTERIA DO ESTADO DE MINAS GERAIS - LEMG,3,3,90,14,60,1,,23,122,705,2,500,2500,1,,,36960.00,0,ASSESSORAMENTO E GERENCIAMENTO DE POLÍTICAS PÚBLICAS,APOIO ÀS POLÍTICAS PÚBLICAS
2027,1220,SECRETARIA DE ESTADO DE DESENVOLVIMENTO ECONÔMICO - LEMG,3,,2041,LOTERIA DO ESTADO DE MINAS GERAIS - LEMG,3,3,90,30,60,1,,23,122,705,2,500,2500,1,,,11574.00,0,ASSESSORAMENTO E GERENCIAMENTO DE POLÍTICAS PÚBLICAS,APOIO ÀS POLÍTICAS PÚBLICAS
2027,1220,SECRETARIA DE ESTADO DE DESENVOLVIMENTO ECONÔMICO - LEMG,3,,2041,LOTERIA DO ESTADO DE MINAS GERAIS - LEMG,3,3,90,33,60,1,,23,122,705,2,500,2500,1,,,46000.00,0,ASSESSORAMENTO E GERENCIAMENTO DE POLÍTICAS PÚBLICAS,APOIO ÀS POLÍTICAS PÚBLICAS
2027,1220,SECRETARIA DE ESTADO DE DESENVOLVIMENTO ECONÔMICO - LEMG,3,,2041,LOTERIA DO ESTADO DE MINAS GERAIS - LEMG,3,3,90,36,60,1,,23,122,705,2,500,2500,1,,,8400.00,0,ASSESSORAMENTO E GERENCIAMENTO DE POLÍTICAS PÚBLICAS,APOIO ÀS POLÍTICAS PÚBLICAS
2027,1220,SECRETARIA DE ESTADO DE DESENVOLVIMENTO ECONÔMICO - LEMG,3,,2041,LOTERIA DO ESTADO DE MINAS GERAIS - LEMG,3,3,90,37,60,1,,23,122,705,2,500,2500,1,,,1820400.00,0,ASSESSORAMENTO E GERENCIAMENTO DE POLÍTICAS PÚBLICAS,APOIO ÀS POLÍTICAS PÚBLICAS
2027,1220,SECRETARIA DE ESTADO DE DESENVOLVIMENTO ECONÔMICO - LEMG,3,,2041,LOTERIA DO ESTADO DE MINAS GERAIS - LEMG,3,3,90,39,60,1,,23,122,705,2,500,2500,1,,,177340.00,0,ASSESSORAMENTO E GERENCIAMENTO DE POLÍTICAS PÚBLICAS,APOIO ÀS POLÍTICAS PÚBLICAS
2027,1220,SECRETARIA DE ESTADO DE DESENVOLVIMENTO ECONÔMICO - LEMG,3,,2041,LOTERIA DO ESTADO DE MINAS GERAIS - LEMG,3,3,90,40,60,1,,23,122,705,2,500,2500,1,,,48413.00,0,ASSESSORAMENTO E GERENCIAMENTO DE POLÍTICAS PÚBLICAS,APOIO ÀS POLÍTICAS PÚBLICAS
2027,1220,SECRETARIA DE ESTADO DE DESENVOLVIMENTO ECONÔMICO - LEMG,3,,2041,LOTERIA DO ESTADO DE MINAS GERAIS - LEMG,3,3,90,47,60,1,,23,122,705,2,500,2500,1,,,9000.00,0,ASSESSORAMENTO E GERENCIAMENTO DE POLÍTICAS PÚBLICAS,APOIO ÀS POLÍTICAS PÚBLICAS
2027,1220,SECRETARIA DE ESTADO DE DESENVOLVIMENTO ECONÔMICO - LEMG,3,,2041,LOTERIA DO ESTADO DE MINAS GERAIS - LEMG,3,3,90,39,60,1,,23,692,126,4,340,4340,1,,,30000.00,0,OPERACIONALIZAÇÃO DE JOGOS,EXPLORAÇÃO DE JOGOS LOTÉRICOS E SIMILARES
2027,1220,SECRETARIA DE ESTADO DE DESENVOLVIMENTO ECONÔMICO - LEMG,3,,2041,LOTERIA DO ESTADO DE MINAS GERAIS - LEMG,3,3,90,47,60,1,,23,692,126,4,340,4340,1,,,180500.00,0,OPERACIONALIZAÇÃO DE JOGOS,EXPLORAÇÃO DE JOGOS LOTÉRICOS E SIMILARES
2027,1220,SECRETARIA DE ESTADO DE DESENVOLVIMENTO ECONÔMICO - LEMG,3,,2041,LOTERIA DO ESTADO DE MINAS GERAIS - LEMG,3,1,90,91,60,9,,28,846,705,7,4,7004,1,,,1000.00,0,PRECATÓRIOS E SENTENÇAS JUDICIÁRIAS,APOIO ÀS POLÍTICAS PÚBLICAS
2027,1220,SECRETARIA DE ESTADO DE DESENVOLVIMENTO ECONÔMICO - FAPEMIG,3,,2071,FUNDAÇÃO DE AMPARO À PESQUISA DO ESTADO DE MINAS GERAIS - FAPEMIG,3,3,90,14,10,1,,19,122,705,2,500,2500,1,,,71910.00,0,ASSESSORAMENTO E GERENCIAMENTO DE POLÍTICAS PÚBLICAS,APOIO ÀS POLÍTICAS PÚBLICAS
2027,1220,SECRETARIA DE ESTADO DE DESENVOLVIMENTO ECONÔMICO - FAPEMIG,3,,2071,FUNDAÇÃO DE AMPARO À PESQUISA DO ESTADO DE MINAS GERAIS - FAPEMIG,3,3,90,30,10,1,,19,122,705,2,500,2500,1,,,375200.00,0,ASSESSORAMENTO E GERENCIAMENTO DE POLÍTICAS PÚBLICAS,APOIO ÀS POLÍTICAS PÚBLICAS
2027,1220,SECRETARIA DE ESTADO DE DESENVOLVIMENTO ECONÔMICO - FAPEMIG,3,,2071,FUNDAÇÃO DE AMPARO À PESQUISA DO ESTADO DE MINAS GERAIS - FAPEMIG,3,3,90,33,10,1,,19,122,705,2,500,2500,1,,,47850.00,0,ASSESSORAMENTO E GERENCIAMENTO DE POLÍTICAS PÚBLICAS,APOIO ÀS POLÍTICAS PÚBLICAS
2027,1220,SECRETARIA DE ESTADO DE DESENVOLVIMENTO ECONÔMICO - FAPEMIG,3,,2071,FUNDAÇÃO DE AMPARO À PESQUISA DO ESTADO DE MINAS GERAIS - FAPEMIG,3,3,90,36,10,1,,19,122,705,2,500,2500,1,,,7800.00,0,ASSESSORAMENTO E GERENCIAMENTO DE POLÍTICAS PÚBLICAS,APOIO ÀS POLÍTICAS PÚBLICAS
2027,1220,SECRETARIA DE ESTADO DE DESENVOLVIMENTO ECONÔMICO - FAPEMIG,3,,2071,FUNDAÇÃO DE AMPARO À PESQUISA DO ESTADO DE MINAS GERAIS - FAPEMIG,3,3,90,37,10,1,,19,122,705,2,500,2500,1,,,18667776.00,0,ASSESSORAMENTO E GERENCIAMENTO DE POLÍTICAS PÚBLICAS,APOIO ÀS POLÍTICAS PÚBLICAS
2027,1220,SECRETARIA DE ESTADO DE DESENVOLVIMENTO ECONÔMICO - FAPEMIG,3,,2071,FUNDAÇÃO DE AMPARO À PESQUISA DO ESTADO DE MINAS GERAIS - FAPEMIG,3,3,90,39,10,1,,19,122,705,2,500,2500,1,,,3051556.00,0,ASSESSORAMENTO E GERENCIAMENTO DE POLÍTICAS PÚBLICAS,APOIO ÀS POLÍTICAS PÚBLICAS
2027,1220,SECRETARIA DE ESTADO DE DESENVOLVIMENTO ECONÔMICO - FAPEMIG,3,,2071,FUNDAÇÃO DE AMPARO À PESQUISA DO ESTADO DE MINAS GERAIS - FAPEMIG,3,3,90,40,10,1,,19,122,705,2,500,2500,1,,,4763494.00,0,ASSESSORAMENTO E GERENCIAMENTO DE POLÍTICAS PÚBLICAS,APOIO ÀS POLÍTICAS PÚBLICAS
2027,1220,SECRETARIA DE ESTADO DE DESENVOLVIMENTO ECONÔMICO - FAPEMIG,3,,2071,FUNDAÇÃO DE AMPARO À PESQUISA DO ESTADO DE MINAS GERAIS - FAPEMIG,3,3,90,47,10,1,,19,122,705,2,500,2500,1,,,108000.00,0,ASSESSORAMENTO E GERENCIAMENTO DE POLÍTICAS PÚBLICAS,APOIO ÀS POLÍTICAS PÚBLICAS
2027,1220,SECRETARIA DE ESTADO DE DESENVOLVIMENTO ECONÔMICO - FAPEMIG,3,,2071,FUNDAÇÃO DE AMPARO À PESQUISA DO ESTADO DE MINAS GERAIS - FAPEMIG,3,3,90,49,10,1,,19,122,705,2,500,2500,1,,,348000.00,0,ASSESSORAMENTO E GERENCIAMENTO DE POLÍTICAS PÚBLICAS,APOIO ÀS POLÍTICAS PÚBLICAS
2027,1220,SECRETARIA DE ESTADO DE DESENVOLVIMENTO ECONÔMICO - FAPEMIG,3,,2071,FUNDAÇÃO DE AMPARO À PESQUISA DO ESTADO DE MINAS GERAIS - FAPEMIG,4,4,90,40,10,1,,19,122,705,2,500,2500,1,,,6534420.00,0,ASSESSORAMENTO E GERENCIAMENTO DE POLÍTICAS PÚBLICAS,APOIO ÀS POLÍTICAS PÚBLICAS
2027,1220,SECRETARIA DE ESTADO DE DESENVOLVIMENTO ECONÔMICO - FAPEMIG,3,,2071,FUNDAÇÃO DE AMPARO À PESQUISA DO ESTADO DE MINAS GERAIS - FAPEMIG,4,4,90,52,10,1,,19,122,705,2,500,2500,1,,,24000.00,0,ASSESSORAMENTO E GERENCIAMENTO DE POLÍTICAS PÚBLICAS,APOIO ÀS POLÍTICAS PÚBLICAS
2027,1220,SECRETARIA DE ESTADO DE DESENVOLVIMENTO ECONÔMICO - FAPEMIG,3,,2071,FUNDAÇÃO DE AMPARO À PESQUISA DO ESTADO DE MINAS GERAIS - FAPEMIG,3,1,90,11,10,1,,19,571,705,2,417,2417,1,,,7899006.00,0,REMUNERAÇÃO DE PESSOAL ATIVO E ENCARGOS SOCIAIS,APOIO ÀS POLÍTICAS PÚBLICAS
2027,1220,SECRETARIA DE ESTADO DE DESENVOLVIMENTO ECONÔMICO - FAPEMIG,3,,2071,FUNDAÇÃO DE AMPARO À PESQUISA DO ESTADO DE MINAS GERAIS - FAPEMIG,3,1,90,13,10,1,,19,571,705,2,417,2417,1,,,249708.00,0,REMUNERAÇÃO DE PESSOAL ATIVO E ENCARGOS SOCIAIS,APOIO ÀS POLÍTICAS PÚBLICAS
2027,1220,SECRETARIA DE ESTADO DE DESENVOLVIMENTO ECONÔMICO - FAPEMIG,3,,2071,FUNDAÇÃO DE AMPARO À PESQUISA DO ESTADO DE MINAS GERAIS - FAPEMIG,3,1,90,7,10,1,,19,571,705,2,417,2417,1,,,10570.00,0,REMUNERAÇÃO DE PESSOAL ATIVO E ENCARGOS SOCIAIS,APOIO ÀS POLÍTICAS PÚBLICAS
2027,1220,SECRETARIA DE ESTADO DE DESENVOLVIMENTO ECONÔMICO - FAPEMIG,3,,2071,FUNDAÇÃO DE AMPARO À PESQUISA DO ESTADO DE MINAS GERAIS - FAPEMIG,3,1,90,93,10,1,,19,571,705,2,417,2417,1,,,180000.00,0,REMUNERAÇÃO DE PESSOAL ATIVO E ENCARGOS SOCIAIS,APOIO ÀS POLÍTICAS PÚBLICAS
2027,1220,SECRETARIA DE ESTADO DE DESENVOLVIMENTO ECONÔMICO - FAPEMIG,3,,2071,FUNDAÇÃO DE AMPARO À PESQUISA DO ESTADO DE MINAS GERAIS - FAPEMIG,3,1,90,96,10,1,,19,571,705,2,417,2417,1,,,404400.00,0,REMUNERAÇÃO DE PESSOAL ATIVO E ENCARGOS SOCIAIS,APOIO ÀS POLÍTICAS PÚBLICAS
2027,1220,SECRETARIA DE ESTADO DE DESENVOLVIMENTO ECONÔMICO - FAPEMIG,3,,2071,FUNDAÇÃO DE AMPARO À PESQUISA DO ESTADO DE MINAS GERAIS - FAPEMIG,3,1,91,13,10,1,,19,571,705,2,417,2417,1,,,2469173.00,0,REMUNERAÇÃO DE PESSOAL ATIVO E ENCARGOS SOCIAIS,APOIO ÀS POLÍTICAS PÚBLICAS
2027,1220,SECRETARIA DE ESTADO DE DESENVOLVIMENTO ECONÔMICO - FAPEMIG,3,,2071,FUNDAÇÃO DE AMPARO À PESQUISA DO ESTADO DE MINAS GERAIS - FAPEMIG,3,3,90,46,10,7,,19,571,705,2,417,2417,1,,,1214904.00,0,REMUNERAÇÃO DE PESSOAL ATIVO E ENCARGOS SOCIAIS,APOIO ÀS POLÍTICAS PÚBLICAS
2027,1220,SECRETARIA DE ESTADO DE DESENVOLVIMENTO ECONÔMICO - FAPEMIG,3,,2071,FUNDAÇÃO DE AMPARO À PESQUISA DO ESTADO DE MINAS GERAIS - FAPEMIG,3,1,90,91,60,9,,28,846,705,7,4,7004,1,,,1000.00,0,PRECATÓRIOS E SENTENÇAS JUDICIÁRIAS,APOIO ÀS POLÍTICAS PÚBLICAS
2027,1220,SECRETARIA DE ESTADO DE DESENVOLVIMENTO ECONÔMICO - JUCEMG,3,,2251,JUNTA COMERCIAL DO ESTADO DE MINAS GERAIS - JUCEMG,3,3,90,40,60,1,,23,122,29,4,52,4052,1,,,250573.00,0,REDESIM MG,REGISTRO PÚBLICO DE EMPRESAS MERCANTIS E ATIVIDADES AFINS
2027,1220,SECRETARIA DE ESTADO DE DESENVOLVIMENTO ECONÔMICO - JUCEMG,3,,2251,JUNTA COMERCIAL DO ESTADO DE MINAS GERAIS - JUCEMG,4,4,90,40,60,1,,23,122,29,4,52,4052,1,,,405459.00,0,REDESIM MG,REGISTRO PÚBLICO DE EMPRESAS MERCANTIS E ATIVIDADES AFINS
2027,1220,SECRETARIA DE ESTADO DE DESENVOLVIMENTO ECONÔMICO - JUCEMG,3,,2251,JUNTA COMERCIAL DO ESTADO DE MINAS GERAIS - JUCEMG,3,3,90,14,60,1,,23,122,29,4,562,4562,1,,,46200.00,0,JUNTA ITINERANTE,REGISTRO PÚBLICO DE EMPRESAS MERCANTIS E ATIVIDADES AFINS
2027,1220,SECRETARIA DE ESTADO DE DESENVOLVIMENTO ECONÔMICO - JUCEMG,3,,2251,JUNTA COMERCIAL DO ESTADO DE MINAS GERAIS - JUCEMG,3,3,90,33,60,1,,23,122,29,4,562,4562,1,,,14627.00,0,JUNTA ITINERANTE,REGISTRO PÚBLICO DE EMPRESAS MERCANTIS E ATIVIDADES AFINS
2027,1220,SECRETARIA DE ESTADO DE DESENVOLVIMENTO ECONÔMICO - JUCEMG,3,,2251,JUNTA COMERCIAL DO ESTADO DE MINAS GERAIS - JUCEMG,3,1,90,11,60,1,,23,122,705,2,417,2417,1,,,14660931.00,0,REMUNERAÇÃO DE PESSOAL ATIVO E ENCARGOS SOCIAIS,APOIO ÀS POLÍTICAS PÚBLICAS
2027,1220,SECRETARIA DE ESTADO DE DESENVOLVIMENTO ECONÔMICO - JUCEMG,3,,2251,JUNTA COMERCIAL DO ESTADO DE MINAS GERAIS - JUCEMG,3,1,90,13,60,1,,23,122,705,2,417,2417,1,,,558783.00,0,REMUNERAÇÃO DE PESSOAL ATIVO E ENCARGOS SOCIAIS,APOIO ÀS POLÍTICAS PÚBLICAS
2027,1220,SECRETARIA DE ESTADO DE DESENVOLVIMENTO ECONÔMICO - JUCEMG,3,,2251,JUNTA COMERCIAL DO ESTADO DE MINAS GERAIS - JUCEMG,3,1,90,7,60,1,,23,122,705,2,417,2417,1,,,48554.00,0,REMUNERAÇÃO DE PESSOAL ATIVO E ENCARGOS SOCIAIS,APOIO ÀS POLÍTICAS PÚBLICAS
2027,1220,SECRETARIA DE ESTADO DE DESENVOLVIMENTO ECONÔMICO - JUCEMG,3,,2251,JUNTA COMERCIAL DO ESTADO DE MINAS GERAIS - JUCEMG,3,1,91,13,60,1,,23,122,705,2,417,2417,1,,,4205781.00,0,REMUNERAÇÃO DE PESSOAL ATIVO E ENCARGOS SOCIAIS,APOIO ÀS POLÍTICAS PÚBLICAS
2027,1220,SECRETARIA DE ESTADO DE DESENVOLVIMENTO ECONÔMICO - JUCEMG,3,,2251,JUNTA COMERCIAL DO ESTADO DE MINAS GERAIS - JUCEMG,3,3,90,46,60,7,,23,122,705,2,417,2417,1,,,4665725.00,0,REMUNERAÇÃO DE PESSOAL ATIVO E ENCARGOS SOCIAIS,APOIO ÀS POLÍTICAS PÚBLICAS
2027,1220,SECRETARIA DE ESTADO DE DESENVOLVIMENTO ECONÔMICO - JUCEMG,3,,2251,JUNTA COMERCIAL DO ESTADO DE MINAS GERAIS - JUCEMG,3,3,90,49,60,7,,23,122,705,2,417,2417,1,,,244723.00,0,REMUNERAÇÃO DE PESSOAL ATIVO E ENCARGOS SOCIAIS,APOIO ÀS POLÍTICAS PÚBLICAS
2027,1220,SECRETARIA DE ESTADO DE DESENVOLVIMENTO ECONÔMICO - JUCEMG,3,,2251,JUNTA COMERCIAL DO ESTADO DE MINAS GERAIS - JUCEMG,3,3,90,14,60,1,,23,122,705,2,500,2500,1,,,8234.00,0,ASSESSORAMENTO E GERENCIAMENTO DE POLÍTICAS PÚBLICAS,APOIO ÀS POLÍTICAS PÚBLICAS
2027,1220,SECRETARIA DE ESTADO DE DESENVOLVIMENTO ECONÔMICO - JUCEMG,3,,2251,JUNTA COMERCIAL DO ESTADO DE MINAS GERAIS - JUCEMG,3,3,90,30,60,1,,23,122,705,2,500,2500,1,,,23650.00,0,ASSESSORAMENTO E GERENCIAMENTO DE POLÍTICAS PÚBLICAS,APOIO ÀS POLÍTICAS PÚBLICAS
2027,1220,SECRETARIA DE ESTADO DE DESENVOLVIMENTO ECONÔMICO - JUCEMG,3,,2251,JUNTA COMERCIAL DO ESTADO DE MINAS GERAIS - JUCEMG,3,3,90,36,60,1,,23,122,705,2,500,2500,1,,,6000.00,0,ASSESSORAMENTO E GERENCIAMENTO DE POLÍTICAS PÚBLICAS,APOIO ÀS POLÍTICAS PÚBLICAS
2027,1220,SECRETARIA DE ESTADO DE DESENVOLVIMENTO ECONÔMICO - JUCEMG,3,,2251,JUNTA COMERCIAL DO ESTADO DE MINAS GERAIS - JUCEMG,3,3,90,37,60,1,,23,122,705,2,500,2500,1,,,254932.00,0,ASSESSORAMENTO E GERENCIAMENTO DE POLÍTICAS PÚBLICAS,APOIO ÀS POLÍTICAS PÚBLICAS
2027,1220,SECRETARIA DE ESTADO DE DESENVOLVIMENTO ECONÔMICO - JUCEMG,3,,2251,JUNTA COMERCIAL DO ESTADO DE MINAS GERAIS - JUCEMG,3,3,90,39,60,1,,23,122,705,2,500,2500,1,,,1797466.00,0,ASSESSORAMENTO E GERENCIAMENTO DE POLÍTICAS PÚBLICAS,APOIO ÀS POLÍTICAS PÚBLICAS
2027,1220,SECRETARIA DE ESTADO DE DESENVOLVIMENTO ECONÔMICO - JUCEMG,3,,2251,JUNTA COMERCIAL DO ESTADO DE MINAS GERAIS - JUCEMG,3,3,90,40,60,1,,23,122,705,2,500,2500,1,,,923747.00,0,ASSESSORAMENTO E GERENCIAMENTO DE POLÍTICAS PÚBLICAS,APOIO ÀS POLÍTICAS PÚBLICAS
2027,1220,SECRETARIA DE ESTADO DE DESENVOLVIMENTO ECONÔMICO - JUCEMG,3,,2251,JUNTA COMERCIAL DO ESTADO DE MINAS GERAIS - JUCEMG,3,3,90,47,60,1,,23,122,705,2,500,2500,1,,,1382810.00,0,ASSESSORAMENTO E GERENCIAMENTO DE POLÍTICAS PÚBLICAS,APOIO ÀS POLÍTICAS PÚBLICAS
2027,1220,SECRETARIA DE ESTADO DE DESENVOLVIMENTO ECONÔMICO - JUCEMG,3,,2251,JUNTA COMERCIAL DO ESTADO DE MINAS GERAIS - JUCEMG,3,3,90,14,60,1,,23,125,29,4,51,4051,1,,,95000.00,0,REGISTRO EMPRESARIAL,REGISTRO PÚBLICO DE EMPRESAS MERCANTIS E ATIVIDADES AFINS
2027,1220,SECRETARIA DE ESTADO DE DESENVOLVIMENTO ECONÔMICO - JUCEMG,3,,2251,JUNTA COMERCIAL DO ESTADO DE MINAS GERAIS - JUCEMG,3,3,90,33,60,1,,23,125,29,4,51,4051,1,,,154043.00,0,REGISTRO EMPRESARIAL,REGISTRO PÚBLICO DE EMPRESAS MERCANTIS E ATIVIDADES AFINS
2027,1220,SECRETARIA DE ESTADO DE DESENVOLVIMENTO ECONÔMICO - JUCEMG,3,,2251,JUNTA COMERCIAL DO ESTADO DE MINAS GERAIS - JUCEMG,3,3,90,39,60,1,,23,125,29,4,51,4051,1,,,227896.00,0,REGISTRO EMPRESARIAL,REGISTRO PÚBLICO DE EMPRESAS MERCANTIS E ATIVIDADES AFINS
2027,1220,SECRETARIA DE ESTADO DE DESENVOLVIMENTO ECONÔMICO - JUCEMG,3,,2251,JUNTA COMERCIAL DO ESTADO DE MINAS GERAIS - JUCEMG,3,3,90,40,60,1,,23,125,29,4,51,4051,1,,,6224313.00,0,REGISTRO EMPRESARIAL,REGISTRO PÚBLICO DE EMPRESAS MERCANTIS E ATIVIDADES AFINS
2027,1220,SECRETARIA DE ESTADO DE DESENVOLVIMENTO ECONÔMICO - JUCEMG,3,,2251,JUNTA COMERCIAL DO ESTADO DE MINAS GERAIS - JUCEMG,4,4,90,40,60,1,,23,125,29,4,51,4051,1,,,7703728.00,0,REGISTRO EMPRESARIAL,REGISTRO PÚBLICO DE EMPRESAS MERCANTIS E ATIVIDADES AFINS
2027,1220,SECRETARIA DE ESTADO DE DESENVOLVIMENTO ECONÔMICO - JUCEMG,3,,2251,JUNTA COMERCIAL DO ESTADO DE MINAS GERAIS - JUCEMG,3,1,90,91,60,9,,28,846,705,7,4,7004,1,,,695757.00,0,PRECATÓRIOS E SENTENÇAS JUDICIÁRIAS,APOIO ÀS POLÍTICAS PÚBLICAS
2027,1220,SECRETARIA DE ESTADO DE DESENVOLVIMENTO ECONÔMICO - FUNDESE,3,,4111,FUNDO DE FOMENTO E DESENVOLVIMENTO SOCIOECONÔMICO DO ESTADO DE MINAS GERAIS - FUNDESE,4,5,90,66,60,1,,23,691,24,4,41,4041,1,,,1000.00,0,FUNDESE GERAMINAS,DESENVOLVIMENTO SOCIOECONÔMICO
2027,1220,SECRETARIA DE ESTADO DE DESENVOLVIMENTO ECONÔMICO - FUNDESE,3,,4111,FUNDO DE FOMENTO E DESENVOLVIMENTO SOCIOECONÔMICO DO ESTADO DE MINAS GERAIS - FUNDESE,4,5,90,66,60,1,,23,691,24,4,42,4042,1,,,1000.00,0,FUNDESE EMPRESA MINEIRA COMPETITIVA,DESENVOLVIMENTO SOCIOECONÔMICO
2027,1220,SECRETARIA DE ESTADO DE DESENVOLVIMENTO ECONÔMICO - FUNDESE,3,,4111,FUNDO DE FOMENTO E DESENVOLVIMENTO SOCIOECONÔMICO DO ESTADO DE MINAS GERAIS - FUNDESE,4,5,90,66,60,1,,23,691,24,4,43,4043,1,,,1000.00,0,FUNDESE BASE TECNOLOGICA,DESENVOLVIMENTO SOCIOECONÔMICO
2027,1230,"SECRETARIA DE ESTADO DE AGRICULTURA, PECUÁRIA E ABASTECIMENTO - SEAPA",3,,1231,"SECRETARIA DE ESTADO DE AGRICULTURA, PECUÁRIA E ABASTECIMENTO - SEAPA",3,1,90,11,10,1,,20,122,705,2,417,2417,1,,,16683505.00,0,REMUNERAÇÃO DE PESSOAL ATIVO E ENCARGOS SOCIAIS,APOIO ÀS POLÍTICAS PÚBLICAS
2027,1230,"SECRETARIA DE ESTADO DE AGRICULTURA, PECUÁRIA E ABASTECIMENTO - SEAPA",3,,1231,"SECRETARIA DE ESTADO DE AGRICULTURA, PECUÁRIA E ABASTECIMENTO - SEAPA",3,1,90,13,10,1,,20,122,705,2,417,2417,1,,,1273163.00,0,REMUNERAÇÃO DE PESSOAL ATIVO E ENCARGOS SOCIAIS,APOIO ÀS POLÍTICAS PÚBLICAS
2027,1230,"SECRETARIA DE ESTADO DE AGRICULTURA, PECUÁRIA E ABASTECIMENTO - SEAPA",3,,1231,"SECRETARIA DE ESTADO DE AGRICULTURA, PECUÁRIA E ABASTECIMENTO - SEAPA",3,1,90,16,10,1,,20,122,705,2,417,2417,1,,,180886.00,0,REMUNERAÇÃO DE PESSOAL ATIVO E ENCARGOS SOCIAIS,APOIO ÀS POLÍTICAS PÚBLICAS
2027,1230,"SECRETARIA DE ESTADO DE AGRICULTURA, PECUÁRIA E ABASTECIMENTO - SEAPA",3,,1231,"SECRETARIA DE ESTADO DE AGRICULTURA, PECUÁRIA E ABASTECIMENTO - SEAPA",3,1,90,7,10,1,,20,122,705,2,417,2417,1,,,3052.00,0,REMUNERAÇÃO DE PESSOAL ATIVO E ENCARGOS SOCIAIS,APOIO ÀS POLÍTICAS PÚBLICAS
2027,1230,"SECRETARIA DE ESTADO DE AGRICULTURA, PECUÁRIA E ABASTECIMENTO - SEAPA",3,,1231,"SECRETARIA DE ESTADO DE AGRICULTURA, PECUÁRIA E ABASTECIMENTO - SEAPA",3,1,90,92,10,1,,20,122,705,2,417,2417,1,,,380991.00,0,REMUNERAÇÃO DE PESSOAL ATIVO E ENCARGOS SOCIAIS,APOIO ÀS POLÍTICAS PÚBLICAS
2027,1230,"SECRETARIA DE ESTADO DE AGRICULTURA, PECUÁRIA E ABASTECIMENTO - SEAPA",3,,1231,"SECRETARIA DE ESTADO DE AGRICULTURA, PECUÁRIA E ABASTECIMENTO - SEAPA",3,1,91,13,10,1,,20,122,705,2,417,2417,1,,,3753257.00,0,REMUNERAÇÃO DE PESSOAL ATIVO E ENCARGOS SOCIAIS,APOIO ÀS POLÍTICAS PÚBLICAS
2027,1230,"SECRETARIA DE ESTADO DE AGRICULTURA, PECUÁRIA E ABASTECIMENTO - SEAPA",3,,1231,"SECRETARIA DE ESTADO DE AGRICULTURA, PECUÁRIA E ABASTECIMENTO - SEAPA",3,3,90,39,10,1,,20,122,705,2,417,2417,1,,,196200.00,0,REMUNERAÇÃO DE PESSOAL ATIVO E ENCARGOS SOCIAIS,APOIO ÀS POLÍTICAS PÚBLICAS
2027,1230,"SECRETARIA DE ESTADO DE AGRICULTURA, PECUÁRIA E ABASTECIMENTO - SEAPA",3,,1231,"SECRETARIA DE ESTADO DE AGRICULTURA, PECUÁRIA E ABASTECIMENTO - SEAPA",3,3,90,46,10,7,,20,122,705,2,417,2417,1,,,3275187.00,0,REMUNERAÇÃO DE PESSOAL ATIVO E ENCARGOS SOCIAIS,APOIO ÀS POLÍTICAS PÚBLICAS
2027,1230,"SECRETARIA DE ESTADO DE AGRICULTURA, PECUÁRIA E ABASTECIMENTO - SEAPA",3,,1231,"SECRETARIA DE ESTADO DE AGRICULTURA, PECUÁRIA E ABASTECIMENTO - SEAPA",3,3,90,49,10,7,,20,122,705,2,417,2417,1,,,182015.00,0,REMUNERAÇÃO DE PESSOAL ATIVO E ENCARGOS SOCIAIS,APOIO ÀS POLÍTICAS PÚBLICAS
2027,1230,"SECRETARIA DE ESTADO DE AGRICULTURA, PECUÁRIA E ABASTECIMENTO - SEAPA",3,,1231,"SECRETARIA DE ESTADO DE AGRICULTURA, PECUÁRIA E ABASTECIMENTO - SEAPA",3,3,90,8,10,7,,20,122,705,2,417,2417,1,,,814.00,0,REMUNERAÇÃO DE PESSOAL ATIVO E ENCARGOS SOCIAIS,APOIO ÀS POLÍTICAS PÚBLICAS
2027,1230,"SECRETARIA DE ESTADO DE AGRICULTURA, PECUÁRIA E ABASTECIMENTO - SEAPA",3,,1231,"SECRETARIA DE ESTADO DE AGRICULTURA, PECUÁRIA E ABASTECIMENTO - SEAPA",3,3,90,14,10,1,,20,122,705,2,500,2500,1,,,359640.00,0,ASSESSORAMENTO E GERENCIAMENTO DE POLÍTICAS PÚBLICAS,APOIO ÀS POLÍTICAS PÚBLICAS
2027,1230,"SECRETARIA DE ESTADO DE AGRICULTURA, PECUÁRIA E ABASTECIMENTO - SEAPA",3,,1231,"SECRETARIA DE ESTADO DE AGRICULTURA, PECUÁRIA E ABASTECIMENTO - SEAPA",3,3,90,30,10,1,,20,122,705,2,500,2500,1,,,463300.00,0,ASSESSORAMENTO E GERENCIAMENTO DE POLÍTICAS PÚBLICAS,APOIO ÀS POLÍTICAS PÚBLICAS
2027,1230,"SECRETARIA DE ESTADO DE AGRICULTURA, PECUÁRIA E ABASTECIMENTO - SEAPA",3,,1231,"SECRETARIA DE ESTADO DE AGRICULTURA, PECUÁRIA E ABASTECIMENTO - SEAPA",3,3,90,36,10,1,,20,122,705,2,500,2500,1,,,1004800.00,0,ASSESSORAMENTO E GERENCIAMENTO DE POLÍTICAS PÚBLICAS,APOIO ÀS POLÍTICAS PÚBLICAS
2027,1230,"SECRETARIA DE ESTADO DE AGRICULTURA, PECUÁRIA E ABASTECIMENTO - SEAPA",3,,1231,"SECRETARIA DE ESTADO DE AGRICULTURA, PECUÁRIA E ABASTECIMENTO - SEAPA",3,3,90,37,10,1,,20,122,705,2,500,2500,1,,,6552648.00,0,ASSESSORAMENTO E GERENCIAMENTO DE POLÍTICAS PÚBLICAS,APOIO ÀS POLÍTICAS PÚBLICAS
2027,1230,"SECRETARIA DE ESTADO DE AGRICULTURA, PECUÁRIA E ABASTECIMENTO - SEAPA",3,,1231,"SECRETARIA DE ESTADO DE AGRICULTURA, PECUÁRIA E ABASTECIMENTO - SEAPA",3,3,90,39,10,1,,20,122,705,2,500,2500,1,,,792031.00,0,ASSESSORAMENTO E GERENCIAMENTO DE POLÍTICAS PÚBLICAS,APOIO ÀS POLÍTICAS PÚBLICAS
2027,1230,"SECRETARIA DE ESTADO DE AGRICULTURA, PECUÁRIA E ABASTECIMENTO - SEAPA",3,,1231,"SECRETARIA DE ESTADO DE AGRICULTURA, PECUÁRIA E ABASTECIMENTO - SEAPA",3,3,90,40,10,1,,20,122,705,2,500,2500,1,,,439708.00,0,ASSESSORAMENTO E GERENCIAMENTO DE POLÍTICAS PÚBLICAS,APOIO ÀS POLÍTICAS PÚBLICAS
2027,1230,"SECRETARIA DE ESTADO DE AGRICULTURA, PECUÁRIA E ABASTECIMENTO - SEAPA",3,,1231,"SECRETARIA DE ESTADO DE AGRICULTURA, PECUÁRIA E ABASTECIMENTO - SEAPA",4,4,90,52,10,1,,20,122,705,2,500,2500,1,,,2327600.00,0,ASSESSORAMENTO E GERENCIAMENTO DE POLÍTICAS PÚBLICAS,APOIO ÀS POLÍTICAS PÚBLICAS
2027,1230,"SECRETARIA DE ESTADO DE AGRICULTURA, PECUÁRIA E ABASTECIMENTO - SEAPA",3,,1231,"SECRETARIA DE ESTADO DE AGRICULTURA, PECUÁRIA E ABASTECIMENTO - SEAPA",3,3,90,14,10,1,,20,127,114,4,419,4419,1,,,194400.00,0,ESTRADAS E INFRAESTRUTURA RURAL,INFRAESTRUTURA RURAL E AGRICULTURA SUSTENTÁVEL
2027,1230,"SECRETARIA DE ESTADO DE AGRICULTURA, PECUÁRIA E ABASTECIMENTO - SEAPA",3,,1231,"SECRETARIA DE ESTADO DE AGRICULTURA, PECUÁRIA E ABASTECIMENTO - SEAPA",3,3,90,39,10,1,,20,127,114,4,419,4419,1,,,48750.00,0,ESTRADAS E INFRAESTRUTURA RURAL,INFRAESTRUTURA RURAL E AGRICULTURA SUSTENTÁVEL
2027,1230,"SECRETARIA DE ESTADO DE AGRICULTURA, PECUÁRIA E ABASTECIMENTO - SEAPA",3,,1231,"SECRETARIA DE ESTADO DE AGRICULTURA, PECUÁRIA E ABASTECIMENTO - SEAPA",3,3,90,14,10,1,,20,544,114,4,394,4394,1,,,48600.00,0,PROJETO JAÍBA,INFRAESTRUTURA RURAL E AGRICULTURA SUSTENTÁVEL
2027,1230,"SECRETARIA DE ESTADO DE AGRICULTURA, PECUÁRIA E ABASTECIMENTO - SEAPA",3,,1231,"SECRETARIA DE ESTADO DE AGRICULTURA, PECUÁRIA E ABASTECIMENTO - SEAPA",3,3,90,39,10,1,,20,544,114,4,394,4394,1,,,2520000.00,0,PROJETO JAÍBA,INFRAESTRUTURA RURAL E AGRICULTURA SUSTENTÁVEL
2027,1230,"SECRETARIA DE ESTADO DE AGRICULTURA, PECUÁRIA E ABASTECIMENTO - SEAPA",3,,1231,"SECRETARIA DE ESTADO DE AGRICULTURA, PECUÁRIA E ABASTECIMENTO - SEAPA",3,3,90,14,71,1,,20,607,114,4,398,4398,1,,,20250.00,1,IRRIGA MINAS - AGRICULTURA IRRIGADA SUSTENTÁVEL,INFRAESTRUTURA RURAL E AGRICULTURA SUSTENTÁVEL
2027,1230,"SECRETARIA DE ESTADO DE AGRICULTURA, PECUÁRIA E ABASTECIMENTO - SEAPA",3,,1231,"SECRETARIA DE ESTADO DE AGRICULTURA, PECUÁRIA E ABASTECIMENTO - SEAPA",3,3,90,32,71,1,,20,607,114,4,398,4398,1,,,12765892.00,1,IRRIGA MINAS - AGRICULTURA IRRIGADA SUSTENTÁVEL,INFRAESTRUTURA RURAL E AGRICULTURA SUSTENTÁVEL
2027,1230,"SECRETARIA DE ESTADO DE AGRICULTURA, PECUÁRIA E ABASTECIMENTO - SEAPA",3,,1231,"SECRETARIA DE ESTADO DE AGRICULTURA, PECUÁRIA E ABASTECIMENTO - SEAPA",3,3,90,37,71,1,,20,607,114,4,398,4398,1,,,1154364.00,1,IRRIGA MINAS - AGRICULTURA IRRIGADA SUSTENTÁVEL,INFRAESTRUTURA RURAL E AGRICULTURA SUSTENTÁVEL
2027,1230,"SECRETARIA DE ESTADO DE AGRICULTURA, PECUÁRIA E ABASTECIMENTO - SEAPA",3,,1231,"SECRETARIA DE ESTADO DE AGRICULTURA, PECUÁRIA E ABASTECIMENTO - SEAPA",3,3,90,14,71,1,,20,608,108,4,358,4358,1,,,68040.00,0,CIRCUITOS DE COMERCIALIZAÇÃO E MERCADOS INSTITUCIONAIS,ACESSO A MERCADOS
2027,1230,"SECRETARIA DE ESTADO DE AGRICULTURA, PECUÁRIA E ABASTECIMENTO - SEAPA",3,,1231,"SECRETARIA DE ESTADO DE AGRICULTURA, PECUÁRIA E ABASTECIMENTO - SEAPA",3,3,90,32,71,1,,20,608,108,4,358,4358,1,,,750000.00,0,CIRCUITOS DE COMERCIALIZAÇÃO E MERCADOS INSTITUCIONAIS,ACESSO A MERCADOS
2027,1230,"SECRETARIA DE ESTADO DE AGRICULTURA, PECUÁRIA E ABASTECIMENTO - SEAPA",3,,1231,"SECRETARIA DE ESTADO DE AGRICULTURA, PECUÁRIA E ABASTECIMENTO - SEAPA",3,3,90,39,69,1,,20,608,108,4,358,4358,1,,,2514437.00,0,CIRCUITOS DE COMERCIALIZAÇÃO E MERCADOS INSTITUCIONAIS,ACESSO A MERCADOS
2027,1230,"SECRETARIA DE ESTADO DE AGRICULTURA, PECUÁRIA E ABASTECIMENTO - SEAPA",3,,1231,"SECRETARIA DE ESTADO DE AGRICULTURA, PECUÁRIA E ABASTECIMENTO - SEAPA",3,3,40,41,59,1,,20,608,111,1,53,1053,1,,,3500000.00,0,AGROEXTRATIVISMO,DESENVOLVIMENTO DAS CADEIAS PRODUTIVAS DA AGROPECUÁRIA
2027,1230,"SECRETARIA DE ESTADO DE AGRICULTURA, PECUÁRIA E ABASTECIMENTO - SEAPA",3,,1231,"SECRETARIA DE ESTADO DE AGRICULTURA, PECUÁRIA E ABASTECIMENTO - SEAPA",3,3,90,14,59,1,,20,608,111,1,53,1053,1,,,24705.00,0,AGROEXTRATIVISMO,DESENVOLVIMENTO DAS CADEIAS PRODUTIVAS DA AGROPECUÁRIA
2027,1230,"SECRETARIA DE ESTADO DE AGRICULTURA, PECUÁRIA E ABASTECIMENTO - SEAPA",3,,1231,"SECRETARIA DE ESTADO DE AGRICULTURA, PECUÁRIA E ABASTECIMENTO - SEAPA",3,3,90,14,10,1,,20,608,111,4,383,4383,1,,,48600.00,0,DESENVOLVIMENTO RURAL SUSTENTÁVEL E AGRICULTURA FAMILIAR,DESENVOLVIMENTO DAS CADEIAS PRODUTIVAS DA AGROPECUÁRIA
2027,1230,"SECRETARIA DE ESTADO DE AGRICULTURA, PECUÁRIA E ABASTECIMENTO - SEAPA",3,,1231,"SECRETARIA DE ESTADO DE AGRICULTURA, PECUÁRIA E ABASTECIMENTO - SEAPA",3,3,90,32,1,1,,20,608,111,4,383,4383,1,,,1339000.00,0,DESENVOLVIMENTO RURAL SUSTENTÁVEL E AGRICULTURA FAMILIAR,DESENVOLVIMENTO DAS CADEIAS PRODUTIVAS DA AGROPECUÁRIA
2027,1230,"SECRETARIA DE ESTADO DE AGRICULTURA, PECUÁRIA E ABASTECIMENTO - SEAPA",3,,1231,"SECRETARIA DE ESTADO DE AGRICULTURA, PECUÁRIA E ABASTECIMENTO - SEAPA",3,3,90,32,24,1,,20,608,111,4,383,4383,1,,,2000.00,0,DESENVOLVIMENTO RURAL SUSTENTÁVEL E AGRICULTURA FAMILIAR,DESENVOLVIMENTO DAS CADEIAS PRODUTIVAS DA AGROPECUÁRIA
2027,1230,"SECRETARIA DE ESTADO DE AGRICULTURA, PECUÁRIA E ABASTECIMENTO - SEAPA",3,,1231,"SECRETARIA DE ESTADO DE AGRICULTURA, PECUÁRIA E ABASTECIMENTO - SEAPA",3,3,90,32,98,1,,20,608,111,4,383,4383,1,,,4000.00,0,DESENVOLVIMENTO RURAL SUSTENTÁVEL E AGRICULTURA FAMILIAR,DESENVOLVIMENTO DAS CADEIAS PRODUTIVAS DA AGROPECUÁRIA
2027,1230,"SECRETARIA DE ESTADO DE AGRICULTURA, PECUÁRIA E ABASTECIMENTO - SEAPA",3,,1231,"SECRETARIA DE ESTADO DE AGRICULTURA, PECUÁRIA E ABASTECIMENTO - SEAPA",3,3,90,39,10,1,,20,608,111,4,383,4383,1,,,200000.00,0,DESENVOLVIMENTO RURAL SUSTENTÁVEL E AGRICULTURA FAMILIAR,DESENVOLVIMENTO DAS CADEIAS PRODUTIVAS DA AGROPECUÁRIA
2027,1230,"SECRETARIA DE ESTADO DE AGRICULTURA, PECUÁRIA E ABASTECIMENTO - SEAPA",3,,1231,"SECRETARIA DE ESTADO DE AGRICULTURA, PECUÁRIA E ABASTECIMENTO - SEAPA",3,3,90,14,71,1,,20,608,113,4,399,4399,1,,,10571.00,0,GARANTIA SAFRA,GARANTIA DE CONTINUIDADE DA PRODUÇÃO AGROPECUÁRIA
2027,1230,"SECRETARIA DE ESTADO DE AGRICULTURA, PECUÁRIA E ABASTECIMENTO - SEAPA",3,,1231,"SECRETARIA DE ESTADO DE AGRICULTURA, PECUÁRIA E ABASTECIMENTO - SEAPA",3,3,90,41,71,1,,20,608,113,4,399,4399,1,,,6400000.00,0,GARANTIA SAFRA,GARANTIA DE CONTINUIDADE DA PRODUÇÃO AGROPECUÁRIA
2027,1230,"SECRETARIA DE ESTADO DE AGRICULTURA, PECUÁRIA E ABASTECIMENTO - SEAPA",3,,1231,"SECRETARIA DE ESTADO DE AGRICULTURA, PECUÁRIA E ABASTECIMENTO - SEAPA",3,3,90,14,10,1,,20,608,116,4,386,4386,1,,,118400.00,0,INOVAÇÃO E ECONOMIA AGROPECUÁRIA,INOVA AGRO GERAIS
2027,1230,"SECRETARIA DE ESTADO DE AGRICULTURA, PECUÁRIA E ABASTECIMENTO - SEAPA",3,,1231,"SECRETARIA DE ESTADO DE AGRICULTURA, PECUÁRIA E ABASTECIMENTO - SEAPA",3,3,90,33,10,1,,20,608,116,4,386,4386,1,,,300000.00,0,INOVAÇÃO E ECONOMIA AGROPECUÁRIA,INOVA AGRO GERAIS
2027,1230,"SECRETARIA DE ESTADO DE AGRICULTURA, PECUÁRIA E ABASTECIMENTO - SEAPA",3,,1231,"SECRETARIA DE ESTADO DE AGRICULTURA, PECUÁRIA E ABASTECIMENTO - SEAPA",3,3,90,40,10,1,,20,608,116,4,386,4386,1,,,50600.00,0,INOVAÇÃO E ECONOMIA AGROPECUÁRIA,INOVA AGRO GERAIS
2027,1230,"SECRETARIA DE ESTADO DE AGRICULTURA, PECUÁRIA E ABASTECIMENTO - SEAPA",3,,1231,"SECRETARIA DE ESTADO DE AGRICULTURA, PECUÁRIA E ABASTECIMENTO - SEAPA",3,1,90,11,71,1,,21,605,110,4,363,4363,1,,,1438425.00,1,REGULARIZAÇÃO FUNDIÁRIA DE IMÓVEIS RURAIS,REGULARIZAÇÃO FUNDIÁRIA - AMPLIAÇÃO DA SEGURANÇA JURÍDICA NO CAMPO
2027,1230,"SECRETARIA DE ESTADO DE AGRICULTURA, PECUÁRIA E ABASTECIMENTO - SEAPA",3,,1231,"SECRETARIA DE ESTADO DE AGRICULTURA, PECUÁRIA E ABASTECIMENTO - SEAPA",3,1,90,13,71,1,,21,605,110,4,363,4363,1,,,135365.00,1,REGULARIZAÇÃO FUNDIÁRIA DE IMÓVEIS RURAIS,REGULARIZAÇÃO FUNDIÁRIA - AMPLIAÇÃO DA SEGURANÇA JURÍDICA NO CAMPO
2027,1230,"SECRETARIA DE ESTADO DE AGRICULTURA, PECUÁRIA E ABASTECIMENTO - SEAPA",3,,1231,"SECRETARIA DE ESTADO DE AGRICULTURA, PECUÁRIA E ABASTECIMENTO - SEAPA",3,1,90,92,71,1,,21,605,110,4,363,4363,1,,,1017.00,1,REGULARIZAÇÃO FUNDIÁRIA DE IMÓVEIS RURAIS,REGULARIZAÇÃO FUNDIÁRIA - AMPLIAÇÃO DA SEGURANÇA JURÍDICA NO CAMPO
2027,1230,"SECRETARIA DE ESTADO DE AGRICULTURA, PECUÁRIA E ABASTECIMENTO - SEAPA",3,,1231,"SECRETARIA DE ESTADO DE AGRICULTURA, PECUÁRIA E ABASTECIMENTO - SEAPA",3,1,91,13,71,1,,21,605,110,4,363,4363,1,,,318755.00,1,REGULARIZAÇÃO FUNDIÁRIA DE IMÓVEIS RURAIS,REGULARIZAÇÃO FUNDIÁRIA - AMPLIAÇÃO DA SEGURANÇA JURÍDICA NO CAMPO
2027,1230,"SECRETARIA DE ESTADO DE AGRICULTURA, PECUÁRIA E ABASTECIMENTO - SEAPA",3,,1231,"SECRETARIA DE ESTADO DE AGRICULTURA, PECUÁRIA E ABASTECIMENTO - SEAPA",3,3,90,14,71,1,,21,605,110,4,363,4363,1,,,262440.00,1,REGULARIZAÇÃO FUNDIÁRIA DE IMÓVEIS RURAIS,REGULARIZAÇÃO FUNDIÁRIA - AMPLIAÇÃO DA SEGURANÇA JURÍDICA NO CAMPO
2027,1230,"SECRETARIA DE ESTADO DE AGRICULTURA, PECUÁRIA E ABASTECIMENTO - SEAPA",3,,1231,"SECRETARIA DE ESTADO DE AGRICULTURA, PECUÁRIA E ABASTECIMENTO - SEAPA",3,3,90,30,71,1,,21,605,110,4,363,4363,1,,,36433.00,1,REGULARIZAÇÃO FUNDIÁRIA DE IMÓVEIS RURAIS,REGULARIZAÇÃO FUNDIÁRIA - AMPLIAÇÃO DA SEGURANÇA JURÍDICA NO CAMPO
2027,1230,"SECRETARIA DE ESTADO DE AGRICULTURA, PECUÁRIA E ABASTECIMENTO - SEAPA",3,,1231,"SECRETARIA DE ESTADO DE AGRICULTURA, PECUÁRIA E ABASTECIMENTO - SEAPA",3,3,90,37,71,1,,21,605,110,4,363,4363,1,,,2252365.00,1,REGULARIZAÇÃO FUNDIÁRIA DE IMÓVEIS RURAIS,REGULARIZAÇÃO FUNDIÁRIA - AMPLIAÇÃO DA SEGURANÇA JURÍDICA NO CAMPO
2027,1230,"SECRETARIA DE ESTADO DE AGRICULTURA, PECUÁRIA E ABASTECIMENTO - SEAPA",3,,1231,"SECRETARIA DE ESTADO DE AGRICULTURA, PECUÁRIA E ABASTECIMENTO - SEAPA",3,3,90,39,71,1,,21,605,110,4,363,4363,1,,,4332204.00,1,REGULARIZAÇÃO FUNDIÁRIA DE IMÓVEIS RURAIS,REGULARIZAÇÃO FUNDIÁRIA - AMPLIAÇÃO DA SEGURANÇA JURÍDICA NO CAMPO
2027,1230,"SECRETARIA DE ESTADO DE AGRICULTURA, PECUÁRIA E ABASTECIMENTO - SEAPA",3,,1231,"SECRETARIA DE ESTADO DE AGRICULTURA, PECUÁRIA E ABASTECIMENTO - SEAPA",3,3,90,46,71,7,,21,605,110,4,363,4363,1,,,289203.00,1,REGULARIZAÇÃO FUNDIÁRIA DE IMÓVEIS RURAIS,REGULARIZAÇÃO FUNDIÁRIA - AMPLIAÇÃO DA SEGURANÇA JURÍDICA NO CAMPO
2027,1230,"SECRETARIA DE ESTADO DE AGRICULTURA, PECUÁRIA E ABASTECIMENTO - SEAPA",3,,1231,"SECRETARIA DE ESTADO DE AGRICULTURA, PECUÁRIA E ABASTECIMENTO - SEAPA",3,3,90,49,71,7,,21,605,110,4,363,4363,1,,,17832.00,1,REGULARIZAÇÃO FUNDIÁRIA DE IMÓVEIS RURAIS,REGULARIZAÇÃO FUNDIÁRIA - AMPLIAÇÃO DA SEGURANÇA JURÍDICA NO CAMPO
2027,1230,"SECRETARIA DE ESTADO DE AGRICULTURA, PECUÁRIA E ABASTECIMENTO - IMA",3,,2371,INSTITUTO MINEIRO DE AGROPECUÁRIA - IMA,3,1,90,11,10,1,,20,122,705,2,417,2417,1,,,125616353.00,0,REMUNERAÇÃO DE PESSOAL ATIVO E ENCARGOS SOCIAIS,APOIO ÀS POLÍTICAS PÚBLICAS
2027,1230,"SECRETARIA DE ESTADO DE AGRICULTURA, PECUÁRIA E ABASTECIMENTO - IMA",3,,2371,INSTITUTO MINEIRO DE AGROPECUÁRIA - IMA,3,1,90,11,60,1,,20,122,705,2,417,2417,1,,,7130421.00,0,REMUNERAÇÃO DE PESSOAL ATIVO E ENCARGOS SOCIAIS,APOIO ÀS POLÍTICAS PÚBLICAS
2027,1230,"SECRETARIA DE ESTADO DE AGRICULTURA, PECUÁRIA E ABASTECIMENTO - IMA",3,,2371,INSTITUTO MINEIRO DE AGROPECUÁRIA - IMA,3,1,90,11,91,1,,20,122,705,2,417,2417,1,,,52545442.00,0,REMUNERAÇÃO DE PESSOAL ATIVO E ENCARGOS SOCIAIS,APOIO ÀS POLÍTICAS PÚBLICAS
2027,1230,"SECRETARIA DE ESTADO DE AGRICULTURA, PECUÁRIA E ABASTECIMENTO - IMA",3,,2371,INSTITUTO MINEIRO DE AGROPECUÁRIA - IMA,3,1,91,13,10,1,,20,122,705,2,417,2417,1,,,50552846.00,0,REMUNERAÇÃO DE PESSOAL ATIVO E ENCARGOS SOCIAIS,APOIO ÀS POLÍTICAS PÚBLICAS
2027,1230,"SECRETARIA DE ESTADO DE AGRICULTURA, PECUÁRIA E ABASTECIMENTO - IMA",3,,2371,INSTITUTO MINEIRO DE AGROPECUÁRIA - IMA,3,1,91,13,60,1,,20,122,705,2,417,2417,1,,,2869579.00,0,REMUNERAÇÃO DE PESSOAL ATIVO E ENCARGOS SOCIAIS,APOIO ÀS POLÍTICAS PÚBLICAS
2027,1230,"SECRETARIA DE ESTADO DE AGRICULTURA, PECUÁRIA E ABASTECIMENTO - IMA",3,,2371,INSTITUTO MINEIRO DE AGROPECUÁRIA - IMA,3,1,91,13,91,1,,20,122,705,2,417,2417,1,,,21146873.00,0,REMUNERAÇÃO DE PESSOAL ATIVO E ENCARGOS SOCIAIS,APOIO ÀS POLÍTICAS PÚBLICAS
2027,1230,"SECRETARIA DE ESTADO DE AGRICULTURA, PECUÁRIA E ABASTECIMENTO - IMA",3,,2371,INSTITUTO MINEIRO DE AGROPECUÁRIA - IMA,3,3,90,36,91,1,,20,122,705,2,417,2417,1,,,828451.00,0,REMUNERAÇÃO DE PESSOAL ATIVO E ENCARGOS SOCIAIS,APOIO ÀS POLÍTICAS PÚBLICAS
2027,1230,"SECRETARIA DE ESTADO DE AGRICULTURA, PECUÁRIA E ABASTECIMENTO - IMA",3,,2371,INSTITUTO MINEIRO DE AGROPECUÁRIA - IMA,3,3,90,46,10,7,,20,122,705,2,417,2417,1,,,50668064.00,0,REMUNERAÇÃO DE PESSOAL ATIVO E ENCARGOS SOCIAIS,APOIO ÀS POLÍTICAS PÚBLICAS
2027,1230,"SECRETARIA DE ESTADO DE AGRICULTURA, PECUÁRIA E ABASTECIMENTO - IMA",3,,2371,INSTITUTO MINEIRO DE AGROPECUÁRIA - IMA,3,3,90,49,10,7,,20,122,705,2,417,2417,1,,,150000.00,0,REMUNERAÇÃO DE PESSOAL ATIVO E ENCARGOS SOCIAIS,APOIO ÀS POLÍTICAS PÚBLICAS
2027,1230,"SECRETARIA DE ESTADO DE AGRICULTURA, PECUÁRIA E ABASTECIMENTO - IMA",3,,2371,INSTITUTO MINEIRO DE AGROPECUÁRIA - IMA,3,3,90,14,91,1,,20,122,705,2,500,2500,1,,,49644.00,0,ASSESSORAMENTO E GERENCIAMENTO DE POLÍTICAS PÚBLICAS,APOIO ÀS POLÍTICAS PÚBLICAS
2027,1230,"SECRETARIA DE ESTADO DE AGRICULTURA, PECUÁRIA E ABASTECIMENTO - IMA",3,,2371,INSTITUTO MINEIRO DE AGROPECUÁRIA - IMA,3,3,90,30,91,1,,20,122,705,2,500,2500,1,,,198000.00,0,ASSESSORAMENTO E GERENCIAMENTO DE POLÍTICAS PÚBLICAS,APOIO ÀS POLÍTICAS PÚBLICAS
2027,1230,"SECRETARIA DE ESTADO DE AGRICULTURA, PECUÁRIA E ABASTECIMENTO - IMA",3,,2371,INSTITUTO MINEIRO DE AGROPECUÁRIA - IMA,3,3,90,33,91,1,,20,122,705,2,500,2500,1,,,42000.00,0,ASSESSORAMENTO E GERENCIAMENTO DE POLÍTICAS PÚBLICAS,APOIO ÀS POLÍTICAS PÚBLICAS
2027,1230,"SECRETARIA DE ESTADO DE AGRICULTURA, PECUÁRIA E ABASTECIMENTO - IMA",3,,2371,INSTITUTO MINEIRO DE AGROPECUÁRIA - IMA,3,3,90,37,91,1,,20,122,705,2,500,2500,1,,,2314564.00,0,ASSESSORAMENTO E GERENCIAMENTO DE POLÍTICAS PÚBLICAS,APOIO ÀS POLÍTICAS PÚBLICAS
2027,1230,"SECRETARIA DE ESTADO DE AGRICULTURA, PECUÁRIA E ABASTECIMENTO - IMA",3,,2371,INSTITUTO MINEIRO DE AGROPECUÁRIA - IMA,3,3,90,39,91,1,,20,122,705,2,500,2500,1,,,184780.00,0,ASSESSORAMENTO E GERENCIAMENTO DE POLÍTICAS PÚBLICAS,APOIO ÀS POLÍTICAS PÚBLICAS
2027,1230,"SECRETARIA DE ESTADO DE AGRICULTURA, PECUÁRIA E ABASTECIMENTO - IMA",3,,2371,INSTITUTO MINEIRO DE AGROPECUÁRIA - IMA,3,3,90,40,60,1,,20,122,705,2,500,2500,1,,,2482936.00,0,ASSESSORAMENTO E GERENCIAMENTO DE POLÍTICAS PÚBLICAS,APOIO ÀS POLÍTICAS PÚBLICAS
2027,1230,"SECRETARIA DE ESTADO DE AGRICULTURA, PECUÁRIA E ABASTECIMENTO - IMA",3,,2371,INSTITUTO MINEIRO DE AGROPECUÁRIA - IMA,3,3,90,40,91,1,,20,122,705,2,500,2500,1,,,2551101.00,0,ASSESSORAMENTO E GERENCIAMENTO DE POLÍTICAS PÚBLICAS,APOIO ÀS POLÍTICAS PÚBLICAS
2027,1230,"SECRETARIA DE ESTADO DE AGRICULTURA, PECUÁRIA E ABASTECIMENTO - IMA",3,,2371,INSTITUTO MINEIRO DE AGROPECUÁRIA - IMA,3,3,90,47,91,1,,20,122,705,2,500,2500,1,,,1512000.00,0,ASSESSORAMENTO E GERENCIAMENTO DE POLÍTICAS PÚBLICAS,APOIO ÀS POLÍTICAS PÚBLICAS
2027,1230,"SECRETARIA DE ESTADO DE AGRICULTURA, PECUÁRIA E ABASTECIMENTO - IMA",3,,2371,INSTITUTO MINEIRO DE AGROPECUÁRIA - IMA,3,3,90,85,91,1,,20,122,705,2,500,2500,1,,,1366223.00,0,ASSESSORAMENTO E GERENCIAMENTO DE POLÍTICAS PÚBLICAS,APOIO ÀS POLÍTICAS PÚBLICAS
2027,1230,"SECRETARIA DE ESTADO DE AGRICULTURA, PECUÁRIA E ABASTECIMENTO - IMA",3,,2371,INSTITUTO MINEIRO DE AGROPECUÁRIA - IMA,4,4,90,52,91,1,,20,122,705,2,500,2500,1,,,40000.00,0,ASSESSORAMENTO E GERENCIAMENTO DE POLÍTICAS PÚBLICAS,APOIO ÀS POLÍTICAS PÚBLICAS
2027,1230,"SECRETARIA DE ESTADO DE AGRICULTURA, PECUÁRIA E ABASTECIMENTO - IMA",3,,2371,INSTITUTO MINEIRO DE AGROPECUÁRIA - IMA,3,3,90,14,91,1,,20,304,112,4,440,4440,1,,,302720.00,0,CERTIFICAÇÃO DE PRODUTOS E DE PROPRIEDADES AGROPECUÁRIAS E AGROINDUSTRIAIS,CERTIFICAÇÕES E HABILITAÇÕES DE PRODUTOS AGROPECUÁRIOS E AGROINDUSTRIAIS
2027,1230,"SECRETARIA DE ESTADO DE AGRICULTURA, PECUÁRIA E ABASTECIMENTO - IMA",3,,2371,INSTITUTO MINEIRO DE AGROPECUÁRIA - IMA,3,3,90,30,91,1,,20,304,112,4,440,4440,1,,,68400.00,0,CERTIFICAÇÃO DE PRODUTOS E DE PROPRIEDADES AGROPECUÁRIAS E AGROINDUSTRIAIS,CERTIFICAÇÕES E HABILITAÇÕES DE PRODUTOS AGROPECUÁRIOS E AGROINDUSTRIAIS
2027,1230,"SECRETARIA DE ESTADO DE AGRICULTURA, PECUÁRIA E ABASTECIMENTO - IMA",3,,2371,INSTITUTO MINEIRO DE AGROPECUÁRIA - IMA,3,3,90,33,91,1,,20,304,112,4,440,4440,1,,,10000.00,0,CERTIFICAÇÃO DE PRODUTOS E DE PROPRIEDADES AGROPECUÁRIAS E AGROINDUSTRIAIS,CERTIFICAÇÕES E HABILITAÇÕES DE PRODUTOS AGROPECUÁRIOS E AGROINDUSTRIAIS
2027,1230,"SECRETARIA DE ESTADO DE AGRICULTURA, PECUÁRIA E ABASTECIMENTO - IMA",3,,2371,INSTITUTO MINEIRO DE AGROPECUÁRIA - IMA,3,3,90,35,91,1,,20,304,112,4,440,4440,1,,,28715.00,0,CERTIFICAÇÃO DE PRODUTOS E DE PROPRIEDADES AGROPECUÁRIAS E AGROINDUSTRIAIS,CERTIFICAÇÕES E HABILITAÇÕES DE PRODUTOS AGROPECUÁRIOS E AGROINDUSTRIAIS
2027,1230,"SECRETARIA DE ESTADO DE AGRICULTURA, PECUÁRIA E ABASTECIMENTO - IMA",3,,2371,INSTITUTO MINEIRO DE AGROPECUÁRIA - IMA,3,3,90,39,91,1,,20,304,112,4,440,4440,1,,,103239.00,0,CERTIFICAÇÃO DE PRODUTOS E DE PROPRIEDADES AGROPECUÁRIAS E AGROINDUSTRIAIS,CERTIFICAÇÕES E HABILITAÇÕES DE PRODUTOS AGROPECUÁRIOS E AGROINDUSTRIAIS
2027,1230,"SECRETARIA DE ESTADO DE AGRICULTURA, PECUÁRIA E ABASTECIMENTO - IMA",3,,2371,INSTITUTO MINEIRO DE AGROPECUÁRIA - IMA,3,3,90,40,60,1,,20,304,112,4,440,4440,1,,,450089.00,0,CERTIFICAÇÃO DE PRODUTOS E DE PROPRIEDADES AGROPECUÁRIAS E AGROINDUSTRIAIS,CERTIFICAÇÕES E HABILITAÇÕES DE PRODUTOS AGROPECUÁRIOS E AGROINDUSTRIAIS
2027,1230,"SECRETARIA DE ESTADO DE AGRICULTURA, PECUÁRIA E ABASTECIMENTO - IMA",3,,2371,INSTITUTO MINEIRO DE AGROPECUÁRIA - IMA,3,3,90,14,91,1,,20,304,118,4,439,4439,1,,,93208.00,0,EDUCAÇÃO SANITÁRIA,EDUCAÇÃO E SUCESSÃO RURAL
2027,1230,"SECRETARIA DE ESTADO DE AGRICULTURA, PECUÁRIA E ABASTECIMENTO - IMA",3,,2371,INSTITUTO MINEIRO DE AGROPECUÁRIA - IMA,3,3,90,30,91,1,,20,304,118,4,439,4439,1,,,152810.00,0,EDUCAÇÃO SANITÁRIA,EDUCAÇÃO E SUCESSÃO RURAL
2027,1230,"SECRETARIA DE ESTADO DE AGRICULTURA, PECUÁRIA E ABASTECIMENTO - IMA",3,,2371,INSTITUTO MINEIRO DE AGROPECUÁRIA - IMA,3,3,90,39,91,1,,20,304,118,4,439,4439,1,,,58640.00,0,EDUCAÇÃO SANITÁRIA,EDUCAÇÃO E SUCESSÃO RURAL
2027,1230,"SECRETARIA DE ESTADO DE AGRICULTURA, PECUÁRIA E ABASTECIMENTO - IMA",3,,2371,INSTITUTO MINEIRO DE AGROPECUÁRIA - IMA,3,3,90,40,60,1,,20,304,118,4,439,4439,1,,,450089.00,0,EDUCAÇÃO SANITÁRIA,EDUCAÇÃO E SUCESSÃO RURAL
2027,1230,"SECRETARIA DE ESTADO DE AGRICULTURA, PECUÁRIA E ABASTECIMENTO - IMA",3,,2371,INSTITUTO MINEIRO DE AGROPECUÁRIA - IMA,4,4,90,52,91,1,,20,304,118,4,439,4439,1,,,62500.00,0,EDUCAÇÃO SANITÁRIA,EDUCAÇÃO E SUCESSÃO RURAL
2027,1230,"SECRETARIA DE ESTADO DE AGRICULTURA, PECUÁRIA E ABASTECIMENTO - IMA",3,,2371,INSTITUTO MINEIRO DE AGROPECUÁRIA - IMA,3,3,90,14,91,1,,20,304,80,4,317,4317,1,,,25842.00,0,REALIZAÇÃO DE DIAGNÓSTICOS E ANÁLISES LABORATORIAIS,SEGURANÇA DE ALIMENTOS
2027,1230,"SECRETARIA DE ESTADO DE AGRICULTURA, PECUÁRIA E ABASTECIMENTO - IMA",3,,2371,INSTITUTO MINEIRO DE AGROPECUÁRIA - IMA,3,3,90,30,91,1,,20,304,80,4,317,4317,1,,,281880.00,0,REALIZAÇÃO DE DIAGNÓSTICOS E ANÁLISES LABORATORIAIS,SEGURANÇA DE ALIMENTOS
2027,1230,"SECRETARIA DE ESTADO DE AGRICULTURA, PECUÁRIA E ABASTECIMENTO - IMA",3,,2371,INSTITUTO MINEIRO DE AGROPECUÁRIA - IMA,3,3,90,33,91,1,,20,304,80,4,317,4317,1,,,25500.00,0,REALIZAÇÃO DE DIAGNÓSTICOS E ANÁLISES LABORATORIAIS,SEGURANÇA DE ALIMENTOS
2027,1230,"SECRETARIA DE ESTADO DE AGRICULTURA, PECUÁRIA E ABASTECIMENTO - IMA",3,,2371,INSTITUTO MINEIRO DE AGROPECUÁRIA - IMA,3,3,90,36,91,1,,20,304,80,4,317,4317,1,,,2400.00,0,REALIZAÇÃO DE DIAGNÓSTICOS E ANÁLISES LABORATORIAIS,SEGURANÇA DE ALIMENTOS
2027,1230,"SECRETARIA DE ESTADO DE AGRICULTURA, PECUÁRIA E ABASTECIMENTO - IMA",3,,2371,INSTITUTO MINEIRO DE AGROPECUÁRIA - IMA,3,3,90,37,91,1,,20,304,80,4,317,4317,1,,,1011142.00,0,REALIZAÇÃO DE DIAGNÓSTICOS E ANÁLISES LABORATORIAIS,SEGURANÇA DE ALIMENTOS
2027,1230,"SECRETARIA DE ESTADO DE AGRICULTURA, PECUÁRIA E ABASTECIMENTO - IMA",3,,2371,INSTITUTO MINEIRO DE AGROPECUÁRIA - IMA,3,3,90,39,91,1,,20,304,80,4,317,4317,1,,,594060.00,0,REALIZAÇÃO DE DIAGNÓSTICOS E ANÁLISES LABORATORIAIS,SEGURANÇA DE ALIMENTOS
2027,1230,"SECRETARIA DE ESTADO DE AGRICULTURA, PECUÁRIA E ABASTECIMENTO - IMA",3,,2371,INSTITUTO MINEIRO DE AGROPECUÁRIA - IMA,3,3,90,40,60,1,,20,304,80,4,317,4317,1,,,450089.00,0,REALIZAÇÃO DE DIAGNÓSTICOS E ANÁLISES LABORATORIAIS,SEGURANÇA DE ALIMENTOS
2027,1230,"SECRETARIA DE ESTADO DE AGRICULTURA, PECUÁRIA E ABASTECIMENTO - IMA",3,,2371,INSTITUTO MINEIRO DE AGROPECUÁRIA - IMA,3,3,90,40,91,1,,20,304,80,4,317,4317,1,,,2220.00,0,REALIZAÇÃO DE DIAGNÓSTICOS E ANÁLISES LABORATORIAIS,SEGURANÇA DE ALIMENTOS
2027,1230,"SECRETARIA DE ESTADO DE AGRICULTURA, PECUÁRIA E ABASTECIMENTO - IMA",3,,2371,INSTITUTO MINEIRO DE AGROPECUÁRIA - IMA,3,3,90,47,91,1,,20,304,80,4,317,4317,1,,,1995.00,0,REALIZAÇÃO DE DIAGNÓSTICOS E ANÁLISES LABORATORIAIS,SEGURANÇA DE ALIMENTOS
2027,1230,"SECRETARIA DE ESTADO DE AGRICULTURA, PECUÁRIA E ABASTECIMENTO - IMA",3,,2371,INSTITUTO MINEIRO DE AGROPECUÁRIA - IMA,3,3,90,14,91,1,,20,304,80,4,318,4318,1,,,303655.00,0,INSPEÇÃO E FISCALIZAÇÃO DE PRODUTOS DE ORIGEM VEGETAL,SEGURANÇA DE ALIMENTOS
2027,1230,"SECRETARIA DE ESTADO DE AGRICULTURA, PECUÁRIA E ABASTECIMENTO - IMA",3,,2371,INSTITUTO MINEIRO DE AGROPECUÁRIA - IMA,3,3,90,30,91,1,,20,304,80,4,318,4318,1,,,123100.00,0,INSPEÇÃO E FISCALIZAÇÃO DE PRODUTOS DE ORIGEM VEGETAL,SEGURANÇA DE ALIMENTOS
2027,1230,"SECRETARIA DE ESTADO DE AGRICULTURA, PECUÁRIA E ABASTECIMENTO - IMA",3,,2371,INSTITUTO MINEIRO DE AGROPECUÁRIA - IMA,3,3,90,33,91,1,,20,304,80,4,318,4318,1,,,1650.00,0,INSPEÇÃO E FISCALIZAÇÃO DE PRODUTOS DE ORIGEM VEGETAL,SEGURANÇA DE ALIMENTOS
2027,1230,"SECRETARIA DE ESTADO DE AGRICULTURA, PECUÁRIA E ABASTECIMENTO - IMA",3,,2371,INSTITUTO MINEIRO DE AGROPECUÁRIA - IMA,3,3,90,39,91,1,,20,304,80,4,318,4318,1,,,96020.00,0,INSPEÇÃO E FISCALIZAÇÃO DE PRODUTOS DE ORIGEM VEGETAL,SEGURANÇA DE ALIMENTOS
2027,1230,"SECRETARIA DE ESTADO DE AGRICULTURA, PECUÁRIA E ABASTECIMENTO - IMA",3,,2371,INSTITUTO MINEIRO DE AGROPECUÁRIA - IMA,3,3,90,40,60,1,,20,304,80,4,318,4318,1,,,450089.00,0,INSPEÇÃO E FISCALIZAÇÃO DE PRODUTOS DE ORIGEM VEGETAL,SEGURANÇA DE ALIMENTOS
2027,1230,"SECRETARIA DE ESTADO DE AGRICULTURA, PECUÁRIA E ABASTECIMENTO - IMA",3,,2371,INSTITUTO MINEIRO DE AGROPECUÁRIA - IMA,3,3,90,14,91,1,,20,304,80,4,319,4319,1,,,263442.00,0,INSPEÇÃO E FISCALIZAÇÃO DE PRODUTOS DE ORIGEM ANIMAL,SEGURANÇA DE ALIMENTOS
2027,1230,"SECRETARIA DE ESTADO DE AGRICULTURA, PECUÁRIA E ABASTECIMENTO - IMA",3,,2371,INSTITUTO MINEIRO DE AGROPECUÁRIA - IMA,3,3,90,30,91,1,,20,304,80,4,319,4319,1,,,143250.00,0,INSPEÇÃO E FISCALIZAÇÃO DE PRODUTOS DE ORIGEM ANIMAL,SEGURANÇA DE ALIMENTOS
2027,1230,"SECRETARIA DE ESTADO DE AGRICULTURA, PECUÁRIA E ABASTECIMENTO - IMA",3,,2371,INSTITUTO MINEIRO DE AGROPECUÁRIA - IMA,3,3,90,33,91,1,,20,304,80,4,319,4319,1,,,26500.00,0,INSPEÇÃO E FISCALIZAÇÃO DE PRODUTOS DE ORIGEM ANIMAL,SEGURANÇA DE ALIMENTOS
2027,1230,"SECRETARIA DE ESTADO DE AGRICULTURA, PECUÁRIA E ABASTECIMENTO - IMA",3,,2371,INSTITUTO MINEIRO DE AGROPECUÁRIA - IMA,3,3,90,39,91,1,,20,304,80,4,319,4319,1,,,116600.00,0,INSPEÇÃO E FISCALIZAÇÃO DE PRODUTOS DE ORIGEM ANIMAL,SEGURANÇA DE ALIMENTOS
2027,1230,"SECRETARIA DE ESTADO DE AGRICULTURA, PECUÁRIA E ABASTECIMENTO - IMA",3,,2371,INSTITUTO MINEIRO DE AGROPECUÁRIA - IMA,3,3,90,40,60,1,,20,304,80,4,319,4319,1,,,478089.00,0,INSPEÇÃO E FISCALIZAÇÃO DE PRODUTOS DE ORIGEM ANIMAL,SEGURANÇA DE ALIMENTOS
2027,1230,"SECRETARIA DE ESTADO DE AGRICULTURA, PECUÁRIA E ABASTECIMENTO - IMA",3,,2371,INSTITUTO MINEIRO DE AGROPECUÁRIA - IMA,3,3,90,14,91,1,,20,609,108,4,498,4498,1,,,41730.00,0,APOIO À AGROINDÚSTRIA FAMILIAR,ACESSO A MERCADOS
2027,1230,"SECRETARIA DE ESTADO DE AGRICULTURA, PECUÁRIA E ABASTECIMENTO - IMA",3,,2371,INSTITUTO MINEIRO DE AGROPECUÁRIA - IMA,3,3,90,30,91,1,,20,609,108,4,498,4498,1,,,36675.00,0,APOIO À AGROINDÚSTRIA FAMILIAR,ACESSO A MERCADOS
2027,1230,"SECRETARIA DE ESTADO DE AGRICULTURA, PECUÁRIA E ABASTECIMENTO - IMA",3,,2371,INSTITUTO MINEIRO DE AGROPECUÁRIA - IMA,3,3,90,39,91,1,,20,609,108,4,498,4498,1,,,50580.00,0,APOIO À AGROINDÚSTRIA FAMILIAR,ACESSO A MERCADOS
2027,1230,"SECRETARIA DE ESTADO DE AGRICULTURA, PECUÁRIA E ABASTECIMENTO - IMA",3,,2371,INSTITUTO MINEIRO DE AGROPECUÁRIA - IMA,3,3,90,40,60,1,,20,609,108,4,498,4498,1,,,450089.00,0,APOIO À AGROINDÚSTRIA FAMILIAR,ACESSO A MERCADOS
2027,1230,"SECRETARIA DE ESTADO DE AGRICULTURA, PECUÁRIA E ABASTECIMENTO - IMA",3,,2371,INSTITUTO MINEIRO DE AGROPECUÁRIA - IMA,3,3,90,14,24,1,,20,609,78,4,202,4202,1,,,2000.00,0,APRIMORAMENTO DA DEFESA SANITÁRIA - VIGILÂNCIA SANITÁRIA ANIMAL,DEFESA SANITÁRIA
2027,1230,"SECRETARIA DE ESTADO DE AGRICULTURA, PECUÁRIA E ABASTECIMENTO - IMA",3,,2371,INSTITUTO MINEIRO DE AGROPECUÁRIA - IMA,3,3,90,14,91,1,,20,609,78,4,202,4202,1,,,494916.00,0,APRIMORAMENTO DA DEFESA SANITÁRIA - VIGILÂNCIA SANITÁRIA ANIMAL,DEFESA SANITÁRIA
2027,1230,"SECRETARIA DE ESTADO DE AGRICULTURA, PECUÁRIA E ABASTECIMENTO - IMA",3,,2371,INSTITUTO MINEIRO DE AGROPECUÁRIA - IMA,3,3,90,30,91,1,,20,609,78,4,202,4202,1,,,895424.00,0,APRIMORAMENTO DA DEFESA SANITÁRIA - VIGILÂNCIA SANITÁRIA ANIMAL,DEFESA SANITÁRIA
2027,1230,"SECRETARIA DE ESTADO DE AGRICULTURA, PECUÁRIA E ABASTECIMENTO - IMA",3,,2371,INSTITUTO MINEIRO DE AGROPECUÁRIA - IMA,3,3,90,33,91,1,,20,609,78,4,202,4202,1,,,41800.00,0,APRIMORAMENTO DA DEFESA SANITÁRIA - VIGILÂNCIA SANITÁRIA ANIMAL,DEFESA SANITÁRIA
2027,1230,"SECRETARIA DE ESTADO DE AGRICULTURA, PECUÁRIA E ABASTECIMENTO - IMA",3,,2371,INSTITUTO MINEIRO DE AGROPECUÁRIA - IMA,3,3,90,39,91,1,,20,609,78,4,202,4202,1,,,413400.00,0,APRIMORAMENTO DA DEFESA SANITÁRIA - VIGILÂNCIA SANITÁRIA ANIMAL,DEFESA SANITÁRIA
2027,1230,"SECRETARIA DE ESTADO DE AGRICULTURA, PECUÁRIA E ABASTECIMENTO - IMA",3,,2371,INSTITUTO MINEIRO DE AGROPECUÁRIA - IMA,3,3,90,40,60,1,,20,609,78,4,202,4202,1,,,450089.00,0,APRIMORAMENTO DA DEFESA SANITÁRIA - VIGILÂNCIA SANITÁRIA ANIMAL,DEFESA SANITÁRIA
2027,1230,"SECRETARIA DE ESTADO DE AGRICULTURA, PECUÁRIA E ABASTECIMENTO - IMA",3,,2371,INSTITUTO MINEIRO DE AGROPECUÁRIA - IMA,4,4,90,52,91,1,,20,609,78,4,202,4202,1,,,8400.00,0,APRIMORAMENTO DA DEFESA SANITÁRIA - VIGILÂNCIA SANITÁRIA ANIMAL,DEFESA SANITÁRIA
2027,1230,"SECRETARIA DE ESTADO DE AGRICULTURA, PECUÁRIA E ABASTECIMENTO - IMA",3,,2371,INSTITUTO MINEIRO DE AGROPECUÁRIA - IMA,3,3,90,14,91,1,,20,609,78,4,203,4203,1,,,136061.00,0,APRIMORAMENTO DA DEFESA SANITÁRIA - VIGILÂNCIA SANITÁRIA VEGETAL,DEFESA SANITÁRIA
2027,1230,"SECRETARIA DE ESTADO DE AGRICULTURA, PECUÁRIA E ABASTECIMENTO - IMA",3,,2371,INSTITUTO MINEIRO DE AGROPECUÁRIA - IMA,3,3,90,30,91,1,,20,609,78,4,203,4203,1,,,363473.00,0,APRIMORAMENTO DA DEFESA SANITÁRIA - VIGILÂNCIA SANITÁRIA VEGETAL,DEFESA SANITÁRIA
2027,1230,"SECRETARIA DE ESTADO DE AGRICULTURA, PECUÁRIA E ABASTECIMENTO - IMA",3,,2371,INSTITUTO MINEIRO DE AGROPECUÁRIA - IMA,3,3,90,33,91,1,,20,609,78,4,203,4203,1,,,1500.00,0,APRIMORAMENTO DA DEFESA SANITÁRIA - VIGILÂNCIA SANITÁRIA VEGETAL,DEFESA SANITÁRIA
2027,1230,"SECRETARIA DE ESTADO DE AGRICULTURA, PECUÁRIA E ABASTECIMENTO - IMA",3,,2371,INSTITUTO MINEIRO DE AGROPECUÁRIA - IMA,3,3,90,39,91,1,,20,609,78,4,203,4203,1,,,286760.00,0,APRIMORAMENTO DA DEFESA SANITÁRIA - VIGILÂNCIA SANITÁRIA VEGETAL,DEFESA SANITÁRIA
2027,1230,"SECRETARIA DE ESTADO DE AGRICULTURA, PECUÁRIA E ABASTECIMENTO - IMA",3,,2371,INSTITUTO MINEIRO DE AGROPECUÁRIA - IMA,3,3,90,40,60,1,,20,609,78,4,203,4203,1,,,450089.00,0,APRIMORAMENTO DA DEFESA SANITÁRIA - VIGILÂNCIA SANITÁRIA VEGETAL,DEFESA SANITÁRIA
2027,1230,"SECRETARIA DE ESTADO DE AGRICULTURA, PECUÁRIA E ABASTECIMENTO - IMA",3,,2371,INSTITUTO MINEIRO DE AGROPECUÁRIA - IMA,3,3,90,14,91,1,,20,609,78,4,206,4206,1,,,332959.00,0,"FISCALIZAÇÃO DO TRÂNSITO DE ANIMAIS, VEGETAIS, INSUMOS E PRODUTOS DE ORIGEM ANIMAL.",DEFESA SANITÁRIA
2027,1230,"SECRETARIA DE ESTADO DE AGRICULTURA, PECUÁRIA E ABASTECIMENTO - IMA",3,,2371,INSTITUTO MINEIRO DE AGROPECUÁRIA - IMA,3,3,90,30,91,1,,20,609,78,4,206,4206,1,,,979400.00,0,"FISCALIZAÇÃO DO TRÂNSITO DE ANIMAIS, VEGETAIS, INSUMOS E PRODUTOS DE ORIGEM ANIMAL.",DEFESA SANITÁRIA
2027,1230,"SECRETARIA DE ESTADO DE AGRICULTURA, PECUÁRIA E ABASTECIMENTO - IMA",3,,2371,INSTITUTO MINEIRO DE AGROPECUÁRIA - IMA,3,3,90,36,91,1,,20,609,78,4,206,4206,1,,,10920.00,0,"FISCALIZAÇÃO DO TRÂNSITO DE ANIMAIS, VEGETAIS, INSUMOS E PRODUTOS DE ORIGEM ANIMAL.",DEFESA SANITÁRIA
2027,1230,"SECRETARIA DE ESTADO DE AGRICULTURA, PECUÁRIA E ABASTECIMENTO - IMA",3,,2371,INSTITUTO MINEIRO DE AGROPECUÁRIA - IMA,3,3,90,39,91,1,,20,609,78,4,206,4206,1,,,200100.00,0,"FISCALIZAÇÃO DO TRÂNSITO DE ANIMAIS, VEGETAIS, INSUMOS E PRODUTOS DE ORIGEM ANIMAL.",DEFESA SANITÁRIA
2027,1230,"SECRETARIA DE ESTADO DE AGRICULTURA, PECUÁRIA E ABASTECIMENTO - IMA",3,,2371,INSTITUTO MINEIRO DE AGROPECUÁRIA - IMA,3,3,90,40,60,1,,20,609,78,4,206,4206,1,,,450089.00,0,"FISCALIZAÇÃO DO TRÂNSITO DE ANIMAIS, VEGETAIS, INSUMOS E PRODUTOS DE ORIGEM ANIMAL.",DEFESA SANITÁRIA
2027,1230,"SECRETARIA DE ESTADO DE AGRICULTURA, PECUÁRIA E ABASTECIMENTO - IMA",3,,2371,INSTITUTO MINEIRO DE AGROPECUÁRIA - IMA,3,3,90,14,91,1,,20,609,78,4,228,4228,1,,,100.00,1,FORTALECIMENTO DA ESTRUTURA E DOS PROCESSOS DO INSTITUTO MINEIRO DE AGROPECUÁRIA,DEFESA SANITÁRIA
2027,1230,"SECRETARIA DE ESTADO DE AGRICULTURA, PECUÁRIA E ABASTECIMENTO - IMA",3,,2371,INSTITUTO MINEIRO DE AGROPECUÁRIA - IMA,3,3,90,14,91,1,,20,609,78,4,238,4238,1,,,100.00,0,REESTRUTURAÇÃO DO LABORATÓRIO DE QUÍMICA AGROPECUÁRIA DO INSTITUTO MINEIRO DE AGROPECUÁRIA.,DEFESA SANITÁRIA
2027,1230,"SECRETARIA DE ESTADO DE AGRICULTURA, PECUÁRIA E ABASTECIMENTO - IMA",3,,2371,INSTITUTO MINEIRO DE AGROPECUÁRIA - IMA,4,4,90,51,80,1,,20,609,78,4,238,4238,1,,,8311374.00,0,REESTRUTURAÇÃO DO LABORATÓRIO DE QUÍMICA AGROPECUÁRIA DO INSTITUTO MINEIRO DE AGROPECUÁRIA.,DEFESA SANITÁRIA
2027,1230,"SECRETARIA DE ESTADO DE AGRICULTURA, PECUÁRIA E ABASTECIMENTO - IMA",3,,2371,INSTITUTO MINEIRO DE AGROPECUÁRIA - IMA,3,3,90,14,91,1,,20,609,78,4,252,4252,1,,,100.00,0,REVITALIZAÇÃO DO PARQUE DE EXPOSIÇÕES BOLIVAR DE ANDRADE,DEFESA SANITÁRIA
2027,1230,"SECRETARIA DE ESTADO DE AGRICULTURA, PECUÁRIA E ABASTECIMENTO - IMA",3,,2371,INSTITUTO MINEIRO DE AGROPECUÁRIA - IMA,3,3,90,39,1,1,,20,609,78,4,252,4252,1,,,939200.00,0,REVITALIZAÇÃO DO PARQUE DE EXPOSIÇÕES BOLIVAR DE ANDRADE,DEFESA SANITÁRIA
2027,1230,"SECRETARIA DE ESTADO DE AGRICULTURA, PECUÁRIA E ABASTECIMENTO - IMA",3,,2371,INSTITUTO MINEIRO DE AGROPECUÁRIA - IMA,3,3,90,14,91,1,,20,609,78,4,859,4859,1,,,224431.00,0,Apoio à Gestão Regional da Agropecuária Mineira,DEFESA SANITÁRIA
2027,1230,"SECRETARIA DE ESTADO DE AGRICULTURA, PECUÁRIA E ABASTECIMENTO - IMA",3,,2371,INSTITUTO MINEIRO DE AGROPECUÁRIA - IMA,3,3,90,30,91,1,,20,609,78,4,859,4859,1,,,545125.00,0,Apoio à Gestão Regional da Agropecuária Mineira,DEFESA SANITÁRIA
2027,1230,"SECRETARIA DE ESTADO DE AGRICULTURA, PECUÁRIA E ABASTECIMENTO - IMA",3,,2371,INSTITUTO MINEIRO DE AGROPECUÁRIA - IMA,3,3,90,36,91,1,,20,609,78,4,859,4859,1,,,75600.00,0,Apoio à Gestão Regional da Agropecuária Mineira,DEFESA SANITÁRIA
2027,1230,"SECRETARIA DE ESTADO DE AGRICULTURA, PECUÁRIA E ABASTECIMENTO - IMA",3,,2371,INSTITUTO MINEIRO DE AGROPECUÁRIA - IMA,3,3,90,39,91,1,,20,609,78,4,859,4859,1,,,1857299.00,0,Apoio à Gestão Regional da Agropecuária Mineira,DEFESA SANITÁRIA
2027,1230,"SECRETARIA DE ESTADO DE AGRICULTURA, PECUÁRIA E ABASTECIMENTO - IMA",3,,2371,INSTITUTO MINEIRO DE AGROPECUÁRIA - IMA,3,3,90,40,91,1,,20,609,78,4,859,4859,1,,,255528.00,0,Apoio à Gestão Regional da Agropecuária Mineira,DEFESA SANITÁRIA
2027,1230,"SECRETARIA DE ESTADO DE AGRICULTURA, PECUÁRIA E ABASTECIMENTO - IMA",3,,2371,INSTITUTO MINEIRO DE AGROPECUÁRIA - IMA,3,3,90,47,91,1,,20,609,78,4,859,4859,1,,,19215.00,0,Apoio à Gestão Regional da Agropecuária Mineira,DEFESA SANITÁRIA
2027,1230,"SECRETARIA DE ESTADO DE AGRICULTURA, PECUÁRIA E ABASTECIMENTO - IMA",3,,2371,INSTITUTO MINEIRO DE AGROPECUÁRIA - IMA,3,1,90,91,91,9,,28,846,705,7,4,7004,1,,,9362948.00,0,PRECATÓRIOS E SENTENÇAS JUDICIÁRIAS,APOIO ÀS POLÍTICAS PÚBLICAS
2027,1230,"SECRETARIA DE ESTADO DE AGRICULTURA, PECUÁRIA E ABASTECIMENTO - EMATER",3,,3041,EMPRESA DE ASSISTÊNCIA TÉCNICA E EXTENSÃO RURAL DO ESTADO DE MINAS GERAIS - EMATER,3,1,90,11,10,1,,20,122,705,2,417,2417,1,,,188831520.00,0,REMUNERAÇÃO DE PESSOAL ATIVO E ENCARGOS SOCIAIS,APOIO ÀS POLÍTICAS PÚBLICAS
2027,1230,"SECRETARIA DE ESTADO DE AGRICULTURA, PECUÁRIA E ABASTECIMENTO - EMATER",3,,3041,EMPRESA DE ASSISTÊNCIA TÉCNICA E EXTENSÃO RURAL DO ESTADO DE MINAS GERAIS - EMATER,3,1,90,11,60,1,,20,122,705,2,417,2417,1,,,12301779.00,0,REMUNERAÇÃO DE PESSOAL ATIVO E ENCARGOS SOCIAIS,APOIO ÀS POLÍTICAS PÚBLICAS
2027,1230,"SECRETARIA DE ESTADO DE AGRICULTURA, PECUÁRIA E ABASTECIMENTO - EMATER",3,,3041,EMPRESA DE ASSISTÊNCIA TÉCNICA E EXTENSÃO RURAL DO ESTADO DE MINAS GERAIS - EMATER,3,1,90,11,67,1,,20,122,705,2,417,2417,1,,,34269243.00,0,REMUNERAÇÃO DE PESSOAL ATIVO E ENCARGOS SOCIAIS,APOIO ÀS POLÍTICAS PÚBLICAS
2027,1230,"SECRETARIA DE ESTADO DE AGRICULTURA, PECUÁRIA E ABASTECIMENTO - EMATER",3,,3041,EMPRESA DE ASSISTÊNCIA TÉCNICA E EXTENSÃO RURAL DO ESTADO DE MINAS GERAIS - EMATER,3,1,90,13,10,1,,20,122,705,2,417,2417,1,,,52425053.00,0,REMUNERAÇÃO DE PESSOAL ATIVO E ENCARGOS SOCIAIS,APOIO ÀS POLÍTICAS PÚBLICAS
2027,1230,"SECRETARIA DE ESTADO DE AGRICULTURA, PECUÁRIA E ABASTECIMENTO - EMATER",3,,3041,EMPRESA DE ASSISTÊNCIA TÉCNICA E EXTENSÃO RURAL DO ESTADO DE MINAS GERAIS - EMATER,3,1,90,13,60,1,,20,122,705,2,417,2417,1,,,5390986.00,0,REMUNERAÇÃO DE PESSOAL ATIVO E ENCARGOS SOCIAIS,APOIO ÀS POLÍTICAS PÚBLICAS
2027,1230,"SECRETARIA DE ESTADO DE AGRICULTURA, PECUÁRIA E ABASTECIMENTO - EMATER",3,,3041,EMPRESA DE ASSISTÊNCIA TÉCNICA E EXTENSÃO RURAL DO ESTADO DE MINAS GERAIS - EMATER,3,1,90,13,67,1,,20,122,705,2,417,2417,1,,,15017746.00,0,REMUNERAÇÃO DE PESSOAL ATIVO E ENCARGOS SOCIAIS,APOIO ÀS POLÍTICAS PÚBLICAS
2027,1230,"SECRETARIA DE ESTADO DE AGRICULTURA, PECUÁRIA E ABASTECIMENTO - EMATER",3,,3041,EMPRESA DE ASSISTÊNCIA TÉCNICA E EXTENSÃO RURAL DO ESTADO DE MINAS GERAIS - EMATER,3,3,90,14,67,1,,20,122,705,2,500,2500,1,,,169774.00,0,ASSESSORAMENTO E GERENCIAMENTO DE POLÍTICAS PÚBLICAS,APOIO ÀS POLÍTICAS PÚBLICAS
2027,1230,"SECRETARIA DE ESTADO DE AGRICULTURA, PECUÁRIA E ABASTECIMENTO - EMATER",3,,3041,EMPRESA DE ASSISTÊNCIA TÉCNICA E EXTENSÃO RURAL DO ESTADO DE MINAS GERAIS - EMATER,3,3,90,30,67,1,,20,122,705,2,500,2500,1,,,80597.00,0,ASSESSORAMENTO E GERENCIAMENTO DE POLÍTICAS PÚBLICAS,APOIO ÀS POLÍTICAS PÚBLICAS
2027,1230,"SECRETARIA DE ESTADO DE AGRICULTURA, PECUÁRIA E ABASTECIMENTO - EMATER",3,,3041,EMPRESA DE ASSISTÊNCIA TÉCNICA E EXTENSÃO RURAL DO ESTADO DE MINAS GERAIS - EMATER,3,3,90,33,67,1,,20,122,705,2,500,2500,1,,,55000.00,0,ASSESSORAMENTO E GERENCIAMENTO DE POLÍTICAS PÚBLICAS,APOIO ÀS POLÍTICAS PÚBLICAS
2027,1230,"SECRETARIA DE ESTADO DE AGRICULTURA, PECUÁRIA E ABASTECIMENTO - EMATER",3,,3041,EMPRESA DE ASSISTÊNCIA TÉCNICA E EXTENSÃO RURAL DO ESTADO DE MINAS GERAIS - EMATER,3,3,90,39,67,1,,20,122,705,2,500,2500,1,,,100000.00,0,ASSESSORAMENTO E GERENCIAMENTO DE POLÍTICAS PÚBLICAS,APOIO ÀS POLÍTICAS PÚBLICAS
2027,1230,"SECRETARIA DE ESTADO DE AGRICULTURA, PECUÁRIA E ABASTECIMENTO - EMATER",3,,3041,EMPRESA DE ASSISTÊNCIA TÉCNICA E EXTENSÃO RURAL DO ESTADO DE MINAS GERAIS - EMATER,3,3,90,40,67,1,,20,122,705,2,500,2500,1,,,1453632.00,0,ASSESSORAMENTO E GERENCIAMENTO DE POLÍTICAS PÚBLICAS,APOIO ÀS POLÍTICAS PÚBLICAS
2027,1230,"SECRETARIA DE ESTADO DE AGRICULTURA, PECUÁRIA E ABASTECIMENTO - EMATER",3,,3041,EMPRESA DE ASSISTÊNCIA TÉCNICA E EXTENSÃO RURAL DO ESTADO DE MINAS GERAIS - EMATER,3,3,90,40,67,1,,20,605,108,1,44,1044,1,,,420000.00,0,APOIO À COMERCIALIZAÇÃO ELETRÔNICA POR MEIO DE PLATAFORMA MARKETPLACE,ACESSO A MERCADOS
2027,1230,"SECRETARIA DE ESTADO DE AGRICULTURA, PECUÁRIA E ABASTECIMENTO - EMATER",3,,3041,EMPRESA DE ASSISTÊNCIA TÉCNICA E EXTENSÃO RURAL DO ESTADO DE MINAS GERAIS - EMATER,3,3,90,30,67,1,,20,606,110,1,45,1045,1,,,15000.00,0,CADASTRAMENTO DE AGRICULTORES/POSSEIROS COM FINS DE REGULARIZAÇÃO FUNDIÁRIA DE TERRAS DEVOLUTAS RURAIS.,REGULARIZAÇÃO FUNDIÁRIA - AMPLIAÇÃO DA SEGURANÇA JURÍDICA NO CAMPO
2027,1230,"SECRETARIA DE ESTADO DE AGRICULTURA, PECUÁRIA E ABASTECIMENTO - EMATER",3,,3041,EMPRESA DE ASSISTÊNCIA TÉCNICA E EXTENSÃO RURAL DO ESTADO DE MINAS GERAIS - EMATER,3,3,90,14,60,1,,20,606,90,4,235,4235,1,,,7035146.00,0,ASSISTÊNCIA TÉCNICA E EXTENSÃO RURAL PARA AGRICULTORES FAMILIARES E DEMAIS PÚBLICOS,ASSISTÊNCIA TECNICA E EXTENSÃO RURAL PARA O ESTADO DE MINAS GERAIS
2027,1230,"SECRETARIA DE ESTADO DE AGRICULTURA, PECUÁRIA E ABASTECIMENTO - EMATER",3,,3041,EMPRESA DE ASSISTÊNCIA TÉCNICA E EXTENSÃO RURAL DO ESTADO DE MINAS GERAIS - EMATER,3,3,90,14,67,1,,20,606,90,4,235,4235,1,,,350000.00,0,ASSISTÊNCIA TÉCNICA E EXTENSÃO RURAL PARA AGRICULTORES FAMILIARES E DEMAIS PÚBLICOS,ASSISTÊNCIA TECNICA E EXTENSÃO RURAL PARA O ESTADO DE MINAS GERAIS
2027,1230,"SECRETARIA DE ESTADO DE AGRICULTURA, PECUÁRIA E ABASTECIMENTO - EMATER",3,,3041,EMPRESA DE ASSISTÊNCIA TÉCNICA E EXTENSÃO RURAL DO ESTADO DE MINAS GERAIS - EMATER,3,3,90,30,60,1,,20,606,90,4,235,4235,1,,,6971880.00,0,ASSISTÊNCIA TÉCNICA E EXTENSÃO RURAL PARA AGRICULTORES FAMILIARES E DEMAIS PÚBLICOS,ASSISTÊNCIA TECNICA E EXTENSÃO RURAL PARA O ESTADO DE MINAS GERAIS
2027,1230,"SECRETARIA DE ESTADO DE AGRICULTURA, PECUÁRIA E ABASTECIMENTO - EMATER",3,,3041,EMPRESA DE ASSISTÊNCIA TÉCNICA E EXTENSÃO RURAL DO ESTADO DE MINAS GERAIS - EMATER,3,3,90,30,67,1,,20,606,90,4,235,4235,1,,,2188941.00,0,ASSISTÊNCIA TÉCNICA E EXTENSÃO RURAL PARA AGRICULTORES FAMILIARES E DEMAIS PÚBLICOS,ASSISTÊNCIA TECNICA E EXTENSÃO RURAL PARA O ESTADO DE MINAS GERAIS
2027,1230,"SECRETARIA DE ESTADO DE AGRICULTURA, PECUÁRIA E ABASTECIMENTO - EMATER",3,,3041,EMPRESA DE ASSISTÊNCIA TÉCNICA E EXTENSÃO RURAL DO ESTADO DE MINAS GERAIS - EMATER,3,3,90,33,67,1,,20,606,90,4,235,4235,1,,,582185.00,0,ASSISTÊNCIA TÉCNICA E EXTENSÃO RURAL PARA AGRICULTORES FAMILIARES E DEMAIS PÚBLICOS,ASSISTÊNCIA TECNICA E EXTENSÃO RURAL PARA O ESTADO DE MINAS GERAIS
2027,1230,"SECRETARIA DE ESTADO DE AGRICULTURA, PECUÁRIA E ABASTECIMENTO - EMATER",3,,3041,EMPRESA DE ASSISTÊNCIA TÉCNICA E EXTENSÃO RURAL DO ESTADO DE MINAS GERAIS - EMATER,3,3,90,36,67,1,,20,606,90,4,235,4235,1,,,602204.00,0,ASSISTÊNCIA TÉCNICA E EXTENSÃO RURAL PARA AGRICULTORES FAMILIARES E DEMAIS PÚBLICOS,ASSISTÊNCIA TECNICA E EXTENSÃO RURAL PARA O ESTADO DE MINAS GERAIS
2027,1230,"SECRETARIA DE ESTADO DE AGRICULTURA, PECUÁRIA E ABASTECIMENTO - EMATER",3,,3041,EMPRESA DE ASSISTÊNCIA TÉCNICA E EXTENSÃO RURAL DO ESTADO DE MINAS GERAIS - EMATER,3,3,90,37,60,1,,20,606,90,4,235,4235,1,,,2945801.00,0,ASSISTÊNCIA TÉCNICA E EXTENSÃO RURAL PARA AGRICULTORES FAMILIARES E DEMAIS PÚBLICOS,ASSISTÊNCIA TECNICA E EXTENSÃO RURAL PARA O ESTADO DE MINAS GERAIS
2027,1230,"SECRETARIA DE ESTADO DE AGRICULTURA, PECUÁRIA E ABASTECIMENTO - EMATER",3,,3041,EMPRESA DE ASSISTÊNCIA TÉCNICA E EXTENSÃO RURAL DO ESTADO DE MINAS GERAIS - EMATER,3,3,90,39,60,1,,20,606,90,4,235,4235,1,,,5792606.00,0,ASSISTÊNCIA TÉCNICA E EXTENSÃO RURAL PARA AGRICULTORES FAMILIARES E DEMAIS PÚBLICOS,ASSISTÊNCIA TECNICA E EXTENSÃO RURAL PARA O ESTADO DE MINAS GERAIS
2027,1230,"SECRETARIA DE ESTADO DE AGRICULTURA, PECUÁRIA E ABASTECIMENTO - EMATER",3,,3041,EMPRESA DE ASSISTÊNCIA TÉCNICA E EXTENSÃO RURAL DO ESTADO DE MINAS GERAIS - EMATER,3,3,90,39,67,1,,20,606,90,4,235,4235,1,,,9173863.00,0,ASSISTÊNCIA TÉCNICA E EXTENSÃO RURAL PARA AGRICULTORES FAMILIARES E DEMAIS PÚBLICOS,ASSISTÊNCIA TECNICA E EXTENSÃO RURAL PARA O ESTADO DE MINAS GERAIS
2027,1230,"SECRETARIA DE ESTADO DE AGRICULTURA, PECUÁRIA E ABASTECIMENTO - EMATER",3,,3041,EMPRESA DE ASSISTÊNCIA TÉCNICA E EXTENSÃO RURAL DO ESTADO DE MINAS GERAIS - EMATER,3,3,90,40,60,1,,20,606,90,4,235,4235,1,,,4858780.00,0,ASSISTÊNCIA TÉCNICA E EXTENSÃO RURAL PARA AGRICULTORES FAMILIARES E DEMAIS PÚBLICOS,ASSISTÊNCIA TECNICA E EXTENSÃO RURAL PARA O ESTADO DE MINAS GERAIS
2027,1230,"SECRETARIA DE ESTADO DE AGRICULTURA, PECUÁRIA E ABASTECIMENTO - EMATER",3,,3041,EMPRESA DE ASSISTÊNCIA TÉCNICA E EXTENSÃO RURAL DO ESTADO DE MINAS GERAIS - EMATER,3,3,90,40,67,1,,20,606,90,4,235,4235,1,,,2770526.00,0,ASSISTÊNCIA TÉCNICA E EXTENSÃO RURAL PARA AGRICULTORES FAMILIARES E DEMAIS PÚBLICOS,ASSISTÊNCIA TECNICA E EXTENSÃO RURAL PARA O ESTADO DE MINAS GERAIS
2027,1230,"SECRETARIA DE ESTADO DE AGRICULTURA, PECUÁRIA E ABASTECIMENTO - EMATER",3,,3041,EMPRESA DE ASSISTÊNCIA TÉCNICA E EXTENSÃO RURAL DO ESTADO DE MINAS GERAIS - EMATER,3,3,90,41,67,1,,20,606,90,4,235,4235,1,,,159337.00,0,ASSISTÊNCIA TÉCNICA E EXTENSÃO RURAL PARA AGRICULTORES FAMILIARES E DEMAIS PÚBLICOS,ASSISTÊNCIA TECNICA E EXTENSÃO RURAL PARA O ESTADO DE MINAS GERAIS
2027,1230,"SECRETARIA DE ESTADO DE AGRICULTURA, PECUÁRIA E ABASTECIMENTO - EMATER",3,,3041,EMPRESA DE ASSISTÊNCIA TÉCNICA E EXTENSÃO RURAL DO ESTADO DE MINAS GERAIS - EMATER,3,3,90,46,67,1,,20,606,90,4,235,4235,1,,,41052097.00,0,ASSISTÊNCIA TÉCNICA E EXTENSÃO RURAL PARA AGRICULTORES FAMILIARES E DEMAIS PÚBLICOS,ASSISTÊNCIA TECNICA E EXTENSÃO RURAL PARA O ESTADO DE MINAS GERAIS
2027,1230,"SECRETARIA DE ESTADO DE AGRICULTURA, PECUÁRIA E ABASTECIMENTO - EMATER",3,,3041,EMPRESA DE ASSISTÊNCIA TÉCNICA E EXTENSÃO RURAL DO ESTADO DE MINAS GERAIS - EMATER,3,3,90,47,60,1,,20,606,90,4,235,4235,1,,,8687022.00,0,ASSISTÊNCIA TÉCNICA E EXTENSÃO RURAL PARA AGRICULTORES FAMILIARES E DEMAIS PÚBLICOS,ASSISTÊNCIA TECNICA E EXTENSÃO RURAL PARA O ESTADO DE MINAS GERAIS
2027,1230,"SECRETARIA DE ESTADO DE AGRICULTURA, PECUÁRIA E ABASTECIMENTO - EMATER",3,,3041,EMPRESA DE ASSISTÊNCIA TÉCNICA E EXTENSÃO RURAL DO ESTADO DE MINAS GERAIS - EMATER,3,3,90,47,67,1,,20,606,90,4,235,4235,1,,,1317115.00,0,ASSISTÊNCIA TÉCNICA E EXTENSÃO RURAL PARA AGRICULTORES FAMILIARES E DEMAIS PÚBLICOS,ASSISTÊNCIA TECNICA E EXTENSÃO RURAL PARA O ESTADO DE MINAS GERAIS
2027,1230,"SECRETARIA DE ESTADO DE AGRICULTURA, PECUÁRIA E ABASTECIMENTO - EMATER",3,,3041,EMPRESA DE ASSISTÊNCIA TÉCNICA E EXTENSÃO RURAL DO ESTADO DE MINAS GERAIS - EMATER,3,3,90,49,67,1,,20,606,90,4,235,4235,1,,,222740.00,0,ASSISTÊNCIA TÉCNICA E EXTENSÃO RURAL PARA AGRICULTORES FAMILIARES E DEMAIS PÚBLICOS,ASSISTÊNCIA TECNICA E EXTENSÃO RURAL PARA O ESTADO DE MINAS GERAIS
2027,1230,"SECRETARIA DE ESTADO DE AGRICULTURA, PECUÁRIA E ABASTECIMENTO - EMATER",3,,3041,EMPRESA DE ASSISTÊNCIA TÉCNICA E EXTENSÃO RURAL DO ESTADO DE MINAS GERAIS - EMATER,3,3,90,30,1,1,,20,608,97,4,236,4236,1,,,1577750.00,0,FOMENTO PARA O DESENVOLVIMENTO DO SETOR AGROPECUÁRIO,MINAS SEM FOME
2027,1230,"SECRETARIA DE ESTADO DE AGRICULTURA, PECUÁRIA E ABASTECIMENTO - EMATER",3,,3041,EMPRESA DE ASSISTÊNCIA TÉCNICA E EXTENSÃO RURAL DO ESTADO DE MINAS GERAIS - EMATER,3,3,90,30,2,1,,20,608,97,4,236,4236,1,,,23482072.00,0,FOMENTO PARA O DESENVOLVIMENTO DO SETOR AGROPECUÁRIO,MINAS SEM FOME
2027,1230,"SECRETARIA DE ESTADO DE AGRICULTURA, PECUÁRIA E ABASTECIMENTO - EMATER",3,,3041,EMPRESA DE ASSISTÊNCIA TÉCNICA E EXTENSÃO RURAL DO ESTADO DE MINAS GERAIS - EMATER,3,3,90,30,60,1,,20,608,97,4,236,4236,1,,,15000.00,0,FOMENTO PARA O DESENVOLVIMENTO DO SETOR AGROPECUÁRIO,MINAS SEM FOME
2027,1230,"SECRETARIA DE ESTADO DE AGRICULTURA, PECUÁRIA E ABASTECIMENTO - EMATER",3,,3041,EMPRESA DE ASSISTÊNCIA TÉCNICA E EXTENSÃO RURAL DO ESTADO DE MINAS GERAIS - EMATER,4,4,90,52,2,1,,20,608,97,4,236,4236,1,,,802628.00,0,FOMENTO PARA O DESENVOLVIMENTO DO SETOR AGROPECUÁRIO,MINAS SEM FOME
2027,1230,"SECRETARIA DE ESTADO DE AGRICULTURA, PECUÁRIA E ABASTECIMENTO - EMATER",3,,3041,EMPRESA DE ASSISTÊNCIA TÉCNICA E EXTENSÃO RURAL DO ESTADO DE MINAS GERAIS - EMATER,4,4,90,52,24,1,,20,608,97,4,236,4236,1,,,8119500.00,0,FOMENTO PARA O DESENVOLVIMENTO DO SETOR AGROPECUÁRIO,MINAS SEM FOME
2027,1230,"SECRETARIA DE ESTADO DE AGRICULTURA, PECUÁRIA E ABASTECIMENTO - EMATER",3,,3041,EMPRESA DE ASSISTÊNCIA TÉCNICA E EXTENSÃO RURAL DO ESTADO DE MINAS GERAIS - EMATER,4,4,90,52,60,1,,20,608,97,4,236,4236,1,,,10000000.00,0,FOMENTO PARA O DESENVOLVIMENTO DO SETOR AGROPECUÁRIO,MINAS SEM FOME
2027,1230,"SECRETARIA DE ESTADO DE AGRICULTURA, PECUÁRIA E ABASTECIMENTO - EMATER",3,,3041,EMPRESA DE ASSISTÊNCIA TÉCNICA E EXTENSÃO RURAL DO ESTADO DE MINAS GERAIS - EMATER,3,1,90,91,60,7,,28,846,705,7,4,7004,1,,,1000.00,0,PRECATÓRIOS E SENTENÇAS JUDICIÁRIAS,APOIO ÀS POLÍTICAS PÚBLICAS
2027,1230,"SECRETARIA DE ESTADO DE AGRICULTURA, PECUÁRIA E ABASTECIMENTO - EPAMIG",3,,3051,EMPRESA DE PESQUISA AGROPECUÁRIA DE MINAS GERAIS - EPAMIG,3,1,90,11,10,1,,12,364,15,4,16,4016,1,,,12831000.00,0,FORMAÇÃO SUPERIOR EM LATICÍNIOS E AGROPECUÁRIA DE PRECISÃO,ENSINO SUPERIOR PARA A AGRICULTURA E PECUÁRIA
2027,1230,"SECRETARIA DE ESTADO DE AGRICULTURA, PECUÁRIA E ABASTECIMENTO - EPAMIG",3,,3051,EMPRESA DE PESQUISA AGROPECUÁRIA DE MINAS GERAIS - EPAMIG,3,1,90,13,10,1,,12,364,15,4,16,4016,1,,,5499000.00,0,FORMAÇÃO SUPERIOR EM LATICÍNIOS E AGROPECUÁRIA DE PRECISÃO,ENSINO SUPERIOR PARA A AGRICULTURA E PECUÁRIA
2027,1230,"SECRETARIA DE ESTADO DE AGRICULTURA, PECUÁRIA E ABASTECIMENTO - EPAMIG",3,,3051,EMPRESA DE PESQUISA AGROPECUÁRIA DE MINAS GERAIS - EPAMIG,3,3,90,14,10,1,,12,364,15,4,16,4016,1,,,181711.00,0,FORMAÇÃO SUPERIOR EM LATICÍNIOS E AGROPECUÁRIA DE PRECISÃO,ENSINO SUPERIOR PARA A AGRICULTURA E PECUÁRIA
2027,1230,"SECRETARIA DE ESTADO DE AGRICULTURA, PECUÁRIA E ABASTECIMENTO - EPAMIG",3,,3051,EMPRESA DE PESQUISA AGROPECUÁRIA DE MINAS GERAIS - EPAMIG,3,3,90,14,60,1,,12,364,15,4,16,4016,1,,,28372.00,0,FORMAÇÃO SUPERIOR EM LATICÍNIOS E AGROPECUÁRIA DE PRECISÃO,ENSINO SUPERIOR PARA A AGRICULTURA E PECUÁRIA
2027,1230,"SECRETARIA DE ESTADO DE AGRICULTURA, PECUÁRIA E ABASTECIMENTO - EPAMIG",3,,3051,EMPRESA DE PESQUISA AGROPECUÁRIA DE MINAS GERAIS - EPAMIG,3,3,90,30,10,1,,12,364,15,4,16,4016,1,,,1479925.00,0,FORMAÇÃO SUPERIOR EM LATICÍNIOS E AGROPECUÁRIA DE PRECISÃO,ENSINO SUPERIOR PARA A AGRICULTURA E PECUÁRIA
2027,1230,"SECRETARIA DE ESTADO DE AGRICULTURA, PECUÁRIA E ABASTECIMENTO - EPAMIG",3,,3051,EMPRESA DE PESQUISA AGROPECUÁRIA DE MINAS GERAIS - EPAMIG,3,3,90,30,60,1,,12,364,15,4,16,4016,1,,,59198.00,0,FORMAÇÃO SUPERIOR EM LATICÍNIOS E AGROPECUÁRIA DE PRECISÃO,ENSINO SUPERIOR PARA A AGRICULTURA E PECUÁRIA
2027,1230,"SECRETARIA DE ESTADO DE AGRICULTURA, PECUÁRIA E ABASTECIMENTO - EPAMIG",3,,3051,EMPRESA DE PESQUISA AGROPECUÁRIA DE MINAS GERAIS - EPAMIG,3,3,90,33,10,1,,12,364,15,4,16,4016,1,,,40409.00,0,FORMAÇÃO SUPERIOR EM LATICÍNIOS E AGROPECUÁRIA DE PRECISÃO,ENSINO SUPERIOR PARA A AGRICULTURA E PECUÁRIA
2027,1230,"SECRETARIA DE ESTADO DE AGRICULTURA, PECUÁRIA E ABASTECIMENTO - EPAMIG",3,,3051,EMPRESA DE PESQUISA AGROPECUÁRIA DE MINAS GERAIS - EPAMIG,3,3,90,36,10,1,,12,364,15,4,16,4016,1,,,30543.00,0,FORMAÇÃO SUPERIOR EM LATICÍNIOS E AGROPECUÁRIA DE PRECISÃO,ENSINO SUPERIOR PARA A AGRICULTURA E PECUÁRIA
2027,1230,"SECRETARIA DE ESTADO DE AGRICULTURA, PECUÁRIA E ABASTECIMENTO - EPAMIG",3,,3051,EMPRESA DE PESQUISA AGROPECUÁRIA DE MINAS GERAIS - EPAMIG,3,3,90,37,10,1,,12,364,15,4,16,4016,1,,,4189740.00,0,FORMAÇÃO SUPERIOR EM LATICÍNIOS E AGROPECUÁRIA DE PRECISÃO,ENSINO SUPERIOR PARA A AGRICULTURA E PECUÁRIA
2027,1230,"SECRETARIA DE ESTADO DE AGRICULTURA, PECUÁRIA E ABASTECIMENTO - EPAMIG",3,,3051,EMPRESA DE PESQUISA AGROPECUÁRIA DE MINAS GERAIS - EPAMIG,3,3,90,39,10,1,,12,364,15,4,16,4016,1,,,2088709.00,0,FORMAÇÃO SUPERIOR EM LATICÍNIOS E AGROPECUÁRIA DE PRECISÃO,ENSINO SUPERIOR PARA A AGRICULTURA E PECUÁRIA
2027,1230,"SECRETARIA DE ESTADO DE AGRICULTURA, PECUÁRIA E ABASTECIMENTO - EPAMIG",3,,3051,EMPRESA DE PESQUISA AGROPECUÁRIA DE MINAS GERAIS - EPAMIG,3,3,90,39,60,1,,12,364,15,4,16,4016,1,,,12430.00,0,FORMAÇÃO SUPERIOR EM LATICÍNIOS E AGROPECUÁRIA DE PRECISÃO,ENSINO SUPERIOR PARA A AGRICULTURA E PECUÁRIA
2027,1230,"SECRETARIA DE ESTADO DE AGRICULTURA, PECUÁRIA E ABASTECIMENTO - EPAMIG",3,,3051,EMPRESA DE PESQUISA AGROPECUÁRIA DE MINAS GERAIS - EPAMIG,3,3,90,40,10,1,,12,364,15,4,16,4016,1,,,163258.00,0,FORMAÇÃO SUPERIOR EM LATICÍNIOS E AGROPECUÁRIA DE PRECISÃO,ENSINO SUPERIOR PARA A AGRICULTURA E PECUÁRIA
2027,1230,"SECRETARIA DE ESTADO DE AGRICULTURA, PECUÁRIA E ABASTECIMENTO - EPAMIG",3,,3051,EMPRESA DE PESQUISA AGROPECUÁRIA DE MINAS GERAIS - EPAMIG,3,3,90,47,10,1,,12,364,15,4,16,4016,1,,,13987.00,0,FORMAÇÃO SUPERIOR EM LATICÍNIOS E AGROPECUÁRIA DE PRECISÃO,ENSINO SUPERIOR PARA A AGRICULTURA E PECUÁRIA
2027,1230,"SECRETARIA DE ESTADO DE AGRICULTURA, PECUÁRIA E ABASTECIMENTO - EPAMIG",3,,3051,EMPRESA DE PESQUISA AGROPECUÁRIA DE MINAS GERAIS - EPAMIG,3,3,90,49,10,1,,12,364,15,4,16,4016,1,,,31718.00,0,FORMAÇÃO SUPERIOR EM LATICÍNIOS E AGROPECUÁRIA DE PRECISÃO,ENSINO SUPERIOR PARA A AGRICULTURA E PECUÁRIA
2027,1230,"SECRETARIA DE ESTADO DE AGRICULTURA, PECUÁRIA E ABASTECIMENTO - EPAMIG",3,,3051,EMPRESA DE PESQUISA AGROPECUÁRIA DE MINAS GERAIS - EPAMIG,4,4,90,40,10,1,,12,364,15,4,16,4016,1,,,26932.00,0,FORMAÇÃO SUPERIOR EM LATICÍNIOS E AGROPECUÁRIA DE PRECISÃO,ENSINO SUPERIOR PARA A AGRICULTURA E PECUÁRIA
2027,1230,"SECRETARIA DE ESTADO DE AGRICULTURA, PECUÁRIA E ABASTECIMENTO - EPAMIG",3,,3051,EMPRESA DE PESQUISA AGROPECUÁRIA DE MINAS GERAIS - EPAMIG,4,4,90,51,10,1,,12,364,15,4,16,4016,1,,,21189656.00,0,FORMAÇÃO SUPERIOR EM LATICÍNIOS E AGROPECUÁRIA DE PRECISÃO,ENSINO SUPERIOR PARA A AGRICULTURA E PECUÁRIA
2027,1230,"SECRETARIA DE ESTADO DE AGRICULTURA, PECUÁRIA E ABASTECIMENTO - EPAMIG",3,,3051,EMPRESA DE PESQUISA AGROPECUÁRIA DE MINAS GERAIS - EPAMIG,4,4,90,52,10,1,,12,364,15,4,16,4016,1,,,5684021.00,0,FORMAÇÃO SUPERIOR EM LATICÍNIOS E AGROPECUÁRIA DE PRECISÃO,ENSINO SUPERIOR PARA A AGRICULTURA E PECUÁRIA
2027,1230,"SECRETARIA DE ESTADO DE AGRICULTURA, PECUÁRIA E ABASTECIMENTO - EPAMIG",3,,3051,EMPRESA DE PESQUISA AGROPECUÁRIA DE MINAS GERAIS - EPAMIG,3,3,90,18,10,1,,12,364,15,4,370,4370,1,,,1262875.00,0,ASSISTÊNCIA ESTUDANTIL EPAMIG,ENSINO SUPERIOR PARA A AGRICULTURA E PECUÁRIA
2027,1230,"SECRETARIA DE ESTADO DE AGRICULTURA, PECUÁRIA E ABASTECIMENTO - EPAMIG",3,,3051,EMPRESA DE PESQUISA AGROPECUÁRIA DE MINAS GERAIS - EPAMIG,3,3,90,18,10,1,,12,364,15,4,371,4371,1,,,293400.00,0,"APOIO ÀS ATIVIDADES DE PESQUISA, INOVAÇÃO E TECNOLOGIA",ENSINO SUPERIOR PARA A AGRICULTURA E PECUÁRIA
2027,1230,"SECRETARIA DE ESTADO DE AGRICULTURA, PECUÁRIA E ABASTECIMENTO - EPAMIG",3,,3051,EMPRESA DE PESQUISA AGROPECUÁRIA DE MINAS GERAIS - EPAMIG,3,3,90,14,24,1,,19,571,16,4,18,4018,1,,,150777.00,0,DESENVOLVIMENTO DE PESQUISA AGROPECUÁRIA E AGROINDUSTRIAL,INOVAÇÕES E SOLUÇÕES TECNOLÓGICAS PARA A AGROPECUÁRIA E A AGROINDÚSTRIA
2027,1230,"SECRETARIA DE ESTADO DE AGRICULTURA, PECUÁRIA E ABASTECIMENTO - EPAMIG",3,,3051,EMPRESA DE PESQUISA AGROPECUÁRIA DE MINAS GERAIS - EPAMIG,3,3,90,14,60,1,,19,571,16,4,18,4018,1,,,389008.00,0,DESENVOLVIMENTO DE PESQUISA AGROPECUÁRIA E AGROINDUSTRIAL,INOVAÇÕES E SOLUÇÕES TECNOLÓGICAS PARA A AGROPECUÁRIA E A AGROINDÚSTRIA
2027,1230,"SECRETARIA DE ESTADO DE AGRICULTURA, PECUÁRIA E ABASTECIMENTO - EPAMIG",3,,3051,EMPRESA DE PESQUISA AGROPECUÁRIA DE MINAS GERAIS - EPAMIG,3,3,90,14,70,1,,19,571,16,4,18,4018,1,,,15886.00,0,DESENVOLVIMENTO DE PESQUISA AGROPECUÁRIA E AGROINDUSTRIAL,INOVAÇÕES E SOLUÇÕES TECNOLÓGICAS PARA A AGROPECUÁRIA E A AGROINDÚSTRIA
2027,1230,"SECRETARIA DE ESTADO DE AGRICULTURA, PECUÁRIA E ABASTECIMENTO - EPAMIG",3,,3051,EMPRESA DE PESQUISA AGROPECUÁRIA DE MINAS GERAIS - EPAMIG,3,3,90,30,2,1,,19,571,16,4,18,4018,1,,,2000.00,0,DESENVOLVIMENTO DE PESQUISA AGROPECUÁRIA E AGROINDUSTRIAL,INOVAÇÕES E SOLUÇÕES TECNOLÓGICAS PARA A AGROPECUÁRIA E A AGROINDÚSTRIA
2027,1230,"SECRETARIA DE ESTADO DE AGRICULTURA, PECUÁRIA E ABASTECIMENTO - EPAMIG",3,,3051,EMPRESA DE PESQUISA AGROPECUÁRIA DE MINAS GERAIS - EPAMIG,3,3,90,30,24,1,,19,571,16,4,18,4018,1,,,748514.00,0,DESENVOLVIMENTO DE PESQUISA AGROPECUÁRIA E AGROINDUSTRIAL,INOVAÇÕES E SOLUÇÕES TECNOLÓGICAS PARA A AGROPECUÁRIA E A AGROINDÚSTRIA
2027,1230,"SECRETARIA DE ESTADO DE AGRICULTURA, PECUÁRIA E ABASTECIMENTO - EPAMIG",3,,3051,EMPRESA DE PESQUISA AGROPECUÁRIA DE MINAS GERAIS - EPAMIG,3,3,90,30,60,1,,19,571,16,4,18,4018,1,,,4241533.00,0,DESENVOLVIMENTO DE PESQUISA AGROPECUÁRIA E AGROINDUSTRIAL,INOVAÇÕES E SOLUÇÕES TECNOLÓGICAS PARA A AGROPECUÁRIA E A AGROINDÚSTRIA
2027,1230,"SECRETARIA DE ESTADO DE AGRICULTURA, PECUÁRIA E ABASTECIMENTO - EPAMIG",3,,3051,EMPRESA DE PESQUISA AGROPECUÁRIA DE MINAS GERAIS - EPAMIG,3,3,90,30,70,1,,19,571,16,4,18,4018,1,,,63207.00,0,DESENVOLVIMENTO DE PESQUISA AGROPECUÁRIA E AGROINDUSTRIAL,INOVAÇÕES E SOLUÇÕES TECNOLÓGICAS PARA A AGROPECUÁRIA E A AGROINDÚSTRIA
2027,1230,"SECRETARIA DE ESTADO DE AGRICULTURA, PECUÁRIA E ABASTECIMENTO - EPAMIG",3,,3051,EMPRESA DE PESQUISA AGROPECUÁRIA DE MINAS GERAIS - EPAMIG,3,3,90,33,24,1,,19,571,16,4,18,4018,1,,,25537.00,0,DESENVOLVIMENTO DE PESQUISA AGROPECUÁRIA E AGROINDUSTRIAL,INOVAÇÕES E SOLUÇÕES TECNOLÓGICAS PARA A AGROPECUÁRIA E A AGROINDÚSTRIA
2027,1230,"SECRETARIA DE ESTADO DE AGRICULTURA, PECUÁRIA E ABASTECIMENTO - EPAMIG",3,,3051,EMPRESA DE PESQUISA AGROPECUÁRIA DE MINAS GERAIS - EPAMIG,3,3,90,33,60,1,,19,571,16,4,18,4018,1,,,114856.00,0,DESENVOLVIMENTO DE PESQUISA AGROPECUÁRIA E AGROINDUSTRIAL,INOVAÇÕES E SOLUÇÕES TECNOLÓGICAS PARA A AGROPECUÁRIA E A AGROINDÚSTRIA
2027,1230,"SECRETARIA DE ESTADO DE AGRICULTURA, PECUÁRIA E ABASTECIMENTO - EPAMIG",3,,3051,EMPRESA DE PESQUISA AGROPECUÁRIA DE MINAS GERAIS - EPAMIG,3,3,90,33,70,1,,19,571,16,4,18,4018,1,,,1000.00,0,DESENVOLVIMENTO DE PESQUISA AGROPECUÁRIA E AGROINDUSTRIAL,INOVAÇÕES E SOLUÇÕES TECNOLÓGICAS PARA A AGROPECUÁRIA E A AGROINDÚSTRIA
2027,1230,"SECRETARIA DE ESTADO DE AGRICULTURA, PECUÁRIA E ABASTECIMENTO - EPAMIG",3,,3051,EMPRESA DE PESQUISA AGROPECUÁRIA DE MINAS GERAIS - EPAMIG,3,3,90,35,60,1,,19,571,16,4,18,4018,1,,,602.00,0,DESENVOLVIMENTO DE PESQUISA AGROPECUÁRIA E AGROINDUSTRIAL,INOVAÇÕES E SOLUÇÕES TECNOLÓGICAS PARA A AGROPECUÁRIA E A AGROINDÚSTRIA
2027,1230,"SECRETARIA DE ESTADO DE AGRICULTURA, PECUÁRIA E ABASTECIMENTO - EPAMIG",3,,3051,EMPRESA DE PESQUISA AGROPECUÁRIA DE MINAS GERAIS - EPAMIG,3,3,90,36,60,1,,19,571,16,4,18,4018,1,,,3412.00,0,DESENVOLVIMENTO DE PESQUISA AGROPECUÁRIA E AGROINDUSTRIAL,INOVAÇÕES E SOLUÇÕES TECNOLÓGICAS PARA A AGROPECUÁRIA E A AGROINDÚSTRIA
2027,1230,"SECRETARIA DE ESTADO DE AGRICULTURA, PECUÁRIA E ABASTECIMENTO - EPAMIG",3,,3051,EMPRESA DE PESQUISA AGROPECUÁRIA DE MINAS GERAIS - EPAMIG,3,3,90,37,10,1,,19,571,16,4,18,4018,1,,,15935801.00,0,DESENVOLVIMENTO DE PESQUISA AGROPECUÁRIA E AGROINDUSTRIAL,INOVAÇÕES E SOLUÇÕES TECNOLÓGICAS PARA A AGROPECUÁRIA E A AGROINDÚSTRIA
2027,1230,"SECRETARIA DE ESTADO DE AGRICULTURA, PECUÁRIA E ABASTECIMENTO - EPAMIG",3,,3051,EMPRESA DE PESQUISA AGROPECUÁRIA DE MINAS GERAIS - EPAMIG,3,3,90,39,10,1,,19,571,16,4,18,4018,1,,,819313.00,0,DESENVOLVIMENTO DE PESQUISA AGROPECUÁRIA E AGROINDUSTRIAL,INOVAÇÕES E SOLUÇÕES TECNOLÓGICAS PARA A AGROPECUÁRIA E A AGROINDÚSTRIA
2027,1230,"SECRETARIA DE ESTADO DE AGRICULTURA, PECUÁRIA E ABASTECIMENTO - EPAMIG",3,,3051,EMPRESA DE PESQUISA AGROPECUÁRIA DE MINAS GERAIS - EPAMIG,3,3,90,39,24,1,,19,571,16,4,18,4018,1,,,234925.00,0,DESENVOLVIMENTO DE PESQUISA AGROPECUÁRIA E AGROINDUSTRIAL,INOVAÇÕES E SOLUÇÕES TECNOLÓGICAS PARA A AGROPECUÁRIA E A AGROINDÚSTRIA
2027,1230,"SECRETARIA DE ESTADO DE AGRICULTURA, PECUÁRIA E ABASTECIMENTO - EPAMIG",3,,3051,EMPRESA DE PESQUISA AGROPECUÁRIA DE MINAS GERAIS - EPAMIG,3,3,90,39,60,1,,19,571,16,4,18,4018,1,,,3842919.00,0,DESENVOLVIMENTO DE PESQUISA AGROPECUÁRIA E AGROINDUSTRIAL,INOVAÇÕES E SOLUÇÕES TECNOLÓGICAS PARA A AGROPECUÁRIA E A AGROINDÚSTRIA
2027,1230,"SECRETARIA DE ESTADO DE AGRICULTURA, PECUÁRIA E ABASTECIMENTO - EPAMIG",3,,3051,EMPRESA DE PESQUISA AGROPECUÁRIA DE MINAS GERAIS - EPAMIG,3,3,90,39,70,1,,19,571,16,4,18,4018,1,,,28400.00,0,DESENVOLVIMENTO DE PESQUISA AGROPECUÁRIA E AGROINDUSTRIAL,INOVAÇÕES E SOLUÇÕES TECNOLÓGICAS PARA A AGROPECUÁRIA E A AGROINDÚSTRIA
2027,1230,"SECRETARIA DE ESTADO DE AGRICULTURA, PECUÁRIA E ABASTECIMENTO - EPAMIG",3,,3051,EMPRESA DE PESQUISA AGROPECUÁRIA DE MINAS GERAIS - EPAMIG,3,3,90,40,60,1,,19,571,16,4,18,4018,1,,,93115.00,0,DESENVOLVIMENTO DE PESQUISA AGROPECUÁRIA E AGROINDUSTRIAL,INOVAÇÕES E SOLUÇÕES TECNOLÓGICAS PARA A AGROPECUÁRIA E A AGROINDÚSTRIA
2027,1230,"SECRETARIA DE ESTADO DE AGRICULTURA, PECUÁRIA E ABASTECIMENTO - EPAMIG",3,,3051,EMPRESA DE PESQUISA AGROPECUÁRIA DE MINAS GERAIS - EPAMIG,3,3,90,47,60,1,,19,571,16,4,18,4018,1,,,275.00,0,DESENVOLVIMENTO DE PESQUISA AGROPECUÁRIA E AGROINDUSTRIAL,INOVAÇÕES E SOLUÇÕES TECNOLÓGICAS PARA A AGROPECUÁRIA E A AGROINDÚSTRIA
2027,1230,"SECRETARIA DE ESTADO DE AGRICULTURA, PECUÁRIA E ABASTECIMENTO - EPAMIG",3,,3051,EMPRESA DE PESQUISA AGROPECUÁRIA DE MINAS GERAIS - EPAMIG,4,4,90,51,60,1,,19,571,16,4,18,4018,1,,,250000.00,0,DESENVOLVIMENTO DE PESQUISA AGROPECUÁRIA E AGROINDUSTRIAL,INOVAÇÕES E SOLUÇÕES TECNOLÓGICAS PARA A AGROPECUÁRIA E A AGROINDÚSTRIA
2027,1230,"SECRETARIA DE ESTADO DE AGRICULTURA, PECUÁRIA E ABASTECIMENTO - EPAMIG",3,,3051,EMPRESA DE PESQUISA AGROPECUÁRIA DE MINAS GERAIS - EPAMIG,4,4,90,52,60,1,,19,571,16,4,18,4018,1,,,5450000.00,0,DESENVOLVIMENTO DE PESQUISA AGROPECUÁRIA E AGROINDUSTRIAL,INOVAÇÕES E SOLUÇÕES TECNOLÓGICAS PARA A AGROPECUÁRIA E A AGROINDÚSTRIA
2027,1230,"SECRETARIA DE ESTADO DE AGRICULTURA, PECUÁRIA E ABASTECIMENTO - EPAMIG",3,,3051,EMPRESA DE PESQUISA AGROPECUÁRIA DE MINAS GERAIS - EPAMIG,4,4,90,52,70,1,,19,571,16,4,18,4018,1,,,35498.00,0,DESENVOLVIMENTO DE PESQUISA AGROPECUÁRIA E AGROINDUSTRIAL,INOVAÇÕES E SOLUÇÕES TECNOLÓGICAS PARA A AGROPECUÁRIA E A AGROINDÚSTRIA
2027,1230,"SECRETARIA DE ESTADO DE AGRICULTURA, PECUÁRIA E ABASTECIMENTO - EPAMIG",3,,3051,EMPRESA DE PESQUISA AGROPECUÁRIA DE MINAS GERAIS - EPAMIG,3,1,90,11,10,1,,20,122,705,2,417,2417,1,,,81049906.00,0,REMUNERAÇÃO DE PESSOAL ATIVO E ENCARGOS SOCIAIS,APOIO ÀS POLÍTICAS PÚBLICAS
2027,1230,"SECRETARIA DE ESTADO DE AGRICULTURA, PECUÁRIA E ABASTECIMENTO - EPAMIG",3,,3051,EMPRESA DE PESQUISA AGROPECUÁRIA DE MINAS GERAIS - EPAMIG,3,1,90,13,10,1,,20,122,705,2,417,2417,1,,,34735675.00,0,REMUNERAÇÃO DE PESSOAL ATIVO E ENCARGOS SOCIAIS,APOIO ÀS POLÍTICAS PÚBLICAS
2027,1230,"SECRETARIA DE ESTADO DE AGRICULTURA, PECUÁRIA E ABASTECIMENTO - EPAMIG",3,,3051,EMPRESA DE PESQUISA AGROPECUÁRIA DE MINAS GERAIS - EPAMIG,3,3,90,14,60,1,,20,122,705,2,500,2500,1,,,447307.00,0,ASSESSORAMENTO E GERENCIAMENTO DE POLÍTICAS PÚBLICAS,APOIO ÀS POLÍTICAS PÚBLICAS
2027,1230,"SECRETARIA DE ESTADO DE AGRICULTURA, PECUÁRIA E ABASTECIMENTO - EPAMIG",3,,3051,EMPRESA DE PESQUISA AGROPECUÁRIA DE MINAS GERAIS - EPAMIG,3,3,90,30,60,1,,20,122,705,2,500,2500,1,,,569083.00,0,ASSESSORAMENTO E GERENCIAMENTO DE POLÍTICAS PÚBLICAS,APOIO ÀS POLÍTICAS PÚBLICAS
2027,1230,"SECRETARIA DE ESTADO DE AGRICULTURA, PECUÁRIA E ABASTECIMENTO - EPAMIG",3,,3051,EMPRESA DE PESQUISA AGROPECUÁRIA DE MINAS GERAIS - EPAMIG,3,3,90,33,60,1,,20,122,705,2,500,2500,1,,,66938.00,0,ASSESSORAMENTO E GERENCIAMENTO DE POLÍTICAS PÚBLICAS,APOIO ÀS POLÍTICAS PÚBLICAS
2027,1230,"SECRETARIA DE ESTADO DE AGRICULTURA, PECUÁRIA E ABASTECIMENTO - EPAMIG",3,,3051,EMPRESA DE PESQUISA AGROPECUÁRIA DE MINAS GERAIS - EPAMIG,3,3,90,35,60,1,,20,122,705,2,500,2500,1,,,44418.00,0,ASSESSORAMENTO E GERENCIAMENTO DE POLÍTICAS PÚBLICAS,APOIO ÀS POLÍTICAS PÚBLICAS
2027,1230,"SECRETARIA DE ESTADO DE AGRICULTURA, PECUÁRIA E ABASTECIMENTO - EPAMIG",3,,3051,EMPRESA DE PESQUISA AGROPECUÁRIA DE MINAS GERAIS - EPAMIG,3,3,90,36,60,1,,20,122,705,2,500,2500,1,,,10802.00,0,ASSESSORAMENTO E GERENCIAMENTO DE POLÍTICAS PÚBLICAS,APOIO ÀS POLÍTICAS PÚBLICAS
2027,1230,"SECRETARIA DE ESTADO DE AGRICULTURA, PECUÁRIA E ABASTECIMENTO - EPAMIG",3,,3051,EMPRESA DE PESQUISA AGROPECUÁRIA DE MINAS GERAIS - EPAMIG,3,3,90,37,10,1,,20,122,705,2,500,2500,1,,,1533115.00,0,ASSESSORAMENTO E GERENCIAMENTO DE POLÍTICAS PÚBLICAS,APOIO ÀS POLÍTICAS PÚBLICAS
2027,1230,"SECRETARIA DE ESTADO DE AGRICULTURA, PECUÁRIA E ABASTECIMENTO - EPAMIG",3,,3051,EMPRESA DE PESQUISA AGROPECUÁRIA DE MINAS GERAIS - EPAMIG,3,3,90,39,60,1,,20,122,705,2,500,2500,1,,,2137105.00,0,ASSESSORAMENTO E GERENCIAMENTO DE POLÍTICAS PÚBLICAS,APOIO ÀS POLÍTICAS PÚBLICAS
2027,1230,"SECRETARIA DE ESTADO DE AGRICULTURA, PECUÁRIA E ABASTECIMENTO - EPAMIG",3,,3051,EMPRESA DE PESQUISA AGROPECUÁRIA DE MINAS GERAIS - EPAMIG,3,3,90,40,60,1,,20,122,705,2,500,2500,1,,,1325307.00,0,ASSESSORAMENTO E GERENCIAMENTO DE POLÍTICAS PÚBLICAS,APOIO ÀS POLÍTICAS PÚBLICAS
2027,1230,"SECRETARIA DE ESTADO DE AGRICULTURA, PECUÁRIA E ABASTECIMENTO - EPAMIG",3,,3051,EMPRESA DE PESQUISA AGROPECUÁRIA DE MINAS GERAIS - EPAMIG,3,3,90,47,60,1,,20,122,705,2,500,2500,1,,,357498.00,0,ASSESSORAMENTO E GERENCIAMENTO DE POLÍTICAS PÚBLICAS,APOIO ÀS POLÍTICAS PÚBLICAS
2027,1230,"SECRETARIA DE ESTADO DE AGRICULTURA, PECUÁRIA E ABASTECIMENTO - EPAMIG",3,,3051,EMPRESA DE PESQUISA AGROPECUÁRIA DE MINAS GERAIS - EPAMIG,3,3,90,49,60,1,,20,122,705,2,500,2500,1,,,304295.00,0,ASSESSORAMENTO E GERENCIAMENTO DE POLÍTICAS PÚBLICAS,APOIO ÀS POLÍTICAS PÚBLICAS
2027,1230,"SECRETARIA DE ESTADO DE AGRICULTURA, PECUÁRIA E ABASTECIMENTO - EPAMIG",3,,3051,EMPRESA DE PESQUISA AGROPECUÁRIA DE MINAS GERAIS - EPAMIG,3,3,90,14,60,1,,20,571,16,4,19,4019,1,,,21481.00,0,DIVULGAÇÃO DE TECNOLOGIA AGROPECUÁRIA VIA EVENTOS TÉCNICO-CIENTÍFICOS,INOVAÇÕES E SOLUÇÕES TECNOLÓGICAS PARA A AGROPECUÁRIA E A AGROINDÚSTRIA
2027,1230,"SECRETARIA DE ESTADO DE AGRICULTURA, PECUÁRIA E ABASTECIMENTO - EPAMIG",3,,3051,EMPRESA DE PESQUISA AGROPECUÁRIA DE MINAS GERAIS - EPAMIG,3,3,90,30,60,1,,20,571,16,4,19,4019,1,,,30326.00,0,DIVULGAÇÃO DE TECNOLOGIA AGROPECUÁRIA VIA EVENTOS TÉCNICO-CIENTÍFICOS,INOVAÇÕES E SOLUÇÕES TECNOLÓGICAS PARA A AGROPECUÁRIA E A AGROINDÚSTRIA
2027,1230,"SECRETARIA DE ESTADO DE AGRICULTURA, PECUÁRIA E ABASTECIMENTO - EPAMIG",3,,3051,EMPRESA DE PESQUISA AGROPECUÁRIA DE MINAS GERAIS - EPAMIG,3,3,90,33,60,1,,20,571,16,4,19,4019,1,,,480.00,0,DIVULGAÇÃO DE TECNOLOGIA AGROPECUÁRIA VIA EVENTOS TÉCNICO-CIENTÍFICOS,INOVAÇÕES E SOLUÇÕES TECNOLÓGICAS PARA A AGROPECUÁRIA E A AGROINDÚSTRIA
2027,1230,"SECRETARIA DE ESTADO DE AGRICULTURA, PECUÁRIA E ABASTECIMENTO - EPAMIG",3,,3051,EMPRESA DE PESQUISA AGROPECUÁRIA DE MINAS GERAIS - EPAMIG,3,3,90,39,60,1,,20,571,16,4,19,4019,1,,,142811.00,0,DIVULGAÇÃO DE TECNOLOGIA AGROPECUÁRIA VIA EVENTOS TÉCNICO-CIENTÍFICOS,INOVAÇÕES E SOLUÇÕES TECNOLÓGICAS PARA A AGROPECUÁRIA E A AGROINDÚSTRIA
2027,1230,"SECRETARIA DE ESTADO DE AGRICULTURA, PECUÁRIA E ABASTECIMENTO - EPAMIG",3,,3051,EMPRESA DE PESQUISA AGROPECUÁRIA DE MINAS GERAIS - EPAMIG,3,3,90,40,60,1,,20,571,16,4,19,4019,1,,,4902.00,0,DIVULGAÇÃO DE TECNOLOGIA AGROPECUÁRIA VIA EVENTOS TÉCNICO-CIENTÍFICOS,INOVAÇÕES E SOLUÇÕES TECNOLÓGICAS PARA A AGROPECUÁRIA E A AGROINDÚSTRIA
2027,1230,"SECRETARIA DE ESTADO DE AGRICULTURA, PECUÁRIA E ABASTECIMENTO - EPAMIG",3,,3051,EMPRESA DE PESQUISA AGROPECUÁRIA DE MINAS GERAIS - EPAMIG,3,3,90,14,60,1,,20,571,16,4,20,4020,1,,,1621.00,0,TRANSFERÊNCIA DE TECNOLOGIA VIA SEMENTES DE CULTIVARES MELHORADAS,INOVAÇÕES E SOLUÇÕES TECNOLÓGICAS PARA A AGROPECUÁRIA E A AGROINDÚSTRIA
2027,1230,"SECRETARIA DE ESTADO DE AGRICULTURA, PECUÁRIA E ABASTECIMENTO - EPAMIG",3,,3051,EMPRESA DE PESQUISA AGROPECUÁRIA DE MINAS GERAIS - EPAMIG,3,3,90,30,60,1,,20,571,16,4,20,4020,1,,,413275.00,0,TRANSFERÊNCIA DE TECNOLOGIA VIA SEMENTES DE CULTIVARES MELHORADAS,INOVAÇÕES E SOLUÇÕES TECNOLÓGICAS PARA A AGROPECUÁRIA E A AGROINDÚSTRIA
2027,1230,"SECRETARIA DE ESTADO DE AGRICULTURA, PECUÁRIA E ABASTECIMENTO - EPAMIG",3,,3051,EMPRESA DE PESQUISA AGROPECUÁRIA DE MINAS GERAIS - EPAMIG,3,3,90,33,60,1,,20,571,16,4,20,4020,1,,,212.00,0,TRANSFERÊNCIA DE TECNOLOGIA VIA SEMENTES DE CULTIVARES MELHORADAS,INOVAÇÕES E SOLUÇÕES TECNOLÓGICAS PARA A AGROPECUÁRIA E A AGROINDÚSTRIA
2027,1230,"SECRETARIA DE ESTADO DE AGRICULTURA, PECUÁRIA E ABASTECIMENTO - EPAMIG",3,,3051,EMPRESA DE PESQUISA AGROPECUÁRIA DE MINAS GERAIS - EPAMIG,3,3,90,39,60,1,,20,571,16,4,20,4020,1,,,431142.00,0,TRANSFERÊNCIA DE TECNOLOGIA VIA SEMENTES DE CULTIVARES MELHORADAS,INOVAÇÕES E SOLUÇÕES TECNOLÓGICAS PARA A AGROPECUÁRIA E A AGROINDÚSTRIA
2027,1230,"SECRETARIA DE ESTADO DE AGRICULTURA, PECUÁRIA E ABASTECIMENTO - EPAMIG",3,,3051,EMPRESA DE PESQUISA AGROPECUÁRIA DE MINAS GERAIS - EPAMIG,3,3,90,40,60,1,,20,571,16,4,20,4020,1,,,18750.00,0,TRANSFERÊNCIA DE TECNOLOGIA VIA SEMENTES DE CULTIVARES MELHORADAS,INOVAÇÕES E SOLUÇÕES TECNOLÓGICAS PARA A AGROPECUÁRIA E A AGROINDÚSTRIA
2027,1230,"SECRETARIA DE ESTADO DE AGRICULTURA, PECUÁRIA E ABASTECIMENTO - EPAMIG",3,,3051,EMPRESA DE PESQUISA AGROPECUÁRIA DE MINAS GERAIS - EPAMIG,3,3,90,30,60,1,,20,571,16,4,21,4021,1,,,415337.00,0,TRANSFERÊNCIA DE TECNOLOGIA VIA MUDAS QUALIFICADAS,INOVAÇÕES E SOLUÇÕES TECNOLÓGICAS PARA A AGROPECUÁRIA E A AGROINDÚSTRIA
2027,1230,"SECRETARIA DE ESTADO DE AGRICULTURA, PECUÁRIA E ABASTECIMENTO - EPAMIG",3,,3051,EMPRESA DE PESQUISA AGROPECUÁRIA DE MINAS GERAIS - EPAMIG,3,3,90,39,60,1,,20,571,16,4,21,4021,1,,,440909.00,0,TRANSFERÊNCIA DE TECNOLOGIA VIA MUDAS QUALIFICADAS,INOVAÇÕES E SOLUÇÕES TECNOLÓGICAS PARA A AGROPECUÁRIA E A AGROINDÚSTRIA
2027,1230,"SECRETARIA DE ESTADO DE AGRICULTURA, PECUÁRIA E ABASTECIMENTO - EPAMIG",3,,3051,EMPRESA DE PESQUISA AGROPECUÁRIA DE MINAS GERAIS - EPAMIG,3,3,90,40,60,1,,20,571,16,4,21,4021,1,,,8754.00,0,TRANSFERÊNCIA DE TECNOLOGIA VIA MUDAS QUALIFICADAS,INOVAÇÕES E SOLUÇÕES TECNOLÓGICAS PARA A AGROPECUÁRIA E A AGROINDÚSTRIA
2027,1230,"SECRETARIA DE ESTADO DE AGRICULTURA, PECUÁRIA E ABASTECIMENTO - EPAMIG",3,,3051,EMPRESA DE PESQUISA AGROPECUÁRIA DE MINAS GERAIS - EPAMIG,3,3,90,14,60,1,,20,571,16,4,22,4022,1,,,24358.00,0,TRANSFERÊNCIA DE TECNOLOGIA VIA MATRIZES E REPRODUTORES,INOVAÇÕES E SOLUÇÕES TECNOLÓGICAS PARA A AGROPECUÁRIA E A AGROINDÚSTRIA
2027,1230,"SECRETARIA DE ESTADO DE AGRICULTURA, PECUÁRIA E ABASTECIMENTO - EPAMIG",3,,3051,EMPRESA DE PESQUISA AGROPECUÁRIA DE MINAS GERAIS - EPAMIG,3,3,90,30,60,1,,20,571,16,4,22,4022,1,,,1077263.00,0,TRANSFERÊNCIA DE TECNOLOGIA VIA MATRIZES E REPRODUTORES,INOVAÇÕES E SOLUÇÕES TECNOLÓGICAS PARA A AGROPECUÁRIA E A AGROINDÚSTRIA
2027,1230,"SECRETARIA DE ESTADO DE AGRICULTURA, PECUÁRIA E ABASTECIMENTO - EPAMIG",3,,3051,EMPRESA DE PESQUISA AGROPECUÁRIA DE MINAS GERAIS - EPAMIG,3,3,90,33,60,1,,20,571,16,4,22,4022,1,,,2267.00,0,TRANSFERÊNCIA DE TECNOLOGIA VIA MATRIZES E REPRODUTORES,INOVAÇÕES E SOLUÇÕES TECNOLÓGICAS PARA A AGROPECUÁRIA E A AGROINDÚSTRIA
2027,1230,"SECRETARIA DE ESTADO DE AGRICULTURA, PECUÁRIA E ABASTECIMENTO - EPAMIG",3,,3051,EMPRESA DE PESQUISA AGROPECUÁRIA DE MINAS GERAIS - EPAMIG,3,3,90,39,60,1,,20,571,16,4,22,4022,1,,,283512.00,0,TRANSFERÊNCIA DE TECNOLOGIA VIA MATRIZES E REPRODUTORES,INOVAÇÕES E SOLUÇÕES TECNOLÓGICAS PARA A AGROPECUÁRIA E A AGROINDÚSTRIA
2027,1230,"SECRETARIA DE ESTADO DE AGRICULTURA, PECUÁRIA E ABASTECIMENTO - EPAMIG",3,,3051,EMPRESA DE PESQUISA AGROPECUÁRIA DE MINAS GERAIS - EPAMIG,3,3,90,40,60,1,,20,571,16,4,22,4022,1,,,12600.00,0,TRANSFERÊNCIA DE TECNOLOGIA VIA MATRIZES E REPRODUTORES,INOVAÇÕES E SOLUÇÕES TECNOLÓGICAS PARA A AGROPECUÁRIA E A AGROINDÚSTRIA
2027,1230,"SECRETARIA DE ESTADO DE AGRICULTURA, PECUÁRIA E ABASTECIMENTO - EPAMIG",3,,3051,EMPRESA DE PESQUISA AGROPECUÁRIA DE MINAS GERAIS - EPAMIG,3,3,90,30,60,1,,20,573,16,4,23,4023,1,,,218120.00,0,INFORMAÇÃO CIENTÍFICA E TECNOLÓGICA VIA PUBLICAÇÕES,INOVAÇÕES E SOLUÇÕES TECNOLÓGICAS PARA A AGROPECUÁRIA E A AGROINDÚSTRIA
2027,1230,"SECRETARIA DE ESTADO DE AGRICULTURA, PECUÁRIA E ABASTECIMENTO - EPAMIG",3,,3051,EMPRESA DE PESQUISA AGROPECUÁRIA DE MINAS GERAIS - EPAMIG,3,3,90,39,60,1,,20,573,16,4,23,4023,1,,,8456.00,0,INFORMAÇÃO CIENTÍFICA E TECNOLÓGICA VIA PUBLICAÇÕES,INOVAÇÕES E SOLUÇÕES TECNOLÓGICAS PARA A AGROPECUÁRIA E A AGROINDÚSTRIA
2027,1230,"SECRETARIA DE ESTADO DE AGRICULTURA, PECUÁRIA E ABASTECIMENTO - EPAMIG",3,,3051,EMPRESA DE PESQUISA AGROPECUÁRIA DE MINAS GERAIS - EPAMIG,3,3,90,40,60,1,,20,573,16,4,23,4023,1,,,23424.00,0,INFORMAÇÃO CIENTÍFICA E TECNOLÓGICA VIA PUBLICAÇÕES,INOVAÇÕES E SOLUÇÕES TECNOLÓGICAS PARA A AGROPECUÁRIA E A AGROINDÚSTRIA
2027,1230,"SECRETARIA DE ESTADO DE AGRICULTURA, PECUÁRIA E ABASTECIMENTO - EPAMIG",3,,3051,EMPRESA DE PESQUISA AGROPECUÁRIA DE MINAS GERAIS - EPAMIG,3,1,90,91,10,9,,28,846,705,7,4,7004,1,,,1000.00,0,PRECATÓRIOS E SENTENÇAS JUDICIÁRIAS,APOIO ÀS POLÍTICAS PÚBLICAS
2027,1250,POLÍCIA MILITAR DO ESTADO DE MINAS GERAIS - PMMG,3,,1251,POLÍCIA MILITAR DO ESTADO DE MINAS GERAIS - PMMG,3,3,90,30,10,1,,12,361,136,2,58,2058,1,,,235.00,0,ENSINO FUNDAMENTAL DOS COLÉGIOS TIRADENTES DA POLÍCIA MILITAR,EDUCAÇÃO ESCOLAR
2027,1250,POLÍCIA MILITAR DO ESTADO DE MINAS GERAIS - PMMG,3,,1251,POLÍCIA MILITAR DO ESTADO DE MINAS GERAIS - PMMG,3,3,90,37,10,1,,12,361,136,2,58,2058,1,,,2262478.00,0,ENSINO FUNDAMENTAL DOS COLÉGIOS TIRADENTES DA POLÍCIA MILITAR,EDUCAÇÃO ESCOLAR
2027,1250,POLÍCIA MILITAR DO ESTADO DE MINAS GERAIS - PMMG,3,,1251,POLÍCIA MILITAR DO ESTADO DE MINAS GERAIS - PMMG,3,3,90,39,10,1,,12,361,136,2,58,2058,1,,,641428.00,0,ENSINO FUNDAMENTAL DOS COLÉGIOS TIRADENTES DA POLÍCIA MILITAR,EDUCAÇÃO ESCOLAR
2027,1250,POLÍCIA MILITAR DO ESTADO DE MINAS GERAIS - PMMG,3,,1251,POLÍCIA MILITAR DO ESTADO DE MINAS GERAIS - PMMG,3,3,90,14,10,1,,12,362,136,2,59,2059,1,,,106034.00,0,ENSINO MÉDIO DOS COLÉGIOS TIRADENTES DA POLÍCIA MILITAR,EDUCAÇÃO ESCOLAR
2027,1250,POLÍCIA MILITAR DO ESTADO DE MINAS GERAIS - PMMG,3,,1251,POLÍCIA MILITAR DO ESTADO DE MINAS GERAIS - PMMG,3,3,90,15,10,1,,12,362,136,2,59,2059,1,,,190581.00,0,ENSINO MÉDIO DOS COLÉGIOS TIRADENTES DA POLÍCIA MILITAR,EDUCAÇÃO ESCOLAR
2027,1250,POLÍCIA MILITAR DO ESTADO DE MINAS GERAIS - PMMG,3,,1251,POLÍCIA MILITAR DO ESTADO DE MINAS GERAIS - PMMG,3,3,90,39,10,1,,12,362,136,2,59,2059,1,,,3746668.00,0,ENSINO MÉDIO DOS COLÉGIOS TIRADENTES DA POLÍCIA MILITAR,EDUCAÇÃO ESCOLAR
2027,1250,POLÍCIA MILITAR DO ESTADO DE MINAS GERAIS - PMMG,3,,1251,POLÍCIA MILITAR DO ESTADO DE MINAS GERAIS - PMMG,3,3,90,47,10,1,,12,362,136,2,59,2059,1,,,25138.00,0,ENSINO MÉDIO DOS COLÉGIOS TIRADENTES DA POLÍCIA MILITAR,EDUCAÇÃO ESCOLAR
2027,1250,POLÍCIA MILITAR DO ESTADO DE MINAS GERAIS - PMMG,3,,1251,POLÍCIA MILITAR DO ESTADO DE MINAS GERAIS - PMMG,3,3,90,36,10,1,,12,368,127,2,106,2106,1,,,956.00,0,FORTALECIMENTO DO PROGRAMA ESCOLA SEGURA POR MEIO DE MILITARES DA PMMG,ESCOLA SEGURA
2027,1250,POLÍCIA MILITAR DO ESTADO DE MINAS GERAIS - PMMG,3,,1251,POLÍCIA MILITAR DO ESTADO DE MINAS GERAIS - PMMG,3,3,90,15,10,1,,6,122,705,2,500,2500,1,,,772287.00,0,ASSESSORAMENTO E GERENCIAMENTO DE POLÍTICAS PÚBLICAS,APOIO ÀS POLÍTICAS PÚBLICAS
2027,1250,POLÍCIA MILITAR DO ESTADO DE MINAS GERAIS - PMMG,3,,1251,POLÍCIA MILITAR DO ESTADO DE MINAS GERAIS - PMMG,3,3,90,15,60,1,,6,122,705,2,500,2500,1,,,646783.00,0,ASSESSORAMENTO E GERENCIAMENTO DE POLÍTICAS PÚBLICAS,APOIO ÀS POLÍTICAS PÚBLICAS
2027,1250,POLÍCIA MILITAR DO ESTADO DE MINAS GERAIS - PMMG,3,,1251,POLÍCIA MILITAR DO ESTADO DE MINAS GERAIS - PMMG,3,3,90,30,10,1,,6,122,705,2,500,2500,1,,,72452.00,0,ASSESSORAMENTO E GERENCIAMENTO DE POLÍTICAS PÚBLICAS,APOIO ÀS POLÍTICAS PÚBLICAS
2027,1250,POLÍCIA MILITAR DO ESTADO DE MINAS GERAIS - PMMG,3,,1251,POLÍCIA MILITAR DO ESTADO DE MINAS GERAIS - PMMG,3,3,90,30,60,1,,6,122,705,2,500,2500,1,,,452395.00,0,ASSESSORAMENTO E GERENCIAMENTO DE POLÍTICAS PÚBLICAS,APOIO ÀS POLÍTICAS PÚBLICAS
2027,1250,POLÍCIA MILITAR DO ESTADO DE MINAS GERAIS - PMMG,3,,1251,POLÍCIA MILITAR DO ESTADO DE MINAS GERAIS - PMMG,3,3,90,32,60,1,,6,122,705,2,500,2500,1,,,8240.00,0,ASSESSORAMENTO E GERENCIAMENTO DE POLÍTICAS PÚBLICAS,APOIO ÀS POLÍTICAS PÚBLICAS
2027,1250,POLÍCIA MILITAR DO ESTADO DE MINAS GERAIS - PMMG,3,,1251,POLÍCIA MILITAR DO ESTADO DE MINAS GERAIS - PMMG,3,3,90,33,60,1,,6,122,705,2,500,2500,1,,,611320.00,0,ASSESSORAMENTO E GERENCIAMENTO DE POLÍTICAS PÚBLICAS,APOIO ÀS POLÍTICAS PÚBLICAS
2027,1250,POLÍCIA MILITAR DO ESTADO DE MINAS GERAIS - PMMG,3,,1251,POLÍCIA MILITAR DO ESTADO DE MINAS GERAIS - PMMG,3,3,90,36,10,1,,6,122,705,2,500,2500,1,,,24696.00,0,ASSESSORAMENTO E GERENCIAMENTO DE POLÍTICAS PÚBLICAS,APOIO ÀS POLÍTICAS PÚBLICAS
2027,1250,POLÍCIA MILITAR DO ESTADO DE MINAS GERAIS - PMMG,3,,1251,POLÍCIA MILITAR DO ESTADO DE MINAS GERAIS - PMMG,3,3,90,36,60,1,,6,122,705,2,500,2500,1,,,120000.00,0,ASSESSORAMENTO E GERENCIAMENTO DE POLÍTICAS PÚBLICAS,APOIO ÀS POLÍTICAS PÚBLICAS
2027,1250,POLÍCIA MILITAR DO ESTADO DE MINAS GERAIS - PMMG,3,,1251,POLÍCIA MILITAR DO ESTADO DE MINAS GERAIS - PMMG,3,3,90,37,10,1,,6,122,705,2,500,2500,1,,,4082163.00,0,ASSESSORAMENTO E GERENCIAMENTO DE POLÍTICAS PÚBLICAS,APOIO ÀS POLÍTICAS PÚBLICAS
2027,1250,POLÍCIA MILITAR DO ESTADO DE MINAS GERAIS - PMMG,3,,1251,POLÍCIA MILITAR DO ESTADO DE MINAS GERAIS - PMMG,3,3,90,39,10,1,,6,122,705,2,500,2500,1,,,2262129.00,0,ASSESSORAMENTO E GERENCIAMENTO DE POLÍTICAS PÚBLICAS,APOIO ÀS POLÍTICAS PÚBLICAS
2027,1250,POLÍCIA MILITAR DO ESTADO DE MINAS GERAIS - PMMG,3,,1251,POLÍCIA MILITAR DO ESTADO DE MINAS GERAIS - PMMG,3,3,90,39,60,1,,6,122,705,2,500,2500,1,,,1452971.00,0,ASSESSORAMENTO E GERENCIAMENTO DE POLÍTICAS PÚBLICAS,APOIO ÀS POLÍTICAS PÚBLICAS
2027,1250,POLÍCIA MILITAR DO ESTADO DE MINAS GERAIS - PMMG,3,,1251,POLÍCIA MILITAR DO ESTADO DE MINAS GERAIS - PMMG,3,3,90,40,10,1,,6,122,705,2,500,2500,1,,,3150938.00,0,ASSESSORAMENTO E GERENCIAMENTO DE POLÍTICAS PÚBLICAS,APOIO ÀS POLÍTICAS PÚBLICAS
2027,1250,POLÍCIA MILITAR DO ESTADO DE MINAS GERAIS - PMMG,3,,1251,POLÍCIA MILITAR DO ESTADO DE MINAS GERAIS - PMMG,3,3,90,47,10,1,,6,122,705,2,500,2500,1,,,24278.00,0,ASSESSORAMENTO E GERENCIAMENTO DE POLÍTICAS PÚBLICAS,APOIO ÀS POLÍTICAS PÚBLICAS
2027,1250,POLÍCIA MILITAR DO ESTADO DE MINAS GERAIS - PMMG,3,,1251,POLÍCIA MILITAR DO ESTADO DE MINAS GERAIS - PMMG,3,3,90,14,10,1,,6,181,135,2,57,2057,1,,,9924.00,0,ATENDIMENTO DE DEMAIS ASSISTÊNCIAS SOCIAIS,PROTEÇÃO SOCIAL DOS MILITARES
2027,1250,POLÍCIA MILITAR DO ESTADO DE MINAS GERAIS - PMMG,3,,1251,POLÍCIA MILITAR DO ESTADO DE MINAS GERAIS - PMMG,3,3,90,15,10,1,,6,181,135,2,57,2057,1,,,31956.00,0,ATENDIMENTO DE DEMAIS ASSISTÊNCIAS SOCIAIS,PROTEÇÃO SOCIAL DOS MILITARES
2027,1250,POLÍCIA MILITAR DO ESTADO DE MINAS GERAIS - PMMG,3,,1251,POLÍCIA MILITAR DO ESTADO DE MINAS GERAIS - PMMG,3,3,90,30,10,1,,6,181,135,2,57,2057,1,,,2187.00,0,ATENDIMENTO DE DEMAIS ASSISTÊNCIAS SOCIAIS,PROTEÇÃO SOCIAL DOS MILITARES
2027,1250,POLÍCIA MILITAR DO ESTADO DE MINAS GERAIS - PMMG,3,,1251,POLÍCIA MILITAR DO ESTADO DE MINAS GERAIS - PMMG,3,3,90,37,10,1,,6,181,135,2,57,2057,1,,,41656.00,0,ATENDIMENTO DE DEMAIS ASSISTÊNCIAS SOCIAIS,PROTEÇÃO SOCIAL DOS MILITARES
2027,1250,POLÍCIA MILITAR DO ESTADO DE MINAS GERAIS - PMMG,3,,1251,POLÍCIA MILITAR DO ESTADO DE MINAS GERAIS - PMMG,3,3,90,39,10,1,,6,181,135,2,57,2057,1,,,89802.00,0,ATENDIMENTO DE DEMAIS ASSISTÊNCIAS SOCIAIS,PROTEÇÃO SOCIAL DOS MILITARES
2027,1250,POLÍCIA MILITAR DO ESTADO DE MINAS GERAIS - PMMG,3,,1251,POLÍCIA MILITAR DO ESTADO DE MINAS GERAIS - PMMG,4,4,90,52,10,1,,6,181,135,2,57,2057,1,,,403.00,0,ATENDIMENTO DE DEMAIS ASSISTÊNCIAS SOCIAIS,PROTEÇÃO SOCIAL DOS MILITARES
2027,1250,POLÍCIA MILITAR DO ESTADO DE MINAS GERAIS - PMMG,3,,1251,POLÍCIA MILITAR DO ESTADO DE MINAS GERAIS - PMMG,3,3,90,15,10,1,,6,181,137,2,61,2061,1,,,6084623.00,0,EDUCAÇÃO PROFISSIONAL DE SEGURANÇA PÚBLICA,POLÍCIA OSTENSIVA
2027,1250,POLÍCIA MILITAR DO ESTADO DE MINAS GERAIS - PMMG,3,,1251,POLÍCIA MILITAR DO ESTADO DE MINAS GERAIS - PMMG,3,3,90,15,60,1,,6,181,137,2,61,2061,1,,,489435.00,0,EDUCAÇÃO PROFISSIONAL DE SEGURANÇA PÚBLICA,POLÍCIA OSTENSIVA
2027,1250,POLÍCIA MILITAR DO ESTADO DE MINAS GERAIS - PMMG,3,,1251,POLÍCIA MILITAR DO ESTADO DE MINAS GERAIS - PMMG,3,3,90,30,10,1,,6,181,137,2,61,2061,1,,,6608109.00,0,EDUCAÇÃO PROFISSIONAL DE SEGURANÇA PÚBLICA,POLÍCIA OSTENSIVA
2027,1250,POLÍCIA MILITAR DO ESTADO DE MINAS GERAIS - PMMG,3,,1251,POLÍCIA MILITAR DO ESTADO DE MINAS GERAIS - PMMG,3,3,90,31,10,1,,6,181,137,2,61,2061,1,,,18560.00,0,EDUCAÇÃO PROFISSIONAL DE SEGURANÇA PÚBLICA,POLÍCIA OSTENSIVA
2027,1250,POLÍCIA MILITAR DO ESTADO DE MINAS GERAIS - PMMG,3,,1251,POLÍCIA MILITAR DO ESTADO DE MINAS GERAIS - PMMG,3,3,90,33,10,1,,6,181,137,2,61,2061,1,,,283672.00,0,EDUCAÇÃO PROFISSIONAL DE SEGURANÇA PÚBLICA,POLÍCIA OSTENSIVA
2027,1250,POLÍCIA MILITAR DO ESTADO DE MINAS GERAIS - PMMG,3,,1251,POLÍCIA MILITAR DO ESTADO DE MINAS GERAIS - PMMG,3,3,90,36,10,1,,6,181,137,2,61,2061,1,,,2940.00,0,EDUCAÇÃO PROFISSIONAL DE SEGURANÇA PÚBLICA,POLÍCIA OSTENSIVA
2027,1250,POLÍCIA MILITAR DO ESTADO DE MINAS GERAIS - PMMG,3,,1251,POLÍCIA MILITAR DO ESTADO DE MINAS GERAIS - PMMG,3,3,90,37,10,1,,6,181,137,2,61,2061,1,,,1290911.00,0,EDUCAÇÃO PROFISSIONAL DE SEGURANÇA PÚBLICA,POLÍCIA OSTENSIVA
2027,1250,POLÍCIA MILITAR DO ESTADO DE MINAS GERAIS - PMMG,3,,1251,POLÍCIA MILITAR DO ESTADO DE MINAS GERAIS - PMMG,3,3,90,39,10,1,,6,181,137,2,61,2061,1,,,1508284.00,0,EDUCAÇÃO PROFISSIONAL DE SEGURANÇA PÚBLICA,POLÍCIA OSTENSIVA
2027,1250,POLÍCIA MILITAR DO ESTADO DE MINAS GERAIS - PMMG,3,,1251,POLÍCIA MILITAR DO ESTADO DE MINAS GERAIS - PMMG,3,3,90,40,10,1,,6,181,137,2,61,2061,1,,,54542.00,0,EDUCAÇÃO PROFISSIONAL DE SEGURANÇA PÚBLICA,POLÍCIA OSTENSIVA
2027,1250,POLÍCIA MILITAR DO ESTADO DE MINAS GERAIS - PMMG,3,,1251,POLÍCIA MILITAR DO ESTADO DE MINAS GERAIS - PMMG,3,3,90,47,10,1,,6,181,137,2,61,2061,1,,,456.00,0,EDUCAÇÃO PROFISSIONAL DE SEGURANÇA PÚBLICA,POLÍCIA OSTENSIVA
2027,1250,POLÍCIA MILITAR DO ESTADO DE MINAS GERAIS - PMMG,3,,1251,POLÍCIA MILITAR DO ESTADO DE MINAS GERAIS - PMMG,3,3,90,39,10,1,,6,181,137,2,63,2063,1,,,7936022.00,0,"MODERNIZAÇÃO, EXPANSÃO E MANUTENÇÃO DA RADIOCOMUNICAÇÃO OPERACIONAL",POLÍCIA OSTENSIVA
2027,1250,POLÍCIA MILITAR DO ESTADO DE MINAS GERAIS - PMMG,3,,1251,POLÍCIA MILITAR DO ESTADO DE MINAS GERAIS - PMMG,4,4,90,52,70,1,,6,181,137,2,63,2063,1,,,900000.00,0,"MODERNIZAÇÃO, EXPANSÃO E MANUTENÇÃO DA RADIOCOMUNICAÇÃO OPERACIONAL",POLÍCIA OSTENSIVA
2027,1250,POLÍCIA MILITAR DO ESTADO DE MINAS GERAIS - PMMG,3,,1251,POLÍCIA MILITAR DO ESTADO DE MINAS GERAIS - PMMG,3,3,90,14,10,1,,6,181,137,4,365,4365,1,,,130453.00,0,POLICIAMENTO OSTENSIVO GERAL,POLÍCIA OSTENSIVA
2027,1250,POLÍCIA MILITAR DO ESTADO DE MINAS GERAIS - PMMG,3,,1251,POLÍCIA MILITAR DO ESTADO DE MINAS GERAIS - PMMG,3,3,90,15,10,1,,6,181,137,4,365,4365,1,,,8897235.00,0,POLICIAMENTO OSTENSIVO GERAL,POLÍCIA OSTENSIVA
2027,1250,POLÍCIA MILITAR DO ESTADO DE MINAS GERAIS - PMMG,3,,1251,POLÍCIA MILITAR DO ESTADO DE MINAS GERAIS - PMMG,3,3,90,15,24,1,,6,181,137,4,365,4365,1,,,1500000.00,0,POLICIAMENTO OSTENSIVO GERAL,POLÍCIA OSTENSIVA
2027,1250,POLÍCIA MILITAR DO ESTADO DE MINAS GERAIS - PMMG,3,,1251,POLÍCIA MILITAR DO ESTADO DE MINAS GERAIS - PMMG,3,3,90,30,1,1,,6,181,137,4,365,4365,1,,,588581.00,0,POLICIAMENTO OSTENSIVO GERAL,POLÍCIA OSTENSIVA
2027,1250,POLÍCIA MILITAR DO ESTADO DE MINAS GERAIS - PMMG,3,,1251,POLÍCIA MILITAR DO ESTADO DE MINAS GERAIS - PMMG,3,3,90,30,10,1,,6,181,137,4,365,4365,1,,,75167595.00,0,POLICIAMENTO OSTENSIVO GERAL,POLÍCIA OSTENSIVA
2027,1250,POLÍCIA MILITAR DO ESTADO DE MINAS GERAIS - PMMG,3,,1251,POLÍCIA MILITAR DO ESTADO DE MINAS GERAIS - PMMG,3,3,90,30,2,1,,6,181,137,4,365,4365,1,,,3073692.00,0,POLICIAMENTO OSTENSIVO GERAL,POLÍCIA OSTENSIVA
2027,1250,POLÍCIA MILITAR DO ESTADO DE MINAS GERAIS - PMMG,3,,1251,POLÍCIA MILITAR DO ESTADO DE MINAS GERAIS - PMMG,3,3,90,30,24,1,,6,181,137,4,365,4365,1,,,17887145.00,0,POLICIAMENTO OSTENSIVO GERAL,POLÍCIA OSTENSIVA
2027,1250,POLÍCIA MILITAR DO ESTADO DE MINAS GERAIS - PMMG,3,,1251,POLÍCIA MILITAR DO ESTADO DE MINAS GERAIS - PMMG,3,3,90,30,45,1,,6,181,137,4,365,4365,1,,,34433.00,0,POLICIAMENTO OSTENSIVO GERAL,POLÍCIA OSTENSIVA
2027,1250,POLÍCIA MILITAR DO ESTADO DE MINAS GERAIS - PMMG,3,,1251,POLÍCIA MILITAR DO ESTADO DE MINAS GERAIS - PMMG,3,3,90,30,68,1,,6,181,137,4,365,4365,1,,,5981.00,0,POLICIAMENTO OSTENSIVO GERAL,POLÍCIA OSTENSIVA
2027,1250,POLÍCIA MILITAR DO ESTADO DE MINAS GERAIS - PMMG,3,,1251,POLÍCIA MILITAR DO ESTADO DE MINAS GERAIS - PMMG,3,3,90,30,69,1,,6,181,137,4,365,4365,1,,,3469858.00,0,POLICIAMENTO OSTENSIVO GERAL,POLÍCIA OSTENSIVA
2027,1250,POLÍCIA MILITAR DO ESTADO DE MINAS GERAIS - PMMG,3,,1251,POLÍCIA MILITAR DO ESTADO DE MINAS GERAIS - PMMG,3,3,90,30,70,1,,6,181,137,4,365,4365,1,,,9586050.00,0,POLICIAMENTO OSTENSIVO GERAL,POLÍCIA OSTENSIVA
2027,1250,POLÍCIA MILITAR DO ESTADO DE MINAS GERAIS - PMMG,3,,1251,POLÍCIA MILITAR DO ESTADO DE MINAS GERAIS - PMMG,3,3,90,30,98,1,,6,181,137,4,365,4365,1,,,2001000.00,0,POLICIAMENTO OSTENSIVO GERAL,POLÍCIA OSTENSIVA
2027,1250,POLÍCIA MILITAR DO ESTADO DE MINAS GERAIS - PMMG,3,,1251,POLÍCIA MILITAR DO ESTADO DE MINAS GERAIS - PMMG,3,3,90,33,10,1,,6,181,137,4,365,4365,1,,,740711.00,0,POLICIAMENTO OSTENSIVO GERAL,POLÍCIA OSTENSIVA
2027,1250,POLÍCIA MILITAR DO ESTADO DE MINAS GERAIS - PMMG,3,,1251,POLÍCIA MILITAR DO ESTADO DE MINAS GERAIS - PMMG,3,3,90,36,10,1,,6,181,137,4,365,4365,1,,,200619.00,0,POLICIAMENTO OSTENSIVO GERAL,POLÍCIA OSTENSIVA
2027,1250,POLÍCIA MILITAR DO ESTADO DE MINAS GERAIS - PMMG,3,,1251,POLÍCIA MILITAR DO ESTADO DE MINAS GERAIS - PMMG,3,3,90,37,10,1,,6,181,137,4,365,4365,1,,,7661010.00,0,POLICIAMENTO OSTENSIVO GERAL,POLÍCIA OSTENSIVA
2027,1250,POLÍCIA MILITAR DO ESTADO DE MINAS GERAIS - PMMG,3,,1251,POLÍCIA MILITAR DO ESTADO DE MINAS GERAIS - PMMG,3,3,90,39,10,1,,6,181,137,4,365,4365,1,,,111961253.00,0,POLICIAMENTO OSTENSIVO GERAL,POLÍCIA OSTENSIVA
2027,1250,POLÍCIA MILITAR DO ESTADO DE MINAS GERAIS - PMMG,3,,1251,POLÍCIA MILITAR DO ESTADO DE MINAS GERAIS - PMMG,3,3,90,39,24,1,,6,181,137,4,365,4365,1,,,3365753.00,0,POLICIAMENTO OSTENSIVO GERAL,POLÍCIA OSTENSIVA
2027,1250,POLÍCIA MILITAR DO ESTADO DE MINAS GERAIS - PMMG,3,,1251,POLÍCIA MILITAR DO ESTADO DE MINAS GERAIS - PMMG,3,3,90,39,69,1,,6,181,137,4,365,4365,1,,,1500000.00,0,POLICIAMENTO OSTENSIVO GERAL,POLÍCIA OSTENSIVA
2027,1250,POLÍCIA MILITAR DO ESTADO DE MINAS GERAIS - PMMG,3,,1251,POLÍCIA MILITAR DO ESTADO DE MINAS GERAIS - PMMG,3,3,90,39,70,1,,6,181,137,4,365,4365,1,,,7300000.00,0,POLICIAMENTO OSTENSIVO GERAL,POLÍCIA OSTENSIVA
2027,1250,POLÍCIA MILITAR DO ESTADO DE MINAS GERAIS - PMMG,3,,1251,POLÍCIA MILITAR DO ESTADO DE MINAS GERAIS - PMMG,3,3,90,39,82,1,,6,181,137,4,365,4365,1,,,17000000.00,0,POLICIAMENTO OSTENSIVO GERAL,POLÍCIA OSTENSIVA
2027,1250,POLÍCIA MILITAR DO ESTADO DE MINAS GERAIS - PMMG,3,,1251,POLÍCIA MILITAR DO ESTADO DE MINAS GERAIS - PMMG,3,3,90,40,10,1,,6,181,137,4,365,4365,1,,,15830812.00,0,POLICIAMENTO OSTENSIVO GERAL,POLÍCIA OSTENSIVA
2027,1250,POLÍCIA MILITAR DO ESTADO DE MINAS GERAIS - PMMG,3,,1251,POLÍCIA MILITAR DO ESTADO DE MINAS GERAIS - PMMG,3,3,90,47,10,1,,6,181,137,4,365,4365,1,,,54463.00,0,POLICIAMENTO OSTENSIVO GERAL,POLÍCIA OSTENSIVA
2027,1250,POLÍCIA MILITAR DO ESTADO DE MINAS GERAIS - PMMG,3,,1251,POLÍCIA MILITAR DO ESTADO DE MINAS GERAIS - PMMG,3,3,90,52,70,1,,6,181,137,4,365,4365,1,,,450000.00,0,POLICIAMENTO OSTENSIVO GERAL,POLÍCIA OSTENSIVA
2027,1250,POLÍCIA MILITAR DO ESTADO DE MINAS GERAIS - PMMG,3,,1251,POLÍCIA MILITAR DO ESTADO DE MINAS GERAIS - PMMG,3,3,90,93,10,1,,6,181,137,4,365,4365,1,,,29969724.00,0,POLICIAMENTO OSTENSIVO GERAL,POLÍCIA OSTENSIVA
2027,1250,POLÍCIA MILITAR DO ESTADO DE MINAS GERAIS - PMMG,3,,1251,POLÍCIA MILITAR DO ESTADO DE MINAS GERAIS - PMMG,4,4,90,40,10,1,,6,181,137,4,365,4365,1,,,5349658.00,0,POLICIAMENTO OSTENSIVO GERAL,POLÍCIA OSTENSIVA
2027,1250,POLÍCIA MILITAR DO ESTADO DE MINAS GERAIS - PMMG,3,,1251,POLÍCIA MILITAR DO ESTADO DE MINAS GERAIS - PMMG,4,4,90,40,24,1,,6,181,137,4,365,4365,1,,,500000.00,0,POLICIAMENTO OSTENSIVO GERAL,POLÍCIA OSTENSIVA
2027,1250,POLÍCIA MILITAR DO ESTADO DE MINAS GERAIS - PMMG,3,,1251,POLÍCIA MILITAR DO ESTADO DE MINAS GERAIS - PMMG,4,4,90,52,1,1,,6,181,137,4,365,4365,1,,,3500000.00,0,POLICIAMENTO OSTENSIVO GERAL,POLÍCIA OSTENSIVA
2027,1250,POLÍCIA MILITAR DO ESTADO DE MINAS GERAIS - PMMG,3,,1251,POLÍCIA MILITAR DO ESTADO DE MINAS GERAIS - PMMG,4,4,90,52,10,1,,6,181,137,4,365,4365,1,,,8764.00,0,POLICIAMENTO OSTENSIVO GERAL,POLÍCIA OSTENSIVA
2027,1250,POLÍCIA MILITAR DO ESTADO DE MINAS GERAIS - PMMG,3,,1251,POLÍCIA MILITAR DO ESTADO DE MINAS GERAIS - PMMG,4,4,90,52,2,1,,6,181,137,4,365,4365,1,,,15000000.00,0,POLICIAMENTO OSTENSIVO GERAL,POLÍCIA OSTENSIVA
2027,1250,POLÍCIA MILITAR DO ESTADO DE MINAS GERAIS - PMMG,3,,1251,POLÍCIA MILITAR DO ESTADO DE MINAS GERAIS - PMMG,4,4,90,52,24,1,,6,181,137,4,365,4365,1,,,6850052.00,0,POLICIAMENTO OSTENSIVO GERAL,POLÍCIA OSTENSIVA
2027,1250,POLÍCIA MILITAR DO ESTADO DE MINAS GERAIS - PMMG,3,,1251,POLÍCIA MILITAR DO ESTADO DE MINAS GERAIS - PMMG,4,4,90,52,45,1,,6,181,137,4,365,4365,1,,,245000.00,0,POLICIAMENTO OSTENSIVO GERAL,POLÍCIA OSTENSIVA
2027,1250,POLÍCIA MILITAR DO ESTADO DE MINAS GERAIS - PMMG,3,,1251,POLÍCIA MILITAR DO ESTADO DE MINAS GERAIS - PMMG,4,4,90,52,68,1,,6,181,137,4,365,4365,1,,,70000.00,0,POLICIAMENTO OSTENSIVO GERAL,POLÍCIA OSTENSIVA
2027,1250,POLÍCIA MILITAR DO ESTADO DE MINAS GERAIS - PMMG,3,,1251,POLÍCIA MILITAR DO ESTADO DE MINAS GERAIS - PMMG,4,4,90,52,69,1,,6,181,137,4,365,4365,1,,,2993929.00,0,POLICIAMENTO OSTENSIVO GERAL,POLÍCIA OSTENSIVA
2027,1250,POLÍCIA MILITAR DO ESTADO DE MINAS GERAIS - PMMG,3,,1251,POLÍCIA MILITAR DO ESTADO DE MINAS GERAIS - PMMG,4,4,90,52,70,1,,6,181,137,4,365,4365,1,,,5743246.00,0,POLICIAMENTO OSTENSIVO GERAL,POLÍCIA OSTENSIVA
2027,1250,POLÍCIA MILITAR DO ESTADO DE MINAS GERAIS - PMMG,3,,1251,POLÍCIA MILITAR DO ESTADO DE MINAS GERAIS - PMMG,4,4,90,52,80,1,,6,181,137,4,365,4365,1,,,1214845.00,0,POLICIAMENTO OSTENSIVO GERAL,POLÍCIA OSTENSIVA
2027,1250,POLÍCIA MILITAR DO ESTADO DE MINAS GERAIS - PMMG,3,,1251,POLÍCIA MILITAR DO ESTADO DE MINAS GERAIS - PMMG,4,4,90,52,98,1,,6,181,137,4,365,4365,1,,,10000000.00,0,POLICIAMENTO OSTENSIVO GERAL,POLÍCIA OSTENSIVA
2027,1250,POLÍCIA MILITAR DO ESTADO DE MINAS GERAIS - PMMG,3,,1251,POLÍCIA MILITAR DO ESTADO DE MINAS GERAIS - PMMG,3,3,90,36,10,1,,6,181,137,4,366,4366,1,,,1096.00,1,ESTRUTURAÇÃO E MODERNIZAÇÃO,POLÍCIA OSTENSIVA
2027,1250,POLÍCIA MILITAR DO ESTADO DE MINAS GERAIS - PMMG,3,,1251,POLÍCIA MILITAR DO ESTADO DE MINAS GERAIS - PMMG,3,3,90,36,10,1,,6,181,137,4,373,4373,1,,,3330.00,0,POLICIAMENTO DE PROXIMIDADE,POLÍCIA OSTENSIVA
2027,1250,POLÍCIA MILITAR DO ESTADO DE MINAS GERAIS - PMMG,3,,1251,POLÍCIA MILITAR DO ESTADO DE MINAS GERAIS - PMMG,3,3,90,15,10,1,,6,181,137,4,374,4374,1,,,1722879.00,0,POLICIAMENTO ESPECIALIZADO,POLÍCIA OSTENSIVA
2027,1250,POLÍCIA MILITAR DO ESTADO DE MINAS GERAIS - PMMG,3,,1251,POLÍCIA MILITAR DO ESTADO DE MINAS GERAIS - PMMG,3,3,90,15,73,1,,6,181,137,4,374,4374,1,,,6000000.00,0,POLICIAMENTO ESPECIALIZADO,POLÍCIA OSTENSIVA
2027,1250,POLÍCIA MILITAR DO ESTADO DE MINAS GERAIS - PMMG,3,,1251,POLÍCIA MILITAR DO ESTADO DE MINAS GERAIS - PMMG,3,3,90,15,83,2,,6,181,137,4,374,4374,1,,,208000.00,0,POLICIAMENTO ESPECIALIZADO,POLÍCIA OSTENSIVA
2027,1250,POLÍCIA MILITAR DO ESTADO DE MINAS GERAIS - PMMG,3,,1251,POLÍCIA MILITAR DO ESTADO DE MINAS GERAIS - PMMG,3,3,90,30,10,1,,6,181,137,4,374,4374,1,,,1542943.00,0,POLICIAMENTO ESPECIALIZADO,POLÍCIA OSTENSIVA
2027,1250,POLÍCIA MILITAR DO ESTADO DE MINAS GERAIS - PMMG,3,,1251,POLÍCIA MILITAR DO ESTADO DE MINAS GERAIS - PMMG,3,3,90,30,24,1,,6,181,137,4,374,4374,1,,,150000.00,0,POLICIAMENTO ESPECIALIZADO,POLÍCIA OSTENSIVA
2027,1250,POLÍCIA MILITAR DO ESTADO DE MINAS GERAIS - PMMG,3,,1251,POLÍCIA MILITAR DO ESTADO DE MINAS GERAIS - PMMG,3,3,90,30,70,1,,6,181,137,4,374,4374,1,,,8000000.00,0,POLICIAMENTO ESPECIALIZADO,POLÍCIA OSTENSIVA
2027,1250,POLÍCIA MILITAR DO ESTADO DE MINAS GERAIS - PMMG,3,,1251,POLÍCIA MILITAR DO ESTADO DE MINAS GERAIS - PMMG,3,3,90,30,73,1,,6,181,137,4,374,4374,1,,,28000000.00,0,POLICIAMENTO ESPECIALIZADO,POLÍCIA OSTENSIVA
2027,1250,POLÍCIA MILITAR DO ESTADO DE MINAS GERAIS - PMMG,3,,1251,POLÍCIA MILITAR DO ESTADO DE MINAS GERAIS - PMMG,3,3,90,33,73,1,,6,181,137,4,374,4374,1,,,1000000.00,0,POLICIAMENTO ESPECIALIZADO,POLÍCIA OSTENSIVA
2027,1250,POLÍCIA MILITAR DO ESTADO DE MINAS GERAIS - PMMG,3,,1251,POLÍCIA MILITAR DO ESTADO DE MINAS GERAIS - PMMG,3,3,90,36,10,1,,6,181,137,4,374,4374,1,,,18000.00,0,POLICIAMENTO ESPECIALIZADO,POLÍCIA OSTENSIVA
2027,1250,POLÍCIA MILITAR DO ESTADO DE MINAS GERAIS - PMMG,3,,1251,POLÍCIA MILITAR DO ESTADO DE MINAS GERAIS - PMMG,3,3,90,36,73,1,,6,181,137,4,374,4374,1,,,700000.00,0,POLICIAMENTO ESPECIALIZADO,POLÍCIA OSTENSIVA
2027,1250,POLÍCIA MILITAR DO ESTADO DE MINAS GERAIS - PMMG,3,,1251,POLÍCIA MILITAR DO ESTADO DE MINAS GERAIS - PMMG,3,3,90,37,10,1,,6,181,137,4,374,4374,1,,,868833.00,0,POLICIAMENTO ESPECIALIZADO,POLÍCIA OSTENSIVA
2027,1250,POLÍCIA MILITAR DO ESTADO DE MINAS GERAIS - PMMG,3,,1251,POLÍCIA MILITAR DO ESTADO DE MINAS GERAIS - PMMG,3,3,90,37,73,1,,6,181,137,4,374,4374,1,,,16000000.00,0,POLICIAMENTO ESPECIALIZADO,POLÍCIA OSTENSIVA
2027,1250,POLÍCIA MILITAR DO ESTADO DE MINAS GERAIS - PMMG,3,,1251,POLÍCIA MILITAR DO ESTADO DE MINAS GERAIS - PMMG,3,3,90,39,10,1,,6,181,137,4,374,4374,1,,,1011564.00,0,POLICIAMENTO ESPECIALIZADO,POLÍCIA OSTENSIVA
2027,1250,POLÍCIA MILITAR DO ESTADO DE MINAS GERAIS - PMMG,3,,1251,POLÍCIA MILITAR DO ESTADO DE MINAS GERAIS - PMMG,3,3,90,39,24,1,,6,181,137,4,374,4374,1,,,150000.00,0,POLICIAMENTO ESPECIALIZADO,POLÍCIA OSTENSIVA
2027,1250,POLÍCIA MILITAR DO ESTADO DE MINAS GERAIS - PMMG,3,,1251,POLÍCIA MILITAR DO ESTADO DE MINAS GERAIS - PMMG,3,3,90,39,70,1,,6,181,137,4,374,4374,1,,,13500000.00,0,POLICIAMENTO ESPECIALIZADO,POLÍCIA OSTENSIVA
2027,1250,POLÍCIA MILITAR DO ESTADO DE MINAS GERAIS - PMMG,3,,1251,POLÍCIA MILITAR DO ESTADO DE MINAS GERAIS - PMMG,3,3,90,39,73,1,,6,181,137,4,374,4374,1,,,11200000.00,0,POLICIAMENTO ESPECIALIZADO,POLÍCIA OSTENSIVA
2027,1250,POLÍCIA MILITAR DO ESTADO DE MINAS GERAIS - PMMG,3,,1251,POLÍCIA MILITAR DO ESTADO DE MINAS GERAIS - PMMG,3,3,90,39,83,2,,6,181,137,4,374,4374,1,,,14792000.00,0,POLICIAMENTO ESPECIALIZADO,POLÍCIA OSTENSIVA
2027,1250,POLÍCIA MILITAR DO ESTADO DE MINAS GERAIS - PMMG,3,,1251,POLÍCIA MILITAR DO ESTADO DE MINAS GERAIS - PMMG,3,3,90,40,73,1,,6,181,137,4,374,4374,1,,,6000000.00,0,POLICIAMENTO ESPECIALIZADO,POLÍCIA OSTENSIVA
2027,1250,POLÍCIA MILITAR DO ESTADO DE MINAS GERAIS - PMMG,3,,1251,POLÍCIA MILITAR DO ESTADO DE MINAS GERAIS - PMMG,3,3,90,47,73,1,,6,181,137,4,374,4374,1,,,100000.00,0,POLICIAMENTO ESPECIALIZADO,POLÍCIA OSTENSIVA
2027,1250,POLÍCIA MILITAR DO ESTADO DE MINAS GERAIS - PMMG,3,,1251,POLÍCIA MILITAR DO ESTADO DE MINAS GERAIS - PMMG,3,3,90,49,73,1,,6,181,137,4,374,4374,1,,,200000.00,0,POLICIAMENTO ESPECIALIZADO,POLÍCIA OSTENSIVA
2027,1250,POLÍCIA MILITAR DO ESTADO DE MINAS GERAIS - PMMG,3,,1251,POLÍCIA MILITAR DO ESTADO DE MINAS GERAIS - PMMG,3,3,90,52,70,1,,6,181,137,4,374,4374,1,,,11200000.00,0,POLICIAMENTO ESPECIALIZADO,POLÍCIA OSTENSIVA
2027,1250,POLÍCIA MILITAR DO ESTADO DE MINAS GERAIS - PMMG,3,,1251,POLÍCIA MILITAR DO ESTADO DE MINAS GERAIS - PMMG,3,3,90,92,73,1,,6,181,137,4,374,4374,1,,,400000.00,0,POLICIAMENTO ESPECIALIZADO,POLÍCIA OSTENSIVA
2027,1250,POLÍCIA MILITAR DO ESTADO DE MINAS GERAIS - PMMG,3,,1251,POLÍCIA MILITAR DO ESTADO DE MINAS GERAIS - PMMG,4,4,90,40,73,1,,6,181,137,4,374,4374,1,,,1900000.00,0,POLICIAMENTO ESPECIALIZADO,POLÍCIA OSTENSIVA
2027,1250,POLÍCIA MILITAR DO ESTADO DE MINAS GERAIS - PMMG,3,,1251,POLÍCIA MILITAR DO ESTADO DE MINAS GERAIS - PMMG,4,4,90,52,24,1,,6,181,137,4,374,4374,1,,,334246.00,0,POLICIAMENTO ESPECIALIZADO,POLÍCIA OSTENSIVA
2027,1250,POLÍCIA MILITAR DO ESTADO DE MINAS GERAIS - PMMG,3,,1251,POLÍCIA MILITAR DO ESTADO DE MINAS GERAIS - PMMG,4,4,90,52,73,1,,6,181,137,4,374,4374,1,,,72720688.00,0,POLICIAMENTO ESPECIALIZADO,POLÍCIA OSTENSIVA
2027,1250,POLÍCIA MILITAR DO ESTADO DE MINAS GERAIS - PMMG,3,,1251,POLÍCIA MILITAR DO ESTADO DE MINAS GERAIS - PMMG,3,3,90,15,69,1,,6,181,46,4,372,4372,1,,,14000.00,0,SUPORTE AÉREO AOS SERVIÇOS DE SEGURANÇA PÚBLICA,SUPORTE AÉREO AOS SERVIÇOS PÚBLICOS ESTADUAIS
2027,1250,POLÍCIA MILITAR DO ESTADO DE MINAS GERAIS - PMMG,3,,1251,POLÍCIA MILITAR DO ESTADO DE MINAS GERAIS - PMMG,3,3,90,30,10,1,,6,181,46,4,372,4372,1,,,3949215.00,0,SUPORTE AÉREO AOS SERVIÇOS DE SEGURANÇA PÚBLICA,SUPORTE AÉREO AOS SERVIÇOS PÚBLICOS ESTADUAIS
2027,1250,POLÍCIA MILITAR DO ESTADO DE MINAS GERAIS - PMMG,3,,1251,POLÍCIA MILITAR DO ESTADO DE MINAS GERAIS - PMMG,3,3,90,30,69,1,,6,181,46,4,372,4372,1,,,850000.00,0,SUPORTE AÉREO AOS SERVIÇOS DE SEGURANÇA PÚBLICA,SUPORTE AÉREO AOS SERVIÇOS PÚBLICOS ESTADUAIS
2027,1250,POLÍCIA MILITAR DO ESTADO DE MINAS GERAIS - PMMG,3,,1251,POLÍCIA MILITAR DO ESTADO DE MINAS GERAIS - PMMG,3,3,90,30,70,1,,6,181,46,4,372,4372,1,,,1700000.00,0,SUPORTE AÉREO AOS SERVIÇOS DE SEGURANÇA PÚBLICA,SUPORTE AÉREO AOS SERVIÇOS PÚBLICOS ESTADUAIS
2027,1250,POLÍCIA MILITAR DO ESTADO DE MINAS GERAIS - PMMG,3,,1251,POLÍCIA MILITAR DO ESTADO DE MINAS GERAIS - PMMG,3,3,90,36,10,1,,6,181,46,4,372,4372,1,,,3000.00,0,SUPORTE AÉREO AOS SERVIÇOS DE SEGURANÇA PÚBLICA,SUPORTE AÉREO AOS SERVIÇOS PÚBLICOS ESTADUAIS
2027,1250,POLÍCIA MILITAR DO ESTADO DE MINAS GERAIS - PMMG,3,,1251,POLÍCIA MILITAR DO ESTADO DE MINAS GERAIS - PMMG,3,3,90,37,10,1,,6,181,46,4,372,4372,1,,,111068.00,0,SUPORTE AÉREO AOS SERVIÇOS DE SEGURANÇA PÚBLICA,SUPORTE AÉREO AOS SERVIÇOS PÚBLICOS ESTADUAIS
2027,1250,POLÍCIA MILITAR DO ESTADO DE MINAS GERAIS - PMMG,3,,1251,POLÍCIA MILITAR DO ESTADO DE MINAS GERAIS - PMMG,3,3,90,39,10,1,,6,181,46,4,372,4372,1,,,18560652.00,0,SUPORTE AÉREO AOS SERVIÇOS DE SEGURANÇA PÚBLICA,SUPORTE AÉREO AOS SERVIÇOS PÚBLICOS ESTADUAIS
2027,1250,POLÍCIA MILITAR DO ESTADO DE MINAS GERAIS - PMMG,3,,1251,POLÍCIA MILITAR DO ESTADO DE MINAS GERAIS - PMMG,3,3,90,39,69,1,,6,181,46,4,372,4372,1,,,154000.00,0,SUPORTE AÉREO AOS SERVIÇOS DE SEGURANÇA PÚBLICA,SUPORTE AÉREO AOS SERVIÇOS PÚBLICOS ESTADUAIS
2027,1250,POLÍCIA MILITAR DO ESTADO DE MINAS GERAIS - PMMG,3,,1251,POLÍCIA MILITAR DO ESTADO DE MINAS GERAIS - PMMG,3,3,90,40,10,1,,6,181,46,4,372,4372,1,,,196695.00,0,SUPORTE AÉREO AOS SERVIÇOS DE SEGURANÇA PÚBLICA,SUPORTE AÉREO AOS SERVIÇOS PÚBLICOS ESTADUAIS
2027,1250,POLÍCIA MILITAR DO ESTADO DE MINAS GERAIS - PMMG,3,,1251,POLÍCIA MILITAR DO ESTADO DE MINAS GERAIS - PMMG,3,3,90,93,10,1,,6,181,46,4,372,4372,1,,,1244454.00,0,SUPORTE AÉREO AOS SERVIÇOS DE SEGURANÇA PÚBLICA,SUPORTE AÉREO AOS SERVIÇOS PÚBLICOS ESTADUAIS
2027,1250,POLÍCIA MILITAR DO ESTADO DE MINAS GERAIS - PMMG,3,,1251,POLÍCIA MILITAR DO ESTADO DE MINAS GERAIS - PMMG,4,4,90,52,70,1,,6,181,46,4,372,4372,1,,,800000.00,0,SUPORTE AÉREO AOS SERVIÇOS DE SEGURANÇA PÚBLICA,SUPORTE AÉREO AOS SERVIÇOS PÚBLICOS ESTADUAIS
2027,1250,POLÍCIA MILITAR DO ESTADO DE MINAS GERAIS - PMMG,3,,1251,POLÍCIA MILITAR DO ESTADO DE MINAS GERAIS - PMMG,3,3,90,15,10,1,,6,182,48,2,65,2065,1,,,153568.00,0,CAPACITAÇÃO E TREINAMENTO POLICIAL-MILITAR PARA PROTEÇÃO E DEFESA CIVIL,PROTEÇÃO E DEFESA CIVIL
2027,1250,POLÍCIA MILITAR DO ESTADO DE MINAS GERAIS - IPSM,3,,2121,INSTITUTO DE PREVIDÊNCIA DOS SERVIDORES MILITARES DO ESTADO DE MINAS GERAIS - IPSM,3,3,90,14,60,1,,10,122,705,2,17,2017,1,,,18274.00,0,APOIO A POLÍTICA DE SAÚDE PARA OS MILITARES,APOIO ÀS POLÍTICAS PÚBLICAS
2027,1250,POLÍCIA MILITAR DO ESTADO DE MINAS GERAIS - IPSM,3,,2121,INSTITUTO DE PREVIDÊNCIA DOS SERVIDORES MILITARES DO ESTADO DE MINAS GERAIS - IPSM,3,3,90,30,60,1,,10,122,705,2,17,2017,1,,,145805.00,0,APOIO A POLÍTICA DE SAÚDE PARA OS MILITARES,APOIO ÀS POLÍTICAS PÚBLICAS
2027,1250,POLÍCIA MILITAR DO ESTADO DE MINAS GERAIS - IPSM,3,,2121,INSTITUTO DE PREVIDÊNCIA DOS SERVIDORES MILITARES DO ESTADO DE MINAS GERAIS - IPSM,3,3,90,31,60,1,,10,122,705,2,17,2017,1,,,19451.00,0,APOIO A POLÍTICA DE SAÚDE PARA OS MILITARES,APOIO ÀS POLÍTICAS PÚBLICAS
2027,1250,POLÍCIA MILITAR DO ESTADO DE MINAS GERAIS - IPSM,3,,2121,INSTITUTO DE PREVIDÊNCIA DOS SERVIDORES MILITARES DO ESTADO DE MINAS GERAIS - IPSM,3,3,90,33,60,1,,10,122,705,2,17,2017,1,,,1844.00,0,APOIO A POLÍTICA DE SAÚDE PARA OS MILITARES,APOIO ÀS POLÍTICAS PÚBLICAS
2027,1250,POLÍCIA MILITAR DO ESTADO DE MINAS GERAIS - IPSM,3,,2121,INSTITUTO DE PREVIDÊNCIA DOS SERVIDORES MILITARES DO ESTADO DE MINAS GERAIS - IPSM,3,3,90,35,60,1,,10,122,705,2,17,2017,1,,,5584.00,0,APOIO A POLÍTICA DE SAÚDE PARA OS MILITARES,APOIO ÀS POLÍTICAS PÚBLICAS
2027,1250,POLÍCIA MILITAR DO ESTADO DE MINAS GERAIS - IPSM,3,,2121,INSTITUTO DE PREVIDÊNCIA DOS SERVIDORES MILITARES DO ESTADO DE MINAS GERAIS - IPSM,3,3,90,36,60,1,,10,122,705,2,17,2017,1,,,31160.00,0,APOIO A POLÍTICA DE SAÚDE PARA OS MILITARES,APOIO ÀS POLÍTICAS PÚBLICAS
2027,1250,POLÍCIA MILITAR DO ESTADO DE MINAS GERAIS - IPSM,3,,2121,INSTITUTO DE PREVIDÊNCIA DOS SERVIDORES MILITARES DO ESTADO DE MINAS GERAIS - IPSM,3,3,90,37,60,1,,10,122,705,2,17,2017,1,,,36182334.00,0,APOIO A POLÍTICA DE SAÚDE PARA OS MILITARES,APOIO ÀS POLÍTICAS PÚBLICAS
2027,1250,POLÍCIA MILITAR DO ESTADO DE MINAS GERAIS - IPSM,3,,2121,INSTITUTO DE PREVIDÊNCIA DOS SERVIDORES MILITARES DO ESTADO DE MINAS GERAIS - IPSM,3,3,90,39,60,1,,10,122,705,2,17,2017,1,,,1739999.00,0,APOIO A POLÍTICA DE SAÚDE PARA OS MILITARES,APOIO ÀS POLÍTICAS PÚBLICAS
2027,1250,POLÍCIA MILITAR DO ESTADO DE MINAS GERAIS - IPSM,3,,2121,INSTITUTO DE PREVIDÊNCIA DOS SERVIDORES MILITARES DO ESTADO DE MINAS GERAIS - IPSM,3,3,90,40,60,1,,10,122,705,2,17,2017,1,,,15860751.00,0,APOIO A POLÍTICA DE SAÚDE PARA OS MILITARES,APOIO ÀS POLÍTICAS PÚBLICAS
2027,1250,POLÍCIA MILITAR DO ESTADO DE MINAS GERAIS - IPSM,3,,2121,INSTITUTO DE PREVIDÊNCIA DOS SERVIDORES MILITARES DO ESTADO DE MINAS GERAIS - IPSM,3,3,90,47,60,1,,10,122,705,2,17,2017,1,,,8948981.00,0,APOIO A POLÍTICA DE SAÚDE PARA OS MILITARES,APOIO ÀS POLÍTICAS PÚBLICAS
2027,1250,POLÍCIA MILITAR DO ESTADO DE MINAS GERAIS - IPSM,3,,2121,INSTITUTO DE PREVIDÊNCIA DOS SERVIDORES MILITARES DO ESTADO DE MINAS GERAIS - IPSM,3,3,90,49,60,1,,10,122,705,2,17,2017,1,,,461600.00,0,APOIO A POLÍTICA DE SAÚDE PARA OS MILITARES,APOIO ÀS POLÍTICAS PÚBLICAS
2027,1250,POLÍCIA MILITAR DO ESTADO DE MINAS GERAIS - IPSM,3,,2121,INSTITUTO DE PREVIDÊNCIA DOS SERVIDORES MILITARES DO ESTADO DE MINAS GERAIS - IPSM,4,4,90,40,47,1,,10,122,705,2,17,2017,1,,,2522756.00,0,APOIO A POLÍTICA DE SAÚDE PARA OS MILITARES,APOIO ÀS POLÍTICAS PÚBLICAS
2027,1250,POLÍCIA MILITAR DO ESTADO DE MINAS GERAIS - IPSM,3,,2121,INSTITUTO DE PREVIDÊNCIA DOS SERVIDORES MILITARES DO ESTADO DE MINAS GERAIS - IPSM,4,4,90,40,60,1,,10,122,705,2,17,2017,1,,,256381.00,0,APOIO A POLÍTICA DE SAÚDE PARA OS MILITARES,APOIO ÀS POLÍTICAS PÚBLICAS
2027,1250,POLÍCIA MILITAR DO ESTADO DE MINAS GERAIS - IPSM,3,,2121,INSTITUTO DE PREVIDÊNCIA DOS SERVIDORES MILITARES DO ESTADO DE MINAS GERAIS - IPSM,4,4,90,52,47,1,,10,122,705,2,17,2017,1,,,11769637.00,0,APOIO A POLÍTICA DE SAÚDE PARA OS MILITARES,APOIO ÀS POLÍTICAS PÚBLICAS
2027,1250,POLÍCIA MILITAR DO ESTADO DE MINAS GERAIS - IPSM,3,,2121,INSTITUTO DE PREVIDÊNCIA DOS SERVIDORES MILITARES DO ESTADO DE MINAS GERAIS - IPSM,4,4,90,52,60,1,,10,122,705,2,17,2017,1,,,2030948.00,0,APOIO A POLÍTICA DE SAÚDE PARA OS MILITARES,APOIO ÀS POLÍTICAS PÚBLICAS
2027,1250,POLÍCIA MILITAR DO ESTADO DE MINAS GERAIS - IPSM,3,,2121,INSTITUTO DE PREVIDÊNCIA DOS SERVIDORES MILITARES DO ESTADO DE MINAS GERAIS - IPSM,3,3,90,30,60,1,,10,302,6,4,8,4008,1,,,14390722.00,0,ASSISTÊNCIA À SAÚDE DOS SEGURADOS E DE SEUS DEPENDENTES,ASSISTÊNCIA À SAÚDE DOS SEGURADOS E DOS SEUS DEPENDENTES
2027,1250,POLÍCIA MILITAR DO ESTADO DE MINAS GERAIS - IPSM,3,,2121,INSTITUTO DE PREVIDÊNCIA DOS SERVIDORES MILITARES DO ESTADO DE MINAS GERAIS - IPSM,3,3,90,33,60,1,,10,302,6,4,8,4008,1,,,5768081.00,0,ASSISTÊNCIA À SAÚDE DOS SEGURADOS E DE SEUS DEPENDENTES,ASSISTÊNCIA À SAÚDE DOS SEGURADOS E DOS SEUS DEPENDENTES
2027,1250,POLÍCIA MILITAR DO ESTADO DE MINAS GERAIS - IPSM,3,,2121,INSTITUTO DE PREVIDÊNCIA DOS SERVIDORES MILITARES DO ESTADO DE MINAS GERAIS - IPSM,3,3,90,36,50,1,,10,302,6,4,8,4008,1,,,19619120.00,0,ASSISTÊNCIA À SAÚDE DOS SEGURADOS E DE SEUS DEPENDENTES,ASSISTÊNCIA À SAÚDE DOS SEGURADOS E DOS SEUS DEPENDENTES
2027,1250,POLÍCIA MILITAR DO ESTADO DE MINAS GERAIS - IPSM,3,,2121,INSTITUTO DE PREVIDÊNCIA DOS SERVIDORES MILITARES DO ESTADO DE MINAS GERAIS - IPSM,3,3,90,37,60,1,,10,302,6,4,8,4008,1,,,31766099.00,0,ASSISTÊNCIA À SAÚDE DOS SEGURADOS E DE SEUS DEPENDENTES,ASSISTÊNCIA À SAÚDE DOS SEGURADOS E DOS SEUS DEPENDENTES
2027,1250,POLÍCIA MILITAR DO ESTADO DE MINAS GERAIS - IPSM,3,,2121,INSTITUTO DE PREVIDÊNCIA DOS SERVIDORES MILITARES DO ESTADO DE MINAS GERAIS - IPSM,3,3,90,39,49,1,,10,302,6,4,8,4008,1,,,796346204.00,0,ASSISTÊNCIA À SAÚDE DOS SEGURADOS E DE SEUS DEPENDENTES,ASSISTÊNCIA À SAÚDE DOS SEGURADOS E DOS SEUS DEPENDENTES
2027,1250,POLÍCIA MILITAR DO ESTADO DE MINAS GERAIS - IPSM,3,,2121,INSTITUTO DE PREVIDÊNCIA DOS SERVIDORES MILITARES DO ESTADO DE MINAS GERAIS - IPSM,3,3,90,39,50,1,,10,302,6,4,8,4008,1,,,42378413.00,0,ASSISTÊNCIA À SAÚDE DOS SEGURADOS E DE SEUS DEPENDENTES,ASSISTÊNCIA À SAÚDE DOS SEGURADOS E DOS SEUS DEPENDENTES
2027,1250,POLÍCIA MILITAR DO ESTADO DE MINAS GERAIS - IPSM,3,,2121,INSTITUTO DE PREVIDÊNCIA DOS SERVIDORES MILITARES DO ESTADO DE MINAS GERAIS - IPSM,3,3,90,39,60,1,,10,302,6,4,8,4008,1,,,59941500.00,0,ASSISTÊNCIA À SAÚDE DOS SEGURADOS E DE SEUS DEPENDENTES,ASSISTÊNCIA À SAÚDE DOS SEGURADOS E DOS SEUS DEPENDENTES
2027,1250,POLÍCIA MILITAR DO ESTADO DE MINAS GERAIS - IPSM,3,,2121,INSTITUTO DE PREVIDÊNCIA DOS SERVIDORES MILITARES DO ESTADO DE MINAS GERAIS - IPSM,3,3,90,40,60,1,,10,302,6,4,8,4008,1,,,40409.00,0,ASSISTÊNCIA À SAÚDE DOS SEGURADOS E DE SEUS DEPENDENTES,ASSISTÊNCIA À SAÚDE DOS SEGURADOS E DOS SEUS DEPENDENTES
2027,1250,POLÍCIA MILITAR DO ESTADO DE MINAS GERAIS - IPSM,3,,2121,INSTITUTO DE PREVIDÊNCIA DOS SERVIDORES MILITARES DO ESTADO DE MINAS GERAIS - IPSM,3,3,90,93,60,1,,10,302,6,4,8,4008,1,,,7305030.00,0,ASSISTÊNCIA À SAÚDE DOS SEGURADOS E DE SEUS DEPENDENTES,ASSISTÊNCIA À SAÚDE DOS SEGURADOS E DOS SEUS DEPENDENTES
2027,1250,POLÍCIA MILITAR DO ESTADO DE MINAS GERAIS - IPSM,3,,2121,INSTITUTO DE PREVIDÊNCIA DOS SERVIDORES MILITARES DO ESTADO DE MINAS GERAIS - IPSM,4,4,90,40,60,1,,10,302,6,4,8,4008,1,,,2766.00,0,ASSISTÊNCIA À SAÚDE DOS SEGURADOS E DE SEUS DEPENDENTES,ASSISTÊNCIA À SAÚDE DOS SEGURADOS E DOS SEUS DEPENDENTES
2027,1250,POLÍCIA MILITAR DO ESTADO DE MINAS GERAIS - IPSM,3,,2121,INSTITUTO DE PREVIDÊNCIA DOS SERVIDORES MILITARES DO ESTADO DE MINAS GERAIS - IPSM,3,3,90,36,60,1,,10,302,6,4,9,4009,1,,,2801971.00,0,ASSISTÊNCIA ODONTOLÓGICA AOS SEGURADOS MILITARES E A SEUS DEPENDENTES,ASSISTÊNCIA À SAÚDE DOS SEGURADOS E DOS SEUS DEPENDENTES
2027,1250,POLÍCIA MILITAR DO ESTADO DE MINAS GERAIS - IPSM,3,,2121,INSTITUTO DE PREVIDÊNCIA DOS SERVIDORES MILITARES DO ESTADO DE MINAS GERAIS - IPSM,3,3,90,37,60,1,,10,302,6,4,9,4009,1,,,6353220.00,0,ASSISTÊNCIA ODONTOLÓGICA AOS SEGURADOS MILITARES E A SEUS DEPENDENTES,ASSISTÊNCIA À SAÚDE DOS SEGURADOS E DOS SEUS DEPENDENTES
2027,1250,POLÍCIA MILITAR DO ESTADO DE MINAS GERAIS - IPSM,3,,2121,INSTITUTO DE PREVIDÊNCIA DOS SERVIDORES MILITARES DO ESTADO DE MINAS GERAIS - IPSM,3,3,90,39,50,1,,10,302,6,4,9,4009,1,,,49037234.00,0,ASSISTÊNCIA ODONTOLÓGICA AOS SEGURADOS MILITARES E A SEUS DEPENDENTES,ASSISTÊNCIA À SAÚDE DOS SEGURADOS E DOS SEUS DEPENDENTES
2027,1250,POLÍCIA MILITAR DO ESTADO DE MINAS GERAIS - IPSM,3,,2121,INSTITUTO DE PREVIDÊNCIA DOS SERVIDORES MILITARES DO ESTADO DE MINAS GERAIS - IPSM,3,3,90,40,60,1,,10,302,6,4,9,4009,1,,,11415.00,0,ASSISTÊNCIA ODONTOLÓGICA AOS SEGURADOS MILITARES E A SEUS DEPENDENTES,ASSISTÊNCIA À SAÚDE DOS SEGURADOS E DOS SEUS DEPENDENTES
2027,1250,POLÍCIA MILITAR DO ESTADO DE MINAS GERAIS - IPSM,3,,2121,INSTITUTO DE PREVIDÊNCIA DOS SERVIDORES MILITARES DO ESTADO DE MINAS GERAIS - IPSM,3,3,90,93,60,1,,10,302,6,4,9,4009,1,,,40032.00,0,ASSISTÊNCIA ODONTOLÓGICA AOS SEGURADOS MILITARES E A SEUS DEPENDENTES,ASSISTÊNCIA À SAÚDE DOS SEGURADOS E DOS SEUS DEPENDENTES
2027,1250,POLÍCIA MILITAR DO ESTADO DE MINAS GERAIS - IPSM,3,,2121,INSTITUTO DE PREVIDÊNCIA DOS SERVIDORES MILITARES DO ESTADO DE MINAS GERAIS - IPSM,3,1,90,91,60,9,,28,846,705,7,4,7004,1,,,25953979.00,0,PRECATÓRIOS E SENTENÇAS JUDICIÁRIAS,APOIO ÀS POLÍTICAS PÚBLICAS
2027,1250,POLÍCIA MILITAR DO ESTADO DE MINAS GERAIS - IPSM,3,,2121,INSTITUTO DE PREVIDÊNCIA DOS SERVIDORES MILITARES DO ESTADO DE MINAS GERAIS - IPSM,3,3,90,14,49,1,,9,122,705,2,18,2018,1,,,6091.00,0,APOIO AO SISTEMA DE PROTEÇÃO SOCIAL DOS MILITARES DE MINAS GERAIS,APOIO ÀS POLÍTICAS PÚBLICAS
2027,1250,POLÍCIA MILITAR DO ESTADO DE MINAS GERAIS - IPSM,3,,2121,INSTITUTO DE PREVIDÊNCIA DOS SERVIDORES MILITARES DO ESTADO DE MINAS GERAIS - IPSM,3,3,90,30,49,1,,9,122,705,2,18,2018,1,,,57288.00,0,APOIO AO SISTEMA DE PROTEÇÃO SOCIAL DOS MILITARES DE MINAS GERAIS,APOIO ÀS POLÍTICAS PÚBLICAS
2027,1250,POLÍCIA MILITAR DO ESTADO DE MINAS GERAIS - IPSM,3,,2121,INSTITUTO DE PREVIDÊNCIA DOS SERVIDORES MILITARES DO ESTADO DE MINAS GERAIS - IPSM,3,3,90,33,49,1,,9,122,705,2,18,2018,1,,,615.00,0,APOIO AO SISTEMA DE PROTEÇÃO SOCIAL DOS MILITARES DE MINAS GERAIS,APOIO ÀS POLÍTICAS PÚBLICAS
2027,1250,POLÍCIA MILITAR DO ESTADO DE MINAS GERAIS - IPSM,3,,2121,INSTITUTO DE PREVIDÊNCIA DOS SERVIDORES MILITARES DO ESTADO DE MINAS GERAIS - IPSM,3,3,90,35,49,1,,9,122,705,2,18,2018,1,,,18979.00,0,APOIO AO SISTEMA DE PROTEÇÃO SOCIAL DOS MILITARES DE MINAS GERAIS,APOIO ÀS POLÍTICAS PÚBLICAS
2027,1250,POLÍCIA MILITAR DO ESTADO DE MINAS GERAIS - IPSM,3,,2121,INSTITUTO DE PREVIDÊNCIA DOS SERVIDORES MILITARES DO ESTADO DE MINAS GERAIS - IPSM,3,3,90,36,49,1,,9,122,705,2,18,2018,1,,,1269.00,0,APOIO AO SISTEMA DE PROTEÇÃO SOCIAL DOS MILITARES DE MINAS GERAIS,APOIO ÀS POLÍTICAS PÚBLICAS
2027,1250,POLÍCIA MILITAR DO ESTADO DE MINAS GERAIS - IPSM,3,,2121,INSTITUTO DE PREVIDÊNCIA DOS SERVIDORES MILITARES DO ESTADO DE MINAS GERAIS - IPSM,3,3,90,37,49,1,,9,122,705,2,18,2018,1,,,894410.00,0,APOIO AO SISTEMA DE PROTEÇÃO SOCIAL DOS MILITARES DE MINAS GERAIS,APOIO ÀS POLÍTICAS PÚBLICAS
2027,1250,POLÍCIA MILITAR DO ESTADO DE MINAS GERAIS - IPSM,3,,2121,INSTITUTO DE PREVIDÊNCIA DOS SERVIDORES MILITARES DO ESTADO DE MINAS GERAIS - IPSM,3,3,90,37,60,1,,9,122,705,2,18,2018,1,,,2695410.00,0,APOIO AO SISTEMA DE PROTEÇÃO SOCIAL DOS MILITARES DE MINAS GERAIS,APOIO ÀS POLÍTICAS PÚBLICAS
2027,1250,POLÍCIA MILITAR DO ESTADO DE MINAS GERAIS - IPSM,3,,2121,INSTITUTO DE PREVIDÊNCIA DOS SERVIDORES MILITARES DO ESTADO DE MINAS GERAIS - IPSM,3,3,90,39,49,1,,9,122,705,2,18,2018,1,,,239740.00,0,APOIO AO SISTEMA DE PROTEÇÃO SOCIAL DOS MILITARES DE MINAS GERAIS,APOIO ÀS POLÍTICAS PÚBLICAS
2027,1250,POLÍCIA MILITAR DO ESTADO DE MINAS GERAIS - IPSM,3,,2121,INSTITUTO DE PREVIDÊNCIA DOS SERVIDORES MILITARES DO ESTADO DE MINAS GERAIS - IPSM,3,3,90,39,60,1,,9,122,705,2,18,2018,1,,,83750.00,0,APOIO AO SISTEMA DE PROTEÇÃO SOCIAL DOS MILITARES DE MINAS GERAIS,APOIO ÀS POLÍTICAS PÚBLICAS
2027,1250,POLÍCIA MILITAR DO ESTADO DE MINAS GERAIS - IPSM,3,,2121,INSTITUTO DE PREVIDÊNCIA DOS SERVIDORES MILITARES DO ESTADO DE MINAS GERAIS - IPSM,3,3,90,40,60,1,,9,122,705,2,18,2018,1,,,2796331.00,0,APOIO AO SISTEMA DE PROTEÇÃO SOCIAL DOS MILITARES DE MINAS GERAIS,APOIO ÀS POLÍTICAS PÚBLICAS
2027,1250,POLÍCIA MILITAR DO ESTADO DE MINAS GERAIS - IPSM,3,,2121,INSTITUTO DE PREVIDÊNCIA DOS SERVIDORES MILITARES DO ESTADO DE MINAS GERAIS - IPSM,3,3,90,47,49,1,,9,122,705,2,18,2018,1,,,19899913.00,0,APOIO AO SISTEMA DE PROTEÇÃO SOCIAL DOS MILITARES DE MINAS GERAIS,APOIO ÀS POLÍTICAS PÚBLICAS
2027,1250,POLÍCIA MILITAR DO ESTADO DE MINAS GERAIS - IPSM,3,,2121,INSTITUTO DE PREVIDÊNCIA DOS SERVIDORES MILITARES DO ESTADO DE MINAS GERAIS - IPSM,3,3,90,49,49,1,,9,122,705,2,18,2018,1,,,153867.00,0,APOIO AO SISTEMA DE PROTEÇÃO SOCIAL DOS MILITARES DE MINAS GERAIS,APOIO ÀS POLÍTICAS PÚBLICAS
2027,1250,POLÍCIA MILITAR DO ESTADO DE MINAS GERAIS - IPSM,3,,2121,INSTITUTO DE PREVIDÊNCIA DOS SERVIDORES MILITARES DO ESTADO DE MINAS GERAIS - IPSM,4,4,90,40,47,1,,9,122,705,2,18,2018,1,,,27011.00,0,APOIO AO SISTEMA DE PROTEÇÃO SOCIAL DOS MILITARES DE MINAS GERAIS,APOIO ÀS POLÍTICAS PÚBLICAS
2027,1250,POLÍCIA MILITAR DO ESTADO DE MINAS GERAIS - IPSM,3,,2121,INSTITUTO DE PREVIDÊNCIA DOS SERVIDORES MILITARES DO ESTADO DE MINAS GERAIS - IPSM,4,4,90,40,60,1,,9,122,705,2,18,2018,1,,,22862.00,0,APOIO AO SISTEMA DE PROTEÇÃO SOCIAL DOS MILITARES DE MINAS GERAIS,APOIO ÀS POLÍTICAS PÚBLICAS
2027,1250,POLÍCIA MILITAR DO ESTADO DE MINAS GERAIS - IPSM,3,,2121,INSTITUTO DE PREVIDÊNCIA DOS SERVIDORES MILITARES DO ESTADO DE MINAS GERAIS - IPSM,4,4,90,52,47,1,,9,122,705,2,18,2018,1,,,17379.00,0,APOIO AO SISTEMA DE PROTEÇÃO SOCIAL DOS MILITARES DE MINAS GERAIS,APOIO ÀS POLÍTICAS PÚBLICAS
2027,1250,POLÍCIA MILITAR DO ESTADO DE MINAS GERAIS - IPSM,3,,2121,INSTITUTO DE PREVIDÊNCIA DOS SERVIDORES MILITARES DO ESTADO DE MINAS GERAIS - IPSM,3,3,90,36,60,1,,9,122,705,2,417,2417,1,,,118190.00,0,REMUNERAÇÃO DE PESSOAL ATIVO E ENCARGOS SOCIAIS,APOIO ÀS POLÍTICAS PÚBLICAS
2027,1250,POLÍCIA MILITAR DO ESTADO DE MINAS GERAIS - IPSM,3,,2121,INSTITUTO DE PREVIDÊNCIA DOS SERVIDORES MILITARES DO ESTADO DE MINAS GERAIS - IPSM,3,3,90,8,60,1,,9,272,8,4,10,4010,1,,,32794306.00,0,CONCESSÃO DE AUXÍLIOS PREVIDENCIÁRIOS E ASSISTENCIAIS AOS SEGURADOS E AOS SEUS DEPENDENTES,PRESTAÇÃO DE SERVIÇOS PREVIDENCIÁRIOS
2027,1250,POLÍCIA MILITAR DO ESTADO DE MINAS GERAIS - IPSM,3,,2121,INSTITUTO DE PREVIDÊNCIA DOS SERVIDORES MILITARES DO ESTADO DE MINAS GERAIS - IPSM,3,3,90,8,60,1,,9,272,8,4,11,4011,1,,,863653.00,0,AUXÍLIO RECLUSÃO CONCEDIDO AOS DEPENDENTES DO SEGURADO,PRESTAÇÃO DE SERVIÇOS PREVIDENCIÁRIOS
2027,1250,POLÍCIA MILITAR DO ESTADO DE MINAS GERAIS - FAHMEMG,3,,4541,FUNDO DE APOIO HABITACIONAL AOS MILITARES DO ESTADO DE MINAS GERAIS - FAHMEMG,3,3,90,39,60,1,,16,482,9,4,349,4349,1,,,149854.00,0,FINANCIAMENTO HABITACIONAL AOS SERVIDORES MILITARES,PROGRAMA DE APOIO HABITACIONAL AOS MILITARES DO ESTADO DE MINAS GERAIS
2027,1250,POLÍCIA MILITAR DO ESTADO DE MINAS GERAIS - FAHMEMG,3,,4541,FUNDO DE APOIO HABITACIONAL AOS MILITARES DO ESTADO DE MINAS GERAIS - FAHMEMG,3,3,90,40,60,1,,16,482,9,4,349,4349,1,,,231627.00,0,FINANCIAMENTO HABITACIONAL AOS SERVIDORES MILITARES,PROGRAMA DE APOIO HABITACIONAL AOS MILITARES DO ESTADO DE MINAS GERAIS
2027,1250,POLÍCIA MILITAR DO ESTADO DE MINAS GERAIS - FAHMEMG,3,,4541,FUNDO DE APOIO HABITACIONAL AOS MILITARES DO ESTADO DE MINAS GERAIS - FAHMEMG,4,5,90,66,60,1,,16,482,9,4,349,4349,1,,,27040000.00,0,FINANCIAMENTO HABITACIONAL AOS SERVIDORES MILITARES,PROGRAMA DE APOIO HABITACIONAL AOS MILITARES DO ESTADO DE MINAS GERAIS
2027,1260,SECRETARIA DE ESTADO DE EDUCAÇÃO - SEE,3,,1261,SECRETARIA DE ESTADO DE EDUCAÇÃO - SEE,3,3,90,14,10,1,,12,368,165,2,127,2127,1,,,1000000.00,0,ORGANIZAÇÃO E FUNCIONAMENTO ESCOLAR,"ORGANIZAÇÃO, AVALIAÇÃO E GESTÃO ESCOLAR"
2027,1260,SECRETARIA DE ESTADO DE EDUCAÇÃO - SEE,3,,1261,SECRETARIA DE ESTADO DE EDUCAÇÃO - SEE,3,3,90,33,10,1,,12,368,165,2,127,2127,1,,,90000.00,0,ORGANIZAÇÃO E FUNCIONAMENTO ESCOLAR,"ORGANIZAÇÃO, AVALIAÇÃO E GESTÃO ESCOLAR"
2027,1260,SECRETARIA DE ESTADO DE EDUCAÇÃO - FHA,3,,2151,FUNDAÇÃO HELENA ANTIPOFF - FHA,3,3,90,14,10,1,,12,122,705,2,500,2500,1,,,100000.00,0,ASSESSORAMENTO E GERENCIAMENTO DE POLÍTICAS PÚBLICAS,APOIO ÀS POLÍTICAS PÚBLICAS
2027,1260,SECRETARIA DE ESTADO DE EDUCAÇÃO - FHA,3,,2151,FUNDAÇÃO HELENA ANTIPOFF - FHA,3,3,90,30,10,1,,12,122,705,2,500,2500,1,,,717345.00,0,ASSESSORAMENTO E GERENCIAMENTO DE POLÍTICAS PÚBLICAS,APOIO ÀS POLÍTICAS PÚBLICAS
2027,1260,SECRETARIA DE ESTADO DE EDUCAÇÃO - FHA,3,,2151,FUNDAÇÃO HELENA ANTIPOFF - FHA,3,3,90,33,10,1,,12,122,705,2,500,2500,1,,,188900.00,0,ASSESSORAMENTO E GERENCIAMENTO DE POLÍTICAS PÚBLICAS,APOIO ÀS POLÍTICAS PÚBLICAS
2027,1260,SECRETARIA DE ESTADO DE EDUCAÇÃO - FHA,3,,2151,FUNDAÇÃO HELENA ANTIPOFF - FHA,3,3,90,36,10,1,,12,122,705,2,500,2500,1,,,114600.00,0,ASSESSORAMENTO E GERENCIAMENTO DE POLÍTICAS PÚBLICAS,APOIO ÀS POLÍTICAS PÚBLICAS
2027,1260,SECRETARIA DE ESTADO DE EDUCAÇÃO - FHA,3,,2151,FUNDAÇÃO HELENA ANTIPOFF - FHA,3,3,90,37,10,1,,12,122,705,2,500,2500,1,,,500000.00,0,ASSESSORAMENTO E GERENCIAMENTO DE POLÍTICAS PÚBLICAS,APOIO ÀS POLÍTICAS PÚBLICAS
2027,1260,SECRETARIA DE ESTADO DE EDUCAÇÃO - FHA,3,,2151,FUNDAÇÃO HELENA ANTIPOFF - FHA,3,3,90,39,10,1,,12,122,705,2,500,2500,1,,,14693209.00,0,ASSESSORAMENTO E GERENCIAMENTO DE POLÍTICAS PÚBLICAS,APOIO ÀS POLÍTICAS PÚBLICAS
2027,1260,SECRETARIA DE ESTADO DE EDUCAÇÃO - FHA,3,,2151,FUNDAÇÃO HELENA ANTIPOFF - FHA,3,3,90,40,10,1,,12,122,705,2,500,2500,1,,,2548207.00,0,ASSESSORAMENTO E GERENCIAMENTO DE POLÍTICAS PÚBLICAS,APOIO ÀS POLÍTICAS PÚBLICAS
2027,1260,SECRETARIA DE ESTADO DE EDUCAÇÃO - FHA,3,,2151,FUNDAÇÃO HELENA ANTIPOFF - FHA,3,3,90,47,10,1,,12,122,705,2,500,2500,1,,,325000.00,0,ASSESSORAMENTO E GERENCIAMENTO DE POLÍTICAS PÚBLICAS,APOIO ÀS POLÍTICAS PÚBLICAS
2027,1260,SECRETARIA DE ESTADO DE EDUCAÇÃO - FHA,3,,2151,FUNDAÇÃO HELENA ANTIPOFF - FHA,4,4,90,51,10,1,,12,122,705,2,500,2500,1,,,1500000.00,0,ASSESSORAMENTO E GERENCIAMENTO DE POLÍTICAS PÚBLICAS,APOIO ÀS POLÍTICAS PÚBLICAS
2027,1260,SECRETARIA DE ESTADO DE EDUCAÇÃO - FHA,3,,2151,FUNDAÇÃO HELENA ANTIPOFF - FHA,4,4,90,52,10,1,,12,122,705,2,500,2500,1,,,120000.00,0,ASSESSORAMENTO E GERENCIAMENTO DE POLÍTICAS PÚBLICAS,APOIO ÀS POLÍTICAS PÚBLICAS
2027,1260,SECRETARIA DE ESTADO DE EDUCAÇÃO - FHA,3,,2151,FUNDAÇÃO HELENA ANTIPOFF - FHA,4,4,90,52,47,1,,12,122,705,2,500,2500,1,,,5000.00,0,ASSESSORAMENTO E GERENCIAMENTO DE POLÍTICAS PÚBLICAS,APOIO ÀS POLÍTICAS PÚBLICAS
2027,1260,SECRETARIA DE ESTADO DE EDUCAÇÃO - FHA,3,,2151,FUNDAÇÃO HELENA ANTIPOFF - FHA,4,4,90,52,10,1,,12,242,75,2,27,2027,1,,,2965774.00,0,CENTRO DO AUTISMO E INCLUSÃO ANTIPOFFIANO,AMPLIAÇÃO E MODERNIZAÇÃO DA FUNDAÇÃO HELENA ANTIPOFF
2027,1260,SECRETARIA DE ESTADO DE EDUCAÇÃO - FHA,3,,2151,FUNDAÇÃO HELENA ANTIPOFF - FHA,3,3,90,30,10,1,,12,244,51,2,22,2022,1,,,14000.00,0,INTERVENÇÕES COLETIVAS E SOCIOEMOCIONAIS REALIZADAS NA CLÍNICA PSICOPEDAGÓGICA ÉDOUARD CLAPARÉDE,ATENDIMENTO COMUNITÁRIO E PSICOPEDAGOGICO NA FUNDACÃO HELENA ANTIPOFF
2027,1260,SECRETARIA DE ESTADO DE EDUCAÇÃO - FHA,3,,2151,FUNDAÇÃO HELENA ANTIPOFF - FHA,3,3,90,30,10,1,,12,244,51,4,92,4092,1,,,17500.00,0,"OFICINAS COMUNITÁRIAS DE ARTE, EDUCAÇÃO E CIDADANIA",ATENDIMENTO COMUNITÁRIO E PSICOPEDAGOGICO NA FUNDACÃO HELENA ANTIPOFF
2027,1260,SECRETARIA DE ESTADO DE EDUCAÇÃO - FHA,3,,2151,FUNDAÇÃO HELENA ANTIPOFF - FHA,3,3,90,30,10,1,,12,244,51,4,93,4093,1,,,116000.00,0,ATENDIMENTO INDIVIDUAL NA CLÍNICA PSICOPEDAGÓGICA ÉDOUARD CLAPARÉDE,ATENDIMENTO COMUNITÁRIO E PSICOPEDAGOGICO NA FUNDACÃO HELENA ANTIPOFF
2027,1260,SECRETARIA DE ESTADO DE EDUCAÇÃO - FHA,3,,2151,FUNDAÇÃO HELENA ANTIPOFF - FHA,3,3,90,40,10,1,,12,244,51,4,93,4093,1,,,20000.00,0,ATENDIMENTO INDIVIDUAL NA CLÍNICA PSICOPEDAGÓGICA ÉDOUARD CLAPARÉDE,ATENDIMENTO COMUNITÁRIO E PSICOPEDAGOGICO NA FUNDACÃO HELENA ANTIPOFF
2027,1260,SECRETARIA DE ESTADO DE EDUCAÇÃO - FHA,3,,2151,FUNDAÇÃO HELENA ANTIPOFF - FHA,3,3,90,30,10,1,,12,244,51,4,607,4607,1,,,30000.00,0,"PROMOÇÃO DE AÇÕES EDUCATIVAS, PREVENTIVAS E DE SENSIBILIZAÇÃO NA CASA DA MULHER",ATENDIMENTO COMUNITÁRIO E PSICOPEDAGOGICO NA FUNDACÃO HELENA ANTIPOFF
2027,1260,SECRETARIA DE ESTADO DE EDUCAÇÃO - FHA,3,,2151,FUNDAÇÃO HELENA ANTIPOFF - FHA,3,3,90,30,10,1,,12,306,163,2,130,2130,1,,,1564929.00,0,MELHORIA NA ALIMENTAÇÃO,ALIMENTAÇÃO ESCOLAR
2027,1260,SECRETARIA DE ESTADO DE EDUCAÇÃO - FHA,3,,2151,FUNDAÇÃO HELENA ANTIPOFF - FHA,3,3,90,30,60,1,,12,306,163,2,130,2130,1,,,252000.00,0,MELHORIA NA ALIMENTAÇÃO,ALIMENTAÇÃO ESCOLAR
2027,1260,SECRETARIA DE ESTADO DE EDUCAÇÃO - FHA,3,,2151,FUNDAÇÃO HELENA ANTIPOFF - FHA,3,3,90,30,10,1,,12,361,42,4,78,4078,1,,,126000.00,0,ENSINO FUNDAMENTAL,DESENVOLVIMENTO DA EDUCAÇÃO BÁSICA
2027,1260,SECRETARIA DE ESTADO DE EDUCAÇÃO - FHA,3,,2151,FUNDAÇÃO HELENA ANTIPOFF - FHA,3,3,90,35,10,1,,12,361,42,4,78,4078,1,,,283200.00,0,ENSINO FUNDAMENTAL,DESENVOLVIMENTO DA EDUCAÇÃO BÁSICA
2027,1260,SECRETARIA DE ESTADO DE EDUCAÇÃO - FHA,3,,2151,FUNDAÇÃO HELENA ANTIPOFF - FHA,4,4,90,52,10,1,,12,361,42,4,78,4078,1,,,1000000.00,0,ENSINO FUNDAMENTAL,DESENVOLVIMENTO DA EDUCAÇÃO BÁSICA
2027,1260,SECRETARIA DE ESTADO DE EDUCAÇÃO - FHA,3,,2151,FUNDAÇÃO HELENA ANTIPOFF - FHA,3,3,90,30,10,1,,12,362,42,4,80,4080,1,,,150500.00,0,ENSINO MÉDIO REGULAR,DESENVOLVIMENTO DA EDUCAÇÃO BÁSICA
2027,1260,SECRETARIA DE ESTADO DE EDUCAÇÃO - FHA,3,,2151,FUNDAÇÃO HELENA ANTIPOFF - FHA,3,3,90,40,10,1,,12,368,42,4,75,4075,1,,,28163.00,0,FORMAÇÃO CONTINUADA DE PROFESSORES PELO NÚCLEO DE FORMAÇÃO PRESENCIAL E A DISTÂNCIA,DESENVOLVIMENTO DA EDUCAÇÃO BÁSICA
2027,1260,SECRETARIA DE ESTADO DE EDUCAÇÃO - FHA,3,,2151,FUNDAÇÃO HELENA ANTIPOFF - FHA,3,3,50,43,10,1,,12,368,42,4,76,4076,1,,,6950000.00,0,PASSAPORTE MINEIRO DO CONHECIMENTO,DESENVOLVIMENTO DA EDUCAÇÃO BÁSICA
2027,1260,SECRETARIA DE ESTADO DE EDUCAÇÃO - FHA,3,,2151,FUNDAÇÃO HELENA ANTIPOFF - FHA,3,3,90,33,10,1,,12,368,42,4,76,4076,1,,,45000.00,0,PASSAPORTE MINEIRO DO CONHECIMENTO,DESENVOLVIMENTO DA EDUCAÇÃO BÁSICA
2027,1260,SECRETARIA DE ESTADO DE EDUCAÇÃO - FHA,3,,2151,FUNDAÇÃO HELENA ANTIPOFF - FHA,3,3,90,30,10,1,,12,368,42,4,77,4077,1,,,385000.00,0,EDUCAÇÃO BÁSICA: AMPLIAÇÃO DA JORNADA ESCOLAR,DESENVOLVIMENTO DA EDUCAÇÃO BÁSICA
2027,1260,SECRETARIA DE ESTADO DE EDUCAÇÃO - FHA,3,,2151,FUNDAÇÃO HELENA ANTIPOFF - FHA,3,3,90,33,10,1,,12,368,42,4,77,4077,1,,,20000.00,0,EDUCAÇÃO BÁSICA: AMPLIAÇÃO DA JORNADA ESCOLAR,DESENVOLVIMENTO DA EDUCAÇÃO BÁSICA
2027,1260,SECRETARIA DE ESTADO DE EDUCAÇÃO - FHA,3,,2151,FUNDAÇÃO HELENA ANTIPOFF - FHA,3,3,90,35,10,1,,12,368,42,4,77,4077,1,,,200000.00,0,EDUCAÇÃO BÁSICA: AMPLIAÇÃO DA JORNADA ESCOLAR,DESENVOLVIMENTO DA EDUCAÇÃO BÁSICA
2027,1260,SECRETARIA DE ESTADO DE EDUCAÇÃO - FHA,3,,2151,FUNDAÇÃO HELENA ANTIPOFF - FHA,3,3,90,39,10,1,,12,368,42,4,77,4077,1,,,90000.00,0,EDUCAÇÃO BÁSICA: AMPLIAÇÃO DA JORNADA ESCOLAR,DESENVOLVIMENTO DA EDUCAÇÃO BÁSICA
2027,1260,SECRETARIA DE ESTADO DE EDUCAÇÃO - FHA,3,,2151,FUNDAÇÃO HELENA ANTIPOFF - FHA,4,4,90,52,10,1,,12,368,42,4,77,4077,1,,,38000.00,0,EDUCAÇÃO BÁSICA: AMPLIAÇÃO DA JORNADA ESCOLAR,DESENVOLVIMENTO DA EDUCAÇÃO BÁSICA
2027,1260,SECRETARIA DE ESTADO DE EDUCAÇÃO - FHA,3,,2151,FUNDAÇÃO HELENA ANTIPOFF - FHA,3,3,90,39,10,1,,12,368,42,4,175,4175,1,,,2500000.00,0,FOMENTAR A CULTURA E EDUCAÇÃO NO PLUG MINAS,DESENVOLVIMENTO DA EDUCAÇÃO BÁSICA
2027,1260,SECRETARIA DE ESTADO DE EDUCAÇÃO - FHA,3,,2151,FUNDAÇÃO HELENA ANTIPOFF - FHA,3,3,90,30,10,1,,12,368,51,2,15,2015,1,,,17500.00,0,CERTIFICAÇÕES PELO NÚCLEO DE FORMAÇÃO PRESENCIAL E À DISTÂNCIA,ATENDIMENTO COMUNITÁRIO E PSICOPEDAGOGICO NA FUNDACÃO HELENA ANTIPOFF
2027,1260,SECRETARIA DE ESTADO DE EDUCAÇÃO - FHA,3,,2151,FUNDAÇÃO HELENA ANTIPOFF - FHA,3,3,90,39,10,1,,12,368,51,2,15,2015,1,,,18000.00,0,CERTIFICAÇÕES PELO NÚCLEO DE FORMAÇÃO PRESENCIAL E À DISTÂNCIA,ATENDIMENTO COMUNITÁRIO E PSICOPEDAGOGICO NA FUNDACÃO HELENA ANTIPOFF
2027,1260,SECRETARIA DE ESTADO DE EDUCAÇÃO - FHA,3,,2151,FUNDAÇÃO HELENA ANTIPOFF - FHA,3,3,90,33,10,1,,12,368,76,4,198,4198,1,,,30000.00,0,ATENDIMENTO NO ENSINO TECNICO PROFISSIONALIZANTE,DESENVOLVIMENTO DA EDUCAÇÃO PROFISSIONAL TÉCNICA
2027,1260,SECRETARIA DE ESTADO DE EDUCAÇÃO - FHA,3,,2151,FUNDAÇÃO HELENA ANTIPOFF - FHA,4,4,90,52,10,1,,12,368,76,4,198,4198,1,,,1701996.00,0,ATENDIMENTO NO ENSINO TECNICO PROFISSIONALIZANTE,DESENVOLVIMENTO DA EDUCAÇÃO PROFISSIONAL TÉCNICA
2027,1260,SECRETARIA DE ESTADO DE EDUCAÇÃO - FHA,3,,2151,FUNDAÇÃO HELENA ANTIPOFF - FHA,3,3,90,30,10,1,,12,368,76,4,199,4199,1,,,84000.00,0,ENSINO MÉDIO EM TEMPO INTEGRAL - EMTI,DESENVOLVIMENTO DA EDUCAÇÃO PROFISSIONAL TÉCNICA
2027,1260,SECRETARIA DE ESTADO DE EDUCAÇÃO - FHA,3,,2151,FUNDAÇÃO HELENA ANTIPOFF - FHA,3,3,90,30,10,1,,12,368,89,4,233,4233,1,,,20000.00,0, MUSEU HELENA ANTIPOFF,"MEMÓRIA VIVA: DIFUSÃO CULTURAL, PATRIMÔNIO MATERIAL E IMATERIAL"
2027,1260,SECRETARIA DE ESTADO DE EDUCAÇÃO - FHA,3,,2151,FUNDAÇÃO HELENA ANTIPOFF - FHA,4,4,90,40,10,1,,12,368,89,4,234,4234,1,,,25000.00,0,FORMAÇÃO NA PERSPECTIVA ANTIPOFFIANA,"MEMÓRIA VIVA: DIFUSÃO CULTURAL, PATRIMÔNIO MATERIAL E IMATERIAL"
2027,1260,SECRETARIA DE ESTADO DE EDUCAÇÃO - FHA,3,,2151,FUNDAÇÃO HELENA ANTIPOFF - FHA,4,4,90,51,10,1,,12,572,75,1,23,1023,1,,,200000.00,0,CENTRO DE PESQUISA AMBIENTAL E INOVAÇÃO TECNOLÓGICA,AMPLIAÇÃO E MODERNIZAÇÃO DA FUNDAÇÃO HELENA ANTIPOFF
2027,1260,SECRETARIA DE ESTADO DE EDUCAÇÃO - FHA,3,,2151,FUNDAÇÃO HELENA ANTIPOFF - FHA,3,3,90,39,10,1,,12,812,75,1,24,1024,1,,,448394.00,0,COMPLEXO ESPORTIVO HELENA ANTIPOFF,AMPLIAÇÃO E MODERNIZAÇÃO DA FUNDAÇÃO HELENA ANTIPOFF
2027,1260,SECRETARIA DE ESTADO DE EDUCAÇÃO - FHA,3,,2151,FUNDAÇÃO HELENA ANTIPOFF - FHA,3,1,90,91,60,9,,28,846,705,7,4,7004,1,,,1000.00,0,PRECATÓRIOS E SENTENÇAS JUDICIÁRIAS,APOIO ÀS POLÍTICAS PÚBLICAS
2027,1260,SECRETARIA DE ESTADO DE EDUCAÇÃO - UNIMONTES,3,,2311,UNIVERSIDADE ESTADUAL DE MONTES CLAROS - UNIMONTES,3,3,90,14,10,1,,10,302,7,4,411,4411,1,,,32760.00,0,GESTÃO DO HOSPITAL UNIVERSITÁRIO,EDUCAÇÃO SUPERIOR
2027,1260,SECRETARIA DE ESTADO DE EDUCAÇÃO - UNIMONTES,3,,2311,UNIVERSIDADE ESTADUAL DE MONTES CLAROS - UNIMONTES,3,3,90,14,70,1,,10,302,7,4,411,4411,1,,,51500.00,0,GESTÃO DO HOSPITAL UNIVERSITÁRIO,EDUCAÇÃO SUPERIOR
2027,1260,SECRETARIA DE ESTADO DE EDUCAÇÃO - UNIMONTES,3,,2311,UNIVERSIDADE ESTADUAL DE MONTES CLAROS - UNIMONTES,3,3,90,18,70,1,,10,302,7,4,411,4411,1,,,420240.00,0,GESTÃO DO HOSPITAL UNIVERSITÁRIO,EDUCAÇÃO SUPERIOR
2027,1260,SECRETARIA DE ESTADO DE EDUCAÇÃO - UNIMONTES,3,,2311,UNIVERSIDADE ESTADUAL DE MONTES CLAROS - UNIMONTES,3,3,90,30,10,1,,10,302,7,4,411,4411,1,,,11295662.00,0,GESTÃO DO HOSPITAL UNIVERSITÁRIO,EDUCAÇÃO SUPERIOR
2027,1260,SECRETARIA DE ESTADO DE EDUCAÇÃO - UNIMONTES,3,,2311,UNIVERSIDADE ESTADUAL DE MONTES CLAROS - UNIMONTES,3,3,90,30,70,1,,10,302,7,4,411,4411,1,,,5220214.00,0,GESTÃO DO HOSPITAL UNIVERSITÁRIO,EDUCAÇÃO SUPERIOR
2027,1260,SECRETARIA DE ESTADO DE EDUCAÇÃO - UNIMONTES,3,,2311,UNIVERSIDADE ESTADUAL DE MONTES CLAROS - UNIMONTES,3,3,90,33,10,1,,10,302,7,4,411,4411,1,,,40665.00,0,GESTÃO DO HOSPITAL UNIVERSITÁRIO,EDUCAÇÃO SUPERIOR
2027,1260,SECRETARIA DE ESTADO DE EDUCAÇÃO - UNIMONTES,3,,2311,UNIVERSIDADE ESTADUAL DE MONTES CLAROS - UNIMONTES,3,3,90,33,70,1,,10,302,7,4,411,4411,1,,,72100.00,0,GESTÃO DO HOSPITAL UNIVERSITÁRIO,EDUCAÇÃO SUPERIOR
2027,1260,SECRETARIA DE ESTADO DE EDUCAÇÃO - UNIMONTES,3,,2311,UNIVERSIDADE ESTADUAL DE MONTES CLAROS - UNIMONTES,3,3,90,36,10,1,,10,302,7,4,411,4411,1,,,25617941.00,0,GESTÃO DO HOSPITAL UNIVERSITÁRIO,EDUCAÇÃO SUPERIOR
2027,1260,SECRETARIA DE ESTADO DE EDUCAÇÃO - UNIMONTES,3,,2311,UNIVERSIDADE ESTADUAL DE MONTES CLAROS - UNIMONTES,3,3,90,36,70,1,,10,302,7,4,411,4411,1,,,5496462.00,0,GESTÃO DO HOSPITAL UNIVERSITÁRIO,EDUCAÇÃO SUPERIOR
2027,1260,SECRETARIA DE ESTADO DE EDUCAÇÃO - UNIMONTES,3,,2311,UNIVERSIDADE ESTADUAL DE MONTES CLAROS - UNIMONTES,3,3,90,37,10,1,,10,302,7,4,411,4411,1,,,17982681.00,0,GESTÃO DO HOSPITAL UNIVERSITÁRIO,EDUCAÇÃO SUPERIOR
2027,1260,SECRETARIA DE ESTADO DE EDUCAÇÃO - UNIMONTES,3,,2311,UNIVERSIDADE ESTADUAL DE MONTES CLAROS - UNIMONTES,3,3,90,39,1,1,,10,302,7,4,411,4411,1,,,199967.00,0,GESTÃO DO HOSPITAL UNIVERSITÁRIO,EDUCAÇÃO SUPERIOR
2027,1260,SECRETARIA DE ESTADO DE EDUCAÇÃO - UNIMONTES,3,,2311,UNIVERSIDADE ESTADUAL DE MONTES CLAROS - UNIMONTES,3,3,90,39,10,1,,10,302,7,4,411,4411,1,,,7023078.00,0,GESTÃO DO HOSPITAL UNIVERSITÁRIO,EDUCAÇÃO SUPERIOR
2027,1260,SECRETARIA DE ESTADO DE EDUCAÇÃO - UNIMONTES,3,,2311,UNIVERSIDADE ESTADUAL DE MONTES CLAROS - UNIMONTES,3,3,90,39,10,3,,10,302,7,4,411,4411,1,,,2000.00,0,GESTÃO DO HOSPITAL UNIVERSITÁRIO,EDUCAÇÃO SUPERIOR
2027,1260,SECRETARIA DE ESTADO DE EDUCAÇÃO - UNIMONTES,3,,2311,UNIVERSIDADE ESTADUAL DE MONTES CLAROS - UNIMONTES,3,3,90,39,70,1,,10,302,7,4,411,4411,1,,,7334659.00,0,GESTÃO DO HOSPITAL UNIVERSITÁRIO,EDUCAÇÃO SUPERIOR
2027,1260,SECRETARIA DE ESTADO DE EDUCAÇÃO - UNIMONTES,3,,2311,UNIVERSIDADE ESTADUAL DE MONTES CLAROS - UNIMONTES,3,3,90,40,10,1,,10,302,7,4,411,4411,1,,,539968.00,0,GESTÃO DO HOSPITAL UNIVERSITÁRIO,EDUCAÇÃO SUPERIOR
2027,1260,SECRETARIA DE ESTADO DE EDUCAÇÃO - UNIMONTES,3,,2311,UNIVERSIDADE ESTADUAL DE MONTES CLAROS - UNIMONTES,3,3,90,40,70,1,,10,302,7,4,411,4411,1,,,247179.00,0,GESTÃO DO HOSPITAL UNIVERSITÁRIO,EDUCAÇÃO SUPERIOR
2027,1260,SECRETARIA DE ESTADO DE EDUCAÇÃO - UNIMONTES,3,,2311,UNIVERSIDADE ESTADUAL DE MONTES CLAROS - UNIMONTES,3,3,90,47,10,1,,10,302,7,4,411,4411,1,,,126345.00,0,GESTÃO DO HOSPITAL UNIVERSITÁRIO,EDUCAÇÃO SUPERIOR
2027,1260,SECRETARIA DE ESTADO DE EDUCAÇÃO - UNIMONTES,3,,2311,UNIVERSIDADE ESTADUAL DE MONTES CLAROS - UNIMONTES,4,4,90,52,1,1,,10,302,7,4,411,4411,1,,,495364.00,0,GESTÃO DO HOSPITAL UNIVERSITÁRIO,EDUCAÇÃO SUPERIOR
2027,1260,SECRETARIA DE ESTADO DE EDUCAÇÃO - UNIMONTES,3,,2311,UNIVERSIDADE ESTADUAL DE MONTES CLAROS - UNIMONTES,4,4,90,52,10,1,,10,302,7,4,411,4411,1,,,2340900.00,0,GESTÃO DO HOSPITAL UNIVERSITÁRIO,EDUCAÇÃO SUPERIOR
2027,1260,SECRETARIA DE ESTADO DE EDUCAÇÃO - UNIMONTES,3,,2311,UNIVERSIDADE ESTADUAL DE MONTES CLAROS - UNIMONTES,4,4,90,52,70,1,,10,302,7,4,411,4411,1,,,2000000.00,0,GESTÃO DO HOSPITAL UNIVERSITÁRIO,EDUCAÇÃO SUPERIOR
2027,1260,SECRETARIA DE ESTADO DE EDUCAÇÃO - UNIMONTES,3,,2311,UNIVERSIDADE ESTADUAL DE MONTES CLAROS - UNIMONTES,3,1,90,11,10,1,,12,122,705,2,417,2417,1,,,272465889.00,0,REMUNERAÇÃO DE PESSOAL ATIVO E ENCARGOS SOCIAIS,APOIO ÀS POLÍTICAS PÚBLICAS
2027,1260,SECRETARIA DE ESTADO DE EDUCAÇÃO - UNIMONTES,3,,2311,UNIVERSIDADE ESTADUAL DE MONTES CLAROS - UNIMONTES,3,1,90,11,57,1,,12,122,705,2,417,2417,1,,,1794000.00,0,REMUNERAÇÃO DE PESSOAL ATIVO E ENCARGOS SOCIAIS,APOIO ÀS POLÍTICAS PÚBLICAS
2027,1260,SECRETARIA DE ESTADO DE EDUCAÇÃO - UNIMONTES,3,,2311,UNIVERSIDADE ESTADUAL DE MONTES CLAROS - UNIMONTES,3,1,90,11,60,1,,12,122,705,2,417,2417,1,,,1875495.00,0,REMUNERAÇÃO DE PESSOAL ATIVO E ENCARGOS SOCIAIS,APOIO ÀS POLÍTICAS PÚBLICAS
2027,1260,SECRETARIA DE ESTADO DE EDUCAÇÃO - UNIMONTES,3,,2311,UNIVERSIDADE ESTADUAL DE MONTES CLAROS - UNIMONTES,3,1,90,13,10,1,,12,122,705,2,417,2417,1,,,7303920.00,0,REMUNERAÇÃO DE PESSOAL ATIVO E ENCARGOS SOCIAIS,APOIO ÀS POLÍTICAS PÚBLICAS
2027,1260,SECRETARIA DE ESTADO DE EDUCAÇÃO - UNIMONTES,3,,2311,UNIVERSIDADE ESTADUAL DE MONTES CLAROS - UNIMONTES,3,1,90,16,10,1,,12,122,705,2,417,2417,1,,,14020346.00,0,REMUNERAÇÃO DE PESSOAL ATIVO E ENCARGOS SOCIAIS,APOIO ÀS POLÍTICAS PÚBLICAS
2027,1260,SECRETARIA DE ESTADO DE EDUCAÇÃO - UNIMONTES,3,,2311,UNIVERSIDADE ESTADUAL DE MONTES CLAROS - UNIMONTES,3,1,90,4,10,1,,12,122,705,2,417,2417,1,,,2253808.00,0,REMUNERAÇÃO DE PESSOAL ATIVO E ENCARGOS SOCIAIS,APOIO ÀS POLÍTICAS PÚBLICAS
2027,1260,SECRETARIA DE ESTADO DE EDUCAÇÃO - UNIMONTES,3,,2311,UNIVERSIDADE ESTADUAL DE MONTES CLAROS - UNIMONTES,3,1,90,7,10,1,,12,122,705,2,417,2417,1,,,210154.00,0,REMUNERAÇÃO DE PESSOAL ATIVO E ENCARGOS SOCIAIS,APOIO ÀS POLÍTICAS PÚBLICAS
2027,1260,SECRETARIA DE ESTADO DE EDUCAÇÃO - UNIMONTES,3,,2311,UNIVERSIDADE ESTADUAL DE MONTES CLAROS - UNIMONTES,3,1,91,13,10,1,,12,122,705,2,417,2417,1,,,85940831.00,0,REMUNERAÇÃO DE PESSOAL ATIVO E ENCARGOS SOCIAIS,APOIO ÀS POLÍTICAS PÚBLICAS
2027,1260,SECRETARIA DE ESTADO DE EDUCAÇÃO - UNIMONTES,3,,2311,UNIVERSIDADE ESTADUAL DE MONTES CLAROS - UNIMONTES,3,1,91,4,10,1,,12,122,705,2,417,2417,1,,,14402.00,0,REMUNERAÇÃO DE PESSOAL ATIVO E ENCARGOS SOCIAIS,APOIO ÀS POLÍTICAS PÚBLICAS
2027,1260,SECRETARIA DE ESTADO DE EDUCAÇÃO - UNIMONTES,3,,2311,UNIVERSIDADE ESTADUAL DE MONTES CLAROS - UNIMONTES,3,3,90,36,10,1,,12,122,705,2,417,2417,1,,,9056927.00,0,REMUNERAÇÃO DE PESSOAL ATIVO E ENCARGOS SOCIAIS,APOIO ÀS POLÍTICAS PÚBLICAS
2027,1260,SECRETARIA DE ESTADO DE EDUCAÇÃO - UNIMONTES,3,,2311,UNIVERSIDADE ESTADUAL DE MONTES CLAROS - UNIMONTES,3,3,90,46,10,7,,12,122,705,2,417,2417,1,,,43632152.00,0,REMUNERAÇÃO DE PESSOAL ATIVO E ENCARGOS SOCIAIS,APOIO ÀS POLÍTICAS PÚBLICAS
2027,1260,SECRETARIA DE ESTADO DE EDUCAÇÃO - UNIMONTES,3,,2311,UNIVERSIDADE ESTADUAL DE MONTES CLAROS - UNIMONTES,3,3,90,49,10,7,,12,122,705,2,417,2417,1,,,3840541.00,0,REMUNERAÇÃO DE PESSOAL ATIVO E ENCARGOS SOCIAIS,APOIO ÀS POLÍTICAS PÚBLICAS
2027,1260,SECRETARIA DE ESTADO DE EDUCAÇÃO - UNIMONTES,3,,2311,UNIVERSIDADE ESTADUAL DE MONTES CLAROS - UNIMONTES,3,3,90,14,10,1,,12,122,705,2,500,2500,1,,,301920.00,0,ASSESSORAMENTO E GERENCIAMENTO DE POLÍTICAS PÚBLICAS,APOIO ÀS POLÍTICAS PÚBLICAS
2027,1260,SECRETARIA DE ESTADO DE EDUCAÇÃO - UNIMONTES,3,,2311,UNIVERSIDADE ESTADUAL DE MONTES CLAROS - UNIMONTES,3,3,90,30,10,1,,12,122,705,2,500,2500,1,,,578078.00,0,ASSESSORAMENTO E GERENCIAMENTO DE POLÍTICAS PÚBLICAS,APOIO ÀS POLÍTICAS PÚBLICAS
2027,1260,SECRETARIA DE ESTADO DE EDUCAÇÃO - UNIMONTES,3,,2311,UNIVERSIDADE ESTADUAL DE MONTES CLAROS - UNIMONTES,3,3,90,33,10,1,,12,122,705,2,500,2500,1,,,585360.00,0,ASSESSORAMENTO E GERENCIAMENTO DE POLÍTICAS PÚBLICAS,APOIO ÀS POLÍTICAS PÚBLICAS
2027,1260,SECRETARIA DE ESTADO DE EDUCAÇÃO - UNIMONTES,3,,2311,UNIVERSIDADE ESTADUAL DE MONTES CLAROS - UNIMONTES,3,3,90,35,10,1,,12,122,705,2,500,2500,1,,,234000.00,0,ASSESSORAMENTO E GERENCIAMENTO DE POLÍTICAS PÚBLICAS,APOIO ÀS POLÍTICAS PÚBLICAS
2027,1260,SECRETARIA DE ESTADO DE EDUCAÇÃO - UNIMONTES,3,,2311,UNIVERSIDADE ESTADUAL DE MONTES CLAROS - UNIMONTES,3,3,90,36,10,1,,12,122,705,2,500,2500,1,,,356287.00,0,ASSESSORAMENTO E GERENCIAMENTO DE POLÍTICAS PÚBLICAS,APOIO ÀS POLÍTICAS PÚBLICAS
2027,1260,SECRETARIA DE ESTADO DE EDUCAÇÃO - UNIMONTES,3,,2311,UNIVERSIDADE ESTADUAL DE MONTES CLAROS - UNIMONTES,3,3,90,37,10,1,,12,122,705,2,500,2500,1,,,4594140.00,0,ASSESSORAMENTO E GERENCIAMENTO DE POLÍTICAS PÚBLICAS,APOIO ÀS POLÍTICAS PÚBLICAS
2027,1260,SECRETARIA DE ESTADO DE EDUCAÇÃO - UNIMONTES,3,,2311,UNIVERSIDADE ESTADUAL DE MONTES CLAROS - UNIMONTES,3,3,90,39,10,1,,12,122,705,2,500,2500,1,,,3391135.00,0,ASSESSORAMENTO E GERENCIAMENTO DE POLÍTICAS PÚBLICAS,APOIO ÀS POLÍTICAS PÚBLICAS
2027,1260,SECRETARIA DE ESTADO DE EDUCAÇÃO - UNIMONTES,3,,2311,UNIVERSIDADE ESTADUAL DE MONTES CLAROS - UNIMONTES,3,3,90,40,10,1,,12,122,705,2,500,2500,1,,,949595.00,0,ASSESSORAMENTO E GERENCIAMENTO DE POLÍTICAS PÚBLICAS,APOIO ÀS POLÍTICAS PÚBLICAS
2027,1260,SECRETARIA DE ESTADO DE EDUCAÇÃO - UNIMONTES,3,,2311,UNIVERSIDADE ESTADUAL DE MONTES CLAROS - UNIMONTES,3,3,90,47,10,1,,12,122,705,2,500,2500,1,,,5400.00,0,ASSESSORAMENTO E GERENCIAMENTO DE POLÍTICAS PÚBLICAS,APOIO ÀS POLÍTICAS PÚBLICAS
2027,1260,SECRETARIA DE ESTADO DE EDUCAÇÃO - UNIMONTES,3,,2311,UNIVERSIDADE ESTADUAL DE MONTES CLAROS - UNIMONTES,4,4,90,40,10,1,,12,122,705,2,500,2500,1,,,45527.00,0,ASSESSORAMENTO E GERENCIAMENTO DE POLÍTICAS PÚBLICAS,APOIO ÀS POLÍTICAS PÚBLICAS
2027,1260,SECRETARIA DE ESTADO DE EDUCAÇÃO - UNIMONTES,3,,2311,UNIVERSIDADE ESTADUAL DE MONTES CLAROS - UNIMONTES,3,3,90,14,10,1,,12,363,7,4,6,4006,1,,,43520.00,0,OFERTA DE ENSINO TÉCNICO E PROFISSIONAL,EDUCAÇÃO SUPERIOR
2027,1260,SECRETARIA DE ESTADO DE EDUCAÇÃO - UNIMONTES,3,,2311,UNIVERSIDADE ESTADUAL DE MONTES CLAROS - UNIMONTES,3,3,90,30,10,1,,12,363,7,4,6,4006,1,,,579784.00,0,OFERTA DE ENSINO TÉCNICO E PROFISSIONAL,EDUCAÇÃO SUPERIOR
2027,1260,SECRETARIA DE ESTADO DE EDUCAÇÃO - UNIMONTES,3,,2311,UNIVERSIDADE ESTADUAL DE MONTES CLAROS - UNIMONTES,3,3,90,33,10,1,,12,363,7,4,6,4006,1,,,28800.00,0,OFERTA DE ENSINO TÉCNICO E PROFISSIONAL,EDUCAÇÃO SUPERIOR
2027,1260,SECRETARIA DE ESTADO DE EDUCAÇÃO - UNIMONTES,3,,2311,UNIVERSIDADE ESTADUAL DE MONTES CLAROS - UNIMONTES,3,3,90,36,10,1,,12,363,7,4,6,4006,1,,,32400.00,0,OFERTA DE ENSINO TÉCNICO E PROFISSIONAL,EDUCAÇÃO SUPERIOR
2027,1260,SECRETARIA DE ESTADO DE EDUCAÇÃO - UNIMONTES,3,,2311,UNIVERSIDADE ESTADUAL DE MONTES CLAROS - UNIMONTES,3,3,90,37,10,1,,12,363,7,4,6,4006,1,,,7534069.00,0,OFERTA DE ENSINO TÉCNICO E PROFISSIONAL,EDUCAÇÃO SUPERIOR
2027,1260,SECRETARIA DE ESTADO DE EDUCAÇÃO - UNIMONTES,3,,2311,UNIVERSIDADE ESTADUAL DE MONTES CLAROS - UNIMONTES,3,3,90,39,10,1,,12,363,7,4,6,4006,1,,,1082717.00,0,OFERTA DE ENSINO TÉCNICO E PROFISSIONAL,EDUCAÇÃO SUPERIOR
2027,1260,SECRETARIA DE ESTADO DE EDUCAÇÃO - UNIMONTES,3,,2311,UNIVERSIDADE ESTADUAL DE MONTES CLAROS - UNIMONTES,3,3,90,40,10,1,,12,363,7,4,6,4006,1,,,140391.00,0,OFERTA DE ENSINO TÉCNICO E PROFISSIONAL,EDUCAÇÃO SUPERIOR
2027,1260,SECRETARIA DE ESTADO DE EDUCAÇÃO - UNIMONTES,3,,2311,UNIVERSIDADE ESTADUAL DE MONTES CLAROS - UNIMONTES,4,4,90,51,10,1,,12,363,7,4,6,4006,1,,,5000000.00,0,OFERTA DE ENSINO TÉCNICO E PROFISSIONAL,EDUCAÇÃO SUPERIOR
2027,1260,SECRETARIA DE ESTADO DE EDUCAÇÃO - UNIMONTES,3,,2311,UNIVERSIDADE ESTADUAL DE MONTES CLAROS - UNIMONTES,3,3,50,43,24,1,,12,364,7,4,1,4001,1,,,391565.00,0,OFERTA DE CURSOS DE GRADUAÇÃO,EDUCAÇÃO SUPERIOR
2027,1260,SECRETARIA DE ESTADO DE EDUCAÇÃO - UNIMONTES,3,,2311,UNIVERSIDADE ESTADUAL DE MONTES CLAROS - UNIMONTES,3,3,90,14,10,1,,12,364,7,4,1,4001,1,,,108800.00,0,OFERTA DE CURSOS DE GRADUAÇÃO,EDUCAÇÃO SUPERIOR
2027,1260,SECRETARIA DE ESTADO DE EDUCAÇÃO - UNIMONTES,3,,2311,UNIVERSIDADE ESTADUAL DE MONTES CLAROS - UNIMONTES,3,3,90,14,10,3,,12,364,7,4,1,4001,1,,,1657.00,0,OFERTA DE CURSOS DE GRADUAÇÃO,EDUCAÇÃO SUPERIOR
2027,1260,SECRETARIA DE ESTADO DE EDUCAÇÃO - UNIMONTES,3,,2311,UNIVERSIDADE ESTADUAL DE MONTES CLAROS - UNIMONTES,3,3,90,14,24,1,,12,364,7,4,1,4001,1,,,185366.00,0,OFERTA DE CURSOS DE GRADUAÇÃO,EDUCAÇÃO SUPERIOR
2027,1260,SECRETARIA DE ESTADO DE EDUCAÇÃO - UNIMONTES,3,,2311,UNIVERSIDADE ESTADUAL DE MONTES CLAROS - UNIMONTES,3,3,90,18,10,1,,12,364,7,4,1,4001,1,,,1685040.00,0,OFERTA DE CURSOS DE GRADUAÇÃO,EDUCAÇÃO SUPERIOR
2027,1260,SECRETARIA DE ESTADO DE EDUCAÇÃO - UNIMONTES,3,,2311,UNIVERSIDADE ESTADUAL DE MONTES CLAROS - UNIMONTES,3,3,90,18,10,3,,12,364,7,4,1,4001,1,,,1144.00,0,OFERTA DE CURSOS DE GRADUAÇÃO,EDUCAÇÃO SUPERIOR
2027,1260,SECRETARIA DE ESTADO DE EDUCAÇÃO - UNIMONTES,3,,2311,UNIVERSIDADE ESTADUAL DE MONTES CLAROS - UNIMONTES,3,3,90,18,24,1,,12,364,7,4,1,4001,1,,,236852.00,0,OFERTA DE CURSOS DE GRADUAÇÃO,EDUCAÇÃO SUPERIOR
2027,1260,SECRETARIA DE ESTADO DE EDUCAÇÃO - UNIMONTES,3,,2311,UNIVERSIDADE ESTADUAL DE MONTES CLAROS - UNIMONTES,3,3,90,20,10,3,,12,364,7,4,1,4001,1,,,75.00,0,OFERTA DE CURSOS DE GRADUAÇÃO,EDUCAÇÃO SUPERIOR
2027,1260,SECRETARIA DE ESTADO DE EDUCAÇÃO - UNIMONTES,3,,2311,UNIVERSIDADE ESTADUAL DE MONTES CLAROS - UNIMONTES,3,3,90,20,24,1,,12,364,7,4,1,4001,1,,,15447.00,0,OFERTA DE CURSOS DE GRADUAÇÃO,EDUCAÇÃO SUPERIOR
2027,1260,SECRETARIA DE ESTADO DE EDUCAÇÃO - UNIMONTES,3,,2311,UNIVERSIDADE ESTADUAL DE MONTES CLAROS - UNIMONTES,3,3,90,30,10,1,,12,364,7,4,1,4001,1,,,943742.00,0,OFERTA DE CURSOS DE GRADUAÇÃO,EDUCAÇÃO SUPERIOR
2027,1260,SECRETARIA DE ESTADO DE EDUCAÇÃO - UNIMONTES,3,,2311,UNIVERSIDADE ESTADUAL DE MONTES CLAROS - UNIMONTES,3,3,90,33,10,1,,12,364,7,4,1,4001,1,,,308160.00,0,OFERTA DE CURSOS DE GRADUAÇÃO,EDUCAÇÃO SUPERIOR
2027,1260,SECRETARIA DE ESTADO DE EDUCAÇÃO - UNIMONTES,3,,2311,UNIVERSIDADE ESTADUAL DE MONTES CLAROS - UNIMONTES,3,3,90,33,10,3,,12,364,7,4,1,4001,1,,,882.00,0,OFERTA DE CURSOS DE GRADUAÇÃO,EDUCAÇÃO SUPERIOR
2027,1260,SECRETARIA DE ESTADO DE EDUCAÇÃO - UNIMONTES,3,,2311,UNIVERSIDADE ESTADUAL DE MONTES CLAROS - UNIMONTES,3,3,90,33,24,1,,12,364,7,4,1,4001,1,,,98959.00,0,OFERTA DE CURSOS DE GRADUAÇÃO,EDUCAÇÃO SUPERIOR
2027,1260,SECRETARIA DE ESTADO DE EDUCAÇÃO - UNIMONTES,3,,2311,UNIVERSIDADE ESTADUAL DE MONTES CLAROS - UNIMONTES,3,3,90,36,10,1,,12,364,7,4,1,4001,1,,,81720.00,0,OFERTA DE CURSOS DE GRADUAÇÃO,EDUCAÇÃO SUPERIOR
2027,1260,SECRETARIA DE ESTADO DE EDUCAÇÃO - UNIMONTES,3,,2311,UNIVERSIDADE ESTADUAL DE MONTES CLAROS - UNIMONTES,3,3,90,36,10,3,,12,364,7,4,1,4001,1,,,12026.00,0,OFERTA DE CURSOS DE GRADUAÇÃO,EDUCAÇÃO SUPERIOR
2027,1260,SECRETARIA DE ESTADO DE EDUCAÇÃO - UNIMONTES,3,,2311,UNIVERSIDADE ESTADUAL DE MONTES CLAROS - UNIMONTES,3,3,90,36,24,1,,12,364,7,4,1,4001,1,,,1237334.00,0,OFERTA DE CURSOS DE GRADUAÇÃO,EDUCAÇÃO SUPERIOR
2027,1260,SECRETARIA DE ESTADO DE EDUCAÇÃO - UNIMONTES,3,,2311,UNIVERSIDADE ESTADUAL DE MONTES CLAROS - UNIMONTES,3,3,90,37,10,1,,12,364,7,4,1,4001,1,,,6623390.00,0,OFERTA DE CURSOS DE GRADUAÇÃO,EDUCAÇÃO SUPERIOR
2027,1260,SECRETARIA DE ESTADO DE EDUCAÇÃO - UNIMONTES,3,,2311,UNIVERSIDADE ESTADUAL DE MONTES CLAROS - UNIMONTES,3,3,90,39,1,1,,12,364,7,4,1,4001,1,,,1500000.00,0,OFERTA DE CURSOS DE GRADUAÇÃO,EDUCAÇÃO SUPERIOR
2027,1260,SECRETARIA DE ESTADO DE EDUCAÇÃO - UNIMONTES,3,,2311,UNIVERSIDADE ESTADUAL DE MONTES CLAROS - UNIMONTES,3,3,90,39,10,1,,12,364,7,4,1,4001,1,,,8506761.00,0,OFERTA DE CURSOS DE GRADUAÇÃO,EDUCAÇÃO SUPERIOR
2027,1260,SECRETARIA DE ESTADO DE EDUCAÇÃO - UNIMONTES,3,,2311,UNIVERSIDADE ESTADUAL DE MONTES CLAROS - UNIMONTES,3,3,90,39,10,3,,12,364,7,4,1,4001,1,,,64001.00,0,OFERTA DE CURSOS DE GRADUAÇÃO,EDUCAÇÃO SUPERIOR
2027,1260,SECRETARIA DE ESTADO DE EDUCAÇÃO - UNIMONTES,3,,2311,UNIVERSIDADE ESTADUAL DE MONTES CLAROS - UNIMONTES,3,3,90,39,24,1,,12,364,7,4,1,4001,1,,,1936634.00,0,OFERTA DE CURSOS DE GRADUAÇÃO,EDUCAÇÃO SUPERIOR
2027,1260,SECRETARIA DE ESTADO DE EDUCAÇÃO - UNIMONTES,3,,2311,UNIVERSIDADE ESTADUAL DE MONTES CLAROS - UNIMONTES,3,3,90,40,10,1,,12,364,7,4,1,4001,1,,,1464072.00,0,OFERTA DE CURSOS DE GRADUAÇÃO,EDUCAÇÃO SUPERIOR
2027,1260,SECRETARIA DE ESTADO DE EDUCAÇÃO - UNIMONTES,3,,2311,UNIVERSIDADE ESTADUAL DE MONTES CLAROS - UNIMONTES,3,3,90,40,10,3,,12,364,7,4,1,4001,1,,,9740.00,0,OFERTA DE CURSOS DE GRADUAÇÃO,EDUCAÇÃO SUPERIOR
2027,1260,SECRETARIA DE ESTADO DE EDUCAÇÃO - UNIMONTES,3,,2311,UNIVERSIDADE ESTADUAL DE MONTES CLAROS - UNIMONTES,3,3,90,40,24,1,,12,364,7,4,1,4001,1,,,997953.00,0,OFERTA DE CURSOS DE GRADUAÇÃO,EDUCAÇÃO SUPERIOR
2027,1260,SECRETARIA DE ESTADO DE EDUCAÇÃO - UNIMONTES,3,,2311,UNIVERSIDADE ESTADUAL DE MONTES CLAROS - UNIMONTES,4,4,40,42,10,1,,12,364,7,4,1,4001,1,,,3300000.00,0,OFERTA DE CURSOS DE GRADUAÇÃO,EDUCAÇÃO SUPERIOR
2027,1260,SECRETARIA DE ESTADO DE EDUCAÇÃO - UNIMONTES,3,,2311,UNIVERSIDADE ESTADUAL DE MONTES CLAROS - UNIMONTES,4,4,90,52,10,1,,12,364,7,4,1,4001,1,,,598956.00,0,OFERTA DE CURSOS DE GRADUAÇÃO,EDUCAÇÃO SUPERIOR
2027,1260,SECRETARIA DE ESTADO DE EDUCAÇÃO - UNIMONTES,3,,2311,UNIVERSIDADE ESTADUAL DE MONTES CLAROS - UNIMONTES,4,4,90,52,10,3,,12,364,7,4,1,4001,1,,,6100.00,0,OFERTA DE CURSOS DE GRADUAÇÃO,EDUCAÇÃO SUPERIOR
2027,1260,SECRETARIA DE ESTADO DE EDUCAÇÃO - UNIMONTES,3,,2311,UNIVERSIDADE ESTADUAL DE MONTES CLAROS - UNIMONTES,4,4,90,52,24,1,,12,364,7,4,1,4001,1,,,620965.00,0,OFERTA DE CURSOS DE GRADUAÇÃO,EDUCAÇÃO SUPERIOR
2027,1260,SECRETARIA DE ESTADO DE EDUCAÇÃO - UNIMONTES,3,,2311,UNIVERSIDADE ESTADUAL DE MONTES CLAROS - UNIMONTES,3,3,90,14,10,1,,12,364,7,4,2,4002,1,,,73008.00,0,"APOIO ÀS ATIVIDADES DE PESQUISA, INOVAÇÃO E TECNOLOGIA.",EDUCAÇÃO SUPERIOR
2027,1260,SECRETARIA DE ESTADO DE EDUCAÇÃO - UNIMONTES,3,,2311,UNIVERSIDADE ESTADUAL DE MONTES CLAROS - UNIMONTES,3,3,90,18,10,1,,12,364,7,4,2,4002,1,,,1341660.00,0,"APOIO ÀS ATIVIDADES DE PESQUISA, INOVAÇÃO E TECNOLOGIA.",EDUCAÇÃO SUPERIOR
2027,1260,SECRETARIA DE ESTADO DE EDUCAÇÃO - UNIMONTES,3,,2311,UNIVERSIDADE ESTADUAL DE MONTES CLAROS - UNIMONTES,3,3,90,20,10,1,,12,364,7,4,2,4002,1,,,32400.00,0,"APOIO ÀS ATIVIDADES DE PESQUISA, INOVAÇÃO E TECNOLOGIA.",EDUCAÇÃO SUPERIOR
2027,1260,SECRETARIA DE ESTADO DE EDUCAÇÃO - UNIMONTES,3,,2311,UNIVERSIDADE ESTADUAL DE MONTES CLAROS - UNIMONTES,3,3,90,30,10,1,,12,364,7,4,2,4002,1,,,10000.00,0,"APOIO ÀS ATIVIDADES DE PESQUISA, INOVAÇÃO E TECNOLOGIA.",EDUCAÇÃO SUPERIOR
2027,1260,SECRETARIA DE ESTADO DE EDUCAÇÃO - UNIMONTES,3,,2311,UNIVERSIDADE ESTADUAL DE MONTES CLAROS - UNIMONTES,3,3,90,33,10,1,,12,364,7,4,2,4002,1,,,244800.00,0,"APOIO ÀS ATIVIDADES DE PESQUISA, INOVAÇÃO E TECNOLOGIA.",EDUCAÇÃO SUPERIOR
2027,1260,SECRETARIA DE ESTADO DE EDUCAÇÃO - UNIMONTES,3,,2311,UNIVERSIDADE ESTADUAL DE MONTES CLAROS - UNIMONTES,3,3,90,36,10,1,,12,364,7,4,2,4002,1,,,14400.00,0,"APOIO ÀS ATIVIDADES DE PESQUISA, INOVAÇÃO E TECNOLOGIA.",EDUCAÇÃO SUPERIOR
2027,1260,SECRETARIA DE ESTADO DE EDUCAÇÃO - UNIMONTES,3,,2311,UNIVERSIDADE ESTADUAL DE MONTES CLAROS - UNIMONTES,3,3,90,39,10,1,,12,364,7,4,2,4002,1,,,133234.00,0,"APOIO ÀS ATIVIDADES DE PESQUISA, INOVAÇÃO E TECNOLOGIA.",EDUCAÇÃO SUPERIOR
2027,1260,SECRETARIA DE ESTADO DE EDUCAÇÃO - UNIMONTES,3,,2311,UNIVERSIDADE ESTADUAL DE MONTES CLAROS - UNIMONTES,3,3,90,14,10,1,,12,364,7,4,4,4004,1,,,48960.00,0,APOIO AOS PROGRAMAS DE PÓS-GRADUAÇÃO STRICTO SENSU.,EDUCAÇÃO SUPERIOR
2027,1260,SECRETARIA DE ESTADO DE EDUCAÇÃO - UNIMONTES,3,,2311,UNIVERSIDADE ESTADUAL DE MONTES CLAROS - UNIMONTES,3,3,90,18,10,1,,12,364,7,4,4,4004,1,,,257004.00,0,APOIO AOS PROGRAMAS DE PÓS-GRADUAÇÃO STRICTO SENSU.,EDUCAÇÃO SUPERIOR
2027,1260,SECRETARIA DE ESTADO DE EDUCAÇÃO - UNIMONTES,3,,2311,UNIVERSIDADE ESTADUAL DE MONTES CLAROS - UNIMONTES,3,3,90,20,10,1,,12,364,7,4,4,4004,1,,,81144.00,0,APOIO AOS PROGRAMAS DE PÓS-GRADUAÇÃO STRICTO SENSU.,EDUCAÇÃO SUPERIOR
2027,1260,SECRETARIA DE ESTADO DE EDUCAÇÃO - UNIMONTES,3,,2311,UNIVERSIDADE ESTADUAL DE MONTES CLAROS - UNIMONTES,3,3,90,30,10,1,,12,364,7,4,4,4004,1,,,13200.00,0,APOIO AOS PROGRAMAS DE PÓS-GRADUAÇÃO STRICTO SENSU.,EDUCAÇÃO SUPERIOR
2027,1260,SECRETARIA DE ESTADO DE EDUCAÇÃO - UNIMONTES,3,,2311,UNIVERSIDADE ESTADUAL DE MONTES CLAROS - UNIMONTES,3,3,90,33,10,1,,12,364,7,4,4,4004,1,,,102600.00,0,APOIO AOS PROGRAMAS DE PÓS-GRADUAÇÃO STRICTO SENSU.,EDUCAÇÃO SUPERIOR
2027,1260,SECRETARIA DE ESTADO DE EDUCAÇÃO - UNIMONTES,3,,2311,UNIVERSIDADE ESTADUAL DE MONTES CLAROS - UNIMONTES,3,3,90,36,10,1,,12,364,7,4,4,4004,1,,,83520.00,0,APOIO AOS PROGRAMAS DE PÓS-GRADUAÇÃO STRICTO SENSU.,EDUCAÇÃO SUPERIOR
2027,1260,SECRETARIA DE ESTADO DE EDUCAÇÃO - UNIMONTES,3,,2311,UNIVERSIDADE ESTADUAL DE MONTES CLAROS - UNIMONTES,3,3,90,39,10,1,,12,364,7,4,4,4004,1,,,163680.00,0,APOIO AOS PROGRAMAS DE PÓS-GRADUAÇÃO STRICTO SENSU.,EDUCAÇÃO SUPERIOR
2027,1260,SECRETARIA DE ESTADO DE EDUCAÇÃO - UNIMONTES,3,,2311,UNIVERSIDADE ESTADUAL DE MONTES CLAROS - UNIMONTES,3,3,90,18,10,1,,12,364,7,4,5,4005,1,,,4908063.00,0,ASSISTÊNCIA ESTUDANTIL.,EDUCAÇÃO SUPERIOR
2027,1260,SECRETARIA DE ESTADO DE EDUCAÇÃO - UNIMONTES,3,,2311,UNIVERSIDADE ESTADUAL DE MONTES CLAROS - UNIMONTES,3,3,90,32,10,1,,12,364,7,4,5,4005,1,,,8244.00,0,ASSISTÊNCIA ESTUDANTIL.,EDUCAÇÃO SUPERIOR
2027,1260,SECRETARIA DE ESTADO DE EDUCAÇÃO - UNIMONTES,3,,2311,UNIVERSIDADE ESTADUAL DE MONTES CLAROS - UNIMONTES,3,3,90,39,1,1,,12,364,7,4,5,4005,1,,,400636.00,0,ASSISTÊNCIA ESTUDANTIL.,EDUCAÇÃO SUPERIOR
2027,1260,SECRETARIA DE ESTADO DE EDUCAÇÃO - UNIMONTES,3,,2311,UNIVERSIDADE ESTADUAL DE MONTES CLAROS - UNIMONTES,3,3,90,39,10,3,,12,364,7,4,5,4005,1,,,4100.00,0,ASSISTÊNCIA ESTUDANTIL.,EDUCAÇÃO SUPERIOR
2027,1260,SECRETARIA DE ESTADO DE EDUCAÇÃO - UNIMONTES,3,,2311,UNIVERSIDADE ESTADUAL DE MONTES CLAROS - UNIMONTES,3,3,90,30,10,1,,12,364,7,4,550,4550,1,,,3817640.00,0,FORNECIMENTO DE REFEIÇÕES NA UNIVERSIDADE,EDUCAÇÃO SUPERIOR
2027,1260,SECRETARIA DE ESTADO DE EDUCAÇÃO - UNIMONTES,3,,2311,UNIVERSIDADE ESTADUAL DE MONTES CLAROS - UNIMONTES,3,3,90,30,60,1,,12,364,7,4,550,4550,1,,,3657855.00,0,FORNECIMENTO DE REFEIÇÕES NA UNIVERSIDADE,EDUCAÇÃO SUPERIOR
2027,1260,SECRETARIA DE ESTADO DE EDUCAÇÃO - UNIMONTES,3,,2311,UNIVERSIDADE ESTADUAL DE MONTES CLAROS - UNIMONTES,3,3,90,39,60,1,,12,364,7,4,550,4550,1,,,4024593.00,0,FORNECIMENTO DE REFEIÇÕES NA UNIVERSIDADE,EDUCAÇÃO SUPERIOR
2027,1260,SECRETARIA DE ESTADO DE EDUCAÇÃO - UNIMONTES,3,,2311,UNIVERSIDADE ESTADUAL DE MONTES CLAROS - UNIMONTES,3,1,90,91,60,9,,28,846,705,7,4,7004,1,,,2921716.00,0,PRECATÓRIOS E SENTENÇAS JUDICIÁRIAS,APOIO ÀS POLÍTICAS PÚBLICAS
2027,1270,SECRETARIA DE ESTADO DE CULTURA E TURISMO - SECULT,3,,1271,SECRETARIA DE ESTADO DE CULTURA E TURISMO - SECULT,3,1,90,11,10,1,,13,122,705,2,417,2417,1,,,21891223.00,0,REMUNERAÇÃO DE PESSOAL ATIVO E ENCARGOS SOCIAIS,APOIO ÀS POLÍTICAS PÚBLICAS
2027,1270,SECRETARIA DE ESTADO DE CULTURA E TURISMO - SECULT,3,,1271,SECRETARIA DE ESTADO DE CULTURA E TURISMO - SECULT,3,1,90,13,10,1,,13,122,705,2,417,2417,1,,,1537355.00,0,REMUNERAÇÃO DE PESSOAL ATIVO E ENCARGOS SOCIAIS,APOIO ÀS POLÍTICAS PÚBLICAS
2027,1270,SECRETARIA DE ESTADO DE CULTURA E TURISMO - SECULT,3,,1271,SECRETARIA DE ESTADO DE CULTURA E TURISMO - SECULT,3,1,91,13,10,1,,13,122,705,2,417,2417,1,,,5591936.00,0,REMUNERAÇÃO DE PESSOAL ATIVO E ENCARGOS SOCIAIS,APOIO ÀS POLÍTICAS PÚBLICAS
2027,1270,SECRETARIA DE ESTADO DE CULTURA E TURISMO - SECULT,3,,1271,SECRETARIA DE ESTADO DE CULTURA E TURISMO - SECULT,3,3,90,46,10,7,,13,122,705,2,417,2417,1,,,4819106.00,0,REMUNERAÇÃO DE PESSOAL ATIVO E ENCARGOS SOCIAIS,APOIO ÀS POLÍTICAS PÚBLICAS
2027,1270,SECRETARIA DE ESTADO DE CULTURA E TURISMO - SECULT,3,,1271,SECRETARIA DE ESTADO DE CULTURA E TURISMO - SECULT,3,3,90,49,10,7,,13,122,705,2,417,2417,1,,,296523.00,0,REMUNERAÇÃO DE PESSOAL ATIVO E ENCARGOS SOCIAIS,APOIO ÀS POLÍTICAS PÚBLICAS
2027,1270,SECRETARIA DE ESTADO DE CULTURA E TURISMO - SECULT,3,,1271,SECRETARIA DE ESTADO DE CULTURA E TURISMO - SECULT,3,3,90,14,10,1,,13,122,705,2,500,2500,1,,,319680.00,0,ASSESSORAMENTO E GERENCIAMENTO DE POLÍTICAS PÚBLICAS,APOIO ÀS POLÍTICAS PÚBLICAS
2027,1270,SECRETARIA DE ESTADO DE CULTURA E TURISMO - SECULT,3,,1271,SECRETARIA DE ESTADO DE CULTURA E TURISMO - SECULT,3,3,90,33,10,1,,13,122,705,2,500,2500,1,,,372960.00,0,ASSESSORAMENTO E GERENCIAMENTO DE POLÍTICAS PÚBLICAS,APOIO ÀS POLÍTICAS PÚBLICAS
2027,1270,SECRETARIA DE ESTADO DE CULTURA E TURISMO - SECULT,3,,1271,SECRETARIA DE ESTADO DE CULTURA E TURISMO - SECULT,3,3,90,37,10,1,,13,122,705,2,500,2500,1,,,1236000.00,0,ASSESSORAMENTO E GERENCIAMENTO DE POLÍTICAS PÚBLICAS,APOIO ÀS POLÍTICAS PÚBLICAS
2027,1270,SECRETARIA DE ESTADO DE CULTURA E TURISMO - SECULT,3,,1271,SECRETARIA DE ESTADO DE CULTURA E TURISMO - SECULT,3,3,90,39,10,1,,13,122,705,2,500,2500,1,,,230400.00,0,ASSESSORAMENTO E GERENCIAMENTO DE POLÍTICAS PÚBLICAS,APOIO ÀS POLÍTICAS PÚBLICAS
2027,1270,SECRETARIA DE ESTADO DE CULTURA E TURISMO - SECULT,3,,1271,SECRETARIA DE ESTADO DE CULTURA E TURISMO - SECULT,3,3,90,40,10,1,,13,122,705,2,500,2500,1,,,210856.00,0,ASSESSORAMENTO E GERENCIAMENTO DE POLÍTICAS PÚBLICAS,APOIO ÀS POLÍTICAS PÚBLICAS
2027,1270,SECRETARIA DE ESTADO DE CULTURA E TURISMO - SECULT,3,,1271,SECRETARIA DE ESTADO DE CULTURA E TURISMO - SECULT,3,3,90,39,10,1,,13,391,106,4,338,4338,1,,,229200.00,0,"CONSERVAÇÃO PREVENTIVA E CURATIVA, RESTAURAÇÃO, AQUISIÇÃO E GESTÃO TÉCNICA DE ACERVOS",PROTEÇÃO E SALVAGUARDA DE ACERVOS E BENS CULTURAIS
2027,1270,SECRETARIA DE ESTADO DE CULTURA E TURISMO - SECULT,3,,1271,SECRETARIA DE ESTADO DE CULTURA E TURISMO - SECULT,3,3,90,40,10,1,,13,391,106,4,338,4338,1,,,19548.00,0,"CONSERVAÇÃO PREVENTIVA E CURATIVA, RESTAURAÇÃO, AQUISIÇÃO E GESTÃO TÉCNICA DE ACERVOS",PROTEÇÃO E SALVAGUARDA DE ACERVOS E BENS CULTURAIS
2027,1270,SECRETARIA DE ESTADO DE CULTURA E TURISMO - SECULT,3,,1271,SECRETARIA DE ESTADO DE CULTURA E TURISMO - SECULT,3,3,90,30,10,1,,13,391,106,4,339,4339,1,,,17736.00,0,"ORGANIZAÇÃO, DESCRIÇÃO E PRESERVAÇÃO DE ACERVOS ARQUIVÍSTICOS",PROTEÇÃO E SALVAGUARDA DE ACERVOS E BENS CULTURAIS
2027,1270,SECRETARIA DE ESTADO DE CULTURA E TURISMO - SECULT,3,,1271,SECRETARIA DE ESTADO DE CULTURA E TURISMO - SECULT,3,3,90,39,10,1,,13,391,106,4,339,4339,1,,,168600.00,0,"ORGANIZAÇÃO, DESCRIÇÃO E PRESERVAÇÃO DE ACERVOS ARQUIVÍSTICOS",PROTEÇÃO E SALVAGUARDA DE ACERVOS E BENS CULTURAIS
2027,1270,SECRETARIA DE ESTADO DE CULTURA E TURISMO - SECULT,3,,1271,SECRETARIA DE ESTADO DE CULTURA E TURISMO - SECULT,3,3,90,39,10,1,,13,391,106,4,342,4342,1,,,100000.00,0,"ASSESSORIAS TÉCNICAS EM GESTÃO DE DOCUMENTOS, CRIAÇÃO E MANUTENÇÃO DE ARQUIVOS PÚBLICOS",PROTEÇÃO E SALVAGUARDA DE ACERVOS E BENS CULTURAIS
2027,1270,SECRETARIA DE ESTADO DE CULTURA E TURISMO - SECULT,3,,1271,SECRETARIA DE ESTADO DE CULTURA E TURISMO - SECULT,3,3,90,39,10,1,,13,392,102,4,331,4331,1,,,530400.00,0,PROMOÇÃO DE ATIVIDADES ARTÍSTICO-CULTURAIS,FOMENTO À ECONOMIA DA CRIATIVIDADE
2027,1270,SECRETARIA DE ESTADO DE CULTURA E TURISMO - SECULT,3,,1271,SECRETARIA DE ESTADO DE CULTURA E TURISMO - SECULT,3,3,90,39,10,1,,13,392,102,4,332,4332,1,,,1000.00,0,APOIO A PROJETOS CULTURAIS E TURÍSTICOS REALIZADOS POR INTERMÉDIO DE PARCERIAS,FOMENTO À ECONOMIA DA CRIATIVIDADE
2027,1270,SECRETARIA DE ESTADO DE CULTURA E TURISMO - SECULT,3,,1271,SECRETARIA DE ESTADO DE CULTURA E TURISMO - SECULT,3,3,90,41,69,1,,13,392,102,4,332,4332,1,,,745037.00,0,APOIO A PROJETOS CULTURAIS E TURÍSTICOS REALIZADOS POR INTERMÉDIO DE PARCERIAS,FOMENTO À ECONOMIA DA CRIATIVIDADE
2027,1270,SECRETARIA DE ESTADO DE CULTURA E TURISMO - SECULT,3,,1271,SECRETARIA DE ESTADO DE CULTURA E TURISMO - SECULT,4,4,90,52,24,1,,13,392,102,4,332,4332,1,,,41645721.00,0,APOIO A PROJETOS CULTURAIS E TURÍSTICOS REALIZADOS POR INTERMÉDIO DE PARCERIAS,FOMENTO À ECONOMIA DA CRIATIVIDADE
2027,1270,SECRETARIA DE ESTADO DE CULTURA E TURISMO - SECULT,3,,1271,SECRETARIA DE ESTADO DE CULTURA E TURISMO - SECULT,3,3,90,37,10,1,,13,392,102,4,343,4343,1,,,810000.00,0,GESTÃO DO FOMENTO E MUNICIPALIZAÇÃO DA CULTURA,FOMENTO À ECONOMIA DA CRIATIVIDADE
2027,1270,SECRETARIA DE ESTADO DE CULTURA E TURISMO - SECULT,3,,1271,SECRETARIA DE ESTADO DE CULTURA E TURISMO - SECULT,3,3,90,39,10,1,,13,392,102,4,343,4343,1,,,230400.00,0,GESTÃO DO FOMENTO E MUNICIPALIZAÇÃO DA CULTURA,FOMENTO À ECONOMIA DA CRIATIVIDADE
2027,1270,SECRETARIA DE ESTADO DE CULTURA E TURISMO - SECULT,3,,1271,SECRETARIA DE ESTADO DE CULTURA E TURISMO - SECULT,3,3,90,30,10,1,,13,392,103,4,322,4322,1,,,326808.00,0,"GESTÃO, MANUTENÇÃO E MODERNIZAÇÃO DE EQUIPAMENTOS CULTURAIS PARA ATENDIMENTO AO PÚBLICO","ESPAÇOS CULTURAIS, CORPOS ARTÍSTICOS E ÓRGÃOS COLEGIADOS"
2027,1270,SECRETARIA DE ESTADO DE CULTURA E TURISMO - SECULT,3,,1271,SECRETARIA DE ESTADO DE CULTURA E TURISMO - SECULT,3,3,90,37,10,1,,13,392,103,4,322,4322,1,,,8064000.00,0,"GESTÃO, MANUTENÇÃO E MODERNIZAÇÃO DE EQUIPAMENTOS CULTURAIS PARA ATENDIMENTO AO PÚBLICO","ESPAÇOS CULTURAIS, CORPOS ARTÍSTICOS E ÓRGÃOS COLEGIADOS"
2027,1270,SECRETARIA DE ESTADO DE CULTURA E TURISMO - SECULT,3,,1271,SECRETARIA DE ESTADO DE CULTURA E TURISMO - SECULT,3,3,90,39,10,1,,13,392,103,4,322,4322,1,,,3046320.00,0,"GESTÃO, MANUTENÇÃO E MODERNIZAÇÃO DE EQUIPAMENTOS CULTURAIS PARA ATENDIMENTO AO PÚBLICO","ESPAÇOS CULTURAIS, CORPOS ARTÍSTICOS E ÓRGÃOS COLEGIADOS"
2027,1270,SECRETARIA DE ESTADO DE CULTURA E TURISMO - SECULT,3,,1271,SECRETARIA DE ESTADO DE CULTURA E TURISMO - SECULT,3,3,90,40,10,1,,13,392,103,4,322,4322,1,,,892194.00,0,"GESTÃO, MANUTENÇÃO E MODERNIZAÇÃO DE EQUIPAMENTOS CULTURAIS PARA ATENDIMENTO AO PÚBLICO","ESPAÇOS CULTURAIS, CORPOS ARTÍSTICOS E ÓRGÃOS COLEGIADOS"
2027,1270,SECRETARIA DE ESTADO DE CULTURA E TURISMO - SECULT,3,,1271,SECRETARIA DE ESTADO DE CULTURA E TURISMO - SECULT,3,3,90,41,24,1,,13,392,103,4,322,4322,1,,,422860.00,0,"GESTÃO, MANUTENÇÃO E MODERNIZAÇÃO DE EQUIPAMENTOS CULTURAIS PARA ATENDIMENTO AO PÚBLICO","ESPAÇOS CULTURAIS, CORPOS ARTÍSTICOS E ÓRGÃOS COLEGIADOS"
2027,1270,SECRETARIA DE ESTADO DE CULTURA E TURISMO - SECULT,3,,1271,SECRETARIA DE ESTADO DE CULTURA E TURISMO - SECULT,3,3,90,39,10,1,,13,392,103,4,326,4326,1,,,100000.00,0,GESTÃO DE ÓRGÃOS COLEGIADOS,"ESPAÇOS CULTURAIS, CORPOS ARTÍSTICOS E ÓRGÃOS COLEGIADOS"
2027,1270,SECRETARIA DE ESTADO DE CULTURA E TURISMO - SECULT,3,,1271,SECRETARIA DE ESTADO DE CULTURA E TURISMO - SECULT,3,3,90,39,10,1,,13,392,103,4,329,4329,1,,,24500000.00,0,ORQUESTRA FILARMÔNICA DE MINAS GERAIS,"ESPAÇOS CULTURAIS, CORPOS ARTÍSTICOS E ÓRGÃOS COLEGIADOS"
2027,1270,SECRETARIA DE ESTADO DE CULTURA E TURISMO - SECULT,3,,1271,SECRETARIA DE ESTADO DE CULTURA E TURISMO - SECULT,3,3,90,39,10,1,,13,392,105,4,336,4336,1,,,19200.00,0,ASSESSORIAS TÉCNICAS PARA GESTÃO DE BIBLIOTECAS E MUSEUS,FORMAÇÃO E CAPACITAÇÃO TÉCNICO-CULTURAL
2027,1270,SECRETARIA DE ESTADO DE CULTURA E TURISMO - SECULT,3,,1271,SECRETARIA DE ESTADO DE CULTURA E TURISMO - SECULT,3,3,90,39,10,1,,13,392,105,4,337,4337,1,,,80000.00,0,CAPACITAÇÕES TÉCNICO-CULTURAIS,FORMAÇÃO E CAPACITAÇÃO TÉCNICO-CULTURAL
2027,1270,SECRETARIA DE ESTADO DE CULTURA E TURISMO - SECULT,3,,1271,SECRETARIA DE ESTADO DE CULTURA E TURISMO - SECULT,3,3,90,39,10,1,,23,695,100,4,324,4324,1,,,79009.00,0,DIVULGAÇÃO TURÍSTICA DE MINAS GERAIS,MAIS TURISTAS
2027,1270,SECRETARIA DE ESTADO DE CULTURA E TURISMO - SECULT,3,,1271,SECRETARIA DE ESTADO DE CULTURA E TURISMO - SECULT,3,3,90,40,10,1,,23,695,100,4,324,4324,1,,,991.00,0,DIVULGAÇÃO TURÍSTICA DE MINAS GERAIS,MAIS TURISTAS
2027,1270,SECRETARIA DE ESTADO DE CULTURA E TURISMO - SECULT,3,,1271,SECRETARIA DE ESTADO DE CULTURA E TURISMO - SECULT,3,3,90,39,10,1,,23,695,100,4,327,4327,1,,,57600.00,0,CAPACITAÇÕES TÉCNICAS PARA O TURISMO,MAIS TURISTAS
2027,1270,SECRETARIA DE ESTADO DE CULTURA E TURISMO - SECULT,3,,1271,SECRETARIA DE ESTADO DE CULTURA E TURISMO - SECULT,3,3,90,39,10,1,,23,695,100,4,328,4328,1,,,57600.00,1,ESTRUTURAÇÃO DE PRODUTOS TURÍSTICOS,MAIS TURISTAS
2027,1270,SECRETARIA DE ESTADO DE CULTURA E TURISMO - SECULT,3,,1271,SECRETARIA DE ESTADO DE CULTURA E TURISMO - SECULT,3,3,90,39,10,1,,23,695,100,4,330,4330,1,,,1000.00,0,PLANEJAMENTO E MONITORAMENTO DO SETOR TURÍSTICO DO ESTADO DE MINAS GERAIS,MAIS TURISTAS
2027,1270,SECRETARIA DE ESTADO DE CULTURA E TURISMO - SECULT,3,,1271,SECRETARIA DE ESTADO DE CULTURA E TURISMO - SECULT,3,3,90,37,10,1,,23,695,100,4,479,4479,1,,,444000.00,0,DESENVOLVIMENTO DA POLÍTICA DE REGIONALIZAÇÃO DO TURISMO,MAIS TURISTAS
2027,1270,SECRETARIA DE ESTADO DE CULTURA E TURISMO - SECULT,3,,1271,SECRETARIA DE ESTADO DE CULTURA E TURISMO - SECULT,3,3,90,39,10,1,,23,695,100,4,479,4479,1,,,19200.00,0,DESENVOLVIMENTO DA POLÍTICA DE REGIONALIZAÇÃO DO TURISMO,MAIS TURISTAS
2027,1270,SECRETARIA DE ESTADO DE CULTURA E TURISMO - FAOP,3,,2171,FUNDAÇÃO DE ARTE DE OURO PRETO - FAOP,3,1,91,13,10,1,,13,122,705,2,417,2417,1,,,485845.00,0,REMUNERAÇÃO DE PESSOAL ATIVO E ENCARGOS SOCIAIS,APOIO ÀS POLÍTICAS PÚBLICAS
2027,1270,SECRETARIA DE ESTADO DE CULTURA E TURISMO - FAOP,3,,2171,FUNDAÇÃO DE ARTE DE OURO PRETO - FAOP,3,3,90,36,10,1,,13,122,705,2,417,2417,1,,,174833.00,0,REMUNERAÇÃO DE PESSOAL ATIVO E ENCARGOS SOCIAIS,APOIO ÀS POLÍTICAS PÚBLICAS
2027,1270,SECRETARIA DE ESTADO DE CULTURA E TURISMO - FAOP,3,,2171,FUNDAÇÃO DE ARTE DE OURO PRETO - FAOP,3,3,90,30,10,1,,13,122,705,2,500,2500,1,,,70791.00,0,ASSESSORAMENTO E GERENCIAMENTO DE POLÍTICAS PÚBLICAS,APOIO ÀS POLÍTICAS PÚBLICAS
2027,1270,SECRETARIA DE ESTADO DE CULTURA E TURISMO - FAOP,3,,2171,FUNDAÇÃO DE ARTE DE OURO PRETO - FAOP,3,3,90,37,10,1,,13,122,705,2,500,2500,1,,,1208797.00,0,ASSESSORAMENTO E GERENCIAMENTO DE POLÍTICAS PÚBLICAS,APOIO ÀS POLÍTICAS PÚBLICAS
2027,1270,SECRETARIA DE ESTADO DE CULTURA E TURISMO - FAOP,3,,2171,FUNDAÇÃO DE ARTE DE OURO PRETO - FAOP,3,3,90,39,10,1,,13,122,705,2,500,2500,1,,,254381.00,0,ASSESSORAMENTO E GERENCIAMENTO DE POLÍTICAS PÚBLICAS,APOIO ÀS POLÍTICAS PÚBLICAS
2027,1270,SECRETARIA DE ESTADO DE CULTURA E TURISMO - FAOP,3,,2171,FUNDAÇÃO DE ARTE DE OURO PRETO - FAOP,3,3,90,40,10,1,,13,122,705,2,500,2500,1,,,85357.00,0,ASSESSORAMENTO E GERENCIAMENTO DE POLÍTICAS PÚBLICAS,APOIO ÀS POLÍTICAS PÚBLICAS
2027,1270,SECRETARIA DE ESTADO DE CULTURA E TURISMO - FAOP,3,,2171,FUNDAÇÃO DE ARTE DE OURO PRETO - FAOP,3,3,90,47,10,1,,13,122,705,2,500,2500,1,,,26000.00,0,ASSESSORAMENTO E GERENCIAMENTO DE POLÍTICAS PÚBLICAS,APOIO ÀS POLÍTICAS PÚBLICAS
2027,1270,SECRETARIA DE ESTADO DE CULTURA E TURISMO - FAOP,3,,2171,FUNDAÇÃO DE ARTE DE OURO PRETO - FAOP,3,3,90,49,10,1,,13,122,705,2,500,2500,1,,,74078.00,0,ASSESSORAMENTO E GERENCIAMENTO DE POLÍTICAS PÚBLICAS,APOIO ÀS POLÍTICAS PÚBLICAS
2027,1270,SECRETARIA DE ESTADO DE CULTURA E TURISMO - FAOP,3,,2171,FUNDAÇÃO DE ARTE DE OURO PRETO - FAOP,3,3,90,14,10,1,,13,391,106,1,66,1066,1,,,50758.00,0,ACERVO OU BEM CULTURAL RESTAURADO ENTREGUE,PROTEÇÃO E SALVAGUARDA DE ACERVOS E BENS CULTURAIS
2027,1270,SECRETARIA DE ESTADO DE CULTURA E TURISMO - FAOP,3,,2171,FUNDAÇÃO DE ARTE DE OURO PRETO - FAOP,3,3,90,36,10,1,,13,391,106,1,66,1066,1,,,6920.00,0,ACERVO OU BEM CULTURAL RESTAURADO ENTREGUE,PROTEÇÃO E SALVAGUARDA DE ACERVOS E BENS CULTURAIS
2027,1270,SECRETARIA DE ESTADO DE CULTURA E TURISMO - FAOP,3,,2171,FUNDAÇÃO DE ARTE DE OURO PRETO - FAOP,3,3,90,30,10,1,,13,392,102,1,58,1058,1,,,99161.00,0,FORMAÇÃO CULTURAL,FOMENTO À ECONOMIA DA CRIATIVIDADE
2027,1270,SECRETARIA DE ESTADO DE CULTURA E TURISMO - FAOP,3,,2171,FUNDAÇÃO DE ARTE DE OURO PRETO - FAOP,3,3,90,39,10,1,,13,392,102,1,58,1058,1,,,6152.00,0,FORMAÇÃO CULTURAL,FOMENTO À ECONOMIA DA CRIATIVIDADE
2027,1270,SECRETARIA DE ESTADO DE CULTURA E TURISMO - FAOP,3,,2171,FUNDAÇÃO DE ARTE DE OURO PRETO - FAOP,3,3,90,40,10,1,,13,392,102,1,58,1058,1,,,335.00,0,FORMAÇÃO CULTURAL,FOMENTO À ECONOMIA DA CRIATIVIDADE
2027,1270,SECRETARIA DE ESTADO DE CULTURA E TURISMO - FAOP,3,,2171,FUNDAÇÃO DE ARTE DE OURO PRETO - FAOP,3,3,90,39,60,1,,13,392,105,1,62,1062,1,,,100000.00,0,"QUALIFICAÇÃO PROFFISSIONAL E CURSOS COMPLEMENTARES, LIVRES, DE FORMAÇÃO INICIAL E CONTINUADA",FORMAÇÃO E CAPACITAÇÃO TÉCNICO-CULTURAL
2027,1270,SECRETARIA DE ESTADO DE CULTURA E TURISMO - FAOP,3,,2171,FUNDAÇÃO DE ARTE DE OURO PRETO - FAOP,3,3,90,91,10,1,,28,846,705,7,4,7004,1,,,1000.00,0,PRECATÓRIOS E SENTENÇAS JUDICIÁRIAS,APOIO ÀS POLÍTICAS PÚBLICAS
2027,1270,SECRETARIA DE ESTADO DE CULTURA E TURISMO - FCS,3,,2181,FUNDAÇÃO CLÓVIS SALGADO - FCS,3,1,90,11,10,1,,12,363,105,4,425,4425,1,,,2824905.00,0,ATIVIDADES DE ENSINO E DE EXTENSÃO DO CENTRO DE FORMAÇÃO ARTÍSTICA E TECNOLÓGICA - CEFART,FORMAÇÃO E CAPACITAÇÃO TÉCNICO-CULTURAL
2027,1270,SECRETARIA DE ESTADO DE CULTURA E TURISMO - FCS,3,,2181,FUNDAÇÃO CLÓVIS SALGADO - FCS,3,1,91,13,10,1,,12,363,105,4,425,4425,1,,,452630.00,0,ATIVIDADES DE ENSINO E DE EXTENSÃO DO CENTRO DE FORMAÇÃO ARTÍSTICA E TECNOLÓGICA - CEFART,FORMAÇÃO E CAPACITAÇÃO TÉCNICO-CULTURAL
2027,1270,SECRETARIA DE ESTADO DE CULTURA E TURISMO - FCS,3,,2181,FUNDAÇÃO CLÓVIS SALGADO - FCS,3,3,90,14,60,1,,12,363,105,4,425,4425,1,,,9900.00,0,ATIVIDADES DE ENSINO E DE EXTENSÃO DO CENTRO DE FORMAÇÃO ARTÍSTICA E TECNOLÓGICA - CEFART,FORMAÇÃO E CAPACITAÇÃO TÉCNICO-CULTURAL
2027,1270,SECRETARIA DE ESTADO DE CULTURA E TURISMO - FCS,3,,2181,FUNDAÇÃO CLÓVIS SALGADO - FCS,3,3,90,30,60,1,,12,363,105,4,425,4425,1,,,24880.00,0,ATIVIDADES DE ENSINO E DE EXTENSÃO DO CENTRO DE FORMAÇÃO ARTÍSTICA E TECNOLÓGICA - CEFART,FORMAÇÃO E CAPACITAÇÃO TÉCNICO-CULTURAL
2027,1270,SECRETARIA DE ESTADO DE CULTURA E TURISMO - FCS,3,,2181,FUNDAÇÃO CLÓVIS SALGADO - FCS,3,3,90,33,60,1,,12,363,105,4,425,4425,1,,,7260.00,0,ATIVIDADES DE ENSINO E DE EXTENSÃO DO CENTRO DE FORMAÇÃO ARTÍSTICA E TECNOLÓGICA - CEFART,FORMAÇÃO E CAPACITAÇÃO TÉCNICO-CULTURAL
2027,1270,SECRETARIA DE ESTADO DE CULTURA E TURISMO - FCS,3,,2181,FUNDAÇÃO CLÓVIS SALGADO - FCS,3,3,90,37,10,1,,12,363,105,4,425,4425,1,,,943520.00,0,ATIVIDADES DE ENSINO E DE EXTENSÃO DO CENTRO DE FORMAÇÃO ARTÍSTICA E TECNOLÓGICA - CEFART,FORMAÇÃO E CAPACITAÇÃO TÉCNICO-CULTURAL
2027,1270,SECRETARIA DE ESTADO DE CULTURA E TURISMO - FCS,3,,2181,FUNDAÇÃO CLÓVIS SALGADO - FCS,3,3,90,39,10,1,,12,363,105,4,425,4425,1,,,122206.00,0,ATIVIDADES DE ENSINO E DE EXTENSÃO DO CENTRO DE FORMAÇÃO ARTÍSTICA E TECNOLÓGICA - CEFART,FORMAÇÃO E CAPACITAÇÃO TÉCNICO-CULTURAL
2027,1270,SECRETARIA DE ESTADO DE CULTURA E TURISMO - FCS,3,,2181,FUNDAÇÃO CLÓVIS SALGADO - FCS,3,3,90,39,60,1,,12,363,105,4,425,4425,1,,,109603.00,0,ATIVIDADES DE ENSINO E DE EXTENSÃO DO CENTRO DE FORMAÇÃO ARTÍSTICA E TECNOLÓGICA - CEFART,FORMAÇÃO E CAPACITAÇÃO TÉCNICO-CULTURAL
2027,1270,SECRETARIA DE ESTADO DE CULTURA E TURISMO - FCS,3,,2181,FUNDAÇÃO CLÓVIS SALGADO - FCS,3,3,90,40,10,1,,12,363,105,4,425,4425,1,,,52248.00,0,ATIVIDADES DE ENSINO E DE EXTENSÃO DO CENTRO DE FORMAÇÃO ARTÍSTICA E TECNOLÓGICA - CEFART,FORMAÇÃO E CAPACITAÇÃO TÉCNICO-CULTURAL
2027,1270,SECRETARIA DE ESTADO DE CULTURA E TURISMO - FCS,3,,2181,FUNDAÇÃO CLÓVIS SALGADO - FCS,3,3,90,40,60,1,,12,363,105,4,425,4425,1,,,5000.00,0,ATIVIDADES DE ENSINO E DE EXTENSÃO DO CENTRO DE FORMAÇÃO ARTÍSTICA E TECNOLÓGICA - CEFART,FORMAÇÃO E CAPACITAÇÃO TÉCNICO-CULTURAL
2027,1270,SECRETARIA DE ESTADO DE CULTURA E TURISMO - FCS,3,,2181,FUNDAÇÃO CLÓVIS SALGADO - FCS,3,3,90,46,10,7,,12,363,105,4,425,4425,1,,,1624608.00,0,ATIVIDADES DE ENSINO E DE EXTENSÃO DO CENTRO DE FORMAÇÃO ARTÍSTICA E TECNOLÓGICA - CEFART,FORMAÇÃO E CAPACITAÇÃO TÉCNICO-CULTURAL
2027,1270,SECRETARIA DE ESTADO DE CULTURA E TURISMO - FCS,3,,2181,FUNDAÇÃO CLÓVIS SALGADO - FCS,3,3,90,47,10,1,,12,363,105,4,425,4425,1,,,8000.00,0,ATIVIDADES DE ENSINO E DE EXTENSÃO DO CENTRO DE FORMAÇÃO ARTÍSTICA E TECNOLÓGICA - CEFART,FORMAÇÃO E CAPACITAÇÃO TÉCNICO-CULTURAL
2027,1270,SECRETARIA DE ESTADO DE CULTURA E TURISMO - FCS,3,,2181,FUNDAÇÃO CLÓVIS SALGADO - FCS,3,3,90,49,10,7,,12,363,105,4,425,4425,1,,,180512.00,0,ATIVIDADES DE ENSINO E DE EXTENSÃO DO CENTRO DE FORMAÇÃO ARTÍSTICA E TECNOLÓGICA - CEFART,FORMAÇÃO E CAPACITAÇÃO TÉCNICO-CULTURAL
2027,1270,SECRETARIA DE ESTADO DE CULTURA E TURISMO - FCS,3,,2181,FUNDAÇÃO CLÓVIS SALGADO - FCS,3,1,90,11,10,1,,13,122,705,2,417,2417,1,,,16957342.00,0,REMUNERAÇÃO DE PESSOAL ATIVO E ENCARGOS SOCIAIS,APOIO ÀS POLÍTICAS PÚBLICAS
2027,1270,SECRETARIA DE ESTADO DE CULTURA E TURISMO - FCS,3,,2181,FUNDAÇÃO CLÓVIS SALGADO - FCS,3,1,91,13,10,1,,13,122,705,2,417,2417,1,,,4923025.00,0,REMUNERAÇÃO DE PESSOAL ATIVO E ENCARGOS SOCIAIS,APOIO ÀS POLÍTICAS PÚBLICAS
2027,1270,SECRETARIA DE ESTADO DE CULTURA E TURISMO - FCS,3,,2181,FUNDAÇÃO CLÓVIS SALGADO - FCS,3,3,90,46,10,7,,13,122,705,2,417,2417,1,,,3058409.00,0,REMUNERAÇÃO DE PESSOAL ATIVO E ENCARGOS SOCIAIS,APOIO ÀS POLÍTICAS PÚBLICAS
2027,1270,SECRETARIA DE ESTADO DE CULTURA E TURISMO - FCS,3,,2181,FUNDAÇÃO CLÓVIS SALGADO - FCS,3,3,90,49,10,7,,13,122,705,2,417,2417,1,,,339823.00,0,REMUNERAÇÃO DE PESSOAL ATIVO E ENCARGOS SOCIAIS,APOIO ÀS POLÍTICAS PÚBLICAS
2027,1270,SECRETARIA DE ESTADO DE CULTURA E TURISMO - FCS,3,,2181,FUNDAÇÃO CLÓVIS SALGADO - FCS,3,3,90,14,60,1,,13,122,705,2,500,2500,1,,,42900.00,0,ASSESSORAMENTO E GERENCIAMENTO DE POLÍTICAS PÚBLICAS,APOIO ÀS POLÍTICAS PÚBLICAS
2027,1270,SECRETARIA DE ESTADO DE CULTURA E TURISMO - FCS,3,,2181,FUNDAÇÃO CLÓVIS SALGADO - FCS,3,3,90,30,60,1,,13,122,705,2,500,2500,1,,,525834.00,0,ASSESSORAMENTO E GERENCIAMENTO DE POLÍTICAS PÚBLICAS,APOIO ÀS POLÍTICAS PÚBLICAS
2027,1270,SECRETARIA DE ESTADO DE CULTURA E TURISMO - FCS,3,,2181,FUNDAÇÃO CLÓVIS SALGADO - FCS,3,3,90,33,60,1,,13,122,705,2,500,2500,1,,,35640.00,0,ASSESSORAMENTO E GERENCIAMENTO DE POLÍTICAS PÚBLICAS,APOIO ÀS POLÍTICAS PÚBLICAS
2027,1270,SECRETARIA DE ESTADO DE CULTURA E TURISMO - FCS,3,,2181,FUNDAÇÃO CLÓVIS SALGADO - FCS,3,3,90,36,60,1,,13,122,705,2,500,2500,1,,,9600.00,0,ASSESSORAMENTO E GERENCIAMENTO DE POLÍTICAS PÚBLICAS,APOIO ÀS POLÍTICAS PÚBLICAS
2027,1270,SECRETARIA DE ESTADO DE CULTURA E TURISMO - FCS,3,,2181,FUNDAÇÃO CLÓVIS SALGADO - FCS,3,3,90,37,10,1,,13,122,705,2,500,2500,1,,,6519687.00,0,ASSESSORAMENTO E GERENCIAMENTO DE POLÍTICAS PÚBLICAS,APOIO ÀS POLÍTICAS PÚBLICAS
2027,1270,SECRETARIA DE ESTADO DE CULTURA E TURISMO - FCS,3,,2181,FUNDAÇÃO CLÓVIS SALGADO - FCS,3,3,90,39,10,1,,13,122,705,2,500,2500,1,,,2118139.00,0,ASSESSORAMENTO E GERENCIAMENTO DE POLÍTICAS PÚBLICAS,APOIO ÀS POLÍTICAS PÚBLICAS
2027,1270,SECRETARIA DE ESTADO DE CULTURA E TURISMO - FCS,3,,2181,FUNDAÇÃO CLÓVIS SALGADO - FCS,3,3,90,39,60,1,,13,122,705,2,500,2500,1,,,1598326.00,0,ASSESSORAMENTO E GERENCIAMENTO DE POLÍTICAS PÚBLICAS,APOIO ÀS POLÍTICAS PÚBLICAS
2027,1270,SECRETARIA DE ESTADO DE CULTURA E TURISMO - FCS,3,,2181,FUNDAÇÃO CLÓVIS SALGADO - FCS,3,3,90,40,10,1,,13,122,705,2,500,2500,1,,,283008.00,0,ASSESSORAMENTO E GERENCIAMENTO DE POLÍTICAS PÚBLICAS,APOIO ÀS POLÍTICAS PÚBLICAS
2027,1270,SECRETARIA DE ESTADO DE CULTURA E TURISMO - FCS,3,,2181,FUNDAÇÃO CLÓVIS SALGADO - FCS,3,3,90,40,60,1,,13,122,705,2,500,2500,1,,,25000.00,0,ASSESSORAMENTO E GERENCIAMENTO DE POLÍTICAS PÚBLICAS,APOIO ÀS POLÍTICAS PÚBLICAS
2027,1270,SECRETARIA DE ESTADO DE CULTURA E TURISMO - FCS,3,,2181,FUNDAÇÃO CLÓVIS SALGADO - FCS,3,3,90,47,10,1,,13,122,705,2,500,2500,1,,,453200.00,0,ASSESSORAMENTO E GERENCIAMENTO DE POLÍTICAS PÚBLICAS,APOIO ÀS POLÍTICAS PÚBLICAS
2027,1270,SECRETARIA DE ESTADO DE CULTURA E TURISMO - FCS,3,,2181,FUNDAÇÃO CLÓVIS SALGADO - FCS,4,4,90,52,47,1,,13,122,705,2,500,2500,1,,,5000.00,0,ASSESSORAMENTO E GERENCIAMENTO DE POLÍTICAS PÚBLICAS,APOIO ÀS POLÍTICAS PÚBLICAS
2027,1270,SECRETARIA DE ESTADO DE CULTURA E TURISMO - FCS,3,,2181,FUNDAÇÃO CLÓVIS SALGADO - FCS,3,3,90,48,10,1,,13,392,102,4,172,4172,1,,,1000.00,1,GESTÃO DO FOMENTO E DO SISTEMA DE FINANCIAMENTO À CULTURA,FOMENTO À ECONOMIA DA CRIATIVIDADE
2027,1270,SECRETARIA DE ESTADO DE CULTURA E TURISMO - FCS,3,,2181,FUNDAÇÃO CLÓVIS SALGADO - FCS,3,3,90,14,60,1,,13,392,103,4,417,4417,1,,,9900.00,0,FOMENTO DOS ESPAÇOS CULTURAIS,"ESPAÇOS CULTURAIS, CORPOS ARTÍSTICOS E ÓRGÃOS COLEGIADOS"
2027,1270,SECRETARIA DE ESTADO DE CULTURA E TURISMO - FCS,3,,2181,FUNDAÇÃO CLÓVIS SALGADO - FCS,3,3,90,30,60,1,,13,392,103,4,417,4417,1,,,220200.00,0,FOMENTO DOS ESPAÇOS CULTURAIS,"ESPAÇOS CULTURAIS, CORPOS ARTÍSTICOS E ÓRGÃOS COLEGIADOS"
2027,1270,SECRETARIA DE ESTADO DE CULTURA E TURISMO - FCS,3,,2181,FUNDAÇÃO CLÓVIS SALGADO - FCS,3,3,90,33,60,1,,13,392,103,4,417,4417,1,,,7260.00,0,FOMENTO DOS ESPAÇOS CULTURAIS,"ESPAÇOS CULTURAIS, CORPOS ARTÍSTICOS E ÓRGÃOS COLEGIADOS"
2027,1270,SECRETARIA DE ESTADO DE CULTURA E TURISMO - FCS,3,,2181,FUNDAÇÃO CLÓVIS SALGADO - FCS,3,3,90,37,10,1,,13,392,103,4,417,4417,1,,,2099517.00,0,FOMENTO DOS ESPAÇOS CULTURAIS,"ESPAÇOS CULTURAIS, CORPOS ARTÍSTICOS E ÓRGÃOS COLEGIADOS"
2027,1270,SECRETARIA DE ESTADO DE CULTURA E TURISMO - FCS,3,,2181,FUNDAÇÃO CLÓVIS SALGADO - FCS,3,3,90,39,10,1,,13,392,103,4,417,4417,1,,,764226.00,0,FOMENTO DOS ESPAÇOS CULTURAIS,"ESPAÇOS CULTURAIS, CORPOS ARTÍSTICOS E ÓRGÃOS COLEGIADOS"
2027,1270,SECRETARIA DE ESTADO DE CULTURA E TURISMO - FCS,3,,2181,FUNDAÇÃO CLÓVIS SALGADO - FCS,3,3,90,39,60,1,,13,392,103,4,417,4417,1,,,92003.00,0,FOMENTO DOS ESPAÇOS CULTURAIS,"ESPAÇOS CULTURAIS, CORPOS ARTÍSTICOS E ÓRGÃOS COLEGIADOS"
2027,1270,SECRETARIA DE ESTADO DE CULTURA E TURISMO - FCS,3,,2181,FUNDAÇÃO CLÓVIS SALGADO - FCS,3,3,90,40,10,1,,13,392,103,4,417,4417,1,,,33588.00,0,FOMENTO DOS ESPAÇOS CULTURAIS,"ESPAÇOS CULTURAIS, CORPOS ARTÍSTICOS E ÓRGÃOS COLEGIADOS"
2027,1270,SECRETARIA DE ESTADO DE CULTURA E TURISMO - FCS,3,,2181,FUNDAÇÃO CLÓVIS SALGADO - FCS,3,3,90,40,60,1,,13,392,103,4,417,4417,1,,,5000.00,0,FOMENTO DOS ESPAÇOS CULTURAIS,"ESPAÇOS CULTURAIS, CORPOS ARTÍSTICOS E ÓRGÃOS COLEGIADOS"
2027,1270,SECRETARIA DE ESTADO DE CULTURA E TURISMO - FCS,3,,2181,FUNDAÇÃO CLÓVIS SALGADO - FCS,3,3,90,47,10,1,,13,392,103,4,417,4417,1,,,8000.00,0,FOMENTO DOS ESPAÇOS CULTURAIS,"ESPAÇOS CULTURAIS, CORPOS ARTÍSTICOS E ÓRGÃOS COLEGIADOS"
2027,1270,SECRETARIA DE ESTADO DE CULTURA E TURISMO - FCS,3,,2181,FUNDAÇÃO CLÓVIS SALGADO - FCS,3,3,90,14,60,1,,13,392,103,4,421,4421,1,,,19800.00,0,PRODUÇÃO DE ESPETÁCULOS DOS CORPOS ARTÍSTICOS,"ESPAÇOS CULTURAIS, CORPOS ARTÍSTICOS E ÓRGÃOS COLEGIADOS"
2027,1270,SECRETARIA DE ESTADO DE CULTURA E TURISMO - FCS,3,,2181,FUNDAÇÃO CLÓVIS SALGADO - FCS,3,3,90,30,60,1,,13,392,103,4,421,4421,1,,,44000.00,0,PRODUÇÃO DE ESPETÁCULOS DOS CORPOS ARTÍSTICOS,"ESPAÇOS CULTURAIS, CORPOS ARTÍSTICOS E ÓRGÃOS COLEGIADOS"
2027,1270,SECRETARIA DE ESTADO DE CULTURA E TURISMO - FCS,3,,2181,FUNDAÇÃO CLÓVIS SALGADO - FCS,3,3,90,33,60,1,,13,392,103,4,421,4421,1,,,17160.00,0,PRODUÇÃO DE ESPETÁCULOS DOS CORPOS ARTÍSTICOS,"ESPAÇOS CULTURAIS, CORPOS ARTÍSTICOS E ÓRGÃOS COLEGIADOS"
2027,1270,SECRETARIA DE ESTADO DE CULTURA E TURISMO - FCS,3,,2181,FUNDAÇÃO CLÓVIS SALGADO - FCS,3,3,90,39,10,1,,13,392,103,4,421,4421,1,,,14004.00,0,PRODUÇÃO DE ESPETÁCULOS DOS CORPOS ARTÍSTICOS,"ESPAÇOS CULTURAIS, CORPOS ARTÍSTICOS E ÓRGÃOS COLEGIADOS"
2027,1270,SECRETARIA DE ESTADO DE CULTURA E TURISMO - FCS,3,,2181,FUNDAÇÃO CLÓVIS SALGADO - FCS,3,3,90,39,60,1,,13,392,103,4,421,4421,1,,,440000.00,0,PRODUÇÃO DE ESPETÁCULOS DOS CORPOS ARTÍSTICOS,"ESPAÇOS CULTURAIS, CORPOS ARTÍSTICOS E ÓRGÃOS COLEGIADOS"
2027,1270,SECRETARIA DE ESTADO DE CULTURA E TURISMO - FCS,3,,2181,FUNDAÇÃO CLÓVIS SALGADO - FCS,3,3,90,40,10,1,,13,392,103,4,421,4421,1,,,32208.00,0,PRODUÇÃO DE ESPETÁCULOS DOS CORPOS ARTÍSTICOS,"ESPAÇOS CULTURAIS, CORPOS ARTÍSTICOS E ÓRGÃOS COLEGIADOS"
2027,1270,SECRETARIA DE ESTADO DE CULTURA E TURISMO - FCS,3,,2181,FUNDAÇÃO CLÓVIS SALGADO - FCS,3,3,90,40,60,1,,13,392,103,4,421,4421,1,,,5000.00,0,PRODUÇÃO DE ESPETÁCULOS DOS CORPOS ARTÍSTICOS,"ESPAÇOS CULTURAIS, CORPOS ARTÍSTICOS E ÓRGÃOS COLEGIADOS"
2027,1270,SECRETARIA DE ESTADO DE CULTURA E TURISMO - FCS,3,,2181,FUNDAÇÃO CLÓVIS SALGADO - FCS,3,3,50,85,10,1,,13,392,103,4,422,4422,1,,,10123252.00,0,GERENCIAMENTO DO CONTRATO DE GESTÃO,"ESPAÇOS CULTURAIS, CORPOS ARTÍSTICOS E ÓRGÃOS COLEGIADOS"
2027,1270,SECRETARIA DE ESTADO DE CULTURA E TURISMO - FCS,3,,2181,FUNDAÇÃO CLÓVIS SALGADO - FCS,3,3,90,30,60,1,,13,392,103,4,423,4423,1,,,28700.00,0,FOMENTO A ATIVIDADES ARTÍSTICAS E CULTURAIS DO PALÁCIO DA LIBERDADE,"ESPAÇOS CULTURAIS, CORPOS ARTÍSTICOS E ÓRGÃOS COLEGIADOS"
2027,1270,SECRETARIA DE ESTADO DE CULTURA E TURISMO - FCS,3,,2181,FUNDAÇÃO CLÓVIS SALGADO - FCS,3,3,90,37,10,1,,13,392,103,4,423,4423,1,,,1215503.00,0,FOMENTO A ATIVIDADES ARTÍSTICAS E CULTURAIS DO PALÁCIO DA LIBERDADE,"ESPAÇOS CULTURAIS, CORPOS ARTÍSTICOS E ÓRGÃOS COLEGIADOS"
2027,1270,SECRETARIA DE ESTADO DE CULTURA E TURISMO - FCS,3,,2181,FUNDAÇÃO CLÓVIS SALGADO - FCS,3,3,90,39,10,1,,13,392,103,4,423,4423,1,,,1996889.00,0,FOMENTO A ATIVIDADES ARTÍSTICAS E CULTURAIS DO PALÁCIO DA LIBERDADE,"ESPAÇOS CULTURAIS, CORPOS ARTÍSTICOS E ÓRGÃOS COLEGIADOS"
2027,1270,SECRETARIA DE ESTADO DE CULTURA E TURISMO - FCS,3,,2181,FUNDAÇÃO CLÓVIS SALGADO - FCS,3,3,90,39,60,1,,13,392,103,4,423,4423,1,,,384009.00,0,FOMENTO A ATIVIDADES ARTÍSTICAS E CULTURAIS DO PALÁCIO DA LIBERDADE,"ESPAÇOS CULTURAIS, CORPOS ARTÍSTICOS E ÓRGÃOS COLEGIADOS"
2027,1270,SECRETARIA DE ESTADO DE CULTURA E TURISMO - FCS,3,,2181,FUNDAÇÃO CLÓVIS SALGADO - FCS,3,3,90,40,60,1,,13,392,103,4,423,4423,1,,,42000.00,0,FOMENTO A ATIVIDADES ARTÍSTICAS E CULTURAIS DO PALÁCIO DA LIBERDADE,"ESPAÇOS CULTURAIS, CORPOS ARTÍSTICOS E ÓRGÃOS COLEGIADOS"
2027,1270,SECRETARIA DE ESTADO DE CULTURA E TURISMO - FCS,3,,2181,FUNDAÇÃO CLÓVIS SALGADO - FCS,3,3,90,47,10,1,,13,392,103,4,423,4423,1,,,8000.00,0,FOMENTO A ATIVIDADES ARTÍSTICAS E CULTURAIS DO PALÁCIO DA LIBERDADE,"ESPAÇOS CULTURAIS, CORPOS ARTÍSTICOS E ÓRGÃOS COLEGIADOS"
2027,1270,SECRETARIA DE ESTADO DE CULTURA E TURISMO - FCS,3,,2181,FUNDAÇÃO CLÓVIS SALGADO - FCS,3,3,90,39,60,1,,13,392,5,4,369,4369,1,,,1000.00,0,PALÁCIO PARA TODOS,"PROGRAMA MINEIRO DE ACESSIBILIDADE, INCLUSÃO E SAÚDE (PROMAIS)"
2027,1270,SECRETARIA DE ESTADO DE CULTURA E TURISMO - FCS,3,,2181,FUNDAÇÃO CLÓVIS SALGADO - FCS,3,1,90,91,10,9,,28,846,705,7,4,7004,1,,,368237.00,0,PRECATÓRIOS E SENTENÇAS JUDICIÁRIAS,APOIO ÀS POLÍTICAS PÚBLICAS
2027,1270,SECRETARIA DE ESTADO DE CULTURA E TURISMO - IEPHA,3,,2201,INSTITUTO ESTADUAL DO PATRIMÔNIO HISTÓRICO E ARTÍSTICO DE MINAS GERAIS - IEPHA,3,1,90,11,10,1,,13,122,705,2,417,2417,1,,,9299366.00,0,REMUNERAÇÃO DE PESSOAL ATIVO E ENCARGOS SOCIAIS,APOIO ÀS POLÍTICAS PÚBLICAS
2027,1270,SECRETARIA DE ESTADO DE CULTURA E TURISMO - IEPHA,3,,2201,INSTITUTO ESTADUAL DO PATRIMÔNIO HISTÓRICO E ARTÍSTICO DE MINAS GERAIS - IEPHA,3,1,90,13,10,1,,13,122,705,2,417,2417,1,,,614710.00,0,REMUNERAÇÃO DE PESSOAL ATIVO E ENCARGOS SOCIAIS,APOIO ÀS POLÍTICAS PÚBLICAS
2027,1270,SECRETARIA DE ESTADO DE CULTURA E TURISMO - IEPHA,3,,2201,INSTITUTO ESTADUAL DO PATRIMÔNIO HISTÓRICO E ARTÍSTICO DE MINAS GERAIS - IEPHA,3,1,90,4,10,1,,13,122,705,2,417,2417,1,,,48819.00,0,REMUNERAÇÃO DE PESSOAL ATIVO E ENCARGOS SOCIAIS,APOIO ÀS POLÍTICAS PÚBLICAS
2027,1270,SECRETARIA DE ESTADO DE CULTURA E TURISMO - IEPHA,3,,2201,INSTITUTO ESTADUAL DO PATRIMÔNIO HISTÓRICO E ARTÍSTICO DE MINAS GERAIS - IEPHA,3,1,91,13,10,1,,13,122,705,2,417,2417,1,,,2597710.00,0,REMUNERAÇÃO DE PESSOAL ATIVO E ENCARGOS SOCIAIS,APOIO ÀS POLÍTICAS PÚBLICAS
2027,1270,SECRETARIA DE ESTADO DE CULTURA E TURISMO - IEPHA,3,,2201,INSTITUTO ESTADUAL DO PATRIMÔNIO HISTÓRICO E ARTÍSTICO DE MINAS GERAIS - IEPHA,3,3,90,46,10,7,,13,122,705,2,417,2417,1,,,1661737.00,0,REMUNERAÇÃO DE PESSOAL ATIVO E ENCARGOS SOCIAIS,APOIO ÀS POLÍTICAS PÚBLICAS
2027,1270,SECRETARIA DE ESTADO DE CULTURA E TURISMO - IEPHA,3,,2201,INSTITUTO ESTADUAL DO PATRIMÔNIO HISTÓRICO E ARTÍSTICO DE MINAS GERAIS - IEPHA,3,3,90,49,10,7,,13,122,705,2,417,2417,1,,,69239.00,0,REMUNERAÇÃO DE PESSOAL ATIVO E ENCARGOS SOCIAIS,APOIO ÀS POLÍTICAS PÚBLICAS
2027,1270,SECRETARIA DE ESTADO DE CULTURA E TURISMO - IEPHA,3,,2201,INSTITUTO ESTADUAL DO PATRIMÔNIO HISTÓRICO E ARTÍSTICO DE MINAS GERAIS - IEPHA,3,3,90,14,60,1,,13,122,705,2,500,2500,1,,,17072.00,0,ASSESSORAMENTO E GERENCIAMENTO DE POLÍTICAS PÚBLICAS,APOIO ÀS POLÍTICAS PÚBLICAS
2027,1270,SECRETARIA DE ESTADO DE CULTURA E TURISMO - IEPHA,3,,2201,INSTITUTO ESTADUAL DO PATRIMÔNIO HISTÓRICO E ARTÍSTICO DE MINAS GERAIS - IEPHA,3,3,90,30,10,1,,13,122,705,2,500,2500,1,,,371988.00,0,ASSESSORAMENTO E GERENCIAMENTO DE POLÍTICAS PÚBLICAS,APOIO ÀS POLÍTICAS PÚBLICAS
2027,1270,SECRETARIA DE ESTADO DE CULTURA E TURISMO - IEPHA,3,,2201,INSTITUTO ESTADUAL DO PATRIMÔNIO HISTÓRICO E ARTÍSTICO DE MINAS GERAIS - IEPHA,3,3,90,33,10,1,,13,122,705,2,500,2500,1,,,74000.00,0,ASSESSORAMENTO E GERENCIAMENTO DE POLÍTICAS PÚBLICAS,APOIO ÀS POLÍTICAS PÚBLICAS
2027,1270,SECRETARIA DE ESTADO DE CULTURA E TURISMO - IEPHA,3,,2201,INSTITUTO ESTADUAL DO PATRIMÔNIO HISTÓRICO E ARTÍSTICO DE MINAS GERAIS - IEPHA,3,3,90,36,10,1,,13,122,705,2,500,2500,1,,,13872.00,0,ASSESSORAMENTO E GERENCIAMENTO DE POLÍTICAS PÚBLICAS,APOIO ÀS POLÍTICAS PÚBLICAS
2027,1270,SECRETARIA DE ESTADO DE CULTURA E TURISMO - IEPHA,3,,2201,INSTITUTO ESTADUAL DO PATRIMÔNIO HISTÓRICO E ARTÍSTICO DE MINAS GERAIS - IEPHA,3,3,90,37,10,1,,13,122,705,2,500,2500,1,,,3867432.00,0,ASSESSORAMENTO E GERENCIAMENTO DE POLÍTICAS PÚBLICAS,APOIO ÀS POLÍTICAS PÚBLICAS
2027,1270,SECRETARIA DE ESTADO DE CULTURA E TURISMO - IEPHA,3,,2201,INSTITUTO ESTADUAL DO PATRIMÔNIO HISTÓRICO E ARTÍSTICO DE MINAS GERAIS - IEPHA,3,3,90,39,10,1,,13,122,705,2,500,2500,1,,,1393159.00,0,ASSESSORAMENTO E GERENCIAMENTO DE POLÍTICAS PÚBLICAS,APOIO ÀS POLÍTICAS PÚBLICAS
2027,1270,SECRETARIA DE ESTADO DE CULTURA E TURISMO - IEPHA,3,,2201,INSTITUTO ESTADUAL DO PATRIMÔNIO HISTÓRICO E ARTÍSTICO DE MINAS GERAIS - IEPHA,3,3,90,40,10,1,,13,122,705,2,500,2500,1,,,686527.00,0,ASSESSORAMENTO E GERENCIAMENTO DE POLÍTICAS PÚBLICAS,APOIO ÀS POLÍTICAS PÚBLICAS
2027,1270,SECRETARIA DE ESTADO DE CULTURA E TURISMO - IEPHA,3,,2201,INSTITUTO ESTADUAL DO PATRIMÔNIO HISTÓRICO E ARTÍSTICO DE MINAS GERAIS - IEPHA,3,3,90,47,10,1,,13,122,705,2,500,2500,1,,,101000.00,0,ASSESSORAMENTO E GERENCIAMENTO DE POLÍTICAS PÚBLICAS,APOIO ÀS POLÍTICAS PÚBLICAS
2027,1270,SECRETARIA DE ESTADO DE CULTURA E TURISMO - IEPHA,3,,2201,INSTITUTO ESTADUAL DO PATRIMÔNIO HISTÓRICO E ARTÍSTICO DE MINAS GERAIS - IEPHA,3,3,90,39,10,1,,13,391,102,4,269,4269,1,,,30674.00,0,INCENTIVO À IMPLANTAÇÃO DE POLÍTICAS MUNICIPAIS DE PROTEÇÃO AO PATRIMÔNIO CULTURAL,FOMENTO À ECONOMIA DA CRIATIVIDADE
2027,1270,SECRETARIA DE ESTADO DE CULTURA E TURISMO - IEPHA,3,,2201,INSTITUTO ESTADUAL DO PATRIMÔNIO HISTÓRICO E ARTÍSTICO DE MINAS GERAIS - IEPHA,3,3,90,40,10,1,,13,391,102,4,269,4269,1,,,21135.00,0,INCENTIVO À IMPLANTAÇÃO DE POLÍTICAS MUNICIPAIS DE PROTEÇÃO AO PATRIMÔNIO CULTURAL,FOMENTO À ECONOMIA DA CRIATIVIDADE
2027,1270,SECRETARIA DE ESTADO DE CULTURA E TURISMO - IEPHA,3,,2201,INSTITUTO ESTADUAL DO PATRIMÔNIO HISTÓRICO E ARTÍSTICO DE MINAS GERAIS - IEPHA,3,3,90,39,10,1,,13,391,103,4,274,4274,1,,,4474.00,0,PARCERIAS PARA PROTEÇÃO E SALVAGUARDA DO PATRIMÔNIO CULTURAL,"ESPAÇOS CULTURAIS, CORPOS ARTÍSTICOS E ÓRGÃOS COLEGIADOS"
2027,1270,SECRETARIA DE ESTADO DE CULTURA E TURISMO - IEPHA,3,,2201,INSTITUTO ESTADUAL DO PATRIMÔNIO HISTÓRICO E ARTÍSTICO DE MINAS GERAIS - IEPHA,3,3,90,40,10,1,,13,391,103,4,274,4274,1,,,21135.00,0,PARCERIAS PARA PROTEÇÃO E SALVAGUARDA DO PATRIMÔNIO CULTURAL,"ESPAÇOS CULTURAIS, CORPOS ARTÍSTICOS E ÓRGÃOS COLEGIADOS"
2027,1270,SECRETARIA DE ESTADO DE CULTURA E TURISMO - IEPHA,3,,2201,INSTITUTO ESTADUAL DO PATRIMÔNIO HISTÓRICO E ARTÍSTICO DE MINAS GERAIS - IEPHA,3,3,90,14,10,1,,13,391,105,4,271,4271,1,,,30000.00,0,FORMAÇÃO E CAPACITAÇÃO PARA O PATRIMÔNIO CULTURAL,FORMAÇÃO E CAPACITAÇÃO TÉCNICO-CULTURAL
2027,1270,SECRETARIA DE ESTADO DE CULTURA E TURISMO - IEPHA,3,,2201,INSTITUTO ESTADUAL DO PATRIMÔNIO HISTÓRICO E ARTÍSTICO DE MINAS GERAIS - IEPHA,3,3,90,36,10,1,,13,391,105,4,271,4271,1,,,2400.00,0,FORMAÇÃO E CAPACITAÇÃO PARA O PATRIMÔNIO CULTURAL,FORMAÇÃO E CAPACITAÇÃO TÉCNICO-CULTURAL
2027,1270,SECRETARIA DE ESTADO DE CULTURA E TURISMO - IEPHA,3,,2201,INSTITUTO ESTADUAL DO PATRIMÔNIO HISTÓRICO E ARTÍSTICO DE MINAS GERAIS - IEPHA,3,3,90,39,10,1,,13,391,105,4,271,4271,1,,,41448.00,0,FORMAÇÃO E CAPACITAÇÃO PARA O PATRIMÔNIO CULTURAL,FORMAÇÃO E CAPACITAÇÃO TÉCNICO-CULTURAL
2027,1270,SECRETARIA DE ESTADO DE CULTURA E TURISMO - IEPHA,3,,2201,INSTITUTO ESTADUAL DO PATRIMÔNIO HISTÓRICO E ARTÍSTICO DE MINAS GERAIS - IEPHA,3,3,90,40,10,1,,13,391,105,4,271,4271,1,,,42270.00,0,FORMAÇÃO E CAPACITAÇÃO PARA O PATRIMÔNIO CULTURAL,FORMAÇÃO E CAPACITAÇÃO TÉCNICO-CULTURAL
2027,1270,SECRETARIA DE ESTADO DE CULTURA E TURISMO - IEPHA,3,,2201,INSTITUTO ESTADUAL DO PATRIMÔNIO HISTÓRICO E ARTÍSTICO DE MINAS GERAIS - IEPHA,3,3,90,14,10,1,,13,391,106,4,276,4276,1,,,30000.00,0,SALVAGUARDA DO PATRIMÔNIO CULTURAL,PROTEÇÃO E SALVAGUARDA DE ACERVOS E BENS CULTURAIS
2027,1270,SECRETARIA DE ESTADO DE CULTURA E TURISMO - IEPHA,3,,2201,INSTITUTO ESTADUAL DO PATRIMÔNIO HISTÓRICO E ARTÍSTICO DE MINAS GERAIS - IEPHA,3,3,90,30,10,1,,13,391,106,4,276,4276,1,,,1000.00,0,SALVAGUARDA DO PATRIMÔNIO CULTURAL,PROTEÇÃO E SALVAGUARDA DE ACERVOS E BENS CULTURAIS
2027,1270,SECRETARIA DE ESTADO DE CULTURA E TURISMO - IEPHA,3,,2201,INSTITUTO ESTADUAL DO PATRIMÔNIO HISTÓRICO E ARTÍSTICO DE MINAS GERAIS - IEPHA,3,3,90,37,10,1,,13,391,106,4,276,4276,1,,,82020.00,0,SALVAGUARDA DO PATRIMÔNIO CULTURAL,PROTEÇÃO E SALVAGUARDA DE ACERVOS E BENS CULTURAIS
2027,1270,SECRETARIA DE ESTADO DE CULTURA E TURISMO - IEPHA,3,,2201,INSTITUTO ESTADUAL DO PATRIMÔNIO HISTÓRICO E ARTÍSTICO DE MINAS GERAIS - IEPHA,3,3,90,39,10,1,,13,391,106,4,276,4276,1,,,4474.00,0,SALVAGUARDA DO PATRIMÔNIO CULTURAL,PROTEÇÃO E SALVAGUARDA DE ACERVOS E BENS CULTURAIS
2027,1270,SECRETARIA DE ESTADO DE CULTURA E TURISMO - IEPHA,3,,2201,INSTITUTO ESTADUAL DO PATRIMÔNIO HISTÓRICO E ARTÍSTICO DE MINAS GERAIS - IEPHA,3,3,90,39,9,1,,13,391,106,4,276,4276,1,,,616950.00,0,SALVAGUARDA DO PATRIMÔNIO CULTURAL,PROTEÇÃO E SALVAGUARDA DE ACERVOS E BENS CULTURAIS
2027,1270,SECRETARIA DE ESTADO DE CULTURA E TURISMO - IEPHA,3,,2201,INSTITUTO ESTADUAL DO PATRIMÔNIO HISTÓRICO E ARTÍSTICO DE MINAS GERAIS - IEPHA,3,3,90,40,10,1,,13,391,106,4,276,4276,1,,,21135.00,0,SALVAGUARDA DO PATRIMÔNIO CULTURAL,PROTEÇÃO E SALVAGUARDA DE ACERVOS E BENS CULTURAIS
2027,1270,SECRETARIA DE ESTADO DE CULTURA E TURISMO - IEPHA,3,,2201,INSTITUTO ESTADUAL DO PATRIMÔNIO HISTÓRICO E ARTÍSTICO DE MINAS GERAIS - IEPHA,3,3,90,14,10,1,,13,391,106,4,278,4278,1,,,30000.00,0,PROTEÇÃO DO PATRIMÔNIO CULTURAL,PROTEÇÃO E SALVAGUARDA DE ACERVOS E BENS CULTURAIS
2027,1270,SECRETARIA DE ESTADO DE CULTURA E TURISMO - IEPHA,3,,2201,INSTITUTO ESTADUAL DO PATRIMÔNIO HISTÓRICO E ARTÍSTICO DE MINAS GERAIS - IEPHA,3,3,90,37,10,1,,13,391,106,4,278,4278,1,,,82020.00,0,PROTEÇÃO DO PATRIMÔNIO CULTURAL,PROTEÇÃO E SALVAGUARDA DE ACERVOS E BENS CULTURAIS
2027,1270,SECRETARIA DE ESTADO DE CULTURA E TURISMO - IEPHA,3,,2201,INSTITUTO ESTADUAL DO PATRIMÔNIO HISTÓRICO E ARTÍSTICO DE MINAS GERAIS - IEPHA,3,3,90,39,10,1,,13,391,106,4,278,4278,1,,,170124.00,0,PROTEÇÃO DO PATRIMÔNIO CULTURAL,PROTEÇÃO E SALVAGUARDA DE ACERVOS E BENS CULTURAIS
2027,1270,SECRETARIA DE ESTADO DE CULTURA E TURISMO - IEPHA,3,,2201,INSTITUTO ESTADUAL DO PATRIMÔNIO HISTÓRICO E ARTÍSTICO DE MINAS GERAIS - IEPHA,3,3,90,39,10,3,,13,391,106,4,278,4278,1,,,7000.00,0,PROTEÇÃO DO PATRIMÔNIO CULTURAL,PROTEÇÃO E SALVAGUARDA DE ACERVOS E BENS CULTURAIS
2027,1270,SECRETARIA DE ESTADO DE CULTURA E TURISMO - IEPHA,3,,2201,INSTITUTO ESTADUAL DO PATRIMÔNIO HISTÓRICO E ARTÍSTICO DE MINAS GERAIS - IEPHA,3,3,90,39,24,1,,13,391,106,4,278,4278,1,,,364580.00,0,PROTEÇÃO DO PATRIMÔNIO CULTURAL,PROTEÇÃO E SALVAGUARDA DE ACERVOS E BENS CULTURAIS
2027,1270,SECRETARIA DE ESTADO DE CULTURA E TURISMO - IEPHA,3,,2201,INSTITUTO ESTADUAL DO PATRIMÔNIO HISTÓRICO E ARTÍSTICO DE MINAS GERAIS - IEPHA,3,3,90,39,45,1,,13,391,106,4,278,4278,1,,,129048.00,0,PROTEÇÃO DO PATRIMÔNIO CULTURAL,PROTEÇÃO E SALVAGUARDA DE ACERVOS E BENS CULTURAIS
2027,1270,SECRETARIA DE ESTADO DE CULTURA E TURISMO - IEPHA,3,,2201,INSTITUTO ESTADUAL DO PATRIMÔNIO HISTÓRICO E ARTÍSTICO DE MINAS GERAIS - IEPHA,3,3,90,39,9,1,,13,391,106,4,278,4278,1,,,11475417.00,0,PROTEÇÃO DO PATRIMÔNIO CULTURAL,PROTEÇÃO E SALVAGUARDA DE ACERVOS E BENS CULTURAIS
2027,1270,SECRETARIA DE ESTADO DE CULTURA E TURISMO - IEPHA,3,,2201,INSTITUTO ESTADUAL DO PATRIMÔNIO HISTÓRICO E ARTÍSTICO DE MINAS GERAIS - IEPHA,3,3,90,40,10,1,,13,391,106,4,278,4278,1,,,42270.00,0,PROTEÇÃO DO PATRIMÔNIO CULTURAL,PROTEÇÃO E SALVAGUARDA DE ACERVOS E BENS CULTURAIS
2027,1270,SECRETARIA DE ESTADO DE CULTURA E TURISMO - IEPHA,3,,2201,INSTITUTO ESTADUAL DO PATRIMÔNIO HISTÓRICO E ARTÍSTICO DE MINAS GERAIS - IEPHA,3,3,90,14,10,1,,13,391,106,4,279,4279,1,,,30000.00,0,CONSERVAÇÃO E RESTAURAÇÃO DO PATRIMÔNIO CULTURAL PROTEGIDO,PROTEÇÃO E SALVAGUARDA DE ACERVOS E BENS CULTURAIS
2027,1270,SECRETARIA DE ESTADO DE CULTURA E TURISMO - IEPHA,3,,2201,INSTITUTO ESTADUAL DO PATRIMÔNIO HISTÓRICO E ARTÍSTICO DE MINAS GERAIS - IEPHA,3,3,90,37,10,1,,13,391,106,4,279,4279,1,,,642312.00,0,CONSERVAÇÃO E RESTAURAÇÃO DO PATRIMÔNIO CULTURAL PROTEGIDO,PROTEÇÃO E SALVAGUARDA DE ACERVOS E BENS CULTURAIS
2027,1270,SECRETARIA DE ESTADO DE CULTURA E TURISMO - IEPHA,3,,2201,INSTITUTO ESTADUAL DO PATRIMÔNIO HISTÓRICO E ARTÍSTICO DE MINAS GERAIS - IEPHA,3,3,90,39,10,1,,13,391,106,4,279,4279,1,,,68578.00,0,CONSERVAÇÃO E RESTAURAÇÃO DO PATRIMÔNIO CULTURAL PROTEGIDO,PROTEÇÃO E SALVAGUARDA DE ACERVOS E BENS CULTURAIS
2027,1270,SECRETARIA DE ESTADO DE CULTURA E TURISMO - IEPHA,3,,2201,INSTITUTO ESTADUAL DO PATRIMÔNIO HISTÓRICO E ARTÍSTICO DE MINAS GERAIS - IEPHA,3,3,90,39,45,1,,13,391,106,4,279,4279,1,,,594673.00,0,CONSERVAÇÃO E RESTAURAÇÃO DO PATRIMÔNIO CULTURAL PROTEGIDO,PROTEÇÃO E SALVAGUARDA DE ACERVOS E BENS CULTURAIS
2027,1270,SECRETARIA DE ESTADO DE CULTURA E TURISMO - IEPHA,3,,2201,INSTITUTO ESTADUAL DO PATRIMÔNIO HISTÓRICO E ARTÍSTICO DE MINAS GERAIS - IEPHA,3,3,90,40,10,1,,13,391,106,4,279,4279,1,,,21135.00,0,CONSERVAÇÃO E RESTAURAÇÃO DO PATRIMÔNIO CULTURAL PROTEGIDO,PROTEÇÃO E SALVAGUARDA DE ACERVOS E BENS CULTURAIS
2027,1270,SECRETARIA DE ESTADO DE CULTURA E TURISMO - IEPHA,3,,2201,INSTITUTO ESTADUAL DO PATRIMÔNIO HISTÓRICO E ARTÍSTICO DE MINAS GERAIS - IEPHA,4,4,90,39,24,1,,13,391,106,4,279,4279,1,,,2395258.00,0,CONSERVAÇÃO E RESTAURAÇÃO DO PATRIMÔNIO CULTURAL PROTEGIDO,PROTEÇÃO E SALVAGUARDA DE ACERVOS E BENS CULTURAIS
2027,1270,SECRETARIA DE ESTADO DE CULTURA E TURISMO - IEPHA,3,,2201,INSTITUTO ESTADUAL DO PATRIMÔNIO HISTÓRICO E ARTÍSTICO DE MINAS GERAIS - IEPHA,3,3,90,14,10,1,,13,391,106,4,281,4281,1,,,30000.00,0,VISTORIAS TÉCNICAS NO PATRIMÔNIO CULTURAL,PROTEÇÃO E SALVAGUARDA DE ACERVOS E BENS CULTURAIS
2027,1270,SECRETARIA DE ESTADO DE CULTURA E TURISMO - IEPHA,3,,2201,INSTITUTO ESTADUAL DO PATRIMÔNIO HISTÓRICO E ARTÍSTICO DE MINAS GERAIS - IEPHA,3,3,90,39,10,1,,13,391,106,4,281,4281,1,,,138612.00,0,VISTORIAS TÉCNICAS NO PATRIMÔNIO CULTURAL,PROTEÇÃO E SALVAGUARDA DE ACERVOS E BENS CULTURAIS
2027,1270,SECRETARIA DE ESTADO DE CULTURA E TURISMO - IEPHA,3,,2201,INSTITUTO ESTADUAL DO PATRIMÔNIO HISTÓRICO E ARTÍSTICO DE MINAS GERAIS - IEPHA,3,3,90,40,10,1,,13,391,106,4,281,4281,1,,,42270.00,0,VISTORIAS TÉCNICAS NO PATRIMÔNIO CULTURAL,PROTEÇÃO E SALVAGUARDA DE ACERVOS E BENS CULTURAIS
2027,1270,SECRETARIA DE ESTADO DE CULTURA E TURISMO - IEPHA,3,,2201,INSTITUTO ESTADUAL DO PATRIMÔNIO HISTÓRICO E ARTÍSTICO DE MINAS GERAIS - IEPHA,3,3,90,14,10,1,,13,392,102,4,267,4267,1,,,30000.00,0,AÇÕES DE DIFUSÃO E EDUCAÇÃO PARA O PATRIMÔNIO CULTURAL,FOMENTO À ECONOMIA DA CRIATIVIDADE
2027,1270,SECRETARIA DE ESTADO DE CULTURA E TURISMO - IEPHA,3,,2201,INSTITUTO ESTADUAL DO PATRIMÔNIO HISTÓRICO E ARTÍSTICO DE MINAS GERAIS - IEPHA,3,3,90,30,10,1,,13,392,102,4,267,4267,1,,,29273.00,0,AÇÕES DE DIFUSÃO E EDUCAÇÃO PARA O PATRIMÔNIO CULTURAL,FOMENTO À ECONOMIA DA CRIATIVIDADE
2027,1270,SECRETARIA DE ESTADO DE CULTURA E TURISMO - IEPHA,3,,2201,INSTITUTO ESTADUAL DO PATRIMÔNIO HISTÓRICO E ARTÍSTICO DE MINAS GERAIS - IEPHA,3,3,90,36,10,1,,13,392,102,4,267,4267,1,,,5000.00,0,AÇÕES DE DIFUSÃO E EDUCAÇÃO PARA O PATRIMÔNIO CULTURAL,FOMENTO À ECONOMIA DA CRIATIVIDADE
2027,1270,SECRETARIA DE ESTADO DE CULTURA E TURISMO - IEPHA,3,,2201,INSTITUTO ESTADUAL DO PATRIMÔNIO HISTÓRICO E ARTÍSTICO DE MINAS GERAIS - IEPHA,3,3,90,37,10,1,,13,392,102,4,267,4267,1,,,82020.00,0,AÇÕES DE DIFUSÃO E EDUCAÇÃO PARA O PATRIMÔNIO CULTURAL,FOMENTO À ECONOMIA DA CRIATIVIDADE
2027,1270,SECRETARIA DE ESTADO DE CULTURA E TURISMO - IEPHA,3,,2201,INSTITUTO ESTADUAL DO PATRIMÔNIO HISTÓRICO E ARTÍSTICO DE MINAS GERAIS - IEPHA,3,3,90,39,10,1,,13,392,102,4,267,4267,1,,,68062.00,0,AÇÕES DE DIFUSÃO E EDUCAÇÃO PARA O PATRIMÔNIO CULTURAL,FOMENTO À ECONOMIA DA CRIATIVIDADE
2027,1270,SECRETARIA DE ESTADO DE CULTURA E TURISMO - IEPHA,3,,2201,INSTITUTO ESTADUAL DO PATRIMÔNIO HISTÓRICO E ARTÍSTICO DE MINAS GERAIS - IEPHA,3,3,90,39,45,1,,13,392,102,4,267,4267,1,,,167933.00,0,AÇÕES DE DIFUSÃO E EDUCAÇÃO PARA O PATRIMÔNIO CULTURAL,FOMENTO À ECONOMIA DA CRIATIVIDADE
2027,1270,SECRETARIA DE ESTADO DE CULTURA E TURISMO - IEPHA,3,,2201,INSTITUTO ESTADUAL DO PATRIMÔNIO HISTÓRICO E ARTÍSTICO DE MINAS GERAIS - IEPHA,3,3,90,40,10,1,,13,392,102,4,267,4267,1,,,21135.00,0,AÇÕES DE DIFUSÃO E EDUCAÇÃO PARA O PATRIMÔNIO CULTURAL,FOMENTO À ECONOMIA DA CRIATIVIDADE
2027,1270,SECRETARIA DE ESTADO DE CULTURA E TURISMO - IEPHA,3,,2201,INSTITUTO ESTADUAL DO PATRIMÔNIO HISTÓRICO E ARTÍSTICO DE MINAS GERAIS - IEPHA,3,3,90,31,10,1,,13,392,102,4,484,4484,1,,,1000.00,1,GESTÃO DO SISTEMA DE FINANCIAMENTO À CULTURA - IEPHA,FOMENTO À ECONOMIA DA CRIATIVIDADE
2027,1270,SECRETARIA DE ESTADO DE CULTURA E TURISMO - IEPHA,3,,2201,INSTITUTO ESTADUAL DO PATRIMÔNIO HISTÓRICO E ARTÍSTICO DE MINAS GERAIS - IEPHA,3,1,90,91,10,9,,28,846,705,7,4,7004,1,,,181431.00,0,PRECATÓRIOS E SENTENÇAS JUDICIÁRIAS,APOIO ÀS POLÍTICAS PÚBLICAS
2027,1270,SECRETARIA DE ESTADO DE CULTURA E TURISMO - FASTUR,3,,4151,FUNDO DE ASSISTÊNCIA AO TURISMO - FASTUR,3,3,90,39,10,1,,23,695,102,4,497,4497,1,,,1000.00,0,APOIO FINANCEIRO AO TURISMO MINEIRO POR MEIO DO FUNDO DE ASSISTÊNCIA AO TURISMO - FASTUR,FOMENTO À ECONOMIA DA CRIATIVIDADE
2027,1270,SECRETARIA DE ESTADO DE CULTURA E TURISMO - FEC,3,,4491,FUNDO ESTADUAL DE CULTURA - FEC,3,3,90,41,16,1,,13,392,102,4,360,4360,1,,,130003000.00,1,GESTÃO DO SISTEMA DE FINANCIAMENTO À CULTURA,FOMENTO À ECONOMIA DA CRIATIVIDADE
2027,1270,SECRETARIA DE ESTADO DE CULTURA E TURISMO - FEC,3,,4491,FUNDO ESTADUAL DE CULTURA - FEC,3,3,90,41,59,1,,13,392,102,4,360,4360,1,,,32000000.00,1,GESTÃO DO SISTEMA DE FINANCIAMENTO À CULTURA,FOMENTO À ECONOMIA DA CRIATIVIDADE
2027,1300,"SECRETARIA DE ESTADO DE INFRAESTRUTURA, MOBILIDADE E PARCERIA - SEINFRA",3,,1301,"SECRETARIA DE ESTADO DE INFRAESTRUTURA, MOBILIDADE E PARCERIAS - SEINFRA",4,4,90,51,24,1,,15,451,139,1,36,1036,1,,,169784236.00,0,CONTENÇÃO DE ENCOSTAS EM ÁREAS DE RISCO - PAC ENCOSTAS,PROGRAMA CAMINHO NAS CHUVAS
2027,1300,"SECRETARIA DE ESTADO DE INFRAESTRUTURA, MOBILIDADE E PARCERIA - SEINFRA",3,,1301,"SECRETARIA DE ESTADO DE INFRAESTRUTURA, MOBILIDADE E PARCERIAS - SEINFRA",3,1,90,11,10,1,,15,451,705,2,417,2417,1,,,33872781.00,0,REMUNERAÇÃO DE PESSOAL ATIVO E ENCARGOS SOCIAIS,APOIO ÀS POLÍTICAS PÚBLICAS
2027,1300,"SECRETARIA DE ESTADO DE INFRAESTRUTURA, MOBILIDADE E PARCERIA - SEINFRA",3,,1301,"SECRETARIA DE ESTADO DE INFRAESTRUTURA, MOBILIDADE E PARCERIAS - SEINFRA",3,1,90,13,10,1,,15,451,705,2,417,2417,1,,,2957442.00,0,REMUNERAÇÃO DE PESSOAL ATIVO E ENCARGOS SOCIAIS,APOIO ÀS POLÍTICAS PÚBLICAS
2027,1300,"SECRETARIA DE ESTADO DE INFRAESTRUTURA, MOBILIDADE E PARCERIA - SEINFRA",3,,1301,"SECRETARIA DE ESTADO DE INFRAESTRUTURA, MOBILIDADE E PARCERIAS - SEINFRA",3,1,91,13,10,1,,15,451,705,2,417,2417,1,,,8907313.00,0,REMUNERAÇÃO DE PESSOAL ATIVO E ENCARGOS SOCIAIS,APOIO ÀS POLÍTICAS PÚBLICAS
2027,1300,"SECRETARIA DE ESTADO DE INFRAESTRUTURA, MOBILIDADE E PARCERIA - SEINFRA",3,,1301,"SECRETARIA DE ESTADO DE INFRAESTRUTURA, MOBILIDADE E PARCERIAS - SEINFRA",3,3,90,46,10,7,,15,451,705,2,417,2417,1,,,9287358.00,0,REMUNERAÇÃO DE PESSOAL ATIVO E ENCARGOS SOCIAIS,APOIO ÀS POLÍTICAS PÚBLICAS
2027,1300,"SECRETARIA DE ESTADO DE INFRAESTRUTURA, MOBILIDADE E PARCERIA - SEINFRA",3,,1301,"SECRETARIA DE ESTADO DE INFRAESTRUTURA, MOBILIDADE E PARCERIAS - SEINFRA",3,3,90,49,10,7,,15,451,705,2,417,2417,1,,,330000.00,0,REMUNERAÇÃO DE PESSOAL ATIVO E ENCARGOS SOCIAIS,APOIO ÀS POLÍTICAS PÚBLICAS
2027,1300,"SECRETARIA DE ESTADO DE INFRAESTRUTURA, MOBILIDADE E PARCERIA - SEINFRA",3,,1301,"SECRETARIA DE ESTADO DE INFRAESTRUTURA, MOBILIDADE E PARCERIAS - SEINFRA",3,3,20,93,24,1,,15,451,81,1,37,1037,1,,,4000.00,0,"INTERVENÇÕES NA INFRAESTRUTURA RODOVIARIA ESTADUAL, MUNICIPAL E REGIONAL",DESENVOLVIMENTO SUSTENTÁVEL DA INFRAESTRUTURA RODOVIÁRIA
2027,1300,"SECRETARIA DE ESTADO DE INFRAESTRUTURA, MOBILIDADE E PARCERIA - SEINFRA",3,,1301,"SECRETARIA DE ESTADO DE INFRAESTRUTURA, MOBILIDADE E PARCERIAS - SEINFRA",3,3,20,93,98,1,,15,451,81,1,37,1037,1,,,3000.00,0,"INTERVENÇÕES NA INFRAESTRUTURA RODOVIARIA ESTADUAL, MUNICIPAL E REGIONAL",DESENVOLVIMENTO SUSTENTÁVEL DA INFRAESTRUTURA RODOVIÁRIA
2027,1300,"SECRETARIA DE ESTADO DE INFRAESTRUTURA, MOBILIDADE E PARCERIA - SEINFRA",3,,1301,"SECRETARIA DE ESTADO DE INFRAESTRUTURA, MOBILIDADE E PARCERIAS - SEINFRA",4,4,90,51,24,1,,15,451,81,1,37,1037,1,,,121299774.00,0,"INTERVENÇÕES NA INFRAESTRUTURA RODOVIARIA ESTADUAL, MUNICIPAL E REGIONAL",DESENVOLVIMENTO SUSTENTÁVEL DA INFRAESTRUTURA RODOVIÁRIA
2027,1300,"SECRETARIA DE ESTADO DE INFRAESTRUTURA, MOBILIDADE E PARCERIA - SEINFRA",3,,1301,"SECRETARIA DE ESTADO DE INFRAESTRUTURA, MOBILIDADE E PARCERIAS - SEINFRA",4,4,90,51,24,1,,15,451,99,1,38,1038,1,,,300000.00,0,REQUALIFICAÇÃO URBANA E AMBIENTAL DO RIBEIRÃO ARRUDAS -  PAC FNHIS,"DESENVOLVIMENTO DA INFRAESTRUTURA ESTADUAL, MUNICIPAL E REGIONAL"
2027,1300,"SECRETARIA DE ESTADO DE INFRAESTRUTURA, MOBILIDADE E PARCERIA - SEINFRA",3,,1301,"SECRETARIA DE ESTADO DE INFRAESTRUTURA, MOBILIDADE E PARCERIAS - SEINFRA",3,3,20,93,70,1,,15,451,99,4,261,4261,1,,,2000.00,0,DESENVOLVIMENTO DA INFRAESTRUTURA PÚBLICA NO ESTADO DE MINAS GERAIS,"DESENVOLVIMENTO DA INFRAESTRUTURA ESTADUAL, MUNICIPAL E REGIONAL"
2027,1300,"SECRETARIA DE ESTADO DE INFRAESTRUTURA, MOBILIDADE E PARCERIA - SEINFRA",3,,1301,"SECRETARIA DE ESTADO DE INFRAESTRUTURA, MOBILIDADE E PARCERIAS - SEINFRA",4,4,90,39,70,1,,15,451,99,4,261,4261,1,,,12553549.00,0,DESENVOLVIMENTO DA INFRAESTRUTURA PÚBLICA NO ESTADO DE MINAS GERAIS,"DESENVOLVIMENTO DA INFRAESTRUTURA ESTADUAL, MUNICIPAL E REGIONAL"
2027,1300,"SECRETARIA DE ESTADO DE INFRAESTRUTURA, MOBILIDADE E PARCERIA - SEINFRA",3,,1301,"SECRETARIA DE ESTADO DE INFRAESTRUTURA, MOBILIDADE E PARCERIAS - SEINFRA",4,4,90,51,24,1,,26,453,117,4,290,4290,1,,,40000000.00,0,MELHORIA DA MOBILIDADE E INFRAESTRUTURA DE TRANSPORTES EM MINAS GERAIS,"MOBILIDADE, TRANSPORTES E LOGÍSTICA"
2027,1300,"SECRETARIA DE ESTADO DE INFRAESTRUTURA, MOBILIDADE E PARCERIA - SEINFRA",3,,1301,"SECRETARIA DE ESTADO DE INFRAESTRUTURA, MOBILIDADE E PARCERIAS - SEINFRA",3,3,90,93,59,1,,26,781,117,4,292,4292,1,,,727000.00,0,GESTÃO DE AEROPORTOS REGIONAIS EM MINAS GERAIS,"MOBILIDADE, TRANSPORTES E LOGÍSTICA"
2027,1300,"SECRETARIA DE ESTADO DE INFRAESTRUTURA, MOBILIDADE E PARCERIA - SEINFRA",3,,1301,"SECRETARIA DE ESTADO DE INFRAESTRUTURA, MOBILIDADE E PARCERIAS - SEINFRA",3,3,90,93,74,1,,4,130,85,4,205,4205,1,,,1000000.00,1,"ESTRUTURAÇÃO, MODELAGEM E GESTÃO DE CONCESSÕES E PARCERIAS",PROMOÇÃO DE CONCESSÕES E PARCERIAS
2027,1300,"SECRETARIA DE ESTADO DE INFRAESTRUTURA, MOBILIDADE E PARCERIA - DER-MG",3,,2301,DEPARTAMENTO DE ESTRADAS DE RODAGEM DO ESTADO DE MINAS GERAIS - DER-MG,3,3,90,14,10,1,,26,122,705,2,500,2500,1,,,269473.00,0,ASSESSORAMENTO E GERENCIAMENTO DE POLÍTICAS PÚBLICAS,APOIO ÀS POLÍTICAS PÚBLICAS
2027,1300,"SECRETARIA DE ESTADO DE INFRAESTRUTURA, MOBILIDADE E PARCERIA - DER-MG",3,,2301,DEPARTAMENTO DE ESTRADAS DE RODAGEM DO ESTADO DE MINAS GERAIS - DER-MG,3,3,90,30,10,1,,26,122,705,2,500,2500,1,,,612000.00,0,ASSESSORAMENTO E GERENCIAMENTO DE POLÍTICAS PÚBLICAS,APOIO ÀS POLÍTICAS PÚBLICAS
2027,1300,"SECRETARIA DE ESTADO DE INFRAESTRUTURA, MOBILIDADE E PARCERIA - DER-MG",3,,2301,DEPARTAMENTO DE ESTRADAS DE RODAGEM DO ESTADO DE MINAS GERAIS - DER-MG,3,3,90,33,10,1,,26,122,705,2,500,2500,1,,,586632.00,0,ASSESSORAMENTO E GERENCIAMENTO DE POLÍTICAS PÚBLICAS,APOIO ÀS POLÍTICAS PÚBLICAS
2027,1300,"SECRETARIA DE ESTADO DE INFRAESTRUTURA, MOBILIDADE E PARCERIA - DER-MG",3,,2301,DEPARTAMENTO DE ESTRADAS DE RODAGEM DO ESTADO DE MINAS GERAIS - DER-MG,3,3,90,36,10,1,,26,122,705,2,500,2500,1,,,56000.00,0,ASSESSORAMENTO E GERENCIAMENTO DE POLÍTICAS PÚBLICAS,APOIO ÀS POLÍTICAS PÚBLICAS
2027,1300,"SECRETARIA DE ESTADO DE INFRAESTRUTURA, MOBILIDADE E PARCERIA - DER-MG",3,,2301,DEPARTAMENTO DE ESTRADAS DE RODAGEM DO ESTADO DE MINAS GERAIS - DER-MG,3,3,90,37,10,1,,26,122,705,2,500,2500,1,,,32820000.00,0,ASSESSORAMENTO E GERENCIAMENTO DE POLÍTICAS PÚBLICAS,APOIO ÀS POLÍTICAS PÚBLICAS
2027,1300,"SECRETARIA DE ESTADO DE INFRAESTRUTURA, MOBILIDADE E PARCERIA - DER-MG",3,,2301,DEPARTAMENTO DE ESTRADAS DE RODAGEM DO ESTADO DE MINAS GERAIS - DER-MG,3,3,90,39,10,1,,26,122,705,2,500,2500,1,,,3799838.00,0,ASSESSORAMENTO E GERENCIAMENTO DE POLÍTICAS PÚBLICAS,APOIO ÀS POLÍTICAS PÚBLICAS
2027,1300,"SECRETARIA DE ESTADO DE INFRAESTRUTURA, MOBILIDADE E PARCERIA - DER-MG",3,,2301,DEPARTAMENTO DE ESTRADAS DE RODAGEM DO ESTADO DE MINAS GERAIS - DER-MG,3,3,90,40,10,1,,26,122,705,2,500,2500,1,,,17316806.00,0,ASSESSORAMENTO E GERENCIAMENTO DE POLÍTICAS PÚBLICAS,APOIO ÀS POLÍTICAS PÚBLICAS
2027,1300,"SECRETARIA DE ESTADO DE INFRAESTRUTURA, MOBILIDADE E PARCERIA - DER-MG",3,,2301,DEPARTAMENTO DE ESTRADAS DE RODAGEM DO ESTADO DE MINAS GERAIS - DER-MG,3,3,90,47,10,1,,26,122,705,2,500,2500,1,,,3599455.00,0,ASSESSORAMENTO E GERENCIAMENTO DE POLÍTICAS PÚBLICAS,APOIO ÀS POLÍTICAS PÚBLICAS
2027,1300,"SECRETARIA DE ESTADO DE INFRAESTRUTURA, MOBILIDADE E PARCERIA - DER-MG",3,,2301,DEPARTAMENTO DE ESTRADAS DE RODAGEM DO ESTADO DE MINAS GERAIS - DER-MG,3,3,90,47,60,1,,26,122,705,2,500,2500,1,,,6568053.00,0,ASSESSORAMENTO E GERENCIAMENTO DE POLÍTICAS PÚBLICAS,APOIO ÀS POLÍTICAS PÚBLICAS
2027,1300,"SECRETARIA DE ESTADO DE INFRAESTRUTURA, MOBILIDADE E PARCERIA - DER-MG",3,,2301,DEPARTAMENTO DE ESTRADAS DE RODAGEM DO ESTADO DE MINAS GERAIS - DER-MG,3,3,90,47,91,1,,26,122,705,2,500,2500,1,,,5487492.00,0,ASSESSORAMENTO E GERENCIAMENTO DE POLÍTICAS PÚBLICAS,APOIO ÀS POLÍTICAS PÚBLICAS
2027,1300,"SECRETARIA DE ESTADO DE INFRAESTRUTURA, MOBILIDADE E PARCERIA - DER-MG",3,,2301,DEPARTAMENTO DE ESTRADAS DE RODAGEM DO ESTADO DE MINAS GERAIS - DER-MG,3,3,90,93,10,1,,26,122,705,2,500,2500,1,,,180000.00,0,ASSESSORAMENTO E GERENCIAMENTO DE POLÍTICAS PÚBLICAS,APOIO ÀS POLÍTICAS PÚBLICAS
2027,1300,"SECRETARIA DE ESTADO DE INFRAESTRUTURA, MOBILIDADE E PARCERIA - DER-MG",3,,2301,DEPARTAMENTO DE ESTRADAS DE RODAGEM DO ESTADO DE MINAS GERAIS - DER-MG,3,1,90,11,10,1,,26,782,705,2,417,2417,1,,,110950263.00,0,REMUNERAÇÃO DE PESSOAL ATIVO E ENCARGOS SOCIAIS,APOIO ÀS POLÍTICAS PÚBLICAS
2027,1300,"SECRETARIA DE ESTADO DE INFRAESTRUTURA, MOBILIDADE E PARCERIA - DER-MG",3,,2301,DEPARTAMENTO DE ESTRADAS DE RODAGEM DO ESTADO DE MINAS GERAIS - DER-MG,3,1,90,13,10,1,,26,782,705,2,417,2417,1,,,2804179.00,0,REMUNERAÇÃO DE PESSOAL ATIVO E ENCARGOS SOCIAIS,APOIO ÀS POLÍTICAS PÚBLICAS
2027,1300,"SECRETARIA DE ESTADO DE INFRAESTRUTURA, MOBILIDADE E PARCERIA - DER-MG",3,,2301,DEPARTAMENTO DE ESTRADAS DE RODAGEM DO ESTADO DE MINAS GERAIS - DER-MG,3,1,90,16,10,1,,26,782,705,2,417,2417,1,,,578551.00,0,REMUNERAÇÃO DE PESSOAL ATIVO E ENCARGOS SOCIAIS,APOIO ÀS POLÍTICAS PÚBLICAS
2027,1300,"SECRETARIA DE ESTADO DE INFRAESTRUTURA, MOBILIDADE E PARCERIA - DER-MG",3,,2301,DEPARTAMENTO DE ESTRADAS DE RODAGEM DO ESTADO DE MINAS GERAIS - DER-MG,3,1,90,59,10,1,,26,782,705,2,417,2417,1,,,3062118.00,0,REMUNERAÇÃO DE PESSOAL ATIVO E ENCARGOS SOCIAIS,APOIO ÀS POLÍTICAS PÚBLICAS
2027,1300,"SECRETARIA DE ESTADO DE INFRAESTRUTURA, MOBILIDADE E PARCERIA - DER-MG",3,,2301,DEPARTAMENTO DE ESTRADAS DE RODAGEM DO ESTADO DE MINAS GERAIS - DER-MG,3,1,90,70,10,1,,26,782,705,2,417,2417,1,,,107974.00,0,REMUNERAÇÃO DE PESSOAL ATIVO E ENCARGOS SOCIAIS,APOIO ÀS POLÍTICAS PÚBLICAS
2027,1300,"SECRETARIA DE ESTADO DE INFRAESTRUTURA, MOBILIDADE E PARCERIA - DER-MG",3,,2301,DEPARTAMENTO DE ESTRADAS DE RODAGEM DO ESTADO DE MINAS GERAIS - DER-MG,3,1,90,92,10,1,,26,782,705,2,417,2417,1,,,761613.00,0,REMUNERAÇÃO DE PESSOAL ATIVO E ENCARGOS SOCIAIS,APOIO ÀS POLÍTICAS PÚBLICAS
2027,1300,"SECRETARIA DE ESTADO DE INFRAESTRUTURA, MOBILIDADE E PARCERIA - DER-MG",3,,2301,DEPARTAMENTO DE ESTRADAS DE RODAGEM DO ESTADO DE MINAS GERAIS - DER-MG,3,1,90,96,10,1,,26,782,705,2,417,2417,1,,,1443495.00,0,REMUNERAÇÃO DE PESSOAL ATIVO E ENCARGOS SOCIAIS,APOIO ÀS POLÍTICAS PÚBLICAS
2027,1300,"SECRETARIA DE ESTADO DE INFRAESTRUTURA, MOBILIDADE E PARCERIA - DER-MG",3,,2301,DEPARTAMENTO DE ESTRADAS DE RODAGEM DO ESTADO DE MINAS GERAIS - DER-MG,3,1,91,13,10,1,,26,782,705,2,417,2417,1,,,35419990.00,0,REMUNERAÇÃO DE PESSOAL ATIVO E ENCARGOS SOCIAIS,APOIO ÀS POLÍTICAS PÚBLICAS
2027,1300,"SECRETARIA DE ESTADO DE INFRAESTRUTURA, MOBILIDADE E PARCERIA - DER-MG",3,,2301,DEPARTAMENTO DE ESTRADAS DE RODAGEM DO ESTADO DE MINAS GERAIS - DER-MG,3,3,90,36,10,1,,26,782,705,2,417,2417,1,,,1920000.00,0,REMUNERAÇÃO DE PESSOAL ATIVO E ENCARGOS SOCIAIS,APOIO ÀS POLÍTICAS PÚBLICAS
2027,1300,"SECRETARIA DE ESTADO DE INFRAESTRUTURA, MOBILIDADE E PARCERIA - DER-MG",3,,2301,DEPARTAMENTO DE ESTRADAS DE RODAGEM DO ESTADO DE MINAS GERAIS - DER-MG,3,3,90,46,10,7,,26,782,705,2,417,2417,1,,,40446244.00,0,REMUNERAÇÃO DE PESSOAL ATIVO E ENCARGOS SOCIAIS,APOIO ÀS POLÍTICAS PÚBLICAS
2027,1300,"SECRETARIA DE ESTADO DE INFRAESTRUTURA, MOBILIDADE E PARCERIA - DER-MG",3,,2301,DEPARTAMENTO DE ESTRADAS DE RODAGEM DO ESTADO DE MINAS GERAIS - DER-MG,3,3,90,49,10,7,,26,782,705,2,417,2417,1,,,921473.00,0,REMUNERAÇÃO DE PESSOAL ATIVO E ENCARGOS SOCIAIS,APOIO ÀS POLÍTICAS PÚBLICAS
2027,1300,"SECRETARIA DE ESTADO DE INFRAESTRUTURA, MOBILIDADE E PARCERIA - DER-MG",3,,2301,DEPARTAMENTO DE ESTRADAS DE RODAGEM DO ESTADO DE MINAS GERAIS - DER-MG,3,3,90,14,10,1,,26,782,81,4,162,4162,1,,,914480.00,0,SUPORTE À GESTÃO DOS ATIVOS RODOVIÁRIOS,DESENVOLVIMENTO SUSTENTÁVEL DA INFRAESTRUTURA RODOVIÁRIA
2027,1300,"SECRETARIA DE ESTADO DE INFRAESTRUTURA, MOBILIDADE E PARCERIA - DER-MG",3,,2301,DEPARTAMENTO DE ESTRADAS DE RODAGEM DO ESTADO DE MINAS GERAIS - DER-MG,3,3,90,30,10,1,,26,782,81,4,162,4162,1,,,150000.00,0,SUPORTE À GESTÃO DOS ATIVOS RODOVIÁRIOS,DESENVOLVIMENTO SUSTENTÁVEL DA INFRAESTRUTURA RODOVIÁRIA
2027,1300,"SECRETARIA DE ESTADO DE INFRAESTRUTURA, MOBILIDADE E PARCERIA - DER-MG",3,,2301,DEPARTAMENTO DE ESTRADAS DE RODAGEM DO ESTADO DE MINAS GERAIS - DER-MG,3,3,90,33,10,1,,26,782,81,4,162,4162,1,,,30000.00,0,SUPORTE À GESTÃO DOS ATIVOS RODOVIÁRIOS,DESENVOLVIMENTO SUSTENTÁVEL DA INFRAESTRUTURA RODOVIÁRIA
2027,1300,"SECRETARIA DE ESTADO DE INFRAESTRUTURA, MOBILIDADE E PARCERIA - DER-MG",3,,2301,DEPARTAMENTO DE ESTRADAS DE RODAGEM DO ESTADO DE MINAS GERAIS - DER-MG,3,3,90,35,10,1,,26,782,81,4,162,4162,1,,,1500000.00,0,SUPORTE À GESTÃO DOS ATIVOS RODOVIÁRIOS,DESENVOLVIMENTO SUSTENTÁVEL DA INFRAESTRUTURA RODOVIÁRIA
2027,1300,"SECRETARIA DE ESTADO DE INFRAESTRUTURA, MOBILIDADE E PARCERIA - DER-MG",3,,2301,DEPARTAMENTO DE ESTRADAS DE RODAGEM DO ESTADO DE MINAS GERAIS - DER-MG,3,3,90,36,10,1,,26,782,81,4,162,4162,1,,,1800.00,0,SUPORTE À GESTÃO DOS ATIVOS RODOVIÁRIOS,DESENVOLVIMENTO SUSTENTÁVEL DA INFRAESTRUTURA RODOVIÁRIA
2027,1300,"SECRETARIA DE ESTADO DE INFRAESTRUTURA, MOBILIDADE E PARCERIA - DER-MG",3,,2301,DEPARTAMENTO DE ESTRADAS DE RODAGEM DO ESTADO DE MINAS GERAIS - DER-MG,3,3,90,40,10,1,,26,782,81,4,162,4162,1,,,879350.00,0,SUPORTE À GESTÃO DOS ATIVOS RODOVIÁRIOS,DESENVOLVIMENTO SUSTENTÁVEL DA INFRAESTRUTURA RODOVIÁRIA
2027,1300,"SECRETARIA DE ESTADO DE INFRAESTRUTURA, MOBILIDADE E PARCERIA - DER-MG",3,,2301,DEPARTAMENTO DE ESTRADAS DE RODAGEM DO ESTADO DE MINAS GERAIS - DER-MG,4,4,90,51,10,3,,26,782,81,4,268,4268,1,,,10000000.00,0,AMPLIAÇÃO DE CAPACIDADE DA MALHA VIÁRIA E RESTAURAÇÃO DO PAVIMENTO,DESENVOLVIMENTO SUSTENTÁVEL DA INFRAESTRUTURA RODOVIÁRIA
2027,1300,"SECRETARIA DE ESTADO DE INFRAESTRUTURA, MOBILIDADE E PARCERIA - DER-MG",3,,2301,DEPARTAMENTO DE ESTRADAS DE RODAGEM DO ESTADO DE MINAS GERAIS - DER-MG,4,4,90,51,80,1,,26,782,81,4,268,4268,1,,,10000000.00,0,AMPLIAÇÃO DE CAPACIDADE DA MALHA VIÁRIA E RESTAURAÇÃO DO PAVIMENTO,DESENVOLVIMENTO SUSTENTÁVEL DA INFRAESTRUTURA RODOVIÁRIA
2027,1300,"SECRETARIA DE ESTADO DE INFRAESTRUTURA, MOBILIDADE E PARCERIA - DER-MG",3,,2301,DEPARTAMENTO DE ESTRADAS DE RODAGEM DO ESTADO DE MINAS GERAIS - DER-MG,3,3,90,14,10,1,,26,782,81,4,275,4275,1,,,448800.00,0,IMPLANTAÇÃO/PAVIMENTAÇÃO DA MALHA,DESENVOLVIMENTO SUSTENTÁVEL DA INFRAESTRUTURA RODOVIÁRIA
2027,1300,"SECRETARIA DE ESTADO DE INFRAESTRUTURA, MOBILIDADE E PARCERIA - DER-MG",3,,2301,DEPARTAMENTO DE ESTRADAS DE RODAGEM DO ESTADO DE MINAS GERAIS - DER-MG,3,3,90,33,10,1,,26,782,81,4,275,4275,1,,,7200.00,0,IMPLANTAÇÃO/PAVIMENTAÇÃO DA MALHA,DESENVOLVIMENTO SUSTENTÁVEL DA INFRAESTRUTURA RODOVIÁRIA
2027,1300,"SECRETARIA DE ESTADO DE INFRAESTRUTURA, MOBILIDADE E PARCERIA - DER-MG",3,,2301,DEPARTAMENTO DE ESTRADAS DE RODAGEM DO ESTADO DE MINAS GERAIS - DER-MG,4,4,90,51,25,1,,26,782,81,4,275,4275,1,,,10804861.00,0,IMPLANTAÇÃO/PAVIMENTAÇÃO DA MALHA,DESENVOLVIMENTO SUSTENTÁVEL DA INFRAESTRUTURA RODOVIÁRIA
2027,1300,"SECRETARIA DE ESTADO DE INFRAESTRUTURA, MOBILIDADE E PARCERIA - DER-MG",3,,2301,DEPARTAMENTO DE ESTRADAS DE RODAGEM DO ESTADO DE MINAS GERAIS - DER-MG,4,4,90,51,68,1,,26,782,81,4,275,4275,1,,,8100000.00,0,IMPLANTAÇÃO/PAVIMENTAÇÃO DA MALHA,DESENVOLVIMENTO SUSTENTÁVEL DA INFRAESTRUTURA RODOVIÁRIA
2027,1300,"SECRETARIA DE ESTADO DE INFRAESTRUTURA, MOBILIDADE E PARCERIA - DER-MG",3,,2301,DEPARTAMENTO DE ESTRADAS DE RODAGEM DO ESTADO DE MINAS GERAIS - DER-MG,4,4,90,51,70,1,,26,782,81,4,275,4275,1,,,22100000.00,0,IMPLANTAÇÃO/PAVIMENTAÇÃO DA MALHA,DESENVOLVIMENTO SUSTENTÁVEL DA INFRAESTRUTURA RODOVIÁRIA
2027,1300,"SECRETARIA DE ESTADO DE INFRAESTRUTURA, MOBILIDADE E PARCERIA - DER-MG",3,,2301,DEPARTAMENTO DE ESTRADAS DE RODAGEM DO ESTADO DE MINAS GERAIS - DER-MG,4,4,90,51,80,1,,26,782,81,4,275,4275,1,,,126182023.00,0,IMPLANTAÇÃO/PAVIMENTAÇÃO DA MALHA,DESENVOLVIMENTO SUSTENTÁVEL DA INFRAESTRUTURA RODOVIÁRIA
2027,1300,"SECRETARIA DE ESTADO DE INFRAESTRUTURA, MOBILIDADE E PARCERIA - DER-MG",3,,2301,DEPARTAMENTO DE ESTRADAS DE RODAGEM DO ESTADO DE MINAS GERAIS - DER-MG,3,3,90,14,10,1,,26,782,81,4,284,4284,1,,,154800.00,0,PREVENÇÃO E MITIGAÇÃO DE DANOS AMBIENTAIS,DESENVOLVIMENTO SUSTENTÁVEL DA INFRAESTRUTURA RODOVIÁRIA
2027,1300,"SECRETARIA DE ESTADO DE INFRAESTRUTURA, MOBILIDADE E PARCERIA - DER-MG",3,,2301,DEPARTAMENTO DE ESTRADAS DE RODAGEM DO ESTADO DE MINAS GERAIS - DER-MG,3,3,90,39,10,1,,26,782,81,4,284,4284,1,,,9600.00,0,PREVENÇÃO E MITIGAÇÃO DE DANOS AMBIENTAIS,DESENVOLVIMENTO SUSTENTÁVEL DA INFRAESTRUTURA RODOVIÁRIA
2027,1300,"SECRETARIA DE ESTADO DE INFRAESTRUTURA, MOBILIDADE E PARCERIA - DER-MG",3,,2301,DEPARTAMENTO DE ESTRADAS DE RODAGEM DO ESTADO DE MINAS GERAIS - DER-MG,3,3,90,47,10,1,,26,782,81,4,284,4284,1,,,4800000.00,0,PREVENÇÃO E MITIGAÇÃO DE DANOS AMBIENTAIS,DESENVOLVIMENTO SUSTENTÁVEL DA INFRAESTRUTURA RODOVIÁRIA
2027,1300,"SECRETARIA DE ESTADO DE INFRAESTRUTURA, MOBILIDADE E PARCERIA - DER-MG",3,,2301,DEPARTAMENTO DE ESTRADAS DE RODAGEM DO ESTADO DE MINAS GERAIS - DER-MG,4,4,90,51,10,1,,26,782,81,4,287,4287,1,,,1000.00,0,CONSTRUÇÃO E ADEQUAÇÃO DE RODOVIAS - RIO DOCE,DESENVOLVIMENTO SUSTENTÁVEL DA INFRAESTRUTURA RODOVIÁRIA
2027,1300,"SECRETARIA DE ESTADO DE INFRAESTRUTURA, MOBILIDADE E PARCERIA - DER-MG",3,,2301,DEPARTAMENTO DE ESTRADAS DE RODAGEM DO ESTADO DE MINAS GERAIS - DER-MG,4,4,90,51,10,1,,26,782,81,4,289,4289,1,,,1000.00,0,CONSTRUÇÃO E ADEQUAÇÃO DE RODOVIAS - RECUPERAÇÃO BRUMADINHO,DESENVOLVIMENTO SUSTENTÁVEL DA INFRAESTRUTURA RODOVIÁRIA
2027,1300,"SECRETARIA DE ESTADO DE INFRAESTRUTURA, MOBILIDADE E PARCERIA - DER-MG",3,,2301,DEPARTAMENTO DE ESTRADAS DE RODAGEM DO ESTADO DE MINAS GERAIS - DER-MG,3,3,90,14,10,1,,26,782,81,4,293,4293,1,,,1869718.00,0,CONSERVAÇÃO ROTINEIRA DA MALHA VIÁRIA,DESENVOLVIMENTO SUSTENTÁVEL DA INFRAESTRUTURA RODOVIÁRIA
2027,1300,"SECRETARIA DE ESTADO DE INFRAESTRUTURA, MOBILIDADE E PARCERIA - DER-MG",3,,2301,DEPARTAMENTO DE ESTRADAS DE RODAGEM DO ESTADO DE MINAS GERAIS - DER-MG,3,3,90,30,10,1,,26,782,81,4,293,4293,1,,,336520.00,0,CONSERVAÇÃO ROTINEIRA DA MALHA VIÁRIA,DESENVOLVIMENTO SUSTENTÁVEL DA INFRAESTRUTURA RODOVIÁRIA
2027,1300,"SECRETARIA DE ESTADO DE INFRAESTRUTURA, MOBILIDADE E PARCERIA - DER-MG",3,,2301,DEPARTAMENTO DE ESTRADAS DE RODAGEM DO ESTADO DE MINAS GERAIS - DER-MG,3,3,90,33,10,1,,26,782,81,4,293,4293,1,,,11910.00,0,CONSERVAÇÃO ROTINEIRA DA MALHA VIÁRIA,DESENVOLVIMENTO SUSTENTÁVEL DA INFRAESTRUTURA RODOVIÁRIA
2027,1300,"SECRETARIA DE ESTADO DE INFRAESTRUTURA, MOBILIDADE E PARCERIA - DER-MG",3,,2301,DEPARTAMENTO DE ESTRADAS DE RODAGEM DO ESTADO DE MINAS GERAIS - DER-MG,3,3,90,37,10,1,,26,782,81,4,293,4293,1,,,20520000.00,0,CONSERVAÇÃO ROTINEIRA DA MALHA VIÁRIA,DESENVOLVIMENTO SUSTENTÁVEL DA INFRAESTRUTURA RODOVIÁRIA
2027,1300,"SECRETARIA DE ESTADO DE INFRAESTRUTURA, MOBILIDADE E PARCERIA - DER-MG",3,,2301,DEPARTAMENTO DE ESTRADAS DE RODAGEM DO ESTADO DE MINAS GERAIS - DER-MG,3,3,90,39,10,1,,26,782,81,4,293,4293,1,,,6297704.00,0,CONSERVAÇÃO ROTINEIRA DA MALHA VIÁRIA,DESENVOLVIMENTO SUSTENTÁVEL DA INFRAESTRUTURA RODOVIÁRIA
2027,1300,"SECRETARIA DE ESTADO DE INFRAESTRUTURA, MOBILIDADE E PARCERIA - DER-MG",3,,2301,DEPARTAMENTO DE ESTRADAS DE RODAGEM DO ESTADO DE MINAS GERAIS - DER-MG,3,3,90,40,10,1,,26,782,81,4,293,4293,1,,,1182778.00,0,CONSERVAÇÃO ROTINEIRA DA MALHA VIÁRIA,DESENVOLVIMENTO SUSTENTÁVEL DA INFRAESTRUTURA RODOVIÁRIA
2027,1300,"SECRETARIA DE ESTADO DE INFRAESTRUTURA, MOBILIDADE E PARCERIA - DER-MG",3,,2301,DEPARTAMENTO DE ESTRADAS DE RODAGEM DO ESTADO DE MINAS GERAIS - DER-MG,3,3,90,47,10,1,,26,782,81,4,293,4293,1,,,11500.00,0,CONSERVAÇÃO ROTINEIRA DA MALHA VIÁRIA,DESENVOLVIMENTO SUSTENTÁVEL DA INFRAESTRUTURA RODOVIÁRIA
2027,1300,"SECRETARIA DE ESTADO DE INFRAESTRUTURA, MOBILIDADE E PARCERIA - DER-MG",3,,2301,DEPARTAMENTO DE ESTRADAS DE RODAGEM DO ESTADO DE MINAS GERAIS - DER-MG,4,4,90,51,51,1,,26,782,81,4,293,4293,1,,,88171783.00,0,CONSERVAÇÃO ROTINEIRA DA MALHA VIÁRIA,DESENVOLVIMENTO SUSTENTÁVEL DA INFRAESTRUTURA RODOVIÁRIA
2027,1300,"SECRETARIA DE ESTADO DE INFRAESTRUTURA, MOBILIDADE E PARCERIA - DER-MG",3,,2301,DEPARTAMENTO DE ESTRADAS DE RODAGEM DO ESTADO DE MINAS GERAIS - DER-MG,3,3,90,14,10,1,,26,782,81,4,530,4530,1,,,720735.00,0,OPERAÇÃO VIÁRIA E FISCALIZAÇÃO DE TRANSPORTE E TRÂNSITO,DESENVOLVIMENTO SUSTENTÁVEL DA INFRAESTRUTURA RODOVIÁRIA
2027,1300,"SECRETARIA DE ESTADO DE INFRAESTRUTURA, MOBILIDADE E PARCERIA - DER-MG",3,,2301,DEPARTAMENTO DE ESTRADAS DE RODAGEM DO ESTADO DE MINAS GERAIS - DER-MG,3,3,90,30,10,1,,26,782,81,4,530,4530,1,,,81954.00,0,OPERAÇÃO VIÁRIA E FISCALIZAÇÃO DE TRANSPORTE E TRÂNSITO,DESENVOLVIMENTO SUSTENTÁVEL DA INFRAESTRUTURA RODOVIÁRIA
2027,1300,"SECRETARIA DE ESTADO DE INFRAESTRUTURA, MOBILIDADE E PARCERIA - DER-MG",3,,2301,DEPARTAMENTO DE ESTRADAS DE RODAGEM DO ESTADO DE MINAS GERAIS - DER-MG,3,1,90,91,10,9,,28,846,705,7,4,7004,1,,,59621537.00,0,PRECATÓRIOS E SENTENÇAS JUDICIÁRIAS,APOIO ÀS POLÍTICAS PÚBLICAS
2027,1300,"SECRETARIA DE ESTADO DE INFRAESTRUTURA, MOBILIDADE E PARCERIA - DER-MG",3,,2301,DEPARTAMENTO DE ESTRADAS DE RODAGEM DO ESTADO DE MINAS GERAIS - DER-MG,3,3,90,91,10,9,,28,846,705,7,4,7004,1,,,273360189.00,0,PRECATÓRIOS E SENTENÇAS JUDICIÁRIAS,APOIO ÀS POLÍTICAS PÚBLICAS
2027,1300,"SECRETARIA DE ESTADO DE INFRAESTRUTURA, MOBILIDADE E PARCERIA - AGÊNCIA RMBH",3,,2431,AGÊNCIA DE DESENVOLVIMENTO DA REGIÃO METROPOLITANA DE BELO HORIZONTE - AGÊNCIA RMBH,3,1,90,11,10,1,,15,122,705,2,417,2417,1,,,3377388.00,0,REMUNERAÇÃO DE PESSOAL ATIVO E ENCARGOS SOCIAIS,APOIO ÀS POLÍTICAS PÚBLICAS
2027,1300,"SECRETARIA DE ESTADO DE INFRAESTRUTURA, MOBILIDADE E PARCERIA - AGÊNCIA RMBH",3,,2431,AGÊNCIA DE DESENVOLVIMENTO DA REGIÃO METROPOLITANA DE BELO HORIZONTE - AGÊNCIA RMBH,3,1,90,13,10,1,,15,122,705,2,417,2417,1,,,326086.00,0,REMUNERAÇÃO DE PESSOAL ATIVO E ENCARGOS SOCIAIS,APOIO ÀS POLÍTICAS PÚBLICAS
2027,1300,"SECRETARIA DE ESTADO DE INFRAESTRUTURA, MOBILIDADE E PARCERIA - AGÊNCIA RMBH",3,,2431,AGÊNCIA DE DESENVOLVIMENTO DA REGIÃO METROPOLITANA DE BELO HORIZONTE - AGÊNCIA RMBH,3,1,90,7,10,1,,15,122,705,2,417,2417,1,,,1967.00,0,REMUNERAÇÃO DE PESSOAL ATIVO E ENCARGOS SOCIAIS,APOIO ÀS POLÍTICAS PÚBLICAS
2027,1300,"SECRETARIA DE ESTADO DE INFRAESTRUTURA, MOBILIDADE E PARCERIA - AGÊNCIA RMBH",3,,2431,AGÊNCIA DE DESENVOLVIMENTO DA REGIÃO METROPOLITANA DE BELO HORIZONTE - AGÊNCIA RMBH,3,1,90,92,10,1,,15,122,705,2,417,2417,1,,,1530.00,0,REMUNERAÇÃO DE PESSOAL ATIVO E ENCARGOS SOCIAIS,APOIO ÀS POLÍTICAS PÚBLICAS
2027,1300,"SECRETARIA DE ESTADO DE INFRAESTRUTURA, MOBILIDADE E PARCERIA - AGÊNCIA RMBH",3,,2431,AGÊNCIA DE DESENVOLVIMENTO DA REGIÃO METROPOLITANA DE BELO HORIZONTE - AGÊNCIA RMBH,3,1,91,13,10,1,,15,122,705,2,417,2417,1,,,422340.00,0,REMUNERAÇÃO DE PESSOAL ATIVO E ENCARGOS SOCIAIS,APOIO ÀS POLÍTICAS PÚBLICAS
2027,1300,"SECRETARIA DE ESTADO DE INFRAESTRUTURA, MOBILIDADE E PARCERIA - AGÊNCIA RMBH",3,,2431,AGÊNCIA DE DESENVOLVIMENTO DA REGIÃO METROPOLITANA DE BELO HORIZONTE - AGÊNCIA RMBH,3,3,90,46,10,7,,15,122,705,2,417,2417,1,,,623332.00,0,REMUNERAÇÃO DE PESSOAL ATIVO E ENCARGOS SOCIAIS,APOIO ÀS POLÍTICAS PÚBLICAS
2027,1300,"SECRETARIA DE ESTADO DE INFRAESTRUTURA, MOBILIDADE E PARCERIA - AGÊNCIA RMBH",3,,2431,AGÊNCIA DE DESENVOLVIMENTO DA REGIÃO METROPOLITANA DE BELO HORIZONTE - AGÊNCIA RMBH,3,3,90,49,10,7,,15,122,705,2,417,2417,1,,,5021.00,0,REMUNERAÇÃO DE PESSOAL ATIVO E ENCARGOS SOCIAIS,APOIO ÀS POLÍTICAS PÚBLICAS
2027,1300,"SECRETARIA DE ESTADO DE INFRAESTRUTURA, MOBILIDADE E PARCERIA - AGÊNCIA RMBH",3,,2431,AGÊNCIA DE DESENVOLVIMENTO DA REGIÃO METROPOLITANA DE BELO HORIZONTE - AGÊNCIA RMBH,3,3,90,14,60,1,,15,122,705,2,500,2500,1,,,91737.00,0,ASSESSORAMENTO E GERENCIAMENTO DE POLÍTICAS PÚBLICAS,APOIO ÀS POLÍTICAS PÚBLICAS
2027,1300,"SECRETARIA DE ESTADO DE INFRAESTRUTURA, MOBILIDADE E PARCERIA - AGÊNCIA RMBH",3,,2431,AGÊNCIA DE DESENVOLVIMENTO DA REGIÃO METROPOLITANA DE BELO HORIZONTE - AGÊNCIA RMBH,3,3,90,30,60,1,,15,122,705,2,500,2500,1,,,37142.00,0,ASSESSORAMENTO E GERENCIAMENTO DE POLÍTICAS PÚBLICAS,APOIO ÀS POLÍTICAS PÚBLICAS
2027,1300,"SECRETARIA DE ESTADO DE INFRAESTRUTURA, MOBILIDADE E PARCERIA - AGÊNCIA RMBH",3,,2431,AGÊNCIA DE DESENVOLVIMENTO DA REGIÃO METROPOLITANA DE BELO HORIZONTE - AGÊNCIA RMBH,3,3,90,33,60,1,,15,122,705,2,500,2500,1,,,95751.00,0,ASSESSORAMENTO E GERENCIAMENTO DE POLÍTICAS PÚBLICAS,APOIO ÀS POLÍTICAS PÚBLICAS
2027,1300,"SECRETARIA DE ESTADO DE INFRAESTRUTURA, MOBILIDADE E PARCERIA - AGÊNCIA RMBH",3,,2431,AGÊNCIA DE DESENVOLVIMENTO DA REGIÃO METROPOLITANA DE BELO HORIZONTE - AGÊNCIA RMBH,3,3,90,36,60,1,,15,122,705,2,500,2500,1,,,2800.00,0,ASSESSORAMENTO E GERENCIAMENTO DE POLÍTICAS PÚBLICAS,APOIO ÀS POLÍTICAS PÚBLICAS
2027,1300,"SECRETARIA DE ESTADO DE INFRAESTRUTURA, MOBILIDADE E PARCERIA - AGÊNCIA RMBH",3,,2431,AGÊNCIA DE DESENVOLVIMENTO DA REGIÃO METROPOLITANA DE BELO HORIZONTE - AGÊNCIA RMBH,3,3,90,37,10,1,,15,122,705,2,500,2500,1,,,2221046.00,0,ASSESSORAMENTO E GERENCIAMENTO DE POLÍTICAS PÚBLICAS,APOIO ÀS POLÍTICAS PÚBLICAS
2027,1300,"SECRETARIA DE ESTADO DE INFRAESTRUTURA, MOBILIDADE E PARCERIA - AGÊNCIA RMBH",3,,2431,AGÊNCIA DE DESENVOLVIMENTO DA REGIÃO METROPOLITANA DE BELO HORIZONTE - AGÊNCIA RMBH,3,3,90,37,60,1,,15,122,705,2,500,2500,1,,,539348.00,0,ASSESSORAMENTO E GERENCIAMENTO DE POLÍTICAS PÚBLICAS,APOIO ÀS POLÍTICAS PÚBLICAS
2027,1300,"SECRETARIA DE ESTADO DE INFRAESTRUTURA, MOBILIDADE E PARCERIA - AGÊNCIA RMBH",3,,2431,AGÊNCIA DE DESENVOLVIMENTO DA REGIÃO METROPOLITANA DE BELO HORIZONTE - AGÊNCIA RMBH,3,3,90,39,60,1,,15,122,705,2,500,2500,1,,,147504.00,0,ASSESSORAMENTO E GERENCIAMENTO DE POLÍTICAS PÚBLICAS,APOIO ÀS POLÍTICAS PÚBLICAS
2027,1300,"SECRETARIA DE ESTADO DE INFRAESTRUTURA, MOBILIDADE E PARCERIA - AGÊNCIA RMBH",3,,2431,AGÊNCIA DE DESENVOLVIMENTO DA REGIÃO METROPOLITANA DE BELO HORIZONTE - AGÊNCIA RMBH,3,3,90,40,60,1,,15,122,705,2,500,2500,1,,,33221.00,0,ASSESSORAMENTO E GERENCIAMENTO DE POLÍTICAS PÚBLICAS,APOIO ÀS POLÍTICAS PÚBLICAS
2027,1300,"SECRETARIA DE ESTADO DE INFRAESTRUTURA, MOBILIDADE E PARCERIA - AGÊNCIA RMBH",3,,2431,AGÊNCIA DE DESENVOLVIMENTO DA REGIÃO METROPOLITANA DE BELO HORIZONTE - AGÊNCIA RMBH,4,4,90,52,10,1,,15,122,705,2,500,2500,1,,,70000.00,0,ASSESSORAMENTO E GERENCIAMENTO DE POLÍTICAS PÚBLICAS,APOIO ÀS POLÍTICAS PÚBLICAS
2027,1300,"SECRETARIA DE ESTADO DE INFRAESTRUTURA, MOBILIDADE E PARCERIA - AGÊNCIA RMBH",3,,2431,AGÊNCIA DE DESENVOLVIMENTO DA REGIÃO METROPOLITANA DE BELO HORIZONTE - AGÊNCIA RMBH,3,3,90,37,60,1,,15,127,77,4,446,4446,1,,,221856.00,0,REGULAÇÃO DA EXPANSÃO URBANA DA REGIÃO METROPOLITANA DE BELO HORIZONTE,CAMINHOS PARA O DESENVOLVIMENTO INTEGRADO METROPOLITANO
2027,1300,"SECRETARIA DE ESTADO DE INFRAESTRUTURA, MOBILIDADE E PARCERIA - AGÊNCIA RMBH",3,,2431,AGÊNCIA DE DESENVOLVIMENTO DA REGIÃO METROPOLITANA DE BELO HORIZONTE - AGÊNCIA RMBH,3,3,90,39,60,1,,15,127,77,4,446,4446,1,,,77994.00,0,REGULAÇÃO DA EXPANSÃO URBANA DA REGIÃO METROPOLITANA DE BELO HORIZONTE,CAMINHOS PARA O DESENVOLVIMENTO INTEGRADO METROPOLITANO
2027,1300,"SECRETARIA DE ESTADO DE INFRAESTRUTURA, MOBILIDADE E PARCERIA - AGÊNCIA RMBH",3,,2431,AGÊNCIA DE DESENVOLVIMENTO DA REGIÃO METROPOLITANA DE BELO HORIZONTE - AGÊNCIA RMBH,3,3,90,47,60,1,,15,127,77,4,446,4446,1,,,156000.00,0,REGULAÇÃO DA EXPANSÃO URBANA DA REGIÃO METROPOLITANA DE BELO HORIZONTE,CAMINHOS PARA O DESENVOLVIMENTO INTEGRADO METROPOLITANO
2027,1300,"SECRETARIA DE ESTADO DE INFRAESTRUTURA, MOBILIDADE E PARCERIA - AGÊNCIA RMBH",3,,2431,AGÊNCIA DE DESENVOLVIMENTO DA REGIÃO METROPOLITANA DE BELO HORIZONTE - AGÊNCIA RMBH,3,3,90,39,60,1,,15,127,77,4,447,4447,1,,,1000.00,0,GESTÃO METROPOLITANA,CAMINHOS PARA O DESENVOLVIMENTO INTEGRADO METROPOLITANO
2027,1300,"SECRETARIA DE ESTADO DE INFRAESTRUTURA, MOBILIDADE E PARCERIA - AGÊNCIA RMBH",3,,2431,AGÊNCIA DE DESENVOLVIMENTO DA REGIÃO METROPOLITANA DE BELO HORIZONTE - AGÊNCIA RMBH,3,1,90,91,10,9,,28,846,705,7,4,7004,1,,,1000.00,0,PRECATÓRIOS E SENTENÇAS JUDICIÁRIAS,APOIO ÀS POLÍTICAS PÚBLICAS
2027,1300,"SECRETARIA DE ESTADO DE INFRAESTRUTURA, MOBILIDADE E PARCERIA - ARMVA",3,,2461,AGÊNCIA DE DESENVOLVIMENTO DA REGIÃO METROPOLITANA DO VALE DO AÇO - ARMVA,3,1,90,11,10,1,,15,122,705,2,417,2417,1,,,1415842.00,0,REMUNERAÇÃO DE PESSOAL ATIVO E ENCARGOS SOCIAIS,APOIO ÀS POLÍTICAS PÚBLICAS
2027,1300,"SECRETARIA DE ESTADO DE INFRAESTRUTURA, MOBILIDADE E PARCERIA - ARMVA",3,,2461,AGÊNCIA DE DESENVOLVIMENTO DA REGIÃO METROPOLITANA DO VALE DO AÇO - ARMVA,3,1,90,13,10,1,,15,122,705,2,417,2417,1,,,188565.00,0,REMUNERAÇÃO DE PESSOAL ATIVO E ENCARGOS SOCIAIS,APOIO ÀS POLÍTICAS PÚBLICAS
2027,1300,"SECRETARIA DE ESTADO DE INFRAESTRUTURA, MOBILIDADE E PARCERIA - ARMVA",3,,2461,AGÊNCIA DE DESENVOLVIMENTO DA REGIÃO METROPOLITANA DO VALE DO AÇO - ARMVA,3,1,91,13,10,1,,15,122,705,2,417,2417,1,,,130780.00,0,REMUNERAÇÃO DE PESSOAL ATIVO E ENCARGOS SOCIAIS,APOIO ÀS POLÍTICAS PÚBLICAS
2027,1300,"SECRETARIA DE ESTADO DE INFRAESTRUTURA, MOBILIDADE E PARCERIA - ARMVA",3,,2461,AGÊNCIA DE DESENVOLVIMENTO DA REGIÃO METROPOLITANA DO VALE DO AÇO - ARMVA,3,3,90,46,10,7,,15,122,705,2,417,2417,1,,,293669.00,0,REMUNERAÇÃO DE PESSOAL ATIVO E ENCARGOS SOCIAIS,APOIO ÀS POLÍTICAS PÚBLICAS
2027,1300,"SECRETARIA DE ESTADO DE INFRAESTRUTURA, MOBILIDADE E PARCERIA - ARMVA",3,,2461,AGÊNCIA DE DESENVOLVIMENTO DA REGIÃO METROPOLITANA DO VALE DO AÇO - ARMVA,3,3,90,49,10,7,,15,122,705,2,417,2417,1,,,16000.00,0,REMUNERAÇÃO DE PESSOAL ATIVO E ENCARGOS SOCIAIS,APOIO ÀS POLÍTICAS PÚBLICAS
2027,1300,"SECRETARIA DE ESTADO DE INFRAESTRUTURA, MOBILIDADE E PARCERIA - ARMVA",3,,2461,AGÊNCIA DE DESENVOLVIMENTO DA REGIÃO METROPOLITANA DO VALE DO AÇO - ARMVA,3,3,90,14,10,1,,15,122,705,2,500,2500,1,,,97680.00,0,ASSESSORAMENTO E GERENCIAMENTO DE POLÍTICAS PÚBLICAS,APOIO ÀS POLÍTICAS PÚBLICAS
2027,1300,"SECRETARIA DE ESTADO DE INFRAESTRUTURA, MOBILIDADE E PARCERIA - ARMVA",3,,2461,AGÊNCIA DE DESENVOLVIMENTO DA REGIÃO METROPOLITANA DO VALE DO AÇO - ARMVA,3,3,90,33,10,1,,15,122,705,2,500,2500,1,,,52800.00,0,ASSESSORAMENTO E GERENCIAMENTO DE POLÍTICAS PÚBLICAS,APOIO ÀS POLÍTICAS PÚBLICAS
2027,1300,"SECRETARIA DE ESTADO DE INFRAESTRUTURA, MOBILIDADE E PARCERIA - ARMVA",3,,2461,AGÊNCIA DE DESENVOLVIMENTO DA REGIÃO METROPOLITANA DO VALE DO AÇO - ARMVA,3,3,90,36,10,1,,15,122,705,2,500,2500,1,,,8400.00,0,ASSESSORAMENTO E GERENCIAMENTO DE POLÍTICAS PÚBLICAS,APOIO ÀS POLÍTICAS PÚBLICAS
2027,1300,"SECRETARIA DE ESTADO DE INFRAESTRUTURA, MOBILIDADE E PARCERIA - ARMVA",3,,2461,AGÊNCIA DE DESENVOLVIMENTO DA REGIÃO METROPOLITANA DO VALE DO AÇO - ARMVA,3,3,90,39,10,1,,15,122,705,2,500,2500,1,,,65280.00,0,ASSESSORAMENTO E GERENCIAMENTO DE POLÍTICAS PÚBLICAS,APOIO ÀS POLÍTICAS PÚBLICAS
2027,1300,"SECRETARIA DE ESTADO DE INFRAESTRUTURA, MOBILIDADE E PARCERIA - ARMVA",3,,2461,AGÊNCIA DE DESENVOLVIMENTO DA REGIÃO METROPOLITANA DO VALE DO AÇO - ARMVA,3,3,90,30,10,1,,15,127,125,4,528,4528,1,,,126100.00,1, MINAS REURB ARMVA,POLÍTICA DE REGULARIZAÇÃO FUNDIÁRIA E DE GESTÃO DE IMÓVEIS
2027,1300,"SECRETARIA DE ESTADO DE INFRAESTRUTURA, MOBILIDADE E PARCERIA - ARMVA",3,,2461,AGÊNCIA DE DESENVOLVIMENTO DA REGIÃO METROPOLITANA DO VALE DO AÇO - ARMVA,3,3,90,30,32,1,,15,127,125,4,528,4528,1,,,129100.00,1, MINAS REURB ARMVA,POLÍTICA DE REGULARIZAÇÃO FUNDIÁRIA E DE GESTÃO DE IMÓVEIS
2027,1300,"SECRETARIA DE ESTADO DE INFRAESTRUTURA, MOBILIDADE E PARCERIA - ARMVA",3,,2461,AGÊNCIA DE DESENVOLVIMENTO DA REGIÃO METROPOLITANA DO VALE DO AÇO - ARMVA,3,3,90,37,10,1,,15,127,125,4,528,4528,1,,,2061288.00,1, MINAS REURB ARMVA,POLÍTICA DE REGULARIZAÇÃO FUNDIÁRIA E DE GESTÃO DE IMÓVEIS
2027,1300,"SECRETARIA DE ESTADO DE INFRAESTRUTURA, MOBILIDADE E PARCERIA - ARMVA",3,,2461,AGÊNCIA DE DESENVOLVIMENTO DA REGIÃO METROPOLITANA DO VALE DO AÇO - ARMVA,3,3,90,37,32,1,,15,127,125,4,528,4528,1,,,2061288.00,1, MINAS REURB ARMVA,POLÍTICA DE REGULARIZAÇÃO FUNDIÁRIA E DE GESTÃO DE IMÓVEIS
2027,1300,"SECRETARIA DE ESTADO DE INFRAESTRUTURA, MOBILIDADE E PARCERIA - ARMVA",3,,2461,AGÊNCIA DE DESENVOLVIMENTO DA REGIÃO METROPOLITANA DO VALE DO AÇO - ARMVA,3,3,90,39,10,1,,15,127,125,4,528,4528,1,,,1136600.00,1, MINAS REURB ARMVA,POLÍTICA DE REGULARIZAÇÃO FUNDIÁRIA E DE GESTÃO DE IMÓVEIS
2027,1300,"SECRETARIA DE ESTADO DE INFRAESTRUTURA, MOBILIDADE E PARCERIA - ARMVA",3,,2461,AGÊNCIA DE DESENVOLVIMENTO DA REGIÃO METROPOLITANA DO VALE DO AÇO - ARMVA,3,3,90,39,32,1,,15,127,125,4,528,4528,1,,,1136600.00,1, MINAS REURB ARMVA,POLÍTICA DE REGULARIZAÇÃO FUNDIÁRIA E DE GESTÃO DE IMÓVEIS
2027,1300,"SECRETARIA DE ESTADO DE INFRAESTRUTURA, MOBILIDADE E PARCERIA - ARMVA",3,,2461,AGÊNCIA DE DESENVOLVIMENTO DA REGIÃO METROPOLITANA DO VALE DO AÇO - ARMVA,3,3,90,40,10,1,,15,127,125,4,528,4528,1,,,421694.00,1, MINAS REURB ARMVA,POLÍTICA DE REGULARIZAÇÃO FUNDIÁRIA E DE GESTÃO DE IMÓVEIS
2027,1300,"SECRETARIA DE ESTADO DE INFRAESTRUTURA, MOBILIDADE E PARCERIA - ARMVA",3,,2461,AGÊNCIA DE DESENVOLVIMENTO DA REGIÃO METROPOLITANA DO VALE DO AÇO - ARMVA,3,3,90,40,32,1,,15,127,125,4,528,4528,1,,,421694.00,1, MINAS REURB ARMVA,POLÍTICA DE REGULARIZAÇÃO FUNDIÁRIA E DE GESTÃO DE IMÓVEIS
2027,1300,"SECRETARIA DE ESTADO DE INFRAESTRUTURA, MOBILIDADE E PARCERIA - ARMVA",3,,2461,AGÊNCIA DE DESENVOLVIMENTO DA REGIÃO METROPOLITANA DO VALE DO AÇO - ARMVA,3,3,90,47,10,1,,15,127,125,4,528,4528,1,,,45800.00,1, MINAS REURB ARMVA,POLÍTICA DE REGULARIZAÇÃO FUNDIÁRIA E DE GESTÃO DE IMÓVEIS
2027,1300,"SECRETARIA DE ESTADO DE INFRAESTRUTURA, MOBILIDADE E PARCERIA - ARMVA",3,,2461,AGÊNCIA DE DESENVOLVIMENTO DA REGIÃO METROPOLITANA DO VALE DO AÇO - ARMVA,3,3,90,47,32,1,,15,127,125,4,528,4528,1,,,45800.00,1, MINAS REURB ARMVA,POLÍTICA DE REGULARIZAÇÃO FUNDIÁRIA E DE GESTÃO DE IMÓVEIS
2027,1300,"SECRETARIA DE ESTADO DE INFRAESTRUTURA, MOBILIDADE E PARCERIA - ARMVA",3,,2461,AGÊNCIA DE DESENVOLVIMENTO DA REGIÃO METROPOLITANA DO VALE DO AÇO - ARMVA,3,3,90,36,60,1,,15,127,77,4,273,4273,1,,,250.00,0, REGULAÇÃO METROPOLITANA,CAMINHOS PARA O DESENVOLVIMENTO INTEGRADO METROPOLITANO
2027,1300,"SECRETARIA DE ESTADO DE INFRAESTRUTURA, MOBILIDADE E PARCERIA - ARMVA",3,,2461,AGÊNCIA DE DESENVOLVIMENTO DA REGIÃO METROPOLITANA DO VALE DO AÇO - ARMVA,3,3,90,37,10,1,,15,127,77,4,273,4273,1,,,713472.00,0, REGULAÇÃO METROPOLITANA,CAMINHOS PARA O DESENVOLVIMENTO INTEGRADO METROPOLITANO
2027,1300,"SECRETARIA DE ESTADO DE INFRAESTRUTURA, MOBILIDADE E PARCERIA - ARMVA",3,,2461,AGÊNCIA DE DESENVOLVIMENTO DA REGIÃO METROPOLITANA DO VALE DO AÇO - ARMVA,3,3,90,39,60,1,,15,127,77,4,273,4273,1,,,50750.00,0, REGULAÇÃO METROPOLITANA,CAMINHOS PARA O DESENVOLVIMENTO INTEGRADO METROPOLITANO
2027,1300,"SECRETARIA DE ESTADO DE INFRAESTRUTURA, MOBILIDADE E PARCERIA - ARMVA",3,,2461,AGÊNCIA DE DESENVOLVIMENTO DA REGIÃO METROPOLITANA DO VALE DO AÇO - ARMVA,3,3,90,14,10,1,,15,127,77,4,286,4286,1,,,33840.00,0, FOMENTO AO DESENVOLVIMENTO SUSTENTÁVEL DA REGIÃO METROPOLITANA DO VALE DO AÇO,CAMINHOS PARA O DESENVOLVIMENTO INTEGRADO METROPOLITANO
2027,1300,"SECRETARIA DE ESTADO DE INFRAESTRUTURA, MOBILIDADE E PARCERIA - ARMVA",3,,2461,AGÊNCIA DE DESENVOLVIMENTO DA REGIÃO METROPOLITANA DO VALE DO AÇO - ARMVA,3,3,90,30,10,1,,15,127,77,4,286,4286,1,,,14500.00,0, FOMENTO AO DESENVOLVIMENTO SUSTENTÁVEL DA REGIÃO METROPOLITANA DO VALE DO AÇO,CAMINHOS PARA O DESENVOLVIMENTO INTEGRADO METROPOLITANO
2027,1300,"SECRETARIA DE ESTADO DE INFRAESTRUTURA, MOBILIDADE E PARCERIA - ARMVA",3,,2461,AGÊNCIA DE DESENVOLVIMENTO DA REGIÃO METROPOLITANA DO VALE DO AÇO - ARMVA,3,3,90,31,10,1,,15,127,77,4,286,4286,1,,,15000.00,0, FOMENTO AO DESENVOLVIMENTO SUSTENTÁVEL DA REGIÃO METROPOLITANA DO VALE DO AÇO,CAMINHOS PARA O DESENVOLVIMENTO INTEGRADO METROPOLITANO
2027,1300,"SECRETARIA DE ESTADO DE INFRAESTRUTURA, MOBILIDADE E PARCERIA - ARMVA",3,,2461,AGÊNCIA DE DESENVOLVIMENTO DA REGIÃO METROPOLITANA DO VALE DO AÇO - ARMVA,3,3,90,33,10,1,,15,127,77,4,286,4286,1,,,15600.00,0, FOMENTO AO DESENVOLVIMENTO SUSTENTÁVEL DA REGIÃO METROPOLITANA DO VALE DO AÇO,CAMINHOS PARA O DESENVOLVIMENTO INTEGRADO METROPOLITANO
2027,1300,"SECRETARIA DE ESTADO DE INFRAESTRUTURA, MOBILIDADE E PARCERIA - ARMVA",3,,2461,AGÊNCIA DE DESENVOLVIMENTO DA REGIÃO METROPOLITANA DO VALE DO AÇO - ARMVA,3,3,90,35,10,1,,15,127,77,4,286,4286,1,,,2358598.00,0, FOMENTO AO DESENVOLVIMENTO SUSTENTÁVEL DA REGIÃO METROPOLITANA DO VALE DO AÇO,CAMINHOS PARA O DESENVOLVIMENTO INTEGRADO METROPOLITANO
2027,1300,"SECRETARIA DE ESTADO DE INFRAESTRUTURA, MOBILIDADE E PARCERIA - ARMVA",3,,2461,AGÊNCIA DE DESENVOLVIMENTO DA REGIÃO METROPOLITANA DO VALE DO AÇO - ARMVA,3,3,90,36,10,1,,15,127,77,4,286,4286,1,,,3760.00,0, FOMENTO AO DESENVOLVIMENTO SUSTENTÁVEL DA REGIÃO METROPOLITANA DO VALE DO AÇO,CAMINHOS PARA O DESENVOLVIMENTO INTEGRADO METROPOLITANO
2027,1300,"SECRETARIA DE ESTADO DE INFRAESTRUTURA, MOBILIDADE E PARCERIA - ARMVA",3,,2461,AGÊNCIA DE DESENVOLVIMENTO DA REGIÃO METROPOLITANA DO VALE DO AÇO - ARMVA,3,3,90,39,10,1,,15,127,77,4,286,4286,1,,,418150.00,0, FOMENTO AO DESENVOLVIMENTO SUSTENTÁVEL DA REGIÃO METROPOLITANA DO VALE DO AÇO,CAMINHOS PARA O DESENVOLVIMENTO INTEGRADO METROPOLITANO
2027,1300,"SECRETARIA DE ESTADO DE INFRAESTRUTURA, MOBILIDADE E PARCERIA - ARMVA",3,,2461,AGÊNCIA DE DESENVOLVIMENTO DA REGIÃO METROPOLITANA DO VALE DO AÇO - ARMVA,4,4,90,52,10,1,,15,127,77,4,286,4286,1,,,25000.00,0, FOMENTO AO DESENVOLVIMENTO SUSTENTÁVEL DA REGIÃO METROPOLITANA DO VALE DO AÇO,CAMINHOS PARA O DESENVOLVIMENTO INTEGRADO METROPOLITANO
2027,1300,"SECRETARIA DE ESTADO DE INFRAESTRUTURA, MOBILIDADE E PARCERIA - ARMVA",3,,2461,AGÊNCIA DE DESENVOLVIMENTO DA REGIÃO METROPOLITANA DO VALE DO AÇO - ARMVA,3,1,90,91,10,9,,28,846,705,7,4,7004,1,,,1000.00,0,PRECATÓRIOS E SENTENÇAS JUDICIÁRIAS,APOIO ÀS POLÍTICAS PÚBLICAS
2027,1300,"SECRETARIA DE ESTADO DE INFRAESTRUTURA, MOBILIDADE E PARCERIA - FDM",3,,4331,FUNDO DE DESENVOLVIMENTO METROPOLITANO - FDM,3,3,90,35,10,1,,15,127,77,4,471,4471,1,,,1568459.00,0,METRÓPOLE PLANEJADA,CAMINHOS PARA O DESENVOLVIMENTO INTEGRADO METROPOLITANO
2027,1300,"SECRETARIA DE ESTADO DE INFRAESTRUTURA, MOBILIDADE E PARCERIA - FDM",3,,4331,FUNDO DE DESENVOLVIMENTO METROPOLITANO - FDM,3,3,90,35,59,1,,15,127,77,4,471,4471,1,,,1566459.00,0,METRÓPOLE PLANEJADA,CAMINHOS PARA O DESENVOLVIMENTO INTEGRADO METROPOLITANO
2027,1300,"SECRETARIA DE ESTADO DE INFRAESTRUTURA, MOBILIDADE E PARCERIA - FDM",3,,4331,FUNDO DE DESENVOLVIMENTO METROPOLITANO - FDM,3,3,90,40,59,1,,15,127,77,4,518,4518,1,,,1000.00,0,METRÓPOLE DIGITAL,CAMINHOS PARA O DESENVOLVIMENTO INTEGRADO METROPOLITANO
2027,1300,"SECRETARIA DE ESTADO DE INFRAESTRUTURA, MOBILIDADE E PARCERIA - FDM",3,,4331,FUNDO DE DESENVOLVIMENTO METROPOLITANO - FDM,3,3,90,35,59,1,,15,127,77,4,529,4529,1,,,1000.00,0,INTEGRAÇÃO DO PLANEJAMENTO NA REGIÃO METROPOLITANA DO VALE DO AÇO,CAMINHOS PARA O DESENVOLVIMENTO INTEGRADO METROPOLITANO
2027,1300,"SECRETARIA DE ESTADO DE INFRAESTRUTURA, MOBILIDADE E PARCERIA - FUNTRANS",3,,4381,FUNDO ESTADUAL DE DESENVOLVIMENTO DE TRANSPORTES - FUNTRANS,3,3,90,30,83,1,,26,129,705,2,29,2029,1,,,400000.00,0,ADMINISTRAÇÃO E OPERACIONALIZAÇÃO DA ARRECADAÇÃO DO FUNTRANS,APOIO ÀS POLÍTICAS PÚBLICAS
2027,1300,"SECRETARIA DE ESTADO DE INFRAESTRUTURA, MOBILIDADE E PARCERIA - FUNTRANS",3,,4381,FUNDO ESTADUAL DE DESENVOLVIMENTO DE TRANSPORTES - FUNTRANS,3,3,90,37,83,1,,26,129,705,2,29,2029,1,,,8130000.00,0,ADMINISTRAÇÃO E OPERACIONALIZAÇÃO DA ARRECADAÇÃO DO FUNTRANS,APOIO ÀS POLÍTICAS PÚBLICAS
2027,1300,"SECRETARIA DE ESTADO DE INFRAESTRUTURA, MOBILIDADE E PARCERIA - FUNTRANS",3,,4381,FUNDO ESTADUAL DE DESENVOLVIMENTO DE TRANSPORTES - FUNTRANS,3,3,90,39,83,1,,26,129,705,2,29,2029,1,,,14898187.00,0,ADMINISTRAÇÃO E OPERACIONALIZAÇÃO DA ARRECADAÇÃO DO FUNTRANS,APOIO ÀS POLÍTICAS PÚBLICAS
2027,1300,"SECRETARIA DE ESTADO DE INFRAESTRUTURA, MOBILIDADE E PARCERIA - FUNTRANS",3,,4381,FUNDO ESTADUAL DE DESENVOLVIMENTO DE TRANSPORTES - FUNTRANS,3,3,90,40,83,1,,26,129,705,2,29,2029,1,,,10518730.00,0,ADMINISTRAÇÃO E OPERACIONALIZAÇÃO DA ARRECADAÇÃO DO FUNTRANS,APOIO ÀS POLÍTICAS PÚBLICAS
2027,1300,"SECRETARIA DE ESTADO DE INFRAESTRUTURA, MOBILIDADE E PARCERIA - FUNTRANS",3,,4381,FUNDO ESTADUAL DE DESENVOLVIMENTO DE TRANSPORTES - FUNTRANS,4,4,90,40,83,1,,26,129,705,2,29,2029,1,,,5829976.00,0,ADMINISTRAÇÃO E OPERACIONALIZAÇÃO DA ARRECADAÇÃO DO FUNTRANS,APOIO ÀS POLÍTICAS PÚBLICAS
2027,1300,"SECRETARIA DE ESTADO DE INFRAESTRUTURA, MOBILIDADE E PARCERIA - FUNTRANS",3,,4381,FUNDO ESTADUAL DE DESENVOLVIMENTO DE TRANSPORTES - FUNTRANS,4,4,90,39,83,1,,26,782,82,4,201,4201,1,,,69240000.00,0,CONTROLE DE VELOCIDADE,PROMOÇÃO DA SEGURANÇA VIÁRIA
2027,1300,"SECRETARIA DE ESTADO DE INFRAESTRUTURA, MOBILIDADE E PARCERIA - FUNTRANS",3,,4381,FUNDO ESTADUAL DE DESENVOLVIMENTO DE TRANSPORTES - FUNTRANS,3,3,90,30,83,1,,26,782,82,4,209,4209,1,,,35000.00,0,EDUCAÇÃO PARA O TRÂNSITO,PROMOÇÃO DA SEGURANÇA VIÁRIA
2027,1300,"SECRETARIA DE ESTADO DE INFRAESTRUTURA, MOBILIDADE E PARCERIA - FUNTRANS",3,,4381,FUNDO ESTADUAL DE DESENVOLVIMENTO DE TRANSPORTES - FUNTRANS,3,3,90,33,83,1,,26,782,82,4,209,4209,1,,,40000.00,0,EDUCAÇÃO PARA O TRÂNSITO,PROMOÇÃO DA SEGURANÇA VIÁRIA
2027,1300,"SECRETARIA DE ESTADO DE INFRAESTRUTURA, MOBILIDADE E PARCERIA - FUNTRANS",3,,4381,FUNDO ESTADUAL DE DESENVOLVIMENTO DE TRANSPORTES - FUNTRANS,3,3,90,39,83,1,,26,782,82,4,209,4209,1,,,200000.00,0,EDUCAÇÃO PARA O TRÂNSITO,PROMOÇÃO DA SEGURANÇA VIÁRIA
2027,1300,"SECRETARIA DE ESTADO DE INFRAESTRUTURA, MOBILIDADE E PARCERIA - FUNTRANS",3,,4381,FUNDO ESTADUAL DE DESENVOLVIMENTO DE TRANSPORTES - FUNTRANS,4,4,90,39,54,1,,26,782,82,4,210,4210,1,,,6535440.00,0,REGULAÇÃO DO USO E OCUPAÇÃO DA FAIXA DE DOMÍNIO,PROMOÇÃO DA SEGURANÇA VIÁRIA
2027,1300,"SECRETARIA DE ESTADO DE INFRAESTRUTURA, MOBILIDADE E PARCERIA - FUNTRANS",3,,4381,FUNDO ESTADUAL DE DESENVOLVIMENTO DE TRANSPORTES - FUNTRANS,4,4,90,39,83,1,,26,782,82,4,211,4211,1,,,1000.00,0,SERVIÇOS DE MONITORAMENTO E APOIO À OPERAÇÃO VIÁRIA,PROMOÇÃO DA SEGURANÇA VIÁRIA
2027,1300,"SECRETARIA DE ESTADO DE INFRAESTRUTURA, MOBILIDADE E PARCERIA - FUNTRANS",3,,4381,FUNDO ESTADUAL DE DESENVOLVIMENTO DE TRANSPORTES - FUNTRANS,4,4,90,39,83,1,,26,782,82,4,382,4382,1,,,21414671.00,0,INTERVENÇÕES DE SEGURANÇA VIÁRIA,PROMOÇÃO DA SEGURANÇA VIÁRIA
2027,1300,"SECRETARIA DE ESTADO DE INFRAESTRUTURA, MOBILIDADE E PARCERIA - FUNTRANS",3,,4381,FUNDO ESTADUAL DE DESENVOLVIMENTO DE TRANSPORTES - FUNTRANS,4,4,90,39,83,1,,26,782,82,4,526,4526,1,,,68520000.00,0,CONTROLE DE CARGAS,PROMOÇÃO DA SEGURANÇA VIÁRIA
2027,1300,"SECRETARIA DE ESTADO DE INFRAESTRUTURA, MOBILIDADE E PARCERIA - FPP - MG",3,,4631,FUNDO DE PAGAMENTO DE PARCERIAS PÚBLICO - PRIVADAS DE MINAS GERAIS - FPP - MG,4,5,67,82,80,1,,4,130,85,4,128,4128,1,,,322000000.00,0,LOTE OURO PRETO,PROMOÇÃO DE CONCESSÕES E PARCERIAS
2027,1320,SECRETARIA DE ESTADO DE SAÚDE - FHEMIG,3,,2271,FUNDAÇÃO HOSPITALAR DO ESTADO DE MINAS GERAIS - FHEMIG,3,3,90,14,68,1,,10,122,705,2,500,2500,1,,,2000000.00,0,ASSESSORAMENTO E GERENCIAMENTO DE POLÍTICAS PÚBLICAS,APOIO ÀS POLÍTICAS PÚBLICAS
2027,1320,SECRETARIA DE ESTADO DE SAÚDE - FHEMIG,3,,2271,FUNDAÇÃO HOSPITALAR DO ESTADO DE MINAS GERAIS - FHEMIG,3,3,90,39,68,1,,10,122,705,2,500,2500,1,,,6562881.00,0,ASSESSORAMENTO E GERENCIAMENTO DE POLÍTICAS PÚBLICAS,APOIO ÀS POLÍTICAS PÚBLICAS
2027,1320,SECRETARIA DE ESTADO DE SAÚDE - FHEMIG,3,,2271,FUNDAÇÃO HOSPITALAR DO ESTADO DE MINAS GERAIS - FHEMIG,4,4,90,52,47,1,,10,122,705,2,500,2500,1,,,164358.00,0,ASSESSORAMENTO E GERENCIAMENTO DE POLÍTICAS PÚBLICAS,APOIO ÀS POLÍTICAS PÚBLICAS
2027,1320,SECRETARIA DE ESTADO DE SAÚDE - FHEMIG,3,,2271,FUNDAÇÃO HOSPITALAR DO ESTADO DE MINAS GERAIS - FHEMIG,3,3,90,36,10,1,,10,302,19,4,29,4029,1,,,7.00,0,ATENÇÃO  AO SISTEMA ESTADUAL DE TRANSPLANTES,ATENÇÃO HOSPITALAR ESPECIALIZADA
2027,1320,SECRETARIA DE ESTADO DE SAÚDE - FHEMIG,3,,2271,FUNDAÇÃO HOSPITALAR DO ESTADO DE MINAS GERAIS - FHEMIG,3,3,90,30,10,1,,10,302,19,4,30,4030,1,,,3.00,0,ATENÇÃO À SAÚDE NAS UNIDADES ASSISTENCIAIS DE REABILITAÇÃO E CUIDADOS INTEGRADOS,ATENÇÃO HOSPITALAR ESPECIALIZADA
2027,1320,SECRETARIA DE ESTADO DE SAÚDE - FHEMIG,3,,2271,FUNDAÇÃO HOSPITALAR DO ESTADO DE MINAS GERAIS - FHEMIG,3,3,90,30,10,1,,10,302,19,4,31,4031,1,,,3.00,0,ATENÇÃO À SAÚDE NAS UNIDADES ASSISTENCIAIS DE REFERÊNCIA,ATENÇÃO HOSPITALAR ESPECIALIZADA
2027,1320,SECRETARIA DE ESTADO DE SAÚDE - FHEMIG,3,,2271,FUNDAÇÃO HOSPITALAR DO ESTADO DE MINAS GERAIS - FHEMIG,3,3,90,30,70,1,,10,302,19,4,31,4031,1,,,3002000.00,0,ATENÇÃO À SAÚDE NAS UNIDADES ASSISTENCIAIS DE REFERÊNCIA,ATENÇÃO HOSPITALAR ESPECIALIZADA
2027,1320,SECRETARIA DE ESTADO DE SAÚDE - FHEMIG,3,,2271,FUNDAÇÃO HOSPITALAR DO ESTADO DE MINAS GERAIS - FHEMIG,3,3,90,30,10,1,,10,302,19,4,34,4034,1,,,1.00,0,ATENÇÃO À SAÚDE NO COMPLEXO HOSPITALAR DE BARBACENA,ATENÇÃO HOSPITALAR ESPECIALIZADA
2027,1320,SECRETARIA DE ESTADO DE SAÚDE - FHEMIG,3,,2271,FUNDAÇÃO HOSPITALAR DO ESTADO DE MINAS GERAIS - FHEMIG,3,3,90,30,70,1,,10,302,19,4,34,4034,1,,,500000.00,0,ATENÇÃO À SAÚDE NO COMPLEXO HOSPITALAR DE BARBACENA,ATENÇÃO HOSPITALAR ESPECIALIZADA
2027,1320,SECRETARIA DE ESTADO DE SAÚDE - FHEMIG,3,,2271,FUNDAÇÃO HOSPITALAR DO ESTADO DE MINAS GERAIS - FHEMIG,3,3,90,30,10,1,,10,302,19,4,35,4035,1,,,1.00,0,ATENÇÃO À SAÚDE NO COMPLEXO HOSPITALAR DE ESPECIALIDADES,ATENÇÃO HOSPITALAR ESPECIALIZADA
2027,1320,SECRETARIA DE ESTADO DE SAÚDE - FHEMIG,3,,2271,FUNDAÇÃO HOSPITALAR DO ESTADO DE MINAS GERAIS - FHEMIG,3,3,90,30,70,1,,10,302,19,4,35,4035,1,,,500000.00,0,ATENÇÃO À SAÚDE NO COMPLEXO HOSPITALAR DE ESPECIALIDADES,ATENÇÃO HOSPITALAR ESPECIALIZADA
2027,1320,SECRETARIA DE ESTADO DE SAÚDE - FHEMIG,3,,2271,FUNDAÇÃO HOSPITALAR DO ESTADO DE MINAS GERAIS - FHEMIG,3,3,90,30,45,1,,10,302,19,4,36,4036,1,,,7653.00,0,ATENÇÃO À SAÚDE NO COMPLEXO HOSPITALAR DE URGÊNCIA E EMERGÊNCIA,ATENÇÃO HOSPITALAR ESPECIALIZADA
2027,1320,SECRETARIA DE ESTADO DE SAÚDE - FHEMIG,3,,2271,FUNDAÇÃO HOSPITALAR DO ESTADO DE MINAS GERAIS - FHEMIG,3,3,90,30,70,1,,10,302,19,4,36,4036,1,,,1000000.00,0,ATENÇÃO À SAÚDE NO COMPLEXO HOSPITALAR DE URGÊNCIA E EMERGÊNCIA,ATENÇÃO HOSPITALAR ESPECIALIZADA
2027,1320,SECRETARIA DE ESTADO DE SAÚDE - FHEMIG,3,,2271,FUNDAÇÃO HOSPITALAR DO ESTADO DE MINAS GERAIS - FHEMIG,3,1,90,91,10,9,,28,846,705,7,4,7004,1,,,59586698.00,0,PRECATÓRIOS E SENTENÇAS JUDICIÁRIAS,APOIO ÀS POLÍTICAS PÚBLICAS
2027,1320,SECRETARIA DE ESTADO DE SAÚDE - FHEMIG,3,,2271,FUNDAÇÃO HOSPITALAR DO ESTADO DE MINAS GERAIS - FHEMIG,3,3,90,91,10,9,,28,846,705,7,4,7004,1,,,2103894.00,0,PRECATÓRIOS E SENTENÇAS JUDICIÁRIAS,APOIO ÀS POLÍTICAS PÚBLICAS
2027,1320,SECRETARIA DE ESTADO DE SAÚDE - HEMOMINAS,3,,2321,FUNDAÇÃO CENTRO DE HEMATOLOGIA E HEMOTERAPIA DE MINAS GERAIS - HEMOMINAS,3,3,90,14,10,1,,10,302,87,4,212,4212,1,,,306791.00,0,DESENVOLVIMENTO DO PROGRAMA DE SANGUE E HEMODERIVADOS,"ASSISTÊNCIA EM HEMATOLOGIA, HEMOTERAPIA,CÉLULAS E TECIDOS BIOLÓGICOS"
2027,1320,SECRETARIA DE ESTADO DE SAÚDE - HEMOMINAS,3,,2321,FUNDAÇÃO CENTRO DE HEMATOLOGIA E HEMOTERAPIA DE MINAS GERAIS - HEMOMINAS,3,3,90,30,10,1,,10,302,87,4,212,4212,1,,,51814401.00,0,DESENVOLVIMENTO DO PROGRAMA DE SANGUE E HEMODERIVADOS,"ASSISTÊNCIA EM HEMATOLOGIA, HEMOTERAPIA,CÉLULAS E TECIDOS BIOLÓGICOS"
2027,1320,SECRETARIA DE ESTADO DE SAÚDE - HEMOMINAS,3,,2321,FUNDAÇÃO CENTRO DE HEMATOLOGIA E HEMOTERAPIA DE MINAS GERAIS - HEMOMINAS,3,3,90,33,10,1,,10,302,87,4,212,4212,1,,,1109697.00,0,DESENVOLVIMENTO DO PROGRAMA DE SANGUE E HEMODERIVADOS,"ASSISTÊNCIA EM HEMATOLOGIA, HEMOTERAPIA,CÉLULAS E TECIDOS BIOLÓGICOS"
2027,1320,SECRETARIA DE ESTADO DE SAÚDE - HEMOMINAS,3,,2321,FUNDAÇÃO CENTRO DE HEMATOLOGIA E HEMOTERAPIA DE MINAS GERAIS - HEMOMINAS,3,3,90,35,10,1,,10,302,87,4,212,4212,1,,,1151480.00,0,DESENVOLVIMENTO DO PROGRAMA DE SANGUE E HEMODERIVADOS,"ASSISTÊNCIA EM HEMATOLOGIA, HEMOTERAPIA,CÉLULAS E TECIDOS BIOLÓGICOS"
2027,1320,SECRETARIA DE ESTADO DE SAÚDE - HEMOMINAS,3,,2321,FUNDAÇÃO CENTRO DE HEMATOLOGIA E HEMOTERAPIA DE MINAS GERAIS - HEMOMINAS,3,3,90,36,10,1,,10,302,87,4,212,4212,1,,,83873.00,0,DESENVOLVIMENTO DO PROGRAMA DE SANGUE E HEMODERIVADOS,"ASSISTÊNCIA EM HEMATOLOGIA, HEMOTERAPIA,CÉLULAS E TECIDOS BIOLÓGICOS"
2027,1320,SECRETARIA DE ESTADO DE SAÚDE - HEMOMINAS,3,,2321,FUNDAÇÃO CENTRO DE HEMATOLOGIA E HEMOTERAPIA DE MINAS GERAIS - HEMOMINAS,3,3,90,37,10,1,,10,302,87,4,212,4212,1,,,45682383.00,0,DESENVOLVIMENTO DO PROGRAMA DE SANGUE E HEMODERIVADOS,"ASSISTÊNCIA EM HEMATOLOGIA, HEMOTERAPIA,CÉLULAS E TECIDOS BIOLÓGICOS"
2027,1320,SECRETARIA DE ESTADO DE SAÚDE - HEMOMINAS,3,,2321,FUNDAÇÃO CENTRO DE HEMATOLOGIA E HEMOTERAPIA DE MINAS GERAIS - HEMOMINAS,3,3,90,39,10,1,,10,302,87,4,212,4212,1,,,63541298.00,0,DESENVOLVIMENTO DO PROGRAMA DE SANGUE E HEMODERIVADOS,"ASSISTÊNCIA EM HEMATOLOGIA, HEMOTERAPIA,CÉLULAS E TECIDOS BIOLÓGICOS"
2027,1320,SECRETARIA DE ESTADO DE SAÚDE - HEMOMINAS,3,,2321,FUNDAÇÃO CENTRO DE HEMATOLOGIA E HEMOTERAPIA DE MINAS GERAIS - HEMOMINAS,3,3,90,40,10,1,,10,302,87,4,212,4212,1,,,17988508.00,0,DESENVOLVIMENTO DO PROGRAMA DE SANGUE E HEMODERIVADOS,"ASSISTÊNCIA EM HEMATOLOGIA, HEMOTERAPIA,CÉLULAS E TECIDOS BIOLÓGICOS"
2027,1320,SECRETARIA DE ESTADO DE SAÚDE - HEMOMINAS,3,,2321,FUNDAÇÃO CENTRO DE HEMATOLOGIA E HEMOTERAPIA DE MINAS GERAIS - HEMOMINAS,3,3,90,47,10,1,,10,302,87,4,212,4212,1,,,2102273.00,0,DESENVOLVIMENTO DO PROGRAMA DE SANGUE E HEMODERIVADOS,"ASSISTÊNCIA EM HEMATOLOGIA, HEMOTERAPIA,CÉLULAS E TECIDOS BIOLÓGICOS"
2027,1320,SECRETARIA DE ESTADO DE SAÚDE - HEMOMINAS,3,,2321,FUNDAÇÃO CENTRO DE HEMATOLOGIA E HEMOTERAPIA DE MINAS GERAIS - HEMOMINAS,3,3,90,59,10,1,,10,302,87,4,212,4212,1,,,21000.00,0,DESENVOLVIMENTO DO PROGRAMA DE SANGUE E HEMODERIVADOS,"ASSISTÊNCIA EM HEMATOLOGIA, HEMOTERAPIA,CÉLULAS E TECIDOS BIOLÓGICOS"
2027,1320,SECRETARIA DE ESTADO DE SAÚDE - HEMOMINAS,3,,2321,FUNDAÇÃO CENTRO DE HEMATOLOGIA E HEMOTERAPIA DE MINAS GERAIS - HEMOMINAS,3,3,90,8,10,1,,10,302,87,4,212,4212,1,,,180000.00,0,DESENVOLVIMENTO DO PROGRAMA DE SANGUE E HEMODERIVADOS,"ASSISTÊNCIA EM HEMATOLOGIA, HEMOTERAPIA,CÉLULAS E TECIDOS BIOLÓGICOS"
2027,1320,SECRETARIA DE ESTADO DE SAÚDE - HEMOMINAS,3,,2321,FUNDAÇÃO CENTRO DE HEMATOLOGIA E HEMOTERAPIA DE MINAS GERAIS - HEMOMINAS,3,3,90,93,10,1,,10,302,87,4,212,4212,1,,,1650.00,0,DESENVOLVIMENTO DO PROGRAMA DE SANGUE E HEMODERIVADOS,"ASSISTÊNCIA EM HEMATOLOGIA, HEMOTERAPIA,CÉLULAS E TECIDOS BIOLÓGICOS"
2027,1320,SECRETARIA DE ESTADO DE SAÚDE - HEMOMINAS,3,,2321,FUNDAÇÃO CENTRO DE HEMATOLOGIA E HEMOTERAPIA DE MINAS GERAIS - HEMOMINAS,3,3,90,30,10,1,,10,302,87,4,222,4222,1,,,287556.00,0,MODERNIZAÇÃO E/OU MELHORIA DA INFRAESTRUTURA FÍSICA E/OU TÉCNOLÓGICA DAS UNIDADES DA FUNDAÇÃO HEMOMINAS,"ASSISTÊNCIA EM HEMATOLOGIA, HEMOTERAPIA,CÉLULAS E TECIDOS BIOLÓGICOS"
2027,1320,SECRETARIA DE ESTADO DE SAÚDE - HEMOMINAS,3,,2321,FUNDAÇÃO CENTRO DE HEMATOLOGIA E HEMOTERAPIA DE MINAS GERAIS - HEMOMINAS,3,3,90,36,10,1,,10,302,87,4,222,4222,1,,,181615.00,0,MODERNIZAÇÃO E/OU MELHORIA DA INFRAESTRUTURA FÍSICA E/OU TÉCNOLÓGICA DAS UNIDADES DA FUNDAÇÃO HEMOMINAS,"ASSISTÊNCIA EM HEMATOLOGIA, HEMOTERAPIA,CÉLULAS E TECIDOS BIOLÓGICOS"
2027,1320,SECRETARIA DE ESTADO DE SAÚDE - HEMOMINAS,3,,2321,FUNDAÇÃO CENTRO DE HEMATOLOGIA E HEMOTERAPIA DE MINAS GERAIS - HEMOMINAS,3,3,90,37,10,1,,10,302,87,4,222,4222,1,,,405461.00,0,MODERNIZAÇÃO E/OU MELHORIA DA INFRAESTRUTURA FÍSICA E/OU TÉCNOLÓGICA DAS UNIDADES DA FUNDAÇÃO HEMOMINAS,"ASSISTÊNCIA EM HEMATOLOGIA, HEMOTERAPIA,CÉLULAS E TECIDOS BIOLÓGICOS"
2027,1320,SECRETARIA DE ESTADO DE SAÚDE - HEMOMINAS,3,,2321,FUNDAÇÃO CENTRO DE HEMATOLOGIA E HEMOTERAPIA DE MINAS GERAIS - HEMOMINAS,3,3,90,39,10,1,,10,302,87,4,222,4222,1,,,10253322.00,0,MODERNIZAÇÃO E/OU MELHORIA DA INFRAESTRUTURA FÍSICA E/OU TÉCNOLÓGICA DAS UNIDADES DA FUNDAÇÃO HEMOMINAS,"ASSISTÊNCIA EM HEMATOLOGIA, HEMOTERAPIA,CÉLULAS E TECIDOS BIOLÓGICOS"
2027,1320,SECRETARIA DE ESTADO DE SAÚDE - HEMOMINAS,3,,2321,FUNDAÇÃO CENTRO DE HEMATOLOGIA E HEMOTERAPIA DE MINAS GERAIS - HEMOMINAS,3,3,90,40,10,1,,10,302,87,4,222,4222,1,,,558471.00,0,MODERNIZAÇÃO E/OU MELHORIA DA INFRAESTRUTURA FÍSICA E/OU TÉCNOLÓGICA DAS UNIDADES DA FUNDAÇÃO HEMOMINAS,"ASSISTÊNCIA EM HEMATOLOGIA, HEMOTERAPIA,CÉLULAS E TECIDOS BIOLÓGICOS"
2027,1320,SECRETARIA DE ESTADO DE SAÚDE - HEMOMINAS,3,,2321,FUNDAÇÃO CENTRO DE HEMATOLOGIA E HEMOTERAPIA DE MINAS GERAIS - HEMOMINAS,3,3,90,8,10,1,,10,302,87,4,222,4222,1,,,18000.00,0,MODERNIZAÇÃO E/OU MELHORIA DA INFRAESTRUTURA FÍSICA E/OU TÉCNOLÓGICA DAS UNIDADES DA FUNDAÇÃO HEMOMINAS,"ASSISTÊNCIA EM HEMATOLOGIA, HEMOTERAPIA,CÉLULAS E TECIDOS BIOLÓGICOS"
2027,1320,SECRETARIA DE ESTADO DE SAÚDE - HEMOMINAS,3,,2321,FUNDAÇÃO CENTRO DE HEMATOLOGIA E HEMOTERAPIA DE MINAS GERAIS - HEMOMINAS,4,4,90,40,10,1,,10,302,87,4,222,4222,1,,,2292536.00,0,MODERNIZAÇÃO E/OU MELHORIA DA INFRAESTRUTURA FÍSICA E/OU TÉCNOLÓGICA DAS UNIDADES DA FUNDAÇÃO HEMOMINAS,"ASSISTÊNCIA EM HEMATOLOGIA, HEMOTERAPIA,CÉLULAS E TECIDOS BIOLÓGICOS"
2027,1320,SECRETARIA DE ESTADO DE SAÚDE - HEMOMINAS,3,,2321,FUNDAÇÃO CENTRO DE HEMATOLOGIA E HEMOTERAPIA DE MINAS GERAIS - HEMOMINAS,4,4,90,51,10,1,,10,302,87,4,222,4222,1,,,2063872.00,0,MODERNIZAÇÃO E/OU MELHORIA DA INFRAESTRUTURA FÍSICA E/OU TÉCNOLÓGICA DAS UNIDADES DA FUNDAÇÃO HEMOMINAS,"ASSISTÊNCIA EM HEMATOLOGIA, HEMOTERAPIA,CÉLULAS E TECIDOS BIOLÓGICOS"
2027,1320,SECRETARIA DE ESTADO DE SAÚDE - HEMOMINAS,3,,2321,FUNDAÇÃO CENTRO DE HEMATOLOGIA E HEMOTERAPIA DE MINAS GERAIS - HEMOMINAS,4,4,90,52,1,1,,10,302,87,4,222,4222,1,,,265810.00,0,MODERNIZAÇÃO E/OU MELHORIA DA INFRAESTRUTURA FÍSICA E/OU TÉCNOLÓGICA DAS UNIDADES DA FUNDAÇÃO HEMOMINAS,"ASSISTÊNCIA EM HEMATOLOGIA, HEMOTERAPIA,CÉLULAS E TECIDOS BIOLÓGICOS"
2027,1320,SECRETARIA DE ESTADO DE SAÚDE - HEMOMINAS,3,,2321,FUNDAÇÃO CENTRO DE HEMATOLOGIA E HEMOTERAPIA DE MINAS GERAIS - HEMOMINAS,4,4,90,52,10,1,,10,302,87,4,222,4222,1,,,12292149.00,0,MODERNIZAÇÃO E/OU MELHORIA DA INFRAESTRUTURA FÍSICA E/OU TÉCNOLÓGICA DAS UNIDADES DA FUNDAÇÃO HEMOMINAS,"ASSISTÊNCIA EM HEMATOLOGIA, HEMOTERAPIA,CÉLULAS E TECIDOS BIOLÓGICOS"
2027,1320,SECRETARIA DE ESTADO DE SAÚDE - HEMOMINAS,3,,2321,FUNDAÇÃO CENTRO DE HEMATOLOGIA E HEMOTERAPIA DE MINAS GERAIS - HEMOMINAS,4,4,90,52,24,1,,10,302,87,4,222,4222,1,,,2237541.00,0,MODERNIZAÇÃO E/OU MELHORIA DA INFRAESTRUTURA FÍSICA E/OU TÉCNOLÓGICA DAS UNIDADES DA FUNDAÇÃO HEMOMINAS,"ASSISTÊNCIA EM HEMATOLOGIA, HEMOTERAPIA,CÉLULAS E TECIDOS BIOLÓGICOS"
2027,1320,SECRETARIA DE ESTADO DE SAÚDE - HEMOMINAS,3,,2321,FUNDAÇÃO CENTRO DE HEMATOLOGIA E HEMOTERAPIA DE MINAS GERAIS - HEMOMINAS,4,4,90,52,47,1,,10,302,87,4,222,4222,1,,,40000.00,0,MODERNIZAÇÃO E/OU MELHORIA DA INFRAESTRUTURA FÍSICA E/OU TÉCNOLÓGICA DAS UNIDADES DA FUNDAÇÃO HEMOMINAS,"ASSISTÊNCIA EM HEMATOLOGIA, HEMOTERAPIA,CÉLULAS E TECIDOS BIOLÓGICOS"
2027,1320,SECRETARIA DE ESTADO DE SAÚDE - HEMOMINAS,3,,2321,FUNDAÇÃO CENTRO DE HEMATOLOGIA E HEMOTERAPIA DE MINAS GERAIS - HEMOMINAS,3,3,90,30,10,1,,10,302,87,4,237,4237,1,,,3366181.00,0,CENTRO DE TECIDOS BIOLÓGICOS DE MINAS GERAIS - CETEBIO,"ASSISTÊNCIA EM HEMATOLOGIA, HEMOTERAPIA,CÉLULAS E TECIDOS BIOLÓGICOS"
2027,1320,SECRETARIA DE ESTADO DE SAÚDE - HEMOMINAS,3,,2321,FUNDAÇÃO CENTRO DE HEMATOLOGIA E HEMOTERAPIA DE MINAS GERAIS - HEMOMINAS,3,3,90,36,10,1,,10,302,87,4,237,4237,1,,,42800.00,0,CENTRO DE TECIDOS BIOLÓGICOS DE MINAS GERAIS - CETEBIO,"ASSISTÊNCIA EM HEMATOLOGIA, HEMOTERAPIA,CÉLULAS E TECIDOS BIOLÓGICOS"
2027,1320,SECRETARIA DE ESTADO DE SAÚDE - HEMOMINAS,3,,2321,FUNDAÇÃO CENTRO DE HEMATOLOGIA E HEMOTERAPIA DE MINAS GERAIS - HEMOMINAS,3,3,90,37,10,1,,10,302,87,4,237,4237,1,,,1518012.00,0,CENTRO DE TECIDOS BIOLÓGICOS DE MINAS GERAIS - CETEBIO,"ASSISTÊNCIA EM HEMATOLOGIA, HEMOTERAPIA,CÉLULAS E TECIDOS BIOLÓGICOS"
2027,1320,SECRETARIA DE ESTADO DE SAÚDE - HEMOMINAS,3,,2321,FUNDAÇÃO CENTRO DE HEMATOLOGIA E HEMOTERAPIA DE MINAS GERAIS - HEMOMINAS,3,3,90,39,10,1,,10,302,87,4,237,4237,1,,,1729241.00,0,CENTRO DE TECIDOS BIOLÓGICOS DE MINAS GERAIS - CETEBIO,"ASSISTÊNCIA EM HEMATOLOGIA, HEMOTERAPIA,CÉLULAS E TECIDOS BIOLÓGICOS"
2027,1320,SECRETARIA DE ESTADO DE SAÚDE - HEMOMINAS,3,,2321,FUNDAÇÃO CENTRO DE HEMATOLOGIA E HEMOTERAPIA DE MINAS GERAIS - HEMOMINAS,3,3,90,47,10,1,,10,302,87,4,237,4237,1,,,230.00,0,CENTRO DE TECIDOS BIOLÓGICOS DE MINAS GERAIS - CETEBIO,"ASSISTÊNCIA EM HEMATOLOGIA, HEMOTERAPIA,CÉLULAS E TECIDOS BIOLÓGICOS"
2027,1320,SECRETARIA DE ESTADO DE SAÚDE - HEMOMINAS,3,,2321,FUNDAÇÃO CENTRO DE HEMATOLOGIA E HEMOTERAPIA DE MINAS GERAIS - HEMOMINAS,3,3,90,8,10,1,,10,302,87,4,237,4237,1,,,7200.00,0,CENTRO DE TECIDOS BIOLÓGICOS DE MINAS GERAIS - CETEBIO,"ASSISTÊNCIA EM HEMATOLOGIA, HEMOTERAPIA,CÉLULAS E TECIDOS BIOLÓGICOS"
2027,1320,SECRETARIA DE ESTADO DE SAÚDE - HEMOMINAS,3,,2321,FUNDAÇÃO CENTRO DE HEMATOLOGIA E HEMOTERAPIA DE MINAS GERAIS - HEMOMINAS,3,1,90,91,60,9,,28,846,705,7,4,7004,1,,,3328417.00,0,PRECATÓRIOS E SENTENÇAS JUDICIÁRIAS,APOIO ÀS POLÍTICAS PÚBLICAS
2027,1320,SECRETARIA DE ESTADO DE SAÚDE - FES,3,,4291,FUNDO ESTADUAL DE SAÚDE - FES,3,3,90,35,10,1,,10,122,59,2,23,2023,1,,,1500000.00,0,POLÍTICAS E AÇÕES DE TECNOLOGIAS DA INFORMAÇÃO E COMUNICAÇÃO (TIC),APOIO À GESTÃO DO SUS
2027,1320,SECRETARIA DE ESTADO DE SAÚDE - FES,3,,4291,FUNDO ESTADUAL DE SAÚDE - FES,3,3,90,39,10,1,,10,122,59,2,23,2023,1,,,60000.00,0,POLÍTICAS E AÇÕES DE TECNOLOGIAS DA INFORMAÇÃO E COMUNICAÇÃO (TIC),APOIO À GESTÃO DO SUS
2027,1320,SECRETARIA DE ESTADO DE SAÚDE - FES,3,,4291,FUNDO ESTADUAL DE SAÚDE - FES,3,3,90,40,10,1,,10,122,59,2,23,2023,1,,,76610000.00,0,POLÍTICAS E AÇÕES DE TECNOLOGIAS DA INFORMAÇÃO E COMUNICAÇÃO (TIC),APOIO À GESTÃO DO SUS
2027,1320,SECRETARIA DE ESTADO DE SAÚDE - FES,3,,4291,FUNDO ESTADUAL DE SAÚDE - FES,4,4,90,40,10,1,,10,122,59,2,23,2023,1,,,10000000.00,0,POLÍTICAS E AÇÕES DE TECNOLOGIAS DA INFORMAÇÃO E COMUNICAÇÃO (TIC),APOIO À GESTÃO DO SUS
2027,1320,SECRETARIA DE ESTADO DE SAÚDE - FES,3,,4291,FUNDO ESTADUAL DE SAÚDE - FES,3,3,90,14,10,1,,10,122,59,2,24,2024,1,,,10200000.00,0,GESTÃO REGIONAL EM SAÚDE,APOIO À GESTÃO DO SUS
2027,1320,SECRETARIA DE ESTADO DE SAÚDE - FES,3,,4291,FUNDO ESTADUAL DE SAÚDE - FES,3,3,90,33,10,1,,10,122,59,2,24,2024,1,,,250000.00,0,GESTÃO REGIONAL EM SAÚDE,APOIO À GESTÃO DO SUS
2027,1320,SECRETARIA DE ESTADO DE SAÚDE - FES,3,,4291,FUNDO ESTADUAL DE SAÚDE - FES,3,3,90,37,10,1,,10,122,59,2,24,2024,1,,,133671077.00,0,GESTÃO REGIONAL EM SAÚDE,APOIO À GESTÃO DO SUS
2027,1320,SECRETARIA DE ESTADO DE SAÚDE - FES,3,,4291,FUNDO ESTADUAL DE SAÚDE - FES,3,3,90,39,10,1,,10,122,59,2,24,2024,1,,,45965788.00,0,GESTÃO REGIONAL EM SAÚDE,APOIO À GESTÃO DO SUS
2027,1320,SECRETARIA DE ESTADO DE SAÚDE - FES,3,,4291,FUNDO ESTADUAL DE SAÚDE - FES,3,3,90,14,10,1,,10,122,59,2,26,2026,1,,,650000.00,0,"SATISFAÇÃO, RECONHECIMENTO E EDUCAÇÃO NA SAÚDE",APOIO À GESTÃO DO SUS
2027,1320,SECRETARIA DE ESTADO DE SAÚDE - FES,3,,4291,FUNDO ESTADUAL DE SAÚDE - FES,3,3,90,33,10,1,,10,122,59,2,26,2026,1,,,370000.00,0,"SATISFAÇÃO, RECONHECIMENTO E EDUCAÇÃO NA SAÚDE",APOIO À GESTÃO DO SUS
2027,1320,SECRETARIA DE ESTADO DE SAÚDE - FES,3,,4291,FUNDO ESTADUAL DE SAÚDE - FES,3,3,90,39,10,1,,10,122,59,2,26,2026,1,,,1488000.00,0,"SATISFAÇÃO, RECONHECIMENTO E EDUCAÇÃO NA SAÚDE",APOIO À GESTÃO DO SUS
2027,1320,SECRETARIA DE ESTADO DE SAÚDE - FES,3,,4291,FUNDO ESTADUAL DE SAÚDE - FES,3,3,90,39,92,1,,10,122,59,2,26,2026,1,,,3709000.00,0,"SATISFAÇÃO, RECONHECIMENTO E EDUCAÇÃO NA SAÚDE",APOIO À GESTÃO DO SUS
2027,1320,SECRETARIA DE ESTADO DE SAÚDE - FES,3,,4291,FUNDO ESTADUAL DE SAÚDE - FES,3,3,90,14,10,1,,10,122,59,4,458,4458,1,,,10000.00,0,PROMOÇÃO E FORTALECIMENTO DA PARTICIPAÇÃO DO CONTROLE SOCIAL NA ÁREA DA SAÚDE,APOIO À GESTÃO DO SUS
2027,1320,SECRETARIA DE ESTADO DE SAÚDE - FES,3,,4291,FUNDO ESTADUAL DE SAÚDE - FES,3,3,90,33,10,1,,10,122,59,4,458,4458,1,,,293000.00,0,PROMOÇÃO E FORTALECIMENTO DA PARTICIPAÇÃO DO CONTROLE SOCIAL NA ÁREA DA SAÚDE,APOIO À GESTÃO DO SUS
2027,1320,SECRETARIA DE ESTADO DE SAÚDE - FES,3,,4291,FUNDO ESTADUAL DE SAÚDE - FES,3,3,90,36,10,1,,10,122,59,4,458,4458,1,,,670000.00,0,PROMOÇÃO E FORTALECIMENTO DA PARTICIPAÇÃO DO CONTROLE SOCIAL NA ÁREA DA SAÚDE,APOIO À GESTÃO DO SUS
2027,1320,SECRETARIA DE ESTADO DE SAÚDE - FES,3,,4291,FUNDO ESTADUAL DE SAÚDE - FES,3,3,90,39,10,1,,10,122,59,4,458,4458,1,,,6207000.00,0,PROMOÇÃO E FORTALECIMENTO DA PARTICIPAÇÃO DO CONTROLE SOCIAL NA ÁREA DA SAÚDE,APOIO À GESTÃO DO SUS
2027,1320,SECRETARIA DE ESTADO DE SAÚDE - FES,3,,4291,FUNDO ESTADUAL DE SAÚDE - FES,4,4,90,52,10,1,,10,122,59,4,458,4458,1,,,59000.00,0,PROMOÇÃO E FORTALECIMENTO DA PARTICIPAÇÃO DO CONTROLE SOCIAL NA ÁREA DA SAÚDE,APOIO À GESTÃO DO SUS
2027,1320,SECRETARIA DE ESTADO DE SAÚDE - FES,3,,4291,FUNDO ESTADUAL DE SAÚDE - FES,3,3,50,41,57,1,,10,122,705,2,500,2500,1,,,2500000.00,0,ASSESSORAMENTO E GERENCIAMENTO DE POLÍTICAS PÚBLICAS,APOIO ÀS POLÍTICAS PÚBLICAS
2027,1320,SECRETARIA DE ESTADO DE SAÚDE - FES,3,,4291,FUNDO ESTADUAL DE SAÚDE - FES,3,3,70,41,57,1,,10,122,705,2,500,2500,1,,,28637885.00,0,ASSESSORAMENTO E GERENCIAMENTO DE POLÍTICAS PÚBLICAS,APOIO ÀS POLÍTICAS PÚBLICAS
2027,1320,SECRETARIA DE ESTADO DE SAÚDE - FES,3,,4291,FUNDO ESTADUAL DE SAÚDE - FES,3,3,90,14,10,1,,10,122,705,2,500,2500,1,,,1110000.00,0,ASSESSORAMENTO E GERENCIAMENTO DE POLÍTICAS PÚBLICAS,APOIO ÀS POLÍTICAS PÚBLICAS
2027,1320,SECRETARIA DE ESTADO DE SAÚDE - FES,3,,4291,FUNDO ESTADUAL DE SAÚDE - FES,3,3,90,30,10,1,,10,122,705,2,500,2500,1,,,300000.00,0,ASSESSORAMENTO E GERENCIAMENTO DE POLÍTICAS PÚBLICAS,APOIO ÀS POLÍTICAS PÚBLICAS
2027,1320,SECRETARIA DE ESTADO DE SAÚDE - FES,3,,4291,FUNDO ESTADUAL DE SAÚDE - FES,3,3,90,33,10,1,,10,122,705,2,500,2500,1,,,1084541.00,0,ASSESSORAMENTO E GERENCIAMENTO DE POLÍTICAS PÚBLICAS,APOIO ÀS POLÍTICAS PÚBLICAS
2027,1320,SECRETARIA DE ESTADO DE SAÚDE - FES,3,,4291,FUNDO ESTADUAL DE SAÚDE - FES,3,3,90,35,10,1,,10,122,705,2,500,2500,1,,,14000000.00,0,ASSESSORAMENTO E GERENCIAMENTO DE POLÍTICAS PÚBLICAS,APOIO ÀS POLÍTICAS PÚBLICAS
2027,1320,SECRETARIA DE ESTADO DE SAÚDE - FES,3,,4291,FUNDO ESTADUAL DE SAÚDE - FES,3,3,90,37,10,1,,10,122,705,2,500,2500,1,,,129618842.00,0,ASSESSORAMENTO E GERENCIAMENTO DE POLÍTICAS PÚBLICAS,APOIO ÀS POLÍTICAS PÚBLICAS
2027,1320,SECRETARIA DE ESTADO DE SAÚDE - FES,3,,4291,FUNDO ESTADUAL DE SAÚDE - FES,3,3,90,39,10,1,,10,122,705,2,500,2500,1,,,116457563.00,0,ASSESSORAMENTO E GERENCIAMENTO DE POLÍTICAS PÚBLICAS,APOIO ÀS POLÍTICAS PÚBLICAS
2027,1320,SECRETARIA DE ESTADO DE SAÚDE - FES,3,,4291,FUNDO ESTADUAL DE SAÚDE - FES,3,3,90,39,24,1,,10,122,705,2,500,2500,1,,,700000.00,0,ASSESSORAMENTO E GERENCIAMENTO DE POLÍTICAS PÚBLICAS,APOIO ÀS POLÍTICAS PÚBLICAS
2027,1320,SECRETARIA DE ESTADO DE SAÚDE - FES,3,,4291,FUNDO ESTADUAL DE SAÚDE - FES,3,3,90,39,57,1,,10,122,705,2,500,2500,1,,,637885.00,0,ASSESSORAMENTO E GERENCIAMENTO DE POLÍTICAS PÚBLICAS,APOIO ÀS POLÍTICAS PÚBLICAS
2027,1320,SECRETARIA DE ESTADO DE SAÚDE - FES,3,,4291,FUNDO ESTADUAL DE SAÚDE - FES,3,3,90,40,10,1,,10,122,705,2,500,2500,1,,,1975678.00,0,ASSESSORAMENTO E GERENCIAMENTO DE POLÍTICAS PÚBLICAS,APOIO ÀS POLÍTICAS PÚBLICAS
2027,1320,SECRETARIA DE ESTADO DE SAÚDE - FES,3,,4291,FUNDO ESTADUAL DE SAÚDE - FES,3,3,41,41,10,1,,10,242,61,4,129,4129,1,,,125113375.00,0,APOIO E FORTALECIMENTO DA REDE DE CUIDADO À PESSOA COM DEFICIÊNCIA,ATENÇÃO ESPECIALIZADA À SAÚDE
2027,1320,SECRETARIA DE ESTADO DE SAÚDE - FES,3,,4291,FUNDO ESTADUAL DE SAÚDE - FES,3,3,41,41,71,1,,10,242,61,4,129,4129,1,,,52209638.00,0,APOIO E FORTALECIMENTO DA REDE DE CUIDADO À PESSOA COM DEFICIÊNCIA,ATENÇÃO ESPECIALIZADA À SAÚDE
2027,1320,SECRETARIA DE ESTADO DE SAÚDE - FES,3,,4291,FUNDO ESTADUAL DE SAÚDE - FES,3,3,90,14,10,1,,10,242,61,4,129,4129,1,,,250000.00,0,APOIO E FORTALECIMENTO DA REDE DE CUIDADO À PESSOA COM DEFICIÊNCIA,ATENÇÃO ESPECIALIZADA À SAÚDE
2027,1320,SECRETARIA DE ESTADO DE SAÚDE - FES,3,,4291,FUNDO ESTADUAL DE SAÚDE - FES,3,3,90,30,10,1,,10,242,61,4,129,4129,1,,,11917864.00,0,APOIO E FORTALECIMENTO DA REDE DE CUIDADO À PESSOA COM DEFICIÊNCIA,ATENÇÃO ESPECIALIZADA À SAÚDE
2027,1320,SECRETARIA DE ESTADO DE SAÚDE - FES,3,,4291,FUNDO ESTADUAL DE SAÚDE - FES,3,3,90,30,71,1,,10,242,61,4,129,4129,1,,,23082136.00,0,APOIO E FORTALECIMENTO DA REDE DE CUIDADO À PESSOA COM DEFICIÊNCIA,ATENÇÃO ESPECIALIZADA À SAÚDE
2027,1320,SECRETARIA DE ESTADO DE SAÚDE - FES,3,,4291,FUNDO ESTADUAL DE SAÚDE - FES,3,3,90,30,92,1,,10,242,61,4,129,4129,1,,,19114764.00,0,APOIO E FORTALECIMENTO DA REDE DE CUIDADO À PESSOA COM DEFICIÊNCIA,ATENÇÃO ESPECIALIZADA À SAÚDE
2027,1320,SECRETARIA DE ESTADO DE SAÚDE - FES,3,,4291,FUNDO ESTADUAL DE SAÚDE - FES,3,3,90,33,10,1,,10,242,61,4,129,4129,1,,,50000.00,0,APOIO E FORTALECIMENTO DA REDE DE CUIDADO À PESSOA COM DEFICIÊNCIA,ATENÇÃO ESPECIALIZADA À SAÚDE
2027,1320,SECRETARIA DE ESTADO DE SAÚDE - FES,3,,4291,FUNDO ESTADUAL DE SAÚDE - FES,3,3,41,41,10,1,,10,301,60,4,125,4125,1,,,435000000.00,0,FORTALECIMENTO DA ATENÇÃO PRIMÁRIA À SAÚDE,ATENÇÃO PRIMÁRIA À SAÚDE
2027,1320,SECRETARIA DE ESTADO DE SAÚDE - FES,3,,4291,FUNDO ESTADUAL DE SAÚDE - FES,3,3,90,14,10,1,,10,301,60,4,125,4125,1,,,150000.00,0,FORTALECIMENTO DA ATENÇÃO PRIMÁRIA À SAÚDE,ATENÇÃO PRIMÁRIA À SAÚDE
2027,1320,SECRETARIA DE ESTADO DE SAÚDE - FES,3,,4291,FUNDO ESTADUAL DE SAÚDE - FES,3,3,90,33,10,1,,10,301,60,4,125,4125,1,,,150000.00,0,FORTALECIMENTO DA ATENÇÃO PRIMÁRIA À SAÚDE,ATENÇÃO PRIMÁRIA À SAÚDE
2027,1320,SECRETARIA DE ESTADO DE SAÚDE - FES,3,,4291,FUNDO ESTADUAL DE SAÚDE - FES,3,3,90,39,10,1,,10,301,60,4,125,4125,1,,,18426455.00,0,FORTALECIMENTO DA ATENÇÃO PRIMÁRIA À SAÚDE,ATENÇÃO PRIMÁRIA À SAÚDE
2027,1320,SECRETARIA DE ESTADO DE SAÚDE - FES,3,,4291,FUNDO ESTADUAL DE SAÚDE - FES,3,3,41,41,10,1,,10,301,60,4,126,4126,1,,,118991165.00,0,PROMOÇÃO À SAÚDE E POLÍTICAS DE EQUIDADE,ATENÇÃO PRIMÁRIA À SAÚDE
2027,1320,SECRETARIA DE ESTADO DE SAÚDE - FES,3,,4291,FUNDO ESTADUAL DE SAÚDE - FES,3,3,90,14,10,1,,10,301,60,4,126,4126,1,,,125000.00,0,PROMOÇÃO À SAÚDE E POLÍTICAS DE EQUIDADE,ATENÇÃO PRIMÁRIA À SAÚDE
2027,1320,SECRETARIA DE ESTADO DE SAÚDE - FES,3,,4291,FUNDO ESTADUAL DE SAÚDE - FES,3,3,90,33,10,1,,10,301,60,4,126,4126,1,,,100000.00,0,PROMOÇÃO À SAÚDE E POLÍTICAS DE EQUIDADE,ATENÇÃO PRIMÁRIA À SAÚDE
2027,1320,SECRETARIA DE ESTADO DE SAÚDE - FES,3,,4291,FUNDO ESTADUAL DE SAÚDE - FES,3,3,90,39,92,1,,10,301,60,4,126,4126,1,,,729012.00,0,PROMOÇÃO À SAÚDE E POLÍTICAS DE EQUIDADE,ATENÇÃO PRIMÁRIA À SAÚDE
2027,1320,SECRETARIA DE ESTADO DE SAÚDE - FES,3,,4291,FUNDO ESTADUAL DE SAÚDE - FES,4,4,41,42,10,1,,10,301,60,4,126,4126,1,,,1257955.00,0,PROMOÇÃO À SAÚDE E POLÍTICAS DE EQUIDADE,ATENÇÃO PRIMÁRIA À SAÚDE
2027,1320,SECRETARIA DE ESTADO DE SAÚDE - FES,3,,4291,FUNDO ESTADUAL DE SAÚDE - FES,4,4,41,42,10,1,,10,301,60,4,127,4127,1,,,100000000.00,0,ESTRUTURAÇÃO DA ATENÇÃO PRIMÁRIA,ATENÇÃO PRIMÁRIA À SAÚDE
2027,1320,SECRETARIA DE ESTADO DE SAÚDE - FES,3,,4291,FUNDO ESTADUAL DE SAÚDE - FES,3,3,90,39,10,1,,10,302,58,1,20,1020,1,,,7969000.00,1,IMPLANTAÇÃO DOS HOSPITAIS REGIONAIS,POLÍTICAS DE ATENÇÃO HOSPITALAR
2027,1320,SECRETARIA DE ESTADO DE SAÚDE - FES,3,,4291,FUNDO ESTADUAL DE SAÚDE - FES,3,3,41,41,10,1,,10,302,58,4,121,4121,1,,,2270730505.00,0,POLÍTICA DE ATENÇÃO HOSPITALAR E URGÊNCIA E EMERGÊNCIA,POLÍTICAS DE ATENÇÃO HOSPITALAR
2027,1320,SECRETARIA DE ESTADO DE SAÚDE - FES,3,,4291,FUNDO ESTADUAL DE SAÚDE - FES,3,3,45,41,10,1,,10,302,58,4,121,4121,1,,,205610000.00,0,POLÍTICA DE ATENÇÃO HOSPITALAR E URGÊNCIA E EMERGÊNCIA,POLÍTICAS DE ATENÇÃO HOSPITALAR
2027,1320,SECRETARIA DE ESTADO DE SAÚDE - FES,3,,4291,FUNDO ESTADUAL DE SAÚDE - FES,3,3,90,14,10,1,,10,302,58,4,121,4121,1,,,132500.00,0,POLÍTICA DE ATENÇÃO HOSPITALAR E URGÊNCIA E EMERGÊNCIA,POLÍTICAS DE ATENÇÃO HOSPITALAR
2027,1320,SECRETARIA DE ESTADO DE SAÚDE - FES,3,,4291,FUNDO ESTADUAL DE SAÚDE - FES,3,3,90,33,10,1,,10,302,58,4,121,4121,1,,,132500.00,0,POLÍTICA DE ATENÇÃO HOSPITALAR E URGÊNCIA E EMERGÊNCIA,POLÍTICAS DE ATENÇÃO HOSPITALAR
2027,1320,SECRETARIA DE ESTADO DE SAÚDE - FES,3,,4291,FUNDO ESTADUAL DE SAÚDE - FES,3,3,90,39,92,1,,10,302,58,4,121,4121,1,,,8725155.00,0,POLÍTICA DE ATENÇÃO HOSPITALAR E URGÊNCIA E EMERGÊNCIA,POLÍTICAS DE ATENÇÃO HOSPITALAR
2027,1320,SECRETARIA DE ESTADO DE SAÚDE - FES,3,,4291,FUNDO ESTADUAL DE SAÚDE - FES,3,3,41,41,10,1,,10,302,58,4,122,4122,1,,,301548060.00,0,POLÍTICAS PRÉ E PÓS HOSPITALARES DE URGÊNCIA E EMERGÊNCIA,POLÍTICAS DE ATENÇÃO HOSPITALAR
2027,1320,SECRETARIA DE ESTADO DE SAÚDE - FES,3,,4291,FUNDO ESTADUAL DE SAÚDE - FES,3,3,90,14,10,1,,10,302,58,4,122,4122,1,,,157500.00,0,POLÍTICAS PRÉ E PÓS HOSPITALARES DE URGÊNCIA E EMERGÊNCIA,POLÍTICAS DE ATENÇÃO HOSPITALAR
2027,1320,SECRETARIA DE ESTADO DE SAÚDE - FES,3,,4291,FUNDO ESTADUAL DE SAÚDE - FES,3,3,90,33,10,1,,10,302,58,4,122,4122,1,,,157500.00,0,POLÍTICAS PRÉ E PÓS HOSPITALARES DE URGÊNCIA E EMERGÊNCIA,POLÍTICAS DE ATENÇÃO HOSPITALAR
2027,1320,SECRETARIA DE ESTADO DE SAÚDE - FES,3,,4291,FUNDO ESTADUAL DE SAÚDE - FES,4,4,41,42,10,1,,10,302,58,4,123,4123,1,,,13000000.00,0,ESTRUTURAÇÃO DA ATENÇÃO HOSPITALAR E DE URGÊNCIA E EMERGÊNCIA,POLÍTICAS DE ATENÇÃO HOSPITALAR
2027,1320,SECRETARIA DE ESTADO DE SAÚDE - FES,3,,4291,FUNDO ESTADUAL DE SAÚDE - FES,3,3,41,41,10,1,,10,302,61,4,130,4130,1,,,135985145.00,0,APOIO E FORTALECIMENTO DA REDE DE ATENÇÃO PSICOSSOCIAL,ATENÇÃO ESPECIALIZADA À SAÚDE
2027,1320,SECRETARIA DE ESTADO DE SAÚDE - FES,3,,4291,FUNDO ESTADUAL DE SAÚDE - FES,3,3,90,14,10,1,,10,302,61,4,130,4130,1,,,80000.00,0,APOIO E FORTALECIMENTO DA REDE DE ATENÇÃO PSICOSSOCIAL,ATENÇÃO ESPECIALIZADA À SAÚDE
2027,1320,SECRETARIA DE ESTADO DE SAÚDE - FES,3,,4291,FUNDO ESTADUAL DE SAÚDE - FES,3,3,90,33,10,1,,10,302,61,4,130,4130,1,,,90000.00,0,APOIO E FORTALECIMENTO DA REDE DE ATENÇÃO PSICOSSOCIAL,ATENÇÃO ESPECIALIZADA À SAÚDE
2027,1320,SECRETARIA DE ESTADO DE SAÚDE - FES,3,,4291,FUNDO ESTADUAL DE SAÚDE - FES,3,3,41,41,10,1,,10,302,61,4,131,4131,1,,,304227031.00,0,ATENÇÃO ESPECIALIZADA AMBULATORIAL,ATENÇÃO ESPECIALIZADA À SAÚDE
2027,1320,SECRETARIA DE ESTADO DE SAÚDE - FES,3,,4291,FUNDO ESTADUAL DE SAÚDE - FES,3,3,70,41,10,1,,10,302,61,4,131,4131,1,,,2120000.00,0,ATENÇÃO ESPECIALIZADA AMBULATORIAL,ATENÇÃO ESPECIALIZADA À SAÚDE
2027,1320,SECRETARIA DE ESTADO DE SAÚDE - FES,3,,4291,FUNDO ESTADUAL DE SAÚDE - FES,3,3,90,14,10,1,,10,302,61,4,131,4131,1,,,499557.00,0,ATENÇÃO ESPECIALIZADA AMBULATORIAL,ATENÇÃO ESPECIALIZADA À SAÚDE
2027,1320,SECRETARIA DE ESTADO DE SAÚDE - FES,3,,4291,FUNDO ESTADUAL DE SAÚDE - FES,3,3,90,30,10,1,,10,302,61,4,131,4131,1,,,12435.00,0,ATENÇÃO ESPECIALIZADA AMBULATORIAL,ATENÇÃO ESPECIALIZADA À SAÚDE
2027,1320,SECRETARIA DE ESTADO DE SAÚDE - FES,3,,4291,FUNDO ESTADUAL DE SAÚDE - FES,3,3,90,33,10,1,,10,302,61,4,131,4131,1,,,157508.00,0,ATENÇÃO ESPECIALIZADA AMBULATORIAL,ATENÇÃO ESPECIALIZADA À SAÚDE
2027,1320,SECRETARIA DE ESTADO DE SAÚDE - FES,3,,4291,FUNDO ESTADUAL DE SAÚDE - FES,4,4,50,41,64,1,,10,302,61,4,131,4131,1,,,400000.00,0,ATENÇÃO ESPECIALIZADA AMBULATORIAL,ATENÇÃO ESPECIALIZADA À SAÚDE
2027,1320,SECRETARIA DE ESTADO DE SAÚDE - FES,3,,4291,FUNDO ESTADUAL DE SAÚDE - FES,4,4,50,41,65,1,,10,302,61,4,131,4131,1,,,400000.00,0,ATENÇÃO ESPECIALIZADA AMBULATORIAL,ATENÇÃO ESPECIALIZADA À SAÚDE
2027,1320,SECRETARIA DE ESTADO DE SAÚDE - FES,3,,4291,FUNDO ESTADUAL DE SAÚDE - FES,4,4,90,39,64,1,,10,302,61,4,131,4131,1,,,51000.00,0,ATENÇÃO ESPECIALIZADA AMBULATORIAL,ATENÇÃO ESPECIALIZADA À SAÚDE
2027,1320,SECRETARIA DE ESTADO DE SAÚDE - FES,3,,4291,FUNDO ESTADUAL DE SAÚDE - FES,4,4,90,39,65,1,,10,302,61,4,131,4131,1,,,2000.00,0,ATENÇÃO ESPECIALIZADA AMBULATORIAL,ATENÇÃO ESPECIALIZADA À SAÚDE
2027,1320,SECRETARIA DE ESTADO DE SAÚDE - FES,3,,4291,FUNDO ESTADUAL DE SAÚDE - FES,3,3,41,41,10,1,,10,302,61,4,132,4132,1,,,44880000.00,0,APOIO E FORTALECIMENTO DA REDE DE ATENÇÃO À SAÚDE BUCAL,ATENÇÃO ESPECIALIZADA À SAÚDE
2027,1320,SECRETARIA DE ESTADO DE SAÚDE - FES,3,,4291,FUNDO ESTADUAL DE SAÚDE - FES,3,3,90,14,10,1,,10,302,62,4,134,4134,1,,,150000.00,0,ACESSO DE URGÊNCIA E EMERGÊNCIA,ACESSO A SERVIÇOS DE SAÚDE
2027,1320,SECRETARIA DE ESTADO DE SAÚDE - FES,3,,4291,FUNDO ESTADUAL DE SAÚDE - FES,3,3,90,39,10,1,,10,302,62,4,134,4134,1,,,2986952.00,0,ACESSO DE URGÊNCIA E EMERGÊNCIA,ACESSO A SERVIÇOS DE SAÚDE
2027,1320,SECRETARIA DE ESTADO DE SAÚDE - FES,3,,4291,FUNDO ESTADUAL DE SAÚDE - FES,3,3,90,39,92,1,,10,302,62,4,134,4134,1,,,8596800.00,0,ACESSO DE URGÊNCIA E EMERGÊNCIA,ACESSO A SERVIÇOS DE SAÚDE
2027,1320,SECRETARIA DE ESTADO DE SAÚDE - FES,3,,4291,FUNDO ESTADUAL DE SAÚDE - FES,3,3,90,40,10,1,,10,302,62,4,134,4134,1,,,1130000.00,0,ACESSO DE URGÊNCIA E EMERGÊNCIA,ACESSO A SERVIÇOS DE SAÚDE
2027,1320,SECRETARIA DE ESTADO DE SAÚDE - FES,3,,4291,FUNDO ESTADUAL DE SAÚDE - FES,3,3,90,93,10,1,,10,302,62,4,134,4134,1,,,60000000.00,0,ACESSO DE URGÊNCIA E EMERGÊNCIA,ACESSO A SERVIÇOS DE SAÚDE
2027,1320,SECRETARIA DE ESTADO DE SAÚDE - FES,3,,4291,FUNDO ESTADUAL DE SAÚDE - FES,4,4,90,52,10,1,,10,302,62,4,134,4134,1,,,6165000.00,0,ACESSO DE URGÊNCIA E EMERGÊNCIA,ACESSO A SERVIÇOS DE SAÚDE
2027,1320,SECRETARIA DE ESTADO DE SAÚDE - FES,3,,4291,FUNDO ESTADUAL DE SAÚDE - FES,3,3,70,41,10,1,,10,302,62,4,135,4135,1,,,24000000.00,0,ACESSO ELETIVO,ACESSO A SERVIÇOS DE SAÚDE
2027,1320,SECRETARIA DE ESTADO DE SAÚDE - FES,3,,4291,FUNDO ESTADUAL DE SAÚDE - FES,3,3,90,14,10,1,,10,302,62,4,135,4135,1,,,25000.00,0,ACESSO ELETIVO,ACESSO A SERVIÇOS DE SAÚDE
2027,1320,SECRETARIA DE ESTADO DE SAÚDE - FES,3,,4291,FUNDO ESTADUAL DE SAÚDE - FES,3,3,90,33,10,1,,10,302,62,4,135,4135,1,,,25000.00,0,ACESSO ELETIVO,ACESSO A SERVIÇOS DE SAÚDE
2027,1320,SECRETARIA DE ESTADO DE SAÚDE - FES,3,,4291,FUNDO ESTADUAL DE SAÚDE - FES,3,3,41,41,10,1,,10,302,62,4,136,4136,1,,,1174950.00,0,SERVIÇOS MÓVEIS DE URGÊNCIA E EMERGÊNCIA,ACESSO A SERVIÇOS DE SAÚDE
2027,1320,SECRETARIA DE ESTADO DE SAÚDE - FES,3,,4291,FUNDO ESTADUAL DE SAÚDE - FES,3,3,90,33,10,1,,10,302,62,4,136,4136,1,,,3454613.00,0,SERVIÇOS MÓVEIS DE URGÊNCIA E EMERGÊNCIA,ACESSO A SERVIÇOS DE SAÚDE
2027,1320,SECRETARIA DE ESTADO DE SAÚDE - FES,3,,4291,FUNDO ESTADUAL DE SAÚDE - FES,3,3,90,39,10,1,,10,302,62,4,136,4136,1,,,437813988.00,0,SERVIÇOS MÓVEIS DE URGÊNCIA E EMERGÊNCIA,ACESSO A SERVIÇOS DE SAÚDE
2027,1320,SECRETARIA DE ESTADO DE SAÚDE - FES,3,,4291,FUNDO ESTADUAL DE SAÚDE - FES,3,3,90,39,37,1,,10,302,62,4,136,4136,1,,,6000000.00,0,SERVIÇOS MÓVEIS DE URGÊNCIA E EMERGÊNCIA,ACESSO A SERVIÇOS DE SAÚDE
2027,1320,SECRETARIA DE ESTADO DE SAÚDE - FES,3,,4291,FUNDO ESTADUAL DE SAÚDE - FES,3,3,90,39,92,1,,10,302,62,4,136,4136,1,,,192210077.00,0,SERVIÇOS MÓVEIS DE URGÊNCIA E EMERGÊNCIA,ACESSO A SERVIÇOS DE SAÚDE
2027,1320,SECRETARIA DE ESTADO DE SAÚDE - FES,3,,4291,FUNDO ESTADUAL DE SAÚDE - FES,3,3,50,41,63,1,,10,302,62,4,137,4137,1,,,400000.00,0,"PROGRAMAÇÃO, CONTRATAÇÃO E PROCESSAMENTO DE SERVIÇOS DE SAÚDE",ACESSO A SERVIÇOS DE SAÚDE
2027,1320,SECRETARIA DE ESTADO DE SAÚDE - FES,3,,4291,FUNDO ESTADUAL DE SAÚDE - FES,3,3,90,14,10,1,,10,302,62,4,137,4137,1,,,50000.00,0,"PROGRAMAÇÃO, CONTRATAÇÃO E PROCESSAMENTO DE SERVIÇOS DE SAÚDE",ACESSO A SERVIÇOS DE SAÚDE
2027,1320,SECRETARIA DE ESTADO DE SAÚDE - FES,3,,4291,FUNDO ESTADUAL DE SAÚDE - FES,3,3,90,39,10,1,,10,302,62,4,137,4137,1,,,54998027.00,0,"PROGRAMAÇÃO, CONTRATAÇÃO E PROCESSAMENTO DE SERVIÇOS DE SAÚDE",ACESSO A SERVIÇOS DE SAÚDE
2027,1320,SECRETARIA DE ESTADO DE SAÚDE - FES,3,,4291,FUNDO ESTADUAL DE SAÚDE - FES,3,3,90,39,62,1,,10,302,62,4,137,4137,1,,,1501000.00,0,"PROGRAMAÇÃO, CONTRATAÇÃO E PROCESSAMENTO DE SERVIÇOS DE SAÚDE",ACESSO A SERVIÇOS DE SAÚDE
2027,1320,SECRETARIA DE ESTADO DE SAÚDE - FES,3,,4291,FUNDO ESTADUAL DE SAÚDE - FES,3,3,90,39,63,1,,10,302,62,4,137,4137,1,,,2000.00,0,"PROGRAMAÇÃO, CONTRATAÇÃO E PROCESSAMENTO DE SERVIÇOS DE SAÚDE",ACESSO A SERVIÇOS DE SAÚDE
2027,1320,SECRETARIA DE ESTADO DE SAÚDE - FES,3,,4291,FUNDO ESTADUAL DE SAÚDE - FES,3,3,90,39,92,1,,10,302,62,4,137,4137,1,,,211121411.00,0,"PROGRAMAÇÃO, CONTRATAÇÃO E PROCESSAMENTO DE SERVIÇOS DE SAÚDE",ACESSO A SERVIÇOS DE SAÚDE
2027,1320,SECRETARIA DE ESTADO DE SAÚDE - FES,3,,4291,FUNDO ESTADUAL DE SAÚDE - FES,3,3,90,41,62,1,,10,302,62,4,137,4137,1,,,400000.00,0,"PROGRAMAÇÃO, CONTRATAÇÃO E PROCESSAMENTO DE SERVIÇOS DE SAÚDE",ACESSO A SERVIÇOS DE SAÚDE
2027,1320,SECRETARIA DE ESTADO DE SAÚDE - FES,3,,4291,FUNDO ESTADUAL DE SAÚDE - FES,3,3,41,41,10,1,,10,303,64,4,148,4148,1,,,85099205.00,0,ABASTECIMENTO DE MEDICAMENTOS,ASSISTÊNCIA FARMACÊUTICA
2027,1320,SECRETARIA DE ESTADO DE SAÚDE - FES,3,,4291,FUNDO ESTADUAL DE SAÚDE - FES,3,3,90,30,10,1,,10,303,64,4,148,4148,1,,,197785380.00,0,ABASTECIMENTO DE MEDICAMENTOS,ASSISTÊNCIA FARMACÊUTICA
2027,1320,SECRETARIA DE ESTADO DE SAÚDE - FES,3,,4291,FUNDO ESTADUAL DE SAÚDE - FES,3,3,90,30,92,1,,10,303,64,4,148,4148,1,,,191077676.00,0,ABASTECIMENTO DE MEDICAMENTOS,ASSISTÊNCIA FARMACÊUTICA
2027,1320,SECRETARIA DE ESTADO DE SAÚDE - FES,3,,4291,FUNDO ESTADUAL DE SAÚDE - FES,3,3,41,41,10,1,,10,303,64,4,149,4149,1,,,104912269.00,0,POLÍTICAS DE ASSISTÊNCIA FARMACÊUTICA,ASSISTÊNCIA FARMACÊUTICA
2027,1320,SECRETARIA DE ESTADO DE SAÚDE - FES,3,,4291,FUNDO ESTADUAL DE SAÚDE - FES,3,3,90,14,10,1,,10,303,64,4,149,4149,1,,,60000.00,0,POLÍTICAS DE ASSISTÊNCIA FARMACÊUTICA,ASSISTÊNCIA FARMACÊUTICA
2027,1320,SECRETARIA DE ESTADO DE SAÚDE - FES,3,,4291,FUNDO ESTADUAL DE SAÚDE - FES,3,3,90,33,10,1,,10,303,64,4,149,4149,1,,,160000.00,0,POLÍTICAS DE ASSISTÊNCIA FARMACÊUTICA,ASSISTÊNCIA FARMACÊUTICA
2027,1320,SECRETARIA DE ESTADO DE SAÚDE - FES,3,,4291,FUNDO ESTADUAL DE SAÚDE - FES,3,3,90,39,10,1,,10,303,64,4,149,4149,1,,,3289604.00,0,POLÍTICAS DE ASSISTÊNCIA FARMACÊUTICA,ASSISTÊNCIA FARMACÊUTICA
2027,1320,SECRETARIA DE ESTADO DE SAÚDE - FES,3,,4291,FUNDO ESTADUAL DE SAÚDE - FES,3,3,90,40,10,1,,10,303,64,4,149,4149,1,,,1248189.00,0,POLÍTICAS DE ASSISTÊNCIA FARMACÊUTICA,ASSISTÊNCIA FARMACÊUTICA
2027,1320,SECRETARIA DE ESTADO DE SAÚDE - FES,3,,4291,FUNDO ESTADUAL DE SAÚDE - FES,4,4,90,40,10,1,,10,303,64,4,149,4149,1,,,3525871.00,0,POLÍTICAS DE ASSISTÊNCIA FARMACÊUTICA,ASSISTÊNCIA FARMACÊUTICA
2027,1320,SECRETARIA DE ESTADO DE SAÚDE - FES,3,,4291,FUNDO ESTADUAL DE SAÚDE - FES,3,3,70,41,10,1,,10,304,63,4,147,4147,1,,,35000000.00,0,VIGILÂNCIA SANITÁRIA,VIGILÂNCIA EM SAÚDE
2027,1320,SECRETARIA DE ESTADO DE SAÚDE - FES,3,,4291,FUNDO ESTADUAL DE SAÚDE - FES,3,3,90,14,10,1,,10,304,63,4,147,4147,1,,,1000000.00,0,VIGILÂNCIA SANITÁRIA,VIGILÂNCIA EM SAÚDE
2027,1320,SECRETARIA DE ESTADO DE SAÚDE - FES,3,,4291,FUNDO ESTADUAL DE SAÚDE - FES,3,3,90,39,92,1,,10,304,63,4,147,4147,1,,,8223588.00,0,VIGILÂNCIA SANITÁRIA,VIGILÂNCIA EM SAÚDE
2027,1320,SECRETARIA DE ESTADO DE SAÚDE - FES,3,,4291,FUNDO ESTADUAL DE SAÚDE - FES,3,3,90,40,10,1,,10,304,63,4,147,4147,1,,,336400.00,0,VIGILÂNCIA SANITÁRIA,VIGILÂNCIA EM SAÚDE
2027,1320,SECRETARIA DE ESTADO DE SAÚDE - FES,3,,4291,FUNDO ESTADUAL DE SAÚDE - FES,3,3,90,93,10,1,,10,304,63,4,147,4147,1,,,50000.00,0,VIGILÂNCIA SANITÁRIA,VIGILÂNCIA EM SAÚDE
2027,1320,SECRETARIA DE ESTADO DE SAÚDE - FES,3,,4291,FUNDO ESTADUAL DE SAÚDE - FES,4,4,90,40,10,1,,10,304,63,4,147,4147,1,,,2879900.00,0,VIGILÂNCIA SANITÁRIA,VIGILÂNCIA EM SAÚDE
2027,1320,SECRETARIA DE ESTADO DE SAÚDE - FES,3,,4291,FUNDO ESTADUAL DE SAÚDE - FES,3,3,41,41,10,1,,10,305,101,4,241,4241,1,,,4464757.00,0,VIGILÂNCIA E PREPARAÇÃO EM SAÚDE AMBIENTAL NA REGIÃO DO SEMIÁRIDO MINEIRO,PROGRAMA ENCONTRO DAS ÁGUAS
2027,1320,SECRETARIA DE ESTADO DE SAÚDE - FES,3,,4291,FUNDO ESTADUAL DE SAÚDE - FES,3,3,90,39,10,1,,10,305,63,1,21,1021,1,,,8000000.00,0,VACINA MAIS MINAS,VIGILÂNCIA EM SAÚDE
2027,1320,SECRETARIA DE ESTADO DE SAÚDE - FES,3,,4291,FUNDO ESTADUAL DE SAÚDE - FES,3,3,50,41,98,1,,10,305,63,4,143,4143,1,,,1000.00,0,ASSESSORAMENTO E GERENCIAMENTO DE POLÍTICAS DE VIGILÂNCIA EM SAÚDE,VIGILÂNCIA EM SAÚDE
2027,1320,SECRETARIA DE ESTADO DE SAÚDE - FES,3,,4291,FUNDO ESTADUAL DE SAÚDE - FES,3,3,70,41,10,1,,10,305,63,4,143,4143,1,,,48758334.00,0,ASSESSORAMENTO E GERENCIAMENTO DE POLÍTICAS DE VIGILÂNCIA EM SAÚDE,VIGILÂNCIA EM SAÚDE
2027,1320,SECRETARIA DE ESTADO DE SAÚDE - FES,3,,4291,FUNDO ESTADUAL DE SAÚDE - FES,3,3,90,14,10,1,,10,305,63,4,143,4143,1,,,1963516.00,0,ASSESSORAMENTO E GERENCIAMENTO DE POLÍTICAS DE VIGILÂNCIA EM SAÚDE,VIGILÂNCIA EM SAÚDE
2027,1320,SECRETARIA DE ESTADO DE SAÚDE - FES,3,,4291,FUNDO ESTADUAL DE SAÚDE - FES,3,3,90,14,92,1,,10,305,63,4,143,4143,1,,,33367504.00,0,ASSESSORAMENTO E GERENCIAMENTO DE POLÍTICAS DE VIGILÂNCIA EM SAÚDE,VIGILÂNCIA EM SAÚDE
2027,1320,SECRETARIA DE ESTADO DE SAÚDE - FES,3,,4291,FUNDO ESTADUAL DE SAÚDE - FES,3,3,90,30,92,1,,10,305,63,4,143,4143,1,,,7458000.00,0,ASSESSORAMENTO E GERENCIAMENTO DE POLÍTICAS DE VIGILÂNCIA EM SAÚDE,VIGILÂNCIA EM SAÚDE
2027,1320,SECRETARIA DE ESTADO DE SAÚDE - FES,3,,4291,FUNDO ESTADUAL DE SAÚDE - FES,3,3,90,39,98,1,,10,305,63,4,143,4143,1,,,2000.00,0,ASSESSORAMENTO E GERENCIAMENTO DE POLÍTICAS DE VIGILÂNCIA EM SAÚDE,VIGILÂNCIA EM SAÚDE
2027,1320,SECRETARIA DE ESTADO DE SAÚDE - FES,3,,4291,FUNDO ESTADUAL DE SAÚDE - FES,3,3,90,41,10,1,,10,305,63,4,143,4143,1,,,42513913.00,0,ASSESSORAMENTO E GERENCIAMENTO DE POLÍTICAS DE VIGILÂNCIA EM SAÚDE,VIGILÂNCIA EM SAÚDE
2027,1320,SECRETARIA DE ESTADO DE SAÚDE - FES,3,,4291,FUNDO ESTADUAL DE SAÚDE - FES,3,3,90,93,60,1,,10,305,63,4,143,4143,1,,,26000000.00,0,ASSESSORAMENTO E GERENCIAMENTO DE POLÍTICAS DE VIGILÂNCIA EM SAÚDE,VIGILÂNCIA EM SAÚDE
2027,1320,SECRETARIA DE ESTADO DE SAÚDE - FES,3,,4291,FUNDO ESTADUAL DE SAÚDE - FES,4,4,50,41,98,1,,10,305,63,4,143,4143,1,,,1000.00,0,ASSESSORAMENTO E GERENCIAMENTO DE POLÍTICAS DE VIGILÂNCIA EM SAÚDE,VIGILÂNCIA EM SAÚDE
2027,1320,SECRETARIA DE ESTADO DE SAÚDE - FES,3,,4291,FUNDO ESTADUAL DE SAÚDE - FES,4,4,90,39,93,1,,10,305,63,4,143,4143,1,,,1001000.00,0,ASSESSORAMENTO E GERENCIAMENTO DE POLÍTICAS DE VIGILÂNCIA EM SAÚDE,VIGILÂNCIA EM SAÚDE
2027,1320,SECRETARIA DE ESTADO DE SAÚDE - FES,3,,4291,FUNDO ESTADUAL DE SAÚDE - FES,3,3,90,30,10,1,,10,305,63,4,144,4144,1,,,2754500.00,0,VIGILÂNCIA DE CONDIÇÕES CRÔNICAS,VIGILÂNCIA EM SAÚDE
2027,1320,SECRETARIA DE ESTADO DE SAÚDE - FES,3,,4291,FUNDO ESTADUAL DE SAÚDE - FES,3,3,90,30,92,1,,10,305,63,4,144,4144,1,,,2613300.00,0,VIGILÂNCIA DE CONDIÇÕES CRÔNICAS,VIGILÂNCIA EM SAÚDE
2027,1320,SECRETARIA DE ESTADO DE SAÚDE - FES,3,,4291,FUNDO ESTADUAL DE SAÚDE - FES,3,3,90,39,10,1,,10,305,63,4,144,4144,1,,,5200000.00,0,VIGILÂNCIA DE CONDIÇÕES CRÔNICAS,VIGILÂNCIA EM SAÚDE
2027,1320,SECRETARIA DE ESTADO DE SAÚDE - FES,3,,4291,FUNDO ESTADUAL DE SAÚDE - FES,3,3,41,41,10,1,,10,305,63,4,145,4145,1,,,99044147.00,0,VIGILÂNCIA DE DOENÇAS TRANSMISSÍVEIS E IMUNIZAÇÃO,VIGILÂNCIA EM SAÚDE
2027,1320,SECRETARIA DE ESTADO DE SAÚDE - FES,3,,4291,FUNDO ESTADUAL DE SAÚDE - FES,3,3,41,41,10,1,,10,305,63,4,146,4146,1,,,10608676.00,0,VIGILÂNCIA EM SAÚDE AMBIENTAL E SAÚDE DO TRABALHADOR,VIGILÂNCIA EM SAÚDE
2027,1320,SECRETARIA DE ESTADO DE SAÚDE - FES,3,,4291,FUNDO ESTADUAL DE SAÚDE - FES,3,3,90,30,10,1,,10,61,62,4,133,4133,1,,,311311418.00,0,ATENDIMENTO ÀS MEDIDAS JUDICIAIS,ACESSO A SERVIÇOS DE SAÚDE
2027,1320,SECRETARIA DE ESTADO DE SAÚDE - FES,3,,4291,FUNDO ESTADUAL DE SAÚDE - FES,3,3,90,32,10,1,,10,61,62,4,133,4133,1,,,48654.00,0,ATENDIMENTO ÀS MEDIDAS JUDICIAIS,ACESSO A SERVIÇOS DE SAÚDE
2027,1320,SECRETARIA DE ESTADO DE SAÚDE - FES,3,,4291,FUNDO ESTADUAL DE SAÚDE - FES,3,3,90,33,10,1,,10,61,62,4,133,4133,1,,,70000.00,0,ATENDIMENTO ÀS MEDIDAS JUDICIAIS,ACESSO A SERVIÇOS DE SAÚDE
2027,1320,SECRETARIA DE ESTADO DE SAÚDE - FES,3,,4291,FUNDO ESTADUAL DE SAÚDE - FES,3,3,90,39,10,1,,10,61,62,4,133,4133,1,,,4000000.00,0,ATENDIMENTO ÀS MEDIDAS JUDICIAIS,ACESSO A SERVIÇOS DE SAÚDE
2027,1320,SECRETARIA DE ESTADO DE SAÚDE - FES,3,,4291,FUNDO ESTADUAL DE SAÚDE - FES,3,3,90,40,10,1,,10,61,62,4,133,4133,1,,,525621.00,0,ATENDIMENTO ÀS MEDIDAS JUDICIAIS,ACESSO A SERVIÇOS DE SAÚDE
2027,1320,SECRETARIA DE ESTADO DE SAÚDE - FES,3,,4291,FUNDO ESTADUAL DE SAÚDE - FES,3,3,90,91,10,1,,10,61,62,4,133,4133,1,,,250000000.00,0,ATENDIMENTO ÀS MEDIDAS JUDICIAIS,ACESSO A SERVIÇOS DE SAÚDE
2027,1320,SECRETARIA DE ESTADO DE SAÚDE - FES,3,,4291,FUNDO ESTADUAL DE SAÚDE - FES,3,3,90,93,10,1,,10,61,62,4,133,4133,1,,,60000000.00,0,ATENDIMENTO ÀS MEDIDAS JUDICIAIS,ACESSO A SERVIÇOS DE SAÚDE
2027,1320,SECRETARIA DE ESTADO DE SAÚDE - FES,3,,4291,FUNDO ESTADUAL DE SAÚDE - FES,4,4,90,40,10,1,,10,61,62,4,133,4133,1,,,3338000.00,0,ATENDIMENTO ÀS MEDIDAS JUDICIAIS,ACESSO A SERVIÇOS DE SAÚDE
2027,1370,SECRETARIA DE ESTADO DE MEIO AMBIENTE E DESENVOLVIMENTO SUSTENTÁVEL - SEMAD,3,,1371,SECRETARIA DE ESTADO DE MEIO AMBIENTE E DESENVOLVIMENTO SUSTENTÁVEL - SEMAD,3,3,90,39,24,1,,17,511,101,4,118,4118,1,,,2398447.00,0,PROMOÇÃO DAS POLÍTICAS PÚBLICAS DE ABASTECIMENTO DE ÁGUA - PROGRAMA ÁGUA DOCE.,PROGRAMA ENCONTRO DAS ÁGUAS
2027,1370,SECRETARIA DE ESTADO DE MEIO AMBIENTE E DESENVOLVIMENTO SUSTENTÁVEL - SEMAD,3,,1371,SECRETARIA DE ESTADO DE MEIO AMBIENTE E DESENVOLVIMENTO SUSTENTÁVEL - SEMAD,3,3,90,39,29,1,,17,511,101,4,118,4118,1,,,1000.00,0,PROMOÇÃO DAS POLÍTICAS PÚBLICAS DE ABASTECIMENTO DE ÁGUA - PROGRAMA ÁGUA DOCE.,PROGRAMA ENCONTRO DAS ÁGUAS
2027,1370,SECRETARIA DE ESTADO DE MEIO AMBIENTE E DESENVOLVIMENTO SUSTENTÁVEL - SEMAD,3,,1371,SECRETARIA DE ESTADO DE MEIO AMBIENTE E DESENVOLVIMENTO SUSTENTÁVEL - SEMAD,4,4,90,51,24,1,,17,511,101,4,118,4118,1,,,9094000.00,0,PROMOÇÃO DAS POLÍTICAS PÚBLICAS DE ABASTECIMENTO DE ÁGUA - PROGRAMA ÁGUA DOCE.,PROGRAMA ENCONTRO DAS ÁGUAS
2027,1370,SECRETARIA DE ESTADO DE MEIO AMBIENTE E DESENVOLVIMENTO SUSTENTÁVEL - SEMAD,3,,1371,SECRETARIA DE ESTADO DE MEIO AMBIENTE E DESENVOLVIMENTO SUSTENTÁVEL - SEMAD,3,3,90,14,72,1,,17,512,21,4,28,4028,1,,,97977.00,0,"PROMOÇÃO DAS POLÍTICAS PÚBLICAS DE ABASTECIMENTO DE ÁGUA, ESGOTAMENTO SANITÁRIO E DRENAGEM DE ÁGUAS PLUVIAIS",SANEAMENTO E RESÍDUOS ESPECIAIS
2027,1370,SECRETARIA DE ESTADO DE MEIO AMBIENTE E DESENVOLVIMENTO SUSTENTÁVEL - SEMAD,3,,1371,SECRETARIA DE ESTADO DE MEIO AMBIENTE E DESENVOLVIMENTO SUSTENTÁVEL - SEMAD,3,3,90,33,94,1,,17,512,21,4,28,4028,1,,,7745.00,0,"PROMOÇÃO DAS POLÍTICAS PÚBLICAS DE ABASTECIMENTO DE ÁGUA, ESGOTAMENTO SANITÁRIO E DRENAGEM DE ÁGUAS PLUVIAIS",SANEAMENTO E RESÍDUOS ESPECIAIS
2027,1370,SECRETARIA DE ESTADO DE MEIO AMBIENTE E DESENVOLVIMENTO SUSTENTÁVEL - SEMAD,3,,1371,SECRETARIA DE ESTADO DE MEIO AMBIENTE E DESENVOLVIMENTO SUSTENTÁVEL - SEMAD,3,3,90,37,72,1,,17,512,21,4,28,4028,1,,,1646529.00,0,"PROMOÇÃO DAS POLÍTICAS PÚBLICAS DE ABASTECIMENTO DE ÁGUA, ESGOTAMENTO SANITÁRIO E DRENAGEM DE ÁGUAS PLUVIAIS",SANEAMENTO E RESÍDUOS ESPECIAIS
2027,1370,SECRETARIA DE ESTADO DE MEIO AMBIENTE E DESENVOLVIMENTO SUSTENTÁVEL - SEMAD,3,,1371,SECRETARIA DE ESTADO DE MEIO AMBIENTE E DESENVOLVIMENTO SUSTENTÁVEL - SEMAD,3,3,90,39,72,1,,17,512,21,4,28,4028,1,,,157235.00,0,"PROMOÇÃO DAS POLÍTICAS PÚBLICAS DE ABASTECIMENTO DE ÁGUA, ESGOTAMENTO SANITÁRIO E DRENAGEM DE ÁGUAS PLUVIAIS",SANEAMENTO E RESÍDUOS ESPECIAIS
2027,1370,SECRETARIA DE ESTADO DE MEIO AMBIENTE E DESENVOLVIMENTO SUSTENTÁVEL - SEMAD,3,,1371,SECRETARIA DE ESTADO DE MEIO AMBIENTE E DESENVOLVIMENTO SUSTENTÁVEL - SEMAD,3,3,90,39,94,1,,17,512,21,4,28,4028,1,,,292190.00,0,"PROMOÇÃO DAS POLÍTICAS PÚBLICAS DE ABASTECIMENTO DE ÁGUA, ESGOTAMENTO SANITÁRIO E DRENAGEM DE ÁGUAS PLUVIAIS",SANEAMENTO E RESÍDUOS ESPECIAIS
2027,1370,SECRETARIA DE ESTADO DE MEIO AMBIENTE E DESENVOLVIMENTO SUSTENTÁVEL - SEMAD,3,,1371,SECRETARIA DE ESTADO DE MEIO AMBIENTE E DESENVOLVIMENTO SUSTENTÁVEL - SEMAD,4,4,40,41,24,1,,17,512,21,4,28,4028,1,,,40834635.00,0,"PROMOÇÃO DAS POLÍTICAS PÚBLICAS DE ABASTECIMENTO DE ÁGUA, ESGOTAMENTO SANITÁRIO E DRENAGEM DE ÁGUAS PLUVIAIS",SANEAMENTO E RESÍDUOS ESPECIAIS
2027,1370,SECRETARIA DE ESTADO DE MEIO AMBIENTE E DESENVOLVIMENTO SUSTENTÁVEL - SEMAD,3,,1371,SECRETARIA DE ESTADO DE MEIO AMBIENTE E DESENVOLVIMENTO SUSTENTÁVEL - SEMAD,3,3,90,14,72,1,,17,512,21,4,37,4037,1,,,76204.00,0,GESTÃO DE RESÍDUOS E CENTRO MINEIRO DE REFERÊNCIA EM RESÍDUOS,SANEAMENTO E RESÍDUOS ESPECIAIS
2027,1370,SECRETARIA DE ESTADO DE MEIO AMBIENTE E DESENVOLVIMENTO SUSTENTÁVEL - SEMAD,3,,1371,SECRETARIA DE ESTADO DE MEIO AMBIENTE E DESENVOLVIMENTO SUSTENTÁVEL - SEMAD,3,3,90,30,24,1,,17,512,21,4,37,4037,1,,,488545.00,0,GESTÃO DE RESÍDUOS E CENTRO MINEIRO DE REFERÊNCIA EM RESÍDUOS,SANEAMENTO E RESÍDUOS ESPECIAIS
2027,1370,SECRETARIA DE ESTADO DE MEIO AMBIENTE E DESENVOLVIMENTO SUSTENTÁVEL - SEMAD,3,,1371,SECRETARIA DE ESTADO DE MEIO AMBIENTE E DESENVOLVIMENTO SUSTENTÁVEL - SEMAD,3,3,90,30,72,1,,17,512,21,4,37,4037,1,,,30000.00,0,GESTÃO DE RESÍDUOS E CENTRO MINEIRO DE REFERÊNCIA EM RESÍDUOS,SANEAMENTO E RESÍDUOS ESPECIAIS
2027,1370,SECRETARIA DE ESTADO DE MEIO AMBIENTE E DESENVOLVIMENTO SUSTENTÁVEL - SEMAD,3,,1371,SECRETARIA DE ESTADO DE MEIO AMBIENTE E DESENVOLVIMENTO SUSTENTÁVEL - SEMAD,3,3,90,33,94,1,,17,512,21,4,37,4037,1,,,12975.00,0,GESTÃO DE RESÍDUOS E CENTRO MINEIRO DE REFERÊNCIA EM RESÍDUOS,SANEAMENTO E RESÍDUOS ESPECIAIS
2027,1370,SECRETARIA DE ESTADO DE MEIO AMBIENTE E DESENVOLVIMENTO SUSTENTÁVEL - SEMAD,3,,1371,SECRETARIA DE ESTADO DE MEIO AMBIENTE E DESENVOLVIMENTO SUSTENTÁVEL - SEMAD,3,3,90,36,72,1,,17,512,21,4,37,4037,1,,,1188.00,0,GESTÃO DE RESÍDUOS E CENTRO MINEIRO DE REFERÊNCIA EM RESÍDUOS,SANEAMENTO E RESÍDUOS ESPECIAIS
2027,1370,SECRETARIA DE ESTADO DE MEIO AMBIENTE E DESENVOLVIMENTO SUSTENTÁVEL - SEMAD,3,,1371,SECRETARIA DE ESTADO DE MEIO AMBIENTE E DESENVOLVIMENTO SUSTENTÁVEL - SEMAD,3,3,90,39,72,1,,17,512,21,4,37,4037,1,,,62703.00,0,GESTÃO DE RESÍDUOS E CENTRO MINEIRO DE REFERÊNCIA EM RESÍDUOS,SANEAMENTO E RESÍDUOS ESPECIAIS
2027,1370,SECRETARIA DE ESTADO DE MEIO AMBIENTE E DESENVOLVIMENTO SUSTENTÁVEL - SEMAD,3,,1371,SECRETARIA DE ESTADO DE MEIO AMBIENTE E DESENVOLVIMENTO SUSTENTÁVEL - SEMAD,4,4,90,52,24,1,,17,512,21,4,37,4037,1,,,12296087.00,0,GESTÃO DE RESÍDUOS E CENTRO MINEIRO DE REFERÊNCIA EM RESÍDUOS,SANEAMENTO E RESÍDUOS ESPECIAIS
2027,1370,SECRETARIA DE ESTADO DE MEIO AMBIENTE E DESENVOLVIMENTO SUSTENTÁVEL - SEMAD,3,,1371,SECRETARIA DE ESTADO DE MEIO AMBIENTE E DESENVOLVIMENTO SUSTENTÁVEL - SEMAD,3,3,50,43,72,1,,17,512,21,4,44,4044,1,,,4000000.00,0,BOLSA RECICLAGEM,SANEAMENTO E RESÍDUOS ESPECIAIS
2027,1370,SECRETARIA DE ESTADO DE MEIO AMBIENTE E DESENVOLVIMENTO SUSTENTÁVEL - SEMAD,3,,1371,SECRETARIA DE ESTADO DE MEIO AMBIENTE E DESENVOLVIMENTO SUSTENTÁVEL - SEMAD,3,1,90,11,72,1,,18,122,705,2,417,2417,1,,,90226604.00,0,REMUNERAÇÃO DE PESSOAL ATIVO E ENCARGOS SOCIAIS,APOIO ÀS POLÍTICAS PÚBLICAS
2027,1370,SECRETARIA DE ESTADO DE MEIO AMBIENTE E DESENVOLVIMENTO SUSTENTÁVEL - SEMAD,3,,1371,SECRETARIA DE ESTADO DE MEIO AMBIENTE E DESENVOLVIMENTO SUSTENTÁVEL - SEMAD,3,1,91,13,72,1,,18,122,705,2,417,2417,1,,,33676618.00,0,REMUNERAÇÃO DE PESSOAL ATIVO E ENCARGOS SOCIAIS,APOIO ÀS POLÍTICAS PÚBLICAS
2027,1370,SECRETARIA DE ESTADO DE MEIO AMBIENTE E DESENVOLVIMENTO SUSTENTÁVEL - SEMAD,3,,1371,SECRETARIA DE ESTADO DE MEIO AMBIENTE E DESENVOLVIMENTO SUSTENTÁVEL - SEMAD,3,3,90,46,31,7,,18,122,705,2,417,2417,1,,,23006127.00,0,REMUNERAÇÃO DE PESSOAL ATIVO E ENCARGOS SOCIAIS,APOIO ÀS POLÍTICAS PÚBLICAS
2027,1370,SECRETARIA DE ESTADO DE MEIO AMBIENTE E DESENVOLVIMENTO SUSTENTÁVEL - SEMAD,3,,1371,SECRETARIA DE ESTADO DE MEIO AMBIENTE E DESENVOLVIMENTO SUSTENTÁVEL - SEMAD,3,3,90,14,72,1,,18,122,705,2,500,2500,1,,,112506.00,0,ASSESSORAMENTO E GERENCIAMENTO DE POLÍTICAS PÚBLICAS,APOIO ÀS POLÍTICAS PÚBLICAS
2027,1370,SECRETARIA DE ESTADO DE MEIO AMBIENTE E DESENVOLVIMENTO SUSTENTÁVEL - SEMAD,3,,1371,SECRETARIA DE ESTADO DE MEIO AMBIENTE E DESENVOLVIMENTO SUSTENTÁVEL - SEMAD,3,3,90,30,72,1,,18,122,705,2,500,2500,1,,,30000.00,0,ASSESSORAMENTO E GERENCIAMENTO DE POLÍTICAS PÚBLICAS,APOIO ÀS POLÍTICAS PÚBLICAS
2027,1370,SECRETARIA DE ESTADO DE MEIO AMBIENTE E DESENVOLVIMENTO SUSTENTÁVEL - SEMAD,3,,1371,SECRETARIA DE ESTADO DE MEIO AMBIENTE E DESENVOLVIMENTO SUSTENTÁVEL - SEMAD,3,3,90,30,94,1,,18,122,705,2,500,2500,1,,,273989.00,0,ASSESSORAMENTO E GERENCIAMENTO DE POLÍTICAS PÚBLICAS,APOIO ÀS POLÍTICAS PÚBLICAS
2027,1370,SECRETARIA DE ESTADO DE MEIO AMBIENTE E DESENVOLVIMENTO SUSTENTÁVEL - SEMAD,3,,1371,SECRETARIA DE ESTADO DE MEIO AMBIENTE E DESENVOLVIMENTO SUSTENTÁVEL - SEMAD,3,3,90,33,72,1,,18,122,705,2,500,2500,1,,,511.00,0,ASSESSORAMENTO E GERENCIAMENTO DE POLÍTICAS PÚBLICAS,APOIO ÀS POLÍTICAS PÚBLICAS
2027,1370,SECRETARIA DE ESTADO DE MEIO AMBIENTE E DESENVOLVIMENTO SUSTENTÁVEL - SEMAD,3,,1371,SECRETARIA DE ESTADO DE MEIO AMBIENTE E DESENVOLVIMENTO SUSTENTÁVEL - SEMAD,3,3,90,33,94,1,,18,122,705,2,500,2500,1,,,41126.00,0,ASSESSORAMENTO E GERENCIAMENTO DE POLÍTICAS PÚBLICAS,APOIO ÀS POLÍTICAS PÚBLICAS
2027,1370,SECRETARIA DE ESTADO DE MEIO AMBIENTE E DESENVOLVIMENTO SUSTENTÁVEL - SEMAD,3,,1371,SECRETARIA DE ESTADO DE MEIO AMBIENTE E DESENVOLVIMENTO SUSTENTÁVEL - SEMAD,3,3,90,37,72,1,,18,122,705,2,500,2500,1,,,6633801.00,0,ASSESSORAMENTO E GERENCIAMENTO DE POLÍTICAS PÚBLICAS,APOIO ÀS POLÍTICAS PÚBLICAS
2027,1370,SECRETARIA DE ESTADO DE MEIO AMBIENTE E DESENVOLVIMENTO SUSTENTÁVEL - SEMAD,3,,1371,SECRETARIA DE ESTADO DE MEIO AMBIENTE E DESENVOLVIMENTO SUSTENTÁVEL - SEMAD,3,3,90,37,80,1,,18,122,705,2,500,2500,1,,,12000000.00,0,ASSESSORAMENTO E GERENCIAMENTO DE POLÍTICAS PÚBLICAS,APOIO ÀS POLÍTICAS PÚBLICAS
2027,1370,SECRETARIA DE ESTADO DE MEIO AMBIENTE E DESENVOLVIMENTO SUSTENTÁVEL - SEMAD,3,,1371,SECRETARIA DE ESTADO DE MEIO AMBIENTE E DESENVOLVIMENTO SUSTENTÁVEL - SEMAD,3,3,90,39,72,1,,18,122,705,2,500,2500,1,,,614482.00,0,ASSESSORAMENTO E GERENCIAMENTO DE POLÍTICAS PÚBLICAS,APOIO ÀS POLÍTICAS PÚBLICAS
2027,1370,SECRETARIA DE ESTADO DE MEIO AMBIENTE E DESENVOLVIMENTO SUSTENTÁVEL - SEMAD,3,,1371,SECRETARIA DE ESTADO DE MEIO AMBIENTE E DESENVOLVIMENTO SUSTENTÁVEL - SEMAD,3,3,90,39,9,1,,18,122,705,2,500,2500,1,,,3200000.00,0,ASSESSORAMENTO E GERENCIAMENTO DE POLÍTICAS PÚBLICAS,APOIO ÀS POLÍTICAS PÚBLICAS
2027,1370,SECRETARIA DE ESTADO DE MEIO AMBIENTE E DESENVOLVIMENTO SUSTENTÁVEL - SEMAD,3,,1371,SECRETARIA DE ESTADO DE MEIO AMBIENTE E DESENVOLVIMENTO SUSTENTÁVEL - SEMAD,3,3,90,39,94,1,,18,122,705,2,500,2500,1,,,292190.00,0,ASSESSORAMENTO E GERENCIAMENTO DE POLÍTICAS PÚBLICAS,APOIO ÀS POLÍTICAS PÚBLICAS
2027,1370,SECRETARIA DE ESTADO DE MEIO AMBIENTE E DESENVOLVIMENTO SUSTENTÁVEL - SEMAD,3,,1371,SECRETARIA DE ESTADO DE MEIO AMBIENTE E DESENVOLVIMENTO SUSTENTÁVEL - SEMAD,3,3,90,40,72,1,,18,122,705,2,500,2500,1,,,6581551.00,0,ASSESSORAMENTO E GERENCIAMENTO DE POLÍTICAS PÚBLICAS,APOIO ÀS POLÍTICAS PÚBLICAS
2027,1370,SECRETARIA DE ESTADO DE MEIO AMBIENTE E DESENVOLVIMENTO SUSTENTÁVEL - SEMAD,3,,1371,SECRETARIA DE ESTADO DE MEIO AMBIENTE E DESENVOLVIMENTO SUSTENTÁVEL - SEMAD,4,4,90,40,72,1,,18,122,705,2,500,2500,1,,,145618.00,0,ASSESSORAMENTO E GERENCIAMENTO DE POLÍTICAS PÚBLICAS,APOIO ÀS POLÍTICAS PÚBLICAS
2027,1370,SECRETARIA DE ESTADO DE MEIO AMBIENTE E DESENVOLVIMENTO SUSTENTÁVEL - SEMAD,3,,1371,SECRETARIA DE ESTADO DE MEIO AMBIENTE E DESENVOLVIMENTO SUSTENTÁVEL - SEMAD,4,4,90,52,9,1,,18,122,705,2,500,2500,1,,,3500000.00,0,ASSESSORAMENTO E GERENCIAMENTO DE POLÍTICAS PÚBLICAS,APOIO ÀS POLÍTICAS PÚBLICAS
2027,1370,SECRETARIA DE ESTADO DE MEIO AMBIENTE E DESENVOLVIMENTO SUSTENTÁVEL - SEMAD,3,,1371,SECRETARIA DE ESTADO DE MEIO AMBIENTE E DESENVOLVIMENTO SUSTENTÁVEL - SEMAD,3,3,90,14,29,1,,18,541,27,4,45,4045,1,,,47246.00,0,GESTÃO E PLANEJAMENTO AMBIENTAL,GESTÃO AMBIENTAL.
2027,1370,SECRETARIA DE ESTADO DE MEIO AMBIENTE E DESENVOLVIMENTO SUSTENTÁVEL - SEMAD,3,,1371,SECRETARIA DE ESTADO DE MEIO AMBIENTE E DESENVOLVIMENTO SUSTENTÁVEL - SEMAD,3,3,90,33,72,1,,18,541,27,4,45,4045,1,,,716.00,0,GESTÃO E PLANEJAMENTO AMBIENTAL,GESTÃO AMBIENTAL.
2027,1370,SECRETARIA DE ESTADO DE MEIO AMBIENTE E DESENVOLVIMENTO SUSTENTÁVEL - SEMAD,3,,1371,SECRETARIA DE ESTADO DE MEIO AMBIENTE E DESENVOLVIMENTO SUSTENTÁVEL - SEMAD,3,3,90,33,94,1,,18,541,27,4,45,4045,1,,,21636.00,0,GESTÃO E PLANEJAMENTO AMBIENTAL,GESTÃO AMBIENTAL.
2027,1370,SECRETARIA DE ESTADO DE MEIO AMBIENTE E DESENVOLVIMENTO SUSTENTÁVEL - SEMAD,3,,1371,SECRETARIA DE ESTADO DE MEIO AMBIENTE E DESENVOLVIMENTO SUSTENTÁVEL - SEMAD,3,3,90,39,72,1,,18,541,27,4,45,4045,1,,,314470.00,0,GESTÃO E PLANEJAMENTO AMBIENTAL,GESTÃO AMBIENTAL.
2027,1370,SECRETARIA DE ESTADO DE MEIO AMBIENTE E DESENVOLVIMENTO SUSTENTÁVEL - SEMAD,3,,1371,SECRETARIA DE ESTADO DE MEIO AMBIENTE E DESENVOLVIMENTO SUSTENTÁVEL - SEMAD,3,3,90,39,94,1,,18,541,27,4,45,4045,1,,,194794.00,0,GESTÃO E PLANEJAMENTO AMBIENTAL,GESTÃO AMBIENTAL.
2027,1370,SECRETARIA DE ESTADO DE MEIO AMBIENTE E DESENVOLVIMENTO SUSTENTÁVEL - SEMAD,3,,1371,SECRETARIA DE ESTADO DE MEIO AMBIENTE E DESENVOLVIMENTO SUSTENTÁVEL - SEMAD,3,3,90,14,72,1,,18,541,27,4,46,4046,1,,,84155.00,1,MUDANÇAS CLIMÁTICAS E QUALIDADE AMBIENTAL,GESTÃO AMBIENTAL.
2027,1370,SECRETARIA DE ESTADO DE MEIO AMBIENTE E DESENVOLVIMENTO SUSTENTÁVEL - SEMAD,3,,1371,SECRETARIA DE ESTADO DE MEIO AMBIENTE E DESENVOLVIMENTO SUSTENTÁVEL - SEMAD,3,3,90,33,72,1,,18,541,27,4,46,4046,1,,,5111.00,1,MUDANÇAS CLIMÁTICAS E QUALIDADE AMBIENTAL,GESTÃO AMBIENTAL.
2027,1370,SECRETARIA DE ESTADO DE MEIO AMBIENTE E DESENVOLVIMENTO SUSTENTÁVEL - SEMAD,3,,1371,SECRETARIA DE ESTADO DE MEIO AMBIENTE E DESENVOLVIMENTO SUSTENTÁVEL - SEMAD,3,3,90,33,94,1,,18,541,27,4,46,4046,1,,,35706.00,1,MUDANÇAS CLIMÁTICAS E QUALIDADE AMBIENTAL,GESTÃO AMBIENTAL.
2027,1370,SECRETARIA DE ESTADO DE MEIO AMBIENTE E DESENVOLVIMENTO SUSTENTÁVEL - SEMAD,3,,1371,SECRETARIA DE ESTADO DE MEIO AMBIENTE E DESENVOLVIMENTO SUSTENTÁVEL - SEMAD,3,3,90,36,72,1,,18,541,27,4,46,4046,1,,,6967.00,1,MUDANÇAS CLIMÁTICAS E QUALIDADE AMBIENTAL,GESTÃO AMBIENTAL.
2027,1370,SECRETARIA DE ESTADO DE MEIO AMBIENTE E DESENVOLVIMENTO SUSTENTÁVEL - SEMAD,3,,1371,SECRETARIA DE ESTADO DE MEIO AMBIENTE E DESENVOLVIMENTO SUSTENTÁVEL - SEMAD,3,3,90,39,72,1,,18,541,27,4,46,4046,1,,,162000.00,1,MUDANÇAS CLIMÁTICAS E QUALIDADE AMBIENTAL,GESTÃO AMBIENTAL.
2027,1370,SECRETARIA DE ESTADO DE MEIO AMBIENTE E DESENVOLVIMENTO SUSTENTÁVEL - SEMAD,3,,1371,SECRETARIA DE ESTADO DE MEIO AMBIENTE E DESENVOLVIMENTO SUSTENTÁVEL - SEMAD,3,3,90,14,29,1,,18,541,27,4,47,4047,1,,,13064.00,0,PROMOÇÃO DAS POLÍTICAS PÚBLICAS DE PROTEÇÃO À FAUNA DOMÉSTICA,GESTÃO AMBIENTAL.
2027,1370,SECRETARIA DE ESTADO DE MEIO AMBIENTE E DESENVOLVIMENTO SUSTENTÁVEL - SEMAD,3,,1371,SECRETARIA DE ESTADO DE MEIO AMBIENTE E DESENVOLVIMENTO SUSTENTÁVEL - SEMAD,3,3,90,30,98,1,,18,541,27,4,47,4047,1,,,3000.00,0,PROMOÇÃO DAS POLÍTICAS PÚBLICAS DE PROTEÇÃO À FAUNA DOMÉSTICA,GESTÃO AMBIENTAL.
2027,1370,SECRETARIA DE ESTADO DE MEIO AMBIENTE E DESENVOLVIMENTO SUSTENTÁVEL - SEMAD,3,,1371,SECRETARIA DE ESTADO DE MEIO AMBIENTE E DESENVOLVIMENTO SUSTENTÁVEL - SEMAD,3,3,90,33,94,1,,18,541,27,4,47,4047,1,,,11585.00,0,PROMOÇÃO DAS POLÍTICAS PÚBLICAS DE PROTEÇÃO À FAUNA DOMÉSTICA,GESTÃO AMBIENTAL.
2027,1370,SECRETARIA DE ESTADO DE MEIO AMBIENTE E DESENVOLVIMENTO SUSTENTÁVEL - SEMAD,3,,1371,SECRETARIA DE ESTADO DE MEIO AMBIENTE E DESENVOLVIMENTO SUSTENTÁVEL - SEMAD,3,3,90,39,29,1,,18,541,27,4,47,4047,1,,,486090.00,0,PROMOÇÃO DAS POLÍTICAS PÚBLICAS DE PROTEÇÃO À FAUNA DOMÉSTICA,GESTÃO AMBIENTAL.
2027,1370,SECRETARIA DE ESTADO DE MEIO AMBIENTE E DESENVOLVIMENTO SUSTENTÁVEL - SEMAD,3,,1371,SECRETARIA DE ESTADO DE MEIO AMBIENTE E DESENVOLVIMENTO SUSTENTÁVEL - SEMAD,4,4,40,41,79,1,,18,541,27,4,124,4124,1,,,3369600.00,0,IMPLEMENTAÇÃO DE PROJETOS AMBIENTAIS POR MEIO DO PROGRAMA ESTADUAL DE CONVERSÃO DE MULTAS AMBIENTAIS,GESTÃO AMBIENTAL.
2027,1370,SECRETARIA DE ESTADO DE MEIO AMBIENTE E DESENVOLVIMENTO SUSTENTÁVEL - SEMAD,3,,1371,SECRETARIA DE ESTADO DE MEIO AMBIENTE E DESENVOLVIMENTO SUSTENTÁVEL - SEMAD,3,3,90,14,72,1,,18,542,25,4,38,4038,1,,,969317.00,0,FISCALIZAÇÃO AMBIENTAL,"MONITORAMENTO, CONTROLE E FISCALIZAÇÃO AMBIENTAL"
2027,1370,SECRETARIA DE ESTADO DE MEIO AMBIENTE E DESENVOLVIMENTO SUSTENTÁVEL - SEMAD,3,,1371,SECRETARIA DE ESTADO DE MEIO AMBIENTE E DESENVOLVIMENTO SUSTENTÁVEL - SEMAD,3,3,90,15,52,2,,18,542,25,4,38,4038,1,,,1575000.00,0,FISCALIZAÇÃO AMBIENTAL,"MONITORAMENTO, CONTROLE E FISCALIZAÇÃO AMBIENTAL"
2027,1370,SECRETARIA DE ESTADO DE MEIO AMBIENTE E DESENVOLVIMENTO SUSTENTÁVEL - SEMAD,3,,1371,SECRETARIA DE ESTADO DE MEIO AMBIENTE E DESENVOLVIMENTO SUSTENTÁVEL - SEMAD,3,3,90,30,52,2,,18,542,25,4,38,4038,1,,,3538080.00,0,FISCALIZAÇÃO AMBIENTAL,"MONITORAMENTO, CONTROLE E FISCALIZAÇÃO AMBIENTAL"
2027,1370,SECRETARIA DE ESTADO DE MEIO AMBIENTE E DESENVOLVIMENTO SUSTENTÁVEL - SEMAD,3,,1371,SECRETARIA DE ESTADO DE MEIO AMBIENTE E DESENVOLVIMENTO SUSTENTÁVEL - SEMAD,3,3,90,30,72,1,,18,542,25,4,38,4038,1,,,57173.00,0,FISCALIZAÇÃO AMBIENTAL,"MONITORAMENTO, CONTROLE E FISCALIZAÇÃO AMBIENTAL"
2027,1370,SECRETARIA DE ESTADO DE MEIO AMBIENTE E DESENVOLVIMENTO SUSTENTÁVEL - SEMAD,3,,1371,SECRETARIA DE ESTADO DE MEIO AMBIENTE E DESENVOLVIMENTO SUSTENTÁVEL - SEMAD,3,3,90,30,80,1,,18,542,25,4,38,4038,1,,,100000.00,0,FISCALIZAÇÃO AMBIENTAL,"MONITORAMENTO, CONTROLE E FISCALIZAÇÃO AMBIENTAL"
2027,1370,SECRETARIA DE ESTADO DE MEIO AMBIENTE E DESENVOLVIMENTO SUSTENTÁVEL - SEMAD,3,,1371,SECRETARIA DE ESTADO DE MEIO AMBIENTE E DESENVOLVIMENTO SUSTENTÁVEL - SEMAD,3,3,90,33,72,1,,18,542,25,4,38,4038,1,,,5929.00,0,FISCALIZAÇÃO AMBIENTAL,"MONITORAMENTO, CONTROLE E FISCALIZAÇÃO AMBIENTAL"
2027,1370,SECRETARIA DE ESTADO DE MEIO AMBIENTE E DESENVOLVIMENTO SUSTENTÁVEL - SEMAD,3,,1371,SECRETARIA DE ESTADO DE MEIO AMBIENTE E DESENVOLVIMENTO SUSTENTÁVEL - SEMAD,3,3,90,33,94,1,,18,542,25,4,38,4038,1,,,11454.00,0,FISCALIZAÇÃO AMBIENTAL,"MONITORAMENTO, CONTROLE E FISCALIZAÇÃO AMBIENTAL"
2027,1370,SECRETARIA DE ESTADO DE MEIO AMBIENTE E DESENVOLVIMENTO SUSTENTÁVEL - SEMAD,3,,1371,SECRETARIA DE ESTADO DE MEIO AMBIENTE E DESENVOLVIMENTO SUSTENTÁVEL - SEMAD,3,3,90,36,72,1,,18,542,25,4,38,4038,1,,,107237.00,0,FISCALIZAÇÃO AMBIENTAL,"MONITORAMENTO, CONTROLE E FISCALIZAÇÃO AMBIENTAL"
2027,1370,SECRETARIA DE ESTADO DE MEIO AMBIENTE E DESENVOLVIMENTO SUSTENTÁVEL - SEMAD,3,,1371,SECRETARIA DE ESTADO DE MEIO AMBIENTE E DESENVOLVIMENTO SUSTENTÁVEL - SEMAD,3,3,90,37,72,1,,18,542,25,4,38,4038,1,,,2581733.00,0,FISCALIZAÇÃO AMBIENTAL,"MONITORAMENTO, CONTROLE E FISCALIZAÇÃO AMBIENTAL"
2027,1370,SECRETARIA DE ESTADO DE MEIO AMBIENTE E DESENVOLVIMENTO SUSTENTÁVEL - SEMAD,3,,1371,SECRETARIA DE ESTADO DE MEIO AMBIENTE E DESENVOLVIMENTO SUSTENTÁVEL - SEMAD,3,3,90,37,9,1,,18,542,25,4,38,4038,1,,,1902000.00,0,FISCALIZAÇÃO AMBIENTAL,"MONITORAMENTO, CONTROLE E FISCALIZAÇÃO AMBIENTAL"
2027,1370,SECRETARIA DE ESTADO DE MEIO AMBIENTE E DESENVOLVIMENTO SUSTENTÁVEL - SEMAD,3,,1371,SECRETARIA DE ESTADO DE MEIO AMBIENTE E DESENVOLVIMENTO SUSTENTÁVEL - SEMAD,3,3,90,39,52,2,,18,542,25,4,38,4038,1,,,8536920.00,0,FISCALIZAÇÃO AMBIENTAL,"MONITORAMENTO, CONTROLE E FISCALIZAÇÃO AMBIENTAL"
2027,1370,SECRETARIA DE ESTADO DE MEIO AMBIENTE E DESENVOLVIMENTO SUSTENTÁVEL - SEMAD,3,,1371,SECRETARIA DE ESTADO DE MEIO AMBIENTE E DESENVOLVIMENTO SUSTENTÁVEL - SEMAD,3,3,90,39,72,1,,18,542,25,4,38,4038,1,,,1349327.00,0,FISCALIZAÇÃO AMBIENTAL,"MONITORAMENTO, CONTROLE E FISCALIZAÇÃO AMBIENTAL"
2027,1370,SECRETARIA DE ESTADO DE MEIO AMBIENTE E DESENVOLVIMENTO SUSTENTÁVEL - SEMAD,3,,1371,SECRETARIA DE ESTADO DE MEIO AMBIENTE E DESENVOLVIMENTO SUSTENTÁVEL - SEMAD,3,3,90,39,80,1,,18,542,25,4,38,4038,1,,,900000.00,0,FISCALIZAÇÃO AMBIENTAL,"MONITORAMENTO, CONTROLE E FISCALIZAÇÃO AMBIENTAL"
2027,1370,SECRETARIA DE ESTADO DE MEIO AMBIENTE E DESENVOLVIMENTO SUSTENTÁVEL - SEMAD,3,,1371,SECRETARIA DE ESTADO DE MEIO AMBIENTE E DESENVOLVIMENTO SUSTENTÁVEL - SEMAD,3,3,90,39,94,1,,18,542,25,4,38,4038,1,,,389587.00,0,FISCALIZAÇÃO AMBIENTAL,"MONITORAMENTO, CONTROLE E FISCALIZAÇÃO AMBIENTAL"
2027,1370,SECRETARIA DE ESTADO DE MEIO AMBIENTE E DESENVOLVIMENTO SUSTENTÁVEL - SEMAD,3,,1371,SECRETARIA DE ESTADO DE MEIO AMBIENTE E DESENVOLVIMENTO SUSTENTÁVEL - SEMAD,3,3,90,40,72,1,,18,542,25,4,38,4038,1,,,24393.00,0,FISCALIZAÇÃO AMBIENTAL,"MONITORAMENTO, CONTROLE E FISCALIZAÇÃO AMBIENTAL"
2027,1370,SECRETARIA DE ESTADO DE MEIO AMBIENTE E DESENVOLVIMENTO SUSTENTÁVEL - SEMAD,3,,1371,SECRETARIA DE ESTADO DE MEIO AMBIENTE E DESENVOLVIMENTO SUSTENTÁVEL - SEMAD,3,3,90,47,72,1,,18,542,25,4,38,4038,1,,,7449.00,0,FISCALIZAÇÃO AMBIENTAL,"MONITORAMENTO, CONTROLE E FISCALIZAÇÃO AMBIENTAL"
2027,1370,SECRETARIA DE ESTADO DE MEIO AMBIENTE E DESENVOLVIMENTO SUSTENTÁVEL - SEMAD,3,,1371,SECRETARIA DE ESTADO DE MEIO AMBIENTE E DESENVOLVIMENTO SUSTENTÁVEL - SEMAD,4,4,90,40,80,1,,18,542,25,4,38,4038,1,,,350000.00,0,FISCALIZAÇÃO AMBIENTAL,"MONITORAMENTO, CONTROLE E FISCALIZAÇÃO AMBIENTAL"
2027,1370,SECRETARIA DE ESTADO DE MEIO AMBIENTE E DESENVOLVIMENTO SUSTENTÁVEL - SEMAD,3,,1371,SECRETARIA DE ESTADO DE MEIO AMBIENTE E DESENVOLVIMENTO SUSTENTÁVEL - SEMAD,4,4,90,52,72,1,,18,542,25,4,38,4038,1,,,34000.00,0,FISCALIZAÇÃO AMBIENTAL,"MONITORAMENTO, CONTROLE E FISCALIZAÇÃO AMBIENTAL"
2027,1370,SECRETARIA DE ESTADO DE MEIO AMBIENTE E DESENVOLVIMENTO SUSTENTÁVEL - SEMAD,3,,1371,SECRETARIA DE ESTADO DE MEIO AMBIENTE E DESENVOLVIMENTO SUSTENTÁVEL - SEMAD,4,4,90,52,80,1,,18,542,25,4,38,4038,1,,,1150000.00,0,FISCALIZAÇÃO AMBIENTAL,"MONITORAMENTO, CONTROLE E FISCALIZAÇÃO AMBIENTAL"
2027,1370,SECRETARIA DE ESTADO DE MEIO AMBIENTE E DESENVOLVIMENTO SUSTENTÁVEL - SEMAD,3,,1371,SECRETARIA DE ESTADO DE MEIO AMBIENTE E DESENVOLVIMENTO SUSTENTÁVEL - SEMAD,3,3,90,39,29,1,,18,542,25,4,39,4039,1,,,1000.00,0,ATENDIMENTO DE DENÚNCIAS E DE REQUISIÇÕES,"MONITORAMENTO, CONTROLE E FISCALIZAÇÃO AMBIENTAL"
2027,1370,SECRETARIA DE ESTADO DE MEIO AMBIENTE E DESENVOLVIMENTO SUSTENTÁVEL - SEMAD,3,,1371,SECRETARIA DE ESTADO DE MEIO AMBIENTE E DESENVOLVIMENTO SUSTENTÁVEL - SEMAD,3,3,90,14,72,1,,18,542,25,4,53,4053,1,,,248208.00,0,PREVENÇÃO E ATENDIMENTO A ACIDENTES E EMERGÊNCIAS AMBIENTAIS,"MONITORAMENTO, CONTROLE E FISCALIZAÇÃO AMBIENTAL"
2027,1370,SECRETARIA DE ESTADO DE MEIO AMBIENTE E DESENVOLVIMENTO SUSTENTÁVEL - SEMAD,3,,1371,SECRETARIA DE ESTADO DE MEIO AMBIENTE E DESENVOLVIMENTO SUSTENTÁVEL - SEMAD,3,3,90,33,94,1,,18,542,25,4,53,4053,1,,,3407.00,0,PREVENÇÃO E ATENDIMENTO A ACIDENTES E EMERGÊNCIAS AMBIENTAIS,"MONITORAMENTO, CONTROLE E FISCALIZAÇÃO AMBIENTAL"
2027,1370,SECRETARIA DE ESTADO DE MEIO AMBIENTE E DESENVOLVIMENTO SUSTENTÁVEL - SEMAD,3,,1371,SECRETARIA DE ESTADO DE MEIO AMBIENTE E DESENVOLVIMENTO SUSTENTÁVEL - SEMAD,3,3,90,39,24,1,,18,542,25,4,53,4053,1,,,1627871.00,0,PREVENÇÃO E ATENDIMENTO A ACIDENTES E EMERGÊNCIAS AMBIENTAIS,"MONITORAMENTO, CONTROLE E FISCALIZAÇÃO AMBIENTAL"
2027,1370,SECRETARIA DE ESTADO DE MEIO AMBIENTE E DESENVOLVIMENTO SUSTENTÁVEL - SEMAD,3,,1371,SECRETARIA DE ESTADO DE MEIO AMBIENTE E DESENVOLVIMENTO SUSTENTÁVEL - SEMAD,4,4,90,52,24,1,,18,542,25,4,53,4053,1,,,146000.00,0,PREVENÇÃO E ATENDIMENTO A ACIDENTES E EMERGÊNCIAS AMBIENTAIS,"MONITORAMENTO, CONTROLE E FISCALIZAÇÃO AMBIENTAL"
2027,1370,SECRETARIA DE ESTADO DE MEIO AMBIENTE E DESENVOLVIMENTO SUSTENTÁVEL - SEMAD,3,,1371,SECRETARIA DE ESTADO DE MEIO AMBIENTE E DESENVOLVIMENTO SUSTENTÁVEL - SEMAD,3,3,90,40,29,1,,18,542,705,1,74,1074,1,,,1000.00,0,TRANSFORMAÇÃO DIGITAL DO SISEMA,APOIO ÀS POLÍTICAS PÚBLICAS
2027,1370,SECRETARIA DE ESTADO DE MEIO AMBIENTE E DESENVOLVIMENTO SUSTENTÁVEL - SEMAD,3,,1371,SECRETARIA DE ESTADO DE MEIO AMBIENTE E DESENVOLVIMENTO SUSTENTÁVEL - SEMAD,4,4,90,40,80,1,,18,542,705,1,74,1074,1,,,6600000.00,0,TRANSFORMAÇÃO DIGITAL DO SISEMA,APOIO ÀS POLÍTICAS PÚBLICAS
2027,1370,SECRETARIA DE ESTADO DE MEIO AMBIENTE E DESENVOLVIMENTO SUSTENTÁVEL - FEAM,3,,2091,FUNDAÇÃO ESTADUAL DO MEIO AMBIENTE - FEAM,3,1,90,11,52,1,,18,122,705,2,417,2417,1,,,7540000.00,0,REMUNERAÇÃO DE PESSOAL ATIVO E ENCARGOS SOCIAIS,APOIO ÀS POLÍTICAS PÚBLICAS
2027,1370,SECRETARIA DE ESTADO DE MEIO AMBIENTE E DESENVOLVIMENTO SUSTENTÁVEL - FEAM,3,,2091,FUNDAÇÃO ESTADUAL DO MEIO AMBIENTE - FEAM,3,1,90,11,60,1,,18,122,705,2,417,2417,1,,,8975380.00,0,REMUNERAÇÃO DE PESSOAL ATIVO E ENCARGOS SOCIAIS,APOIO ÀS POLÍTICAS PÚBLICAS
2027,1370,SECRETARIA DE ESTADO DE MEIO AMBIENTE E DESENVOLVIMENTO SUSTENTÁVEL - FEAM,3,,2091,FUNDAÇÃO ESTADUAL DO MEIO AMBIENTE - FEAM,3,1,90,11,72,1,,18,122,705,2,417,2417,1,,,24594110.00,0,REMUNERAÇÃO DE PESSOAL ATIVO E ENCARGOS SOCIAIS,APOIO ÀS POLÍTICAS PÚBLICAS
2027,1370,SECRETARIA DE ESTADO DE MEIO AMBIENTE E DESENVOLVIMENTO SUSTENTÁVEL - FEAM,3,,2091,FUNDAÇÃO ESTADUAL DO MEIO AMBIENTE - FEAM,3,1,90,13,60,1,,18,122,705,2,417,2417,1,,,866239.00,0,REMUNERAÇÃO DE PESSOAL ATIVO E ENCARGOS SOCIAIS,APOIO ÀS POLÍTICAS PÚBLICAS
2027,1370,SECRETARIA DE ESTADO DE MEIO AMBIENTE E DESENVOLVIMENTO SUSTENTÁVEL - FEAM,3,,2091,FUNDAÇÃO ESTADUAL DO MEIO AMBIENTE - FEAM,3,1,91,13,52,1,,18,122,705,2,417,2417,1,,,2460000.00,0,REMUNERAÇÃO DE PESSOAL ATIVO E ENCARGOS SOCIAIS,APOIO ÀS POLÍTICAS PÚBLICAS
2027,1370,SECRETARIA DE ESTADO DE MEIO AMBIENTE E DESENVOLVIMENTO SUSTENTÁVEL - FEAM,3,,2091,FUNDAÇÃO ESTADUAL DO MEIO AMBIENTE - FEAM,3,1,91,13,60,1,,18,122,705,2,417,2417,1,,,11969918.00,0,REMUNERAÇÃO DE PESSOAL ATIVO E ENCARGOS SOCIAIS,APOIO ÀS POLÍTICAS PÚBLICAS
2027,1370,SECRETARIA DE ESTADO DE MEIO AMBIENTE E DESENVOLVIMENTO SUSTENTÁVEL - FEAM,3,,2091,FUNDAÇÃO ESTADUAL DO MEIO AMBIENTE - FEAM,3,1,91,13,72,1,,18,122,705,2,417,2417,1,,,9993.00,0,REMUNERAÇÃO DE PESSOAL ATIVO E ENCARGOS SOCIAIS,APOIO ÀS POLÍTICAS PÚBLICAS
2027,1370,SECRETARIA DE ESTADO DE MEIO AMBIENTE E DESENVOLVIMENTO SUSTENTÁVEL - FEAM,3,,2091,FUNDAÇÃO ESTADUAL DO MEIO AMBIENTE - FEAM,3,3,90,46,72,7,,18,122,705,2,417,2417,1,,,12533140.00,0,REMUNERAÇÃO DE PESSOAL ATIVO E ENCARGOS SOCIAIS,APOIO ÀS POLÍTICAS PÚBLICAS
2027,1370,SECRETARIA DE ESTADO DE MEIO AMBIENTE E DESENVOLVIMENTO SUSTENTÁVEL - FEAM,3,,2091,FUNDAÇÃO ESTADUAL DO MEIO AMBIENTE - FEAM,3,3,90,49,72,7,,18,122,705,2,417,2417,1,,,387629.00,0,REMUNERAÇÃO DE PESSOAL ATIVO E ENCARGOS SOCIAIS,APOIO ÀS POLÍTICAS PÚBLICAS
2027,1370,SECRETARIA DE ESTADO DE MEIO AMBIENTE E DESENVOLVIMENTO SUSTENTÁVEL - FEAM,3,,2091,FUNDAÇÃO ESTADUAL DO MEIO AMBIENTE - FEAM,3,3,90,14,72,1,,18,122,705,2,500,2500,1,,,163417.00,0,ASSESSORAMENTO E GERENCIAMENTO DE POLÍTICAS PÚBLICAS,APOIO ÀS POLÍTICAS PÚBLICAS
2027,1370,SECRETARIA DE ESTADO DE MEIO AMBIENTE E DESENVOLVIMENTO SUSTENTÁVEL - FEAM,3,,2091,FUNDAÇÃO ESTADUAL DO MEIO AMBIENTE - FEAM,3,3,90,30,72,1,,18,122,705,2,500,2500,1,,,678591.00,0,ASSESSORAMENTO E GERENCIAMENTO DE POLÍTICAS PÚBLICAS,APOIO ÀS POLÍTICAS PÚBLICAS
2027,1370,SECRETARIA DE ESTADO DE MEIO AMBIENTE E DESENVOLVIMENTO SUSTENTÁVEL - FEAM,3,,2091,FUNDAÇÃO ESTADUAL DO MEIO AMBIENTE - FEAM,3,3,90,33,72,1,,18,122,705,2,500,2500,1,,,144613.00,0,ASSESSORAMENTO E GERENCIAMENTO DE POLÍTICAS PÚBLICAS,APOIO ÀS POLÍTICAS PÚBLICAS
2027,1370,SECRETARIA DE ESTADO DE MEIO AMBIENTE E DESENVOLVIMENTO SUSTENTÁVEL - FEAM,3,,2091,FUNDAÇÃO ESTADUAL DO MEIO AMBIENTE - FEAM,3,3,90,36,72,1,,18,122,705,2,500,2500,1,,,177878.00,0,ASSESSORAMENTO E GERENCIAMENTO DE POLÍTICAS PÚBLICAS,APOIO ÀS POLÍTICAS PÚBLICAS
2027,1370,SECRETARIA DE ESTADO DE MEIO AMBIENTE E DESENVOLVIMENTO SUSTENTÁVEL - FEAM,3,,2091,FUNDAÇÃO ESTADUAL DO MEIO AMBIENTE - FEAM,3,3,90,37,72,1,,18,122,705,2,500,2500,1,,,8465605.00,0,ASSESSORAMENTO E GERENCIAMENTO DE POLÍTICAS PÚBLICAS,APOIO ÀS POLÍTICAS PÚBLICAS
2027,1370,SECRETARIA DE ESTADO DE MEIO AMBIENTE E DESENVOLVIMENTO SUSTENTÁVEL - FEAM,3,,2091,FUNDAÇÃO ESTADUAL DO MEIO AMBIENTE - FEAM,3,3,90,39,72,1,,18,122,705,2,500,2500,1,,,5980030.00,0,ASSESSORAMENTO E GERENCIAMENTO DE POLÍTICAS PÚBLICAS,APOIO ÀS POLÍTICAS PÚBLICAS
2027,1370,SECRETARIA DE ESTADO DE MEIO AMBIENTE E DESENVOLVIMENTO SUSTENTÁVEL - FEAM,3,,2091,FUNDAÇÃO ESTADUAL DO MEIO AMBIENTE - FEAM,3,3,90,40,72,1,,18,122,705,2,500,2500,1,,,728218.00,0,ASSESSORAMENTO E GERENCIAMENTO DE POLÍTICAS PÚBLICAS,APOIO ÀS POLÍTICAS PÚBLICAS
2027,1370,SECRETARIA DE ESTADO DE MEIO AMBIENTE E DESENVOLVIMENTO SUSTENTÁVEL - FEAM,3,,2091,FUNDAÇÃO ESTADUAL DO MEIO AMBIENTE - FEAM,3,3,90,40,9,1,,18,122,705,2,500,2500,1,,,6002000.00,0,ASSESSORAMENTO E GERENCIAMENTO DE POLÍTICAS PÚBLICAS,APOIO ÀS POLÍTICAS PÚBLICAS
2027,1370,SECRETARIA DE ESTADO DE MEIO AMBIENTE E DESENVOLVIMENTO SUSTENTÁVEL - FEAM,3,,2091,FUNDAÇÃO ESTADUAL DO MEIO AMBIENTE - FEAM,3,3,90,47,72,1,,18,122,705,2,500,2500,1,,,263238.00,0,ASSESSORAMENTO E GERENCIAMENTO DE POLÍTICAS PÚBLICAS,APOIO ÀS POLÍTICAS PÚBLICAS
2027,1370,SECRETARIA DE ESTADO DE MEIO AMBIENTE E DESENVOLVIMENTO SUSTENTÁVEL - FEAM,3,,2091,FUNDAÇÃO ESTADUAL DO MEIO AMBIENTE - FEAM,4,4,90,52,72,1,,18,122,705,2,500,2500,1,,,3040.00,0,ASSESSORAMENTO E GERENCIAMENTO DE POLÍTICAS PÚBLICAS,APOIO ÀS POLÍTICAS PÚBLICAS
2027,1370,SECRETARIA DE ESTADO DE MEIO AMBIENTE E DESENVOLVIMENTO SUSTENTÁVEL - FEAM,3,,2091,FUNDAÇÃO ESTADUAL DO MEIO AMBIENTE - FEAM,3,3,90,14,72,1,,18,541,40,4,69,4069,1,,,162972.00,0,GESTÃO DE BARRAGENS,RECUPERAÇÃO AMBIENTAL E GESTÃO DE BARRAGENS
2027,1370,SECRETARIA DE ESTADO DE MEIO AMBIENTE E DESENVOLVIMENTO SUSTENTÁVEL - FEAM,3,,2091,FUNDAÇÃO ESTADUAL DO MEIO AMBIENTE - FEAM,3,3,90,33,72,1,,18,541,40,4,69,4069,1,,,22367.00,0,GESTÃO DE BARRAGENS,RECUPERAÇÃO AMBIENTAL E GESTÃO DE BARRAGENS
2027,1370,SECRETARIA DE ESTADO DE MEIO AMBIENTE E DESENVOLVIMENTO SUSTENTÁVEL - FEAM,3,,2091,FUNDAÇÃO ESTADUAL DO MEIO AMBIENTE - FEAM,3,3,90,39,72,1,,18,541,40,4,69,4069,1,,,7011.00,0,GESTÃO DE BARRAGENS,RECUPERAÇÃO AMBIENTAL E GESTÃO DE BARRAGENS
2027,1370,SECRETARIA DE ESTADO DE MEIO AMBIENTE E DESENVOLVIMENTO SUSTENTÁVEL - FEAM,3,,2091,FUNDAÇÃO ESTADUAL DO MEIO AMBIENTE - FEAM,3,3,90,14,72,1,,18,542,41,4,71,4071,1,,,421593.00,0,LICENCIAMENTO AMBIENTAL,REGULARIZAÇÃO AMBIENTAL
2027,1370,SECRETARIA DE ESTADO DE MEIO AMBIENTE E DESENVOLVIMENTO SUSTENTÁVEL - FEAM,3,,2091,FUNDAÇÃO ESTADUAL DO MEIO AMBIENTE - FEAM,3,3,90,30,72,1,,18,542,41,4,71,4071,1,,,4692.00,0,LICENCIAMENTO AMBIENTAL,REGULARIZAÇÃO AMBIENTAL
2027,1370,SECRETARIA DE ESTADO DE MEIO AMBIENTE E DESENVOLVIMENTO SUSTENTÁVEL - FEAM,3,,2091,FUNDAÇÃO ESTADUAL DO MEIO AMBIENTE - FEAM,3,3,90,33,72,1,,18,542,41,4,71,4071,1,,,92749.00,0,LICENCIAMENTO AMBIENTAL,REGULARIZAÇÃO AMBIENTAL
2027,1370,SECRETARIA DE ESTADO DE MEIO AMBIENTE E DESENVOLVIMENTO SUSTENTÁVEL - FEAM,3,,2091,FUNDAÇÃO ESTADUAL DO MEIO AMBIENTE - FEAM,3,3,90,39,72,1,,18,542,41,4,71,4071,1,,,10673.00,0,LICENCIAMENTO AMBIENTAL,REGULARIZAÇÃO AMBIENTAL
2027,1370,SECRETARIA DE ESTADO DE MEIO AMBIENTE E DESENVOLVIMENTO SUSTENTÁVEL - FEAM,3,,2091,FUNDAÇÃO ESTADUAL DO MEIO AMBIENTE - FEAM,3,3,90,40,72,1,,18,542,41,4,71,4071,1,,,51516.00,0,LICENCIAMENTO AMBIENTAL,REGULARIZAÇÃO AMBIENTAL
2027,1370,SECRETARIA DE ESTADO DE MEIO AMBIENTE E DESENVOLVIMENTO SUSTENTÁVEL - FEAM,3,,2091,FUNDAÇÃO ESTADUAL DO MEIO AMBIENTE - FEAM,3,3,90,14,72,1,,18,542,41,4,72,4072,1,,,46873.00,0,APOIO AO LICENCIAMENTO AMBIENTAL MUNICIPAL,REGULARIZAÇÃO AMBIENTAL
2027,1370,SECRETARIA DE ESTADO DE MEIO AMBIENTE E DESENVOLVIMENTO SUSTENTÁVEL - FEAM,3,,2091,FUNDAÇÃO ESTADUAL DO MEIO AMBIENTE - FEAM,3,3,90,14,72,1,,18,543,40,4,70,4070,1,,,97887.00,0,GESTÃO E RECUPERAÇÃO DE ÁREAS DEGRADADAS E CONTAMINADAS,RECUPERAÇÃO AMBIENTAL E GESTÃO DE BARRAGENS
2027,1370,SECRETARIA DE ESTADO DE MEIO AMBIENTE E DESENVOLVIMENTO SUSTENTÁVEL - FEAM,3,,2091,FUNDAÇÃO ESTADUAL DO MEIO AMBIENTE - FEAM,3,3,90,33,72,1,,18,543,40,4,70,4070,1,,,19995.00,0,GESTÃO E RECUPERAÇÃO DE ÁREAS DEGRADADAS E CONTAMINADAS,RECUPERAÇÃO AMBIENTAL E GESTÃO DE BARRAGENS
2027,1370,SECRETARIA DE ESTADO DE MEIO AMBIENTE E DESENVOLVIMENTO SUSTENTÁVEL - FEAM,3,,2091,FUNDAÇÃO ESTADUAL DO MEIO AMBIENTE - FEAM,3,3,90,39,45,1,,18,543,40,4,70,4070,1,,,215000.00,0,GESTÃO E RECUPERAÇÃO DE ÁREAS DEGRADADAS E CONTAMINADAS,RECUPERAÇÃO AMBIENTAL E GESTÃO DE BARRAGENS
2027,1370,SECRETARIA DE ESTADO DE MEIO AMBIENTE E DESENVOLVIMENTO SUSTENTÁVEL - FEAM,3,,2091,FUNDAÇÃO ESTADUAL DO MEIO AMBIENTE - FEAM,3,1,90,91,60,9,,28,846,705,7,4,7004,1,,,827373.00,0,PRECATÓRIOS E SENTENÇAS JUDICIÁRIAS,APOIO ÀS POLÍTICAS PÚBLICAS
2027,1370,SECRETARIA DE ESTADO DE MEIO AMBIENTE E DESENVOLVIMENTO SUSTENTÁVEL - IEF,3,,2101,INSTITUTO ESTADUAL DE FLORESTAS - IEF,3,3,90,13,72,1,,18,122,705,2,500,2500,1,,,13200.00,0,ASSESSORAMENTO E GERENCIAMENTO DE POLÍTICAS PÚBLICAS,APOIO ÀS POLÍTICAS PÚBLICAS
2027,1370,SECRETARIA DE ESTADO DE MEIO AMBIENTE E DESENVOLVIMENTO SUSTENTÁVEL - IEF,3,,2101,INSTITUTO ESTADUAL DE FLORESTAS - IEF,3,3,90,14,72,1,,18,122,705,2,500,2500,1,,,398500.00,0,ASSESSORAMENTO E GERENCIAMENTO DE POLÍTICAS PÚBLICAS,APOIO ÀS POLÍTICAS PÚBLICAS
2027,1370,SECRETARIA DE ESTADO DE MEIO AMBIENTE E DESENVOLVIMENTO SUSTENTÁVEL - IEF,3,,2101,INSTITUTO ESTADUAL DE FLORESTAS - IEF,3,3,90,30,72,1,,18,122,705,2,500,2500,1,,,1160100.00,0,ASSESSORAMENTO E GERENCIAMENTO DE POLÍTICAS PÚBLICAS,APOIO ÀS POLÍTICAS PÚBLICAS
2027,1370,SECRETARIA DE ESTADO DE MEIO AMBIENTE E DESENVOLVIMENTO SUSTENTÁVEL - IEF,3,,2101,INSTITUTO ESTADUAL DE FLORESTAS - IEF,3,3,90,33,72,1,,18,122,705,2,500,2500,1,,,47700.00,0,ASSESSORAMENTO E GERENCIAMENTO DE POLÍTICAS PÚBLICAS,APOIO ÀS POLÍTICAS PÚBLICAS
2027,1370,SECRETARIA DE ESTADO DE MEIO AMBIENTE E DESENVOLVIMENTO SUSTENTÁVEL - IEF,3,,2101,INSTITUTO ESTADUAL DE FLORESTAS - IEF,3,3,90,36,72,1,,18,122,705,2,500,2500,1,,,515400.00,0,ASSESSORAMENTO E GERENCIAMENTO DE POLÍTICAS PÚBLICAS,APOIO ÀS POLÍTICAS PÚBLICAS
2027,1370,SECRETARIA DE ESTADO DE MEIO AMBIENTE E DESENVOLVIMENTO SUSTENTÁVEL - IEF,3,,2101,INSTITUTO ESTADUAL DE FLORESTAS - IEF,3,3,90,37,72,1,,18,122,705,2,500,2500,1,,,7439700.00,0,ASSESSORAMENTO E GERENCIAMENTO DE POLÍTICAS PÚBLICAS,APOIO ÀS POLÍTICAS PÚBLICAS
2027,1370,SECRETARIA DE ESTADO DE MEIO AMBIENTE E DESENVOLVIMENTO SUSTENTÁVEL - IEF,3,,2101,INSTITUTO ESTADUAL DE FLORESTAS - IEF,3,3,90,39,72,1,,18,122,705,2,500,2500,1,,,2373600.00,0,ASSESSORAMENTO E GERENCIAMENTO DE POLÍTICAS PÚBLICAS,APOIO ÀS POLÍTICAS PÚBLICAS
2027,1370,SECRETARIA DE ESTADO DE MEIO AMBIENTE E DESENVOLVIMENTO SUSTENTÁVEL - IEF,3,,2101,INSTITUTO ESTADUAL DE FLORESTAS - IEF,3,3,90,40,72,1,,18,122,705,2,500,2500,1,,,495100.00,0,ASSESSORAMENTO E GERENCIAMENTO DE POLÍTICAS PÚBLICAS,APOIO ÀS POLÍTICAS PÚBLICAS
2027,1370,SECRETARIA DE ESTADO DE MEIO AMBIENTE E DESENVOLVIMENTO SUSTENTÁVEL - IEF,3,,2101,INSTITUTO ESTADUAL DE FLORESTAS - IEF,3,3,90,47,72,1,,18,122,705,2,500,2500,1,,,4069800.00,0,ASSESSORAMENTO E GERENCIAMENTO DE POLÍTICAS PÚBLICAS,APOIO ÀS POLÍTICAS PÚBLICAS
2027,1370,SECRETARIA DE ESTADO DE MEIO AMBIENTE E DESENVOLVIMENTO SUSTENTÁVEL - IEF,3,,2101,INSTITUTO ESTADUAL DE FLORESTAS - IEF,4,4,90,52,72,1,,18,122,705,2,500,2500,1,,,25000.00,0,ASSESSORAMENTO E GERENCIAMENTO DE POLÍTICAS PÚBLICAS,APOIO ÀS POLÍTICAS PÚBLICAS
2027,1370,SECRETARIA DE ESTADO DE MEIO AMBIENTE E DESENVOLVIMENTO SUSTENTÁVEL - IEF,3,,2101,INSTITUTO ESTADUAL DE FLORESTAS - IEF,3,3,90,14,72,1,,18,541,31,4,54,4054,1,,,55400.00,0,PREVENÇÃO E COMBATE A INCÊNDIOS FLORESTAIS,"PROTEÇÃO DAS ÁREAS AMBIENTALMENTE CONSERVADAS, DA FAUNA E DA BIODIVERSIDADE FLORESTAL"
2027,1370,SECRETARIA DE ESTADO DE MEIO AMBIENTE E DESENVOLVIMENTO SUSTENTÁVEL - IEF,3,,2101,INSTITUTO ESTADUAL DE FLORESTAS - IEF,3,3,90,30,72,1,,18,541,31,4,54,4054,1,,,35000.00,0,PREVENÇÃO E COMBATE A INCÊNDIOS FLORESTAIS,"PROTEÇÃO DAS ÁREAS AMBIENTALMENTE CONSERVADAS, DA FAUNA E DA BIODIVERSIDADE FLORESTAL"
2027,1370,SECRETARIA DE ESTADO DE MEIO AMBIENTE E DESENVOLVIMENTO SUSTENTÁVEL - IEF,3,,2101,INSTITUTO ESTADUAL DE FLORESTAS - IEF,3,3,90,33,72,1,,18,541,31,4,54,4054,1,,,1500.00,0,PREVENÇÃO E COMBATE A INCÊNDIOS FLORESTAIS,"PROTEÇÃO DAS ÁREAS AMBIENTALMENTE CONSERVADAS, DA FAUNA E DA BIODIVERSIDADE FLORESTAL"
2027,1370,SECRETARIA DE ESTADO DE MEIO AMBIENTE E DESENVOLVIMENTO SUSTENTÁVEL - IEF,3,,2101,INSTITUTO ESTADUAL DE FLORESTAS - IEF,3,3,90,36,72,1,,18,541,31,4,54,4054,1,,,2100.00,0,PREVENÇÃO E COMBATE A INCÊNDIOS FLORESTAIS,"PROTEÇÃO DAS ÁREAS AMBIENTALMENTE CONSERVADAS, DA FAUNA E DA BIODIVERSIDADE FLORESTAL"
2027,1370,SECRETARIA DE ESTADO DE MEIO AMBIENTE E DESENVOLVIMENTO SUSTENTÁVEL - IEF,3,,2101,INSTITUTO ESTADUAL DE FLORESTAS - IEF,3,3,90,39,72,1,,18,541,31,4,54,4054,1,,,109600.00,0,PREVENÇÃO E COMBATE A INCÊNDIOS FLORESTAIS,"PROTEÇÃO DAS ÁREAS AMBIENTALMENTE CONSERVADAS, DA FAUNA E DA BIODIVERSIDADE FLORESTAL"
2027,1370,SECRETARIA DE ESTADO DE MEIO AMBIENTE E DESENVOLVIMENTO SUSTENTÁVEL - IEF,3,,2101,INSTITUTO ESTADUAL DE FLORESTAS - IEF,3,3,90,40,72,1,,18,541,31,4,54,4054,1,,,400.00,0,PREVENÇÃO E COMBATE A INCÊNDIOS FLORESTAIS,"PROTEÇÃO DAS ÁREAS AMBIENTALMENTE CONSERVADAS, DA FAUNA E DA BIODIVERSIDADE FLORESTAL"
2027,1370,SECRETARIA DE ESTADO DE MEIO AMBIENTE E DESENVOLVIMENTO SUSTENTÁVEL - IEF,3,,2101,INSTITUTO ESTADUAL DE FLORESTAS - IEF,4,4,90,52,72,1,,18,541,31,4,54,4054,1,,,45000.00,0,PREVENÇÃO E COMBATE A INCÊNDIOS FLORESTAIS,"PROTEÇÃO DAS ÁREAS AMBIENTALMENTE CONSERVADAS, DA FAUNA E DA BIODIVERSIDADE FLORESTAL"
2027,1370,SECRETARIA DE ESTADO DE MEIO AMBIENTE E DESENVOLVIMENTO SUSTENTÁVEL - IEF,3,,2101,INSTITUTO ESTADUAL DE FLORESTAS - IEF,3,3,90,39,72,1,,18,541,31,4,57,4057,1,,,1000.00,0,PARC - PROGRAMA DE CONCESSÃO DE PARQUES ESTADUAIS,"PROTEÇÃO DAS ÁREAS AMBIENTALMENTE CONSERVADAS, DA FAUNA E DA BIODIVERSIDADE FLORESTAL"
2027,1370,SECRETARIA DE ESTADO DE MEIO AMBIENTE E DESENVOLVIMENTO SUSTENTÁVEL - IEF,3,,2101,INSTITUTO ESTADUAL DE FLORESTAS - IEF,3,3,90,14,72,1,,18,541,31,4,58,4058,1,,,88600.00,0,PROTEÇÃO E CONSERVAÇÃO DA FAUNA SILVESTRE,"PROTEÇÃO DAS ÁREAS AMBIENTALMENTE CONSERVADAS, DA FAUNA E DA BIODIVERSIDADE FLORESTAL"
2027,1370,SECRETARIA DE ESTADO DE MEIO AMBIENTE E DESENVOLVIMENTO SUSTENTÁVEL - IEF,3,,2101,INSTITUTO ESTADUAL DE FLORESTAS - IEF,3,3,90,30,72,1,,18,541,31,4,58,4058,1,,,2046400.00,0,PROTEÇÃO E CONSERVAÇÃO DA FAUNA SILVESTRE,"PROTEÇÃO DAS ÁREAS AMBIENTALMENTE CONSERVADAS, DA FAUNA E DA BIODIVERSIDADE FLORESTAL"
2027,1370,SECRETARIA DE ESTADO DE MEIO AMBIENTE E DESENVOLVIMENTO SUSTENTÁVEL - IEF,3,,2101,INSTITUTO ESTADUAL DE FLORESTAS - IEF,3,3,90,33,72,1,,18,541,31,4,58,4058,1,,,11100.00,0,PROTEÇÃO E CONSERVAÇÃO DA FAUNA SILVESTRE,"PROTEÇÃO DAS ÁREAS AMBIENTALMENTE CONSERVADAS, DA FAUNA E DA BIODIVERSIDADE FLORESTAL"
2027,1370,SECRETARIA DE ESTADO DE MEIO AMBIENTE E DESENVOLVIMENTO SUSTENTÁVEL - IEF,3,,2101,INSTITUTO ESTADUAL DE FLORESTAS - IEF,3,3,90,36,72,1,,18,541,31,4,58,4058,1,,,3200.00,0,PROTEÇÃO E CONSERVAÇÃO DA FAUNA SILVESTRE,"PROTEÇÃO DAS ÁREAS AMBIENTALMENTE CONSERVADAS, DA FAUNA E DA BIODIVERSIDADE FLORESTAL"
2027,1370,SECRETARIA DE ESTADO DE MEIO AMBIENTE E DESENVOLVIMENTO SUSTENTÁVEL - IEF,3,,2101,INSTITUTO ESTADUAL DE FLORESTAS - IEF,3,3,90,37,72,1,,18,541,31,4,58,4058,1,,,462100.00,0,PROTEÇÃO E CONSERVAÇÃO DA FAUNA SILVESTRE,"PROTEÇÃO DAS ÁREAS AMBIENTALMENTE CONSERVADAS, DA FAUNA E DA BIODIVERSIDADE FLORESTAL"
2027,1370,SECRETARIA DE ESTADO DE MEIO AMBIENTE E DESENVOLVIMENTO SUSTENTÁVEL - IEF,3,,2101,INSTITUTO ESTADUAL DE FLORESTAS - IEF,3,3,90,39,72,1,,18,541,31,4,58,4058,1,,,5639000.00,0,PROTEÇÃO E CONSERVAÇÃO DA FAUNA SILVESTRE,"PROTEÇÃO DAS ÁREAS AMBIENTALMENTE CONSERVADAS, DA FAUNA E DA BIODIVERSIDADE FLORESTAL"
2027,1370,SECRETARIA DE ESTADO DE MEIO AMBIENTE E DESENVOLVIMENTO SUSTENTÁVEL - IEF,3,,2101,INSTITUTO ESTADUAL DE FLORESTAS - IEF,3,3,90,40,72,1,,18,541,31,4,58,4058,1,,,5700.00,0,PROTEÇÃO E CONSERVAÇÃO DA FAUNA SILVESTRE,"PROTEÇÃO DAS ÁREAS AMBIENTALMENTE CONSERVADAS, DA FAUNA E DA BIODIVERSIDADE FLORESTAL"
2027,1370,SECRETARIA DE ESTADO DE MEIO AMBIENTE E DESENVOLVIMENTO SUSTENTÁVEL - IEF,3,,2101,INSTITUTO ESTADUAL DE FLORESTAS - IEF,3,3,90,47,72,1,,18,541,31,4,58,4058,1,,,12200.00,0,PROTEÇÃO E CONSERVAÇÃO DA FAUNA SILVESTRE,"PROTEÇÃO DAS ÁREAS AMBIENTALMENTE CONSERVADAS, DA FAUNA E DA BIODIVERSIDADE FLORESTAL"
2027,1370,SECRETARIA DE ESTADO DE MEIO AMBIENTE E DESENVOLVIMENTO SUSTENTÁVEL - IEF,3,,2101,INSTITUTO ESTADUAL DE FLORESTAS - IEF,4,4,90,52,72,1,,18,541,31,4,58,4058,1,,,115000.00,0,PROTEÇÃO E CONSERVAÇÃO DA FAUNA SILVESTRE,"PROTEÇÃO DAS ÁREAS AMBIENTALMENTE CONSERVADAS, DA FAUNA E DA BIODIVERSIDADE FLORESTAL"
2027,1370,SECRETARIA DE ESTADO DE MEIO AMBIENTE E DESENVOLVIMENTO SUSTENTÁVEL - IEF,3,,2101,INSTITUTO ESTADUAL DE FLORESTAS - IEF,3,3,90,14,72,1,,18,541,31,4,59,4059,1,,,368600.00,0,GESTÃO DE UNIDADES E CONSERVAÇÃO,"PROTEÇÃO DAS ÁREAS AMBIENTALMENTE CONSERVADAS, DA FAUNA E DA BIODIVERSIDADE FLORESTAL"
2027,1370,SECRETARIA DE ESTADO DE MEIO AMBIENTE E DESENVOLVIMENTO SUSTENTÁVEL - IEF,3,,2101,INSTITUTO ESTADUAL DE FLORESTAS - IEF,3,3,90,30,72,1,,18,541,31,4,59,4059,1,,,175100.00,0,GESTÃO DE UNIDADES E CONSERVAÇÃO,"PROTEÇÃO DAS ÁREAS AMBIENTALMENTE CONSERVADAS, DA FAUNA E DA BIODIVERSIDADE FLORESTAL"
2027,1370,SECRETARIA DE ESTADO DE MEIO AMBIENTE E DESENVOLVIMENTO SUSTENTÁVEL - IEF,3,,2101,INSTITUTO ESTADUAL DE FLORESTAS - IEF,3,3,90,33,72,1,,18,541,31,4,59,4059,1,,,13600.00,0,GESTÃO DE UNIDADES E CONSERVAÇÃO,"PROTEÇÃO DAS ÁREAS AMBIENTALMENTE CONSERVADAS, DA FAUNA E DA BIODIVERSIDADE FLORESTAL"
2027,1370,SECRETARIA DE ESTADO DE MEIO AMBIENTE E DESENVOLVIMENTO SUSTENTÁVEL - IEF,3,,2101,INSTITUTO ESTADUAL DE FLORESTAS - IEF,3,3,90,36,72,1,,18,541,31,4,59,4059,1,,,50600.00,0,GESTÃO DE UNIDADES E CONSERVAÇÃO,"PROTEÇÃO DAS ÁREAS AMBIENTALMENTE CONSERVADAS, DA FAUNA E DA BIODIVERSIDADE FLORESTAL"
2027,1370,SECRETARIA DE ESTADO DE MEIO AMBIENTE E DESENVOLVIMENTO SUSTENTÁVEL - IEF,3,,2101,INSTITUTO ESTADUAL DE FLORESTAS - IEF,3,3,90,37,72,1,,18,541,31,4,59,4059,1,,,38478400.00,0,GESTÃO DE UNIDADES E CONSERVAÇÃO,"PROTEÇÃO DAS ÁREAS AMBIENTALMENTE CONSERVADAS, DA FAUNA E DA BIODIVERSIDADE FLORESTAL"
2027,1370,SECRETARIA DE ESTADO DE MEIO AMBIENTE E DESENVOLVIMENTO SUSTENTÁVEL - IEF,3,,2101,INSTITUTO ESTADUAL DE FLORESTAS - IEF,3,3,90,39,72,1,,18,541,31,4,59,4059,1,,,2900400.00,0,GESTÃO DE UNIDADES E CONSERVAÇÃO,"PROTEÇÃO DAS ÁREAS AMBIENTALMENTE CONSERVADAS, DA FAUNA E DA BIODIVERSIDADE FLORESTAL"
2027,1370,SECRETARIA DE ESTADO DE MEIO AMBIENTE E DESENVOLVIMENTO SUSTENTÁVEL - IEF,3,,2101,INSTITUTO ESTADUAL DE FLORESTAS - IEF,3,3,90,40,72,1,,18,541,31,4,59,4059,1,,,781500.00,0,GESTÃO DE UNIDADES E CONSERVAÇÃO,"PROTEÇÃO DAS ÁREAS AMBIENTALMENTE CONSERVADAS, DA FAUNA E DA BIODIVERSIDADE FLORESTAL"
2027,1370,SECRETARIA DE ESTADO DE MEIO AMBIENTE E DESENVOLVIMENTO SUSTENTÁVEL - IEF,3,,2101,INSTITUTO ESTADUAL DE FLORESTAS - IEF,3,3,90,47,60,9,,18,541,31,4,59,4059,1,,,300.00,0,GESTÃO DE UNIDADES E CONSERVAÇÃO,"PROTEÇÃO DAS ÁREAS AMBIENTALMENTE CONSERVADAS, DA FAUNA E DA BIODIVERSIDADE FLORESTAL"
2027,1370,SECRETARIA DE ESTADO DE MEIO AMBIENTE E DESENVOLVIMENTO SUSTENTÁVEL - IEF,3,,2101,INSTITUTO ESTADUAL DE FLORESTAS - IEF,3,3,90,47,72,1,,18,541,31,4,59,4059,1,,,300.00,0,GESTÃO DE UNIDADES E CONSERVAÇÃO,"PROTEÇÃO DAS ÁREAS AMBIENTALMENTE CONSERVADAS, DA FAUNA E DA BIODIVERSIDADE FLORESTAL"
2027,1370,SECRETARIA DE ESTADO DE MEIO AMBIENTE E DESENVOLVIMENTO SUSTENTÁVEL - IEF,3,,2101,INSTITUTO ESTADUAL DE FLORESTAS - IEF,3,3,90,15,72,1,,18,541,46,4,91,4091,1,,,281000.00,0,GESTÃO DE AERONAVES DO SISEMA,SUPORTE AÉREO AOS SERVIÇOS PÚBLICOS ESTADUAIS
2027,1370,SECRETARIA DE ESTADO DE MEIO AMBIENTE E DESENVOLVIMENTO SUSTENTÁVEL - IEF,3,,2101,INSTITUTO ESTADUAL DE FLORESTAS - IEF,3,3,90,30,72,1,,18,541,46,4,91,4091,1,,,1280000.00,0,GESTÃO DE AERONAVES DO SISEMA,SUPORTE AÉREO AOS SERVIÇOS PÚBLICOS ESTADUAIS
2027,1370,SECRETARIA DE ESTADO DE MEIO AMBIENTE E DESENVOLVIMENTO SUSTENTÁVEL - IEF,3,,2101,INSTITUTO ESTADUAL DE FLORESTAS - IEF,3,3,90,33,72,1,,18,541,46,4,91,4091,1,,,3000.00,0,GESTÃO DE AERONAVES DO SISEMA,SUPORTE AÉREO AOS SERVIÇOS PÚBLICOS ESTADUAIS
2027,1370,SECRETARIA DE ESTADO DE MEIO AMBIENTE E DESENVOLVIMENTO SUSTENTÁVEL - IEF,3,,2101,INSTITUTO ESTADUAL DE FLORESTAS - IEF,3,3,90,37,72,1,,18,541,46,4,91,4091,1,,,40800.00,0,GESTÃO DE AERONAVES DO SISEMA,SUPORTE AÉREO AOS SERVIÇOS PÚBLICOS ESTADUAIS
2027,1370,SECRETARIA DE ESTADO DE MEIO AMBIENTE E DESENVOLVIMENTO SUSTENTÁVEL - IEF,3,,2101,INSTITUTO ESTADUAL DE FLORESTAS - IEF,3,3,90,39,72,1,,18,541,46,4,91,4091,1,,,4415400.00,0,GESTÃO DE AERONAVES DO SISEMA,SUPORTE AÉREO AOS SERVIÇOS PÚBLICOS ESTADUAIS
2027,1370,SECRETARIA DE ESTADO DE MEIO AMBIENTE E DESENVOLVIMENTO SUSTENTÁVEL - IEF,3,,2101,INSTITUTO ESTADUAL DE FLORESTAS - IEF,3,3,90,40,72,1,,18,541,46,4,91,4091,1,,,68500.00,0,GESTÃO DE AERONAVES DO SISEMA,SUPORTE AÉREO AOS SERVIÇOS PÚBLICOS ESTADUAIS
2027,1370,SECRETARIA DE ESTADO DE MEIO AMBIENTE E DESENVOLVIMENTO SUSTENTÁVEL - IEF,3,,2101,INSTITUTO ESTADUAL DE FLORESTAS - IEF,3,3,90,14,72,1,,18,542,31,4,55,4055,1,,,165500.00,0,CONTROLE E MONITORAMENTO DE ATIVIDADES FLORESTAIS,"PROTEÇÃO DAS ÁREAS AMBIENTALMENTE CONSERVADAS, DA FAUNA E DA BIODIVERSIDADE FLORESTAL"
2027,1370,SECRETARIA DE ESTADO DE MEIO AMBIENTE E DESENVOLVIMENTO SUSTENTÁVEL - IEF,3,,2101,INSTITUTO ESTADUAL DE FLORESTAS - IEF,3,3,90,33,72,1,,18,542,31,4,55,4055,1,,,10000.00,0,CONTROLE E MONITORAMENTO DE ATIVIDADES FLORESTAIS,"PROTEÇÃO DAS ÁREAS AMBIENTALMENTE CONSERVADAS, DA FAUNA E DA BIODIVERSIDADE FLORESTAL"
2027,1370,SECRETARIA DE ESTADO DE MEIO AMBIENTE E DESENVOLVIMENTO SUSTENTÁVEL - IEF,3,,2101,INSTITUTO ESTADUAL DE FLORESTAS - IEF,3,3,90,36,72,1,,18,542,31,4,55,4055,1,,,238000.00,0,CONTROLE E MONITORAMENTO DE ATIVIDADES FLORESTAIS,"PROTEÇÃO DAS ÁREAS AMBIENTALMENTE CONSERVADAS, DA FAUNA E DA BIODIVERSIDADE FLORESTAL"
2027,1370,SECRETARIA DE ESTADO DE MEIO AMBIENTE E DESENVOLVIMENTO SUSTENTÁVEL - IEF,3,,2101,INSTITUTO ESTADUAL DE FLORESTAS - IEF,3,3,90,39,72,1,,18,542,31,4,55,4055,1,,,1563700.00,0,CONTROLE E MONITORAMENTO DE ATIVIDADES FLORESTAIS,"PROTEÇÃO DAS ÁREAS AMBIENTALMENTE CONSERVADAS, DA FAUNA E DA BIODIVERSIDADE FLORESTAL"
2027,1370,SECRETARIA DE ESTADO DE MEIO AMBIENTE E DESENVOLVIMENTO SUSTENTÁVEL - IEF,3,,2101,INSTITUTO ESTADUAL DE FLORESTAS - IEF,3,3,90,40,72,1,,18,542,31,4,55,4055,1,,,472400.00,0,CONTROLE E MONITORAMENTO DE ATIVIDADES FLORESTAIS,"PROTEÇÃO DAS ÁREAS AMBIENTALMENTE CONSERVADAS, DA FAUNA E DA BIODIVERSIDADE FLORESTAL"
2027,1370,SECRETARIA DE ESTADO DE MEIO AMBIENTE E DESENVOLVIMENTO SUSTENTÁVEL - IEF,3,,2101,INSTITUTO ESTADUAL DE FLORESTAS - IEF,3,3,90,47,72,1,,18,542,31,4,55,4055,1,,,6800.00,0,CONTROLE E MONITORAMENTO DE ATIVIDADES FLORESTAIS,"PROTEÇÃO DAS ÁREAS AMBIENTALMENTE CONSERVADAS, DA FAUNA E DA BIODIVERSIDADE FLORESTAL"
2027,1370,SECRETARIA DE ESTADO DE MEIO AMBIENTE E DESENVOLVIMENTO SUSTENTÁVEL - IEF,3,,2101,INSTITUTO ESTADUAL DE FLORESTAS - IEF,3,3,90,14,61,1,,18,543,31,4,56,4056,1,,,218900.00,0,RECUPERAÇÃO AMBIENTAL,"PROTEÇÃO DAS ÁREAS AMBIENTALMENTE CONSERVADAS, DA FAUNA E DA BIODIVERSIDADE FLORESTAL"
2027,1370,SECRETARIA DE ESTADO DE MEIO AMBIENTE E DESENVOLVIMENTO SUSTENTÁVEL - IEF,3,,2101,INSTITUTO ESTADUAL DE FLORESTAS - IEF,3,3,90,30,61,1,,18,543,31,4,56,4056,1,,,400200.00,0,RECUPERAÇÃO AMBIENTAL,"PROTEÇÃO DAS ÁREAS AMBIENTALMENTE CONSERVADAS, DA FAUNA E DA BIODIVERSIDADE FLORESTAL"
2027,1370,SECRETARIA DE ESTADO DE MEIO AMBIENTE E DESENVOLVIMENTO SUSTENTÁVEL - IEF,3,,2101,INSTITUTO ESTADUAL DE FLORESTAS - IEF,3,3,90,33,61,1,,18,543,31,4,56,4056,1,,,16000.00,0,RECUPERAÇÃO AMBIENTAL,"PROTEÇÃO DAS ÁREAS AMBIENTALMENTE CONSERVADAS, DA FAUNA E DA BIODIVERSIDADE FLORESTAL"
2027,1370,SECRETARIA DE ESTADO DE MEIO AMBIENTE E DESENVOLVIMENTO SUSTENTÁVEL - IEF,3,,2101,INSTITUTO ESTADUAL DE FLORESTAS - IEF,3,3,90,36,61,1,,18,543,31,4,56,4056,1,,,3500.00,0,RECUPERAÇÃO AMBIENTAL,"PROTEÇÃO DAS ÁREAS AMBIENTALMENTE CONSERVADAS, DA FAUNA E DA BIODIVERSIDADE FLORESTAL"
2027,1370,SECRETARIA DE ESTADO DE MEIO AMBIENTE E DESENVOLVIMENTO SUSTENTÁVEL - IEF,3,,2101,INSTITUTO ESTADUAL DE FLORESTAS - IEF,3,3,90,37,61,1,,18,543,31,4,56,4056,1,,,2901300.00,0,RECUPERAÇÃO AMBIENTAL,"PROTEÇÃO DAS ÁREAS AMBIENTALMENTE CONSERVADAS, DA FAUNA E DA BIODIVERSIDADE FLORESTAL"
2027,1370,SECRETARIA DE ESTADO DE MEIO AMBIENTE E DESENVOLVIMENTO SUSTENTÁVEL - IEF,3,,2101,INSTITUTO ESTADUAL DE FLORESTAS - IEF,3,3,90,39,61,1,,18,543,31,4,56,4056,1,,,412700.00,0,RECUPERAÇÃO AMBIENTAL,"PROTEÇÃO DAS ÁREAS AMBIENTALMENTE CONSERVADAS, DA FAUNA E DA BIODIVERSIDADE FLORESTAL"
2027,1370,SECRETARIA DE ESTADO DE MEIO AMBIENTE E DESENVOLVIMENTO SUSTENTÁVEL - IEF,3,,2101,INSTITUTO ESTADUAL DE FLORESTAS - IEF,3,3,90,40,61,1,,18,543,31,4,56,4056,1,,,157400.00,0,RECUPERAÇÃO AMBIENTAL,"PROTEÇÃO DAS ÁREAS AMBIENTALMENTE CONSERVADAS, DA FAUNA E DA BIODIVERSIDADE FLORESTAL"
2027,1370,SECRETARIA DE ESTADO DE MEIO AMBIENTE E DESENVOLVIMENTO SUSTENTÁVEL - IEF,3,,2101,INSTITUTO ESTADUAL DE FLORESTAS - IEF,4,4,90,52,61,1,,18,543,31,4,56,4056,1,,,15000.00,0,RECUPERAÇÃO AMBIENTAL,"PROTEÇÃO DAS ÁREAS AMBIENTALMENTE CONSERVADAS, DA FAUNA E DA BIODIVERSIDADE FLORESTAL"
2027,1370,SECRETARIA DE ESTADO DE MEIO AMBIENTE E DESENVOLVIMENTO SUSTENTÁVEL - IEF,3,,2101,INSTITUTO ESTADUAL DE FLORESTAS - IEF,3,1,90,91,60,9,,28,846,705,7,4,7004,1,,,2565024.00,0,PRECATÓRIOS E SENTENÇAS JUDICIÁRIAS,APOIO ÀS POLÍTICAS PÚBLICAS
2027,1370,SECRETARIA DE ESTADO DE MEIO AMBIENTE E DESENVOLVIMENTO SUSTENTÁVEL - IEF,3,,2101,INSTITUTO ESTADUAL DE FLORESTAS - IEF,3,3,90,91,60,9,,28,846,705,7,4,7004,1,,,1937453.00,0,PRECATÓRIOS E SENTENÇAS JUDICIÁRIAS,APOIO ÀS POLÍTICAS PÚBLICAS
2027,1370,SECRETARIA DE ESTADO DE MEIO AMBIENTE E DESENVOLVIMENTO SUSTENTÁVEL - IGAM,3,,2241,INSTITUTO MINEIRO DE GESTÃO DAS ÁGUAS - IGAM,3,1,90,11,72,1,,18,122,705,2,417,2417,1,,,20795504.00,0,REMUNERAÇÃO DE PESSOAL ATIVO E ENCARGOS SOCIAIS,APOIO ÀS POLÍTICAS PÚBLICAS
2027,1370,SECRETARIA DE ESTADO DE MEIO AMBIENTE E DESENVOLVIMENTO SUSTENTÁVEL - IGAM,3,,2241,INSTITUTO MINEIRO DE GESTÃO DAS ÁGUAS - IGAM,3,1,91,13,72,1,,18,122,705,2,417,2417,1,,,8114851.00,0,REMUNERAÇÃO DE PESSOAL ATIVO E ENCARGOS SOCIAIS,APOIO ÀS POLÍTICAS PÚBLICAS
2027,1370,SECRETARIA DE ESTADO DE MEIO AMBIENTE E DESENVOLVIMENTO SUSTENTÁVEL - IGAM,3,,2241,INSTITUTO MINEIRO DE GESTÃO DAS ÁGUAS - IGAM,3,3,90,46,72,7,,18,122,705,2,417,2417,1,,,5308915.00,0,REMUNERAÇÃO DE PESSOAL ATIVO E ENCARGOS SOCIAIS,APOIO ÀS POLÍTICAS PÚBLICAS
2027,1370,SECRETARIA DE ESTADO DE MEIO AMBIENTE E DESENVOLVIMENTO SUSTENTÁVEL - IGAM,3,,2241,INSTITUTO MINEIRO DE GESTÃO DAS ÁGUAS - IGAM,3,3,90,49,72,7,,18,122,705,2,417,2417,1,,,108345.00,0,REMUNERAÇÃO DE PESSOAL ATIVO E ENCARGOS SOCIAIS,APOIO ÀS POLÍTICAS PÚBLICAS
2027,1370,SECRETARIA DE ESTADO DE MEIO AMBIENTE E DESENVOLVIMENTO SUSTENTÁVEL - IGAM,3,,2241,INSTITUTO MINEIRO DE GESTÃO DAS ÁGUAS - IGAM,3,3,90,14,72,1,,18,122,705,2,500,2500,1,,,40000.00,0,ASSESSORAMENTO E GERENCIAMENTO DE POLÍTICAS PÚBLICAS,APOIO ÀS POLÍTICAS PÚBLICAS
2027,1370,SECRETARIA DE ESTADO DE MEIO AMBIENTE E DESENVOLVIMENTO SUSTENTÁVEL - IGAM,3,,2241,INSTITUTO MINEIRO DE GESTÃO DAS ÁGUAS - IGAM,3,3,90,30,72,1,,18,122,705,2,500,2500,1,,,100000.00,0,ASSESSORAMENTO E GERENCIAMENTO DE POLÍTICAS PÚBLICAS,APOIO ÀS POLÍTICAS PÚBLICAS
2027,1370,SECRETARIA DE ESTADO DE MEIO AMBIENTE E DESENVOLVIMENTO SUSTENTÁVEL - IGAM,3,,2241,INSTITUTO MINEIRO DE GESTÃO DAS ÁGUAS - IGAM,3,3,90,33,72,1,,18,122,705,2,500,2500,1,,,73000.00,0,ASSESSORAMENTO E GERENCIAMENTO DE POLÍTICAS PÚBLICAS,APOIO ÀS POLÍTICAS PÚBLICAS
2027,1370,SECRETARIA DE ESTADO DE MEIO AMBIENTE E DESENVOLVIMENTO SUSTENTÁVEL - IGAM,3,,2241,INSTITUTO MINEIRO DE GESTÃO DAS ÁGUAS - IGAM,3,3,90,37,72,1,,18,122,705,2,500,2500,1,,,1063439.00,0,ASSESSORAMENTO E GERENCIAMENTO DE POLÍTICAS PÚBLICAS,APOIO ÀS POLÍTICAS PÚBLICAS
2027,1370,SECRETARIA DE ESTADO DE MEIO AMBIENTE E DESENVOLVIMENTO SUSTENTÁVEL - IGAM,3,,2241,INSTITUTO MINEIRO DE GESTÃO DAS ÁGUAS - IGAM,3,3,90,39,60,1,,18,122,705,2,500,2500,1,,,1345000.00,0,ASSESSORAMENTO E GERENCIAMENTO DE POLÍTICAS PÚBLICAS,APOIO ÀS POLÍTICAS PÚBLICAS
2027,1370,SECRETARIA DE ESTADO DE MEIO AMBIENTE E DESENVOLVIMENTO SUSTENTÁVEL - IGAM,3,,2241,INSTITUTO MINEIRO DE GESTÃO DAS ÁGUAS - IGAM,3,3,90,39,72,1,,18,122,705,2,500,2500,1,,,401685.00,0,ASSESSORAMENTO E GERENCIAMENTO DE POLÍTICAS PÚBLICAS,APOIO ÀS POLÍTICAS PÚBLICAS
2027,1370,SECRETARIA DE ESTADO DE MEIO AMBIENTE E DESENVOLVIMENTO SUSTENTÁVEL - IGAM,3,,2241,INSTITUTO MINEIRO DE GESTÃO DAS ÁGUAS - IGAM,3,3,90,39,79,1,,18,122,705,2,500,2500,1,,,75000.00,0,ASSESSORAMENTO E GERENCIAMENTO DE POLÍTICAS PÚBLICAS,APOIO ÀS POLÍTICAS PÚBLICAS
2027,1370,SECRETARIA DE ESTADO DE MEIO AMBIENTE E DESENVOLVIMENTO SUSTENTÁVEL - IGAM,3,,2241,INSTITUTO MINEIRO DE GESTÃO DAS ÁGUAS - IGAM,3,3,90,39,91,1,,18,122,705,2,500,2500,1,,,11030743.00,0,ASSESSORAMENTO E GERENCIAMENTO DE POLÍTICAS PÚBLICAS,APOIO ÀS POLÍTICAS PÚBLICAS
2027,1370,SECRETARIA DE ESTADO DE MEIO AMBIENTE E DESENVOLVIMENTO SUSTENTÁVEL - IGAM,3,,2241,INSTITUTO MINEIRO DE GESTÃO DAS ÁGUAS - IGAM,3,3,90,40,72,1,,18,122,705,2,500,2500,1,,,90516.00,0,ASSESSORAMENTO E GERENCIAMENTO DE POLÍTICAS PÚBLICAS,APOIO ÀS POLÍTICAS PÚBLICAS
2027,1370,SECRETARIA DE ESTADO DE MEIO AMBIENTE E DESENVOLVIMENTO SUSTENTÁVEL - IGAM,3,,2241,INSTITUTO MINEIRO DE GESTÃO DAS ÁGUAS - IGAM,3,3,90,47,72,1,,18,122,705,2,500,2500,1,,,144930.00,0,ASSESSORAMENTO E GERENCIAMENTO DE POLÍTICAS PÚBLICAS,APOIO ÀS POLÍTICAS PÚBLICAS
2027,1370,SECRETARIA DE ESTADO DE MEIO AMBIENTE E DESENVOLVIMENTO SUSTENTÁVEL - IGAM,3,,2241,INSTITUTO MINEIRO DE GESTÃO DAS ÁGUAS - IGAM,4,4,90,52,47,1,,18,122,705,2,500,2500,1,,,2000.00,0,ASSESSORAMENTO E GERENCIAMENTO DE POLÍTICAS PÚBLICAS,APOIO ÀS POLÍTICAS PÚBLICAS
2027,1370,SECRETARIA DE ESTADO DE MEIO AMBIENTE E DESENVOLVIMENTO SUSTENTÁVEL - IGAM,3,,2241,INSTITUTO MINEIRO DE GESTÃO DAS ÁGUAS - IGAM,3,3,90,39,72,1,,18,544,139,4,200,4200,1,,,1000.00,0,PREVENÇÃO DE EVENTOS HIDROMETEOROLÓGICOS CRÍTICOS,PROGRAMA CAMINHO NAS CHUVAS
2027,1370,SECRETARIA DE ESTADO DE MEIO AMBIENTE E DESENVOLVIMENTO SUSTENTÁVEL - IGAM,3,,2241,INSTITUTO MINEIRO DE GESTÃO DAS ÁGUAS - IGAM,3,3,90,14,72,1,,18,544,65,4,187,4187,1,,,10000.00,0,PLANEJAMENTO DE RECURSOS HÍDRICOS,FORTALECIMENTO DA POLÍTICA ESTADUAL DE RECURSOS HÍDRICOS
2027,1370,SECRETARIA DE ESTADO DE MEIO AMBIENTE E DESENVOLVIMENTO SUSTENTÁVEL - IGAM,3,,2241,INSTITUTO MINEIRO DE GESTÃO DAS ÁGUAS - IGAM,3,3,90,33,72,1,,18,544,65,4,187,4187,1,,,17000.00,0,PLANEJAMENTO DE RECURSOS HÍDRICOS,FORTALECIMENTO DA POLÍTICA ESTADUAL DE RECURSOS HÍDRICOS
2027,1370,SECRETARIA DE ESTADO DE MEIO AMBIENTE E DESENVOLVIMENTO SUSTENTÁVEL - IGAM,3,,2241,INSTITUTO MINEIRO DE GESTÃO DAS ÁGUAS - IGAM,3,3,90,37,72,1,,18,544,65,4,187,4187,1,,,101875.00,0,PLANEJAMENTO DE RECURSOS HÍDRICOS,FORTALECIMENTO DA POLÍTICA ESTADUAL DE RECURSOS HÍDRICOS
2027,1370,SECRETARIA DE ESTADO DE MEIO AMBIENTE E DESENVOLVIMENTO SUSTENTÁVEL - IGAM,3,,2241,INSTITUTO MINEIRO DE GESTÃO DAS ÁGUAS - IGAM,3,3,90,39,72,1,,18,544,65,4,187,4187,1,,,78158.00,0,PLANEJAMENTO DE RECURSOS HÍDRICOS,FORTALECIMENTO DA POLÍTICA ESTADUAL DE RECURSOS HÍDRICOS
2027,1370,SECRETARIA DE ESTADO DE MEIO AMBIENTE E DESENVOLVIMENTO SUSTENTÁVEL - IGAM,3,,2241,INSTITUTO MINEIRO DE GESTÃO DAS ÁGUAS - IGAM,3,3,90,14,72,1,,18,544,65,4,188,4188,1,,,40000.00,0,REGULAÇÃO DE RECURSOS HÍDRICOS,FORTALECIMENTO DA POLÍTICA ESTADUAL DE RECURSOS HÍDRICOS
2027,1370,SECRETARIA DE ESTADO DE MEIO AMBIENTE E DESENVOLVIMENTO SUSTENTÁVEL - IGAM,3,,2241,INSTITUTO MINEIRO DE GESTÃO DAS ÁGUAS - IGAM,3,3,90,33,72,1,,18,544,65,4,188,4188,1,,,76000.00,0,REGULAÇÃO DE RECURSOS HÍDRICOS,FORTALECIMENTO DA POLÍTICA ESTADUAL DE RECURSOS HÍDRICOS
2027,1370,SECRETARIA DE ESTADO DE MEIO AMBIENTE E DESENVOLVIMENTO SUSTENTÁVEL - IGAM,3,,2241,INSTITUTO MINEIRO DE GESTÃO DAS ÁGUAS - IGAM,3,3,90,37,72,1,,18,544,65,4,188,4188,1,,,1018745.00,0,REGULAÇÃO DE RECURSOS HÍDRICOS,FORTALECIMENTO DA POLÍTICA ESTADUAL DE RECURSOS HÍDRICOS
2027,1370,SECRETARIA DE ESTADO DE MEIO AMBIENTE E DESENVOLVIMENTO SUSTENTÁVEL - IGAM,3,,2241,INSTITUTO MINEIRO DE GESTÃO DAS ÁGUAS - IGAM,3,3,90,39,72,1,,18,544,65,4,188,4188,1,,,195996.00,0,REGULAÇÃO DE RECURSOS HÍDRICOS,FORTALECIMENTO DA POLÍTICA ESTADUAL DE RECURSOS HÍDRICOS
2027,1370,SECRETARIA DE ESTADO DE MEIO AMBIENTE E DESENVOLVIMENTO SUSTENTÁVEL - IGAM,3,,2241,INSTITUTO MINEIRO DE GESTÃO DAS ÁGUAS - IGAM,3,3,90,40,72,1,,18,544,65,4,188,4188,1,,,125894.00,0,REGULAÇÃO DE RECURSOS HÍDRICOS,FORTALECIMENTO DA POLÍTICA ESTADUAL DE RECURSOS HÍDRICOS
2027,1370,SECRETARIA DE ESTADO DE MEIO AMBIENTE E DESENVOLVIMENTO SUSTENTÁVEL - IGAM,3,,2241,INSTITUTO MINEIRO DE GESTÃO DAS ÁGUAS - IGAM,3,3,90,14,72,1,,18,544,65,4,189,4189,1,,,8000.00,0,COBRANÇA PELO USO DE RECURSOS HÍDRICOS,FORTALECIMENTO DA POLÍTICA ESTADUAL DE RECURSOS HÍDRICOS
2027,1370,SECRETARIA DE ESTADO DE MEIO AMBIENTE E DESENVOLVIMENTO SUSTENTÁVEL - IGAM,3,,2241,INSTITUTO MINEIRO DE GESTÃO DAS ÁGUAS - IGAM,3,3,90,33,72,1,,18,544,65,4,189,4189,1,,,8000.00,0,COBRANÇA PELO USO DE RECURSOS HÍDRICOS,FORTALECIMENTO DA POLÍTICA ESTADUAL DE RECURSOS HÍDRICOS
2027,1370,SECRETARIA DE ESTADO DE MEIO AMBIENTE E DESENVOLVIMENTO SUSTENTÁVEL - IGAM,3,,2241,INSTITUTO MINEIRO DE GESTÃO DAS ÁGUAS - IGAM,3,3,90,37,72,1,,18,544,65,4,189,4189,1,,,203749.00,0,COBRANÇA PELO USO DE RECURSOS HÍDRICOS,FORTALECIMENTO DA POLÍTICA ESTADUAL DE RECURSOS HÍDRICOS
2027,1370,SECRETARIA DE ESTADO DE MEIO AMBIENTE E DESENVOLVIMENTO SUSTENTÁVEL - IGAM,3,,2241,INSTITUTO MINEIRO DE GESTÃO DAS ÁGUAS - IGAM,3,3,90,39,72,1,,18,544,65,4,189,4189,1,,,56283.00,0,COBRANÇA PELO USO DE RECURSOS HÍDRICOS,FORTALECIMENTO DA POLÍTICA ESTADUAL DE RECURSOS HÍDRICOS
2027,1370,SECRETARIA DE ESTADO DE MEIO AMBIENTE E DESENVOLVIMENTO SUSTENTÁVEL - IGAM,3,,2241,INSTITUTO MINEIRO DE GESTÃO DAS ÁGUAS - IGAM,3,3,90,41,61,1,,18,544,65,4,189,4189,1,,,200786292.00,0,COBRANÇA PELO USO DE RECURSOS HÍDRICOS,FORTALECIMENTO DA POLÍTICA ESTADUAL DE RECURSOS HÍDRICOS
2027,1370,SECRETARIA DE ESTADO DE MEIO AMBIENTE E DESENVOLVIMENTO SUSTENTÁVEL - IGAM,3,,2241,INSTITUTO MINEIRO DE GESTÃO DAS ÁGUAS - IGAM,3,3,90,47,61,1,,18,544,65,4,189,4189,1,,,2028144.00,0,COBRANÇA PELO USO DE RECURSOS HÍDRICOS,FORTALECIMENTO DA POLÍTICA ESTADUAL DE RECURSOS HÍDRICOS
2027,1370,SECRETARIA DE ESTADO DE MEIO AMBIENTE E DESENVOLVIMENTO SUSTENTÁVEL - IGAM,3,,2241,INSTITUTO MINEIRO DE GESTÃO DAS ÁGUAS - IGAM,3,3,90,14,72,1,,18,544,65,4,190,4190,1,,,20000.00,0,FORTALECIMENTO DA GESTÃO PARTICIPATIVA,FORTALECIMENTO DA POLÍTICA ESTADUAL DE RECURSOS HÍDRICOS
2027,1370,SECRETARIA DE ESTADO DE MEIO AMBIENTE E DESENVOLVIMENTO SUSTENTÁVEL - IGAM,3,,2241,INSTITUTO MINEIRO DE GESTÃO DAS ÁGUAS - IGAM,3,3,90,33,72,1,,18,544,65,4,190,4190,1,,,20000.00,0,FORTALECIMENTO DA GESTÃO PARTICIPATIVA,FORTALECIMENTO DA POLÍTICA ESTADUAL DE RECURSOS HÍDRICOS
2027,1370,SECRETARIA DE ESTADO DE MEIO AMBIENTE E DESENVOLVIMENTO SUSTENTÁVEL - IGAM,3,,2241,INSTITUTO MINEIRO DE GESTÃO DAS ÁGUAS - IGAM,3,3,90,37,72,1,,18,544,65,4,190,4190,1,,,101875.00,0,FORTALECIMENTO DA GESTÃO PARTICIPATIVA,FORTALECIMENTO DA POLÍTICA ESTADUAL DE RECURSOS HÍDRICOS
2027,1370,SECRETARIA DE ESTADO DE MEIO AMBIENTE E DESENVOLVIMENTO SUSTENTÁVEL - IGAM,3,,2241,INSTITUTO MINEIRO DE GESTÃO DAS ÁGUAS - IGAM,3,3,90,39,73,1,,18,544,65,4,190,4190,1,,,101000.00,0,FORTALECIMENTO DA GESTÃO PARTICIPATIVA,FORTALECIMENTO DA POLÍTICA ESTADUAL DE RECURSOS HÍDRICOS
2027,1370,SECRETARIA DE ESTADO DE MEIO AMBIENTE E DESENVOLVIMENTO SUSTENTÁVEL - IGAM,3,,2241,INSTITUTO MINEIRO DE GESTÃO DAS ÁGUAS - IGAM,3,3,50,85,80,1,,18,544,65,4,191,4191,1,,,15000000.00,0,MONITORAMENTO HIDROMETEOROLOGICO,FORTALECIMENTO DA POLÍTICA ESTADUAL DE RECURSOS HÍDRICOS
2027,1370,SECRETARIA DE ESTADO DE MEIO AMBIENTE E DESENVOLVIMENTO SUSTENTÁVEL - IGAM,3,,2241,INSTITUTO MINEIRO DE GESTÃO DAS ÁGUAS - IGAM,3,3,90,13,72,1,,18,544,65,4,191,4191,1,,,89656.00,0,MONITORAMENTO HIDROMETEOROLOGICO,FORTALECIMENTO DA POLÍTICA ESTADUAL DE RECURSOS HÍDRICOS
2027,1370,SECRETARIA DE ESTADO DE MEIO AMBIENTE E DESENVOLVIMENTO SUSTENTÁVEL - IGAM,3,,2241,INSTITUTO MINEIRO DE GESTÃO DAS ÁGUAS - IGAM,3,3,90,14,72,1,,18,544,65,4,191,4191,1,,,30000.00,0,MONITORAMENTO HIDROMETEOROLOGICO,FORTALECIMENTO DA POLÍTICA ESTADUAL DE RECURSOS HÍDRICOS
2027,1370,SECRETARIA DE ESTADO DE MEIO AMBIENTE E DESENVOLVIMENTO SUSTENTÁVEL - IGAM,3,,2241,INSTITUTO MINEIRO DE GESTÃO DAS ÁGUAS - IGAM,3,3,90,33,72,1,,18,544,65,4,191,4191,1,,,3000.00,0,MONITORAMENTO HIDROMETEOROLOGICO,FORTALECIMENTO DA POLÍTICA ESTADUAL DE RECURSOS HÍDRICOS
2027,1370,SECRETARIA DE ESTADO DE MEIO AMBIENTE E DESENVOLVIMENTO SUSTENTÁVEL - IGAM,3,,2241,INSTITUTO MINEIRO DE GESTÃO DAS ÁGUAS - IGAM,3,3,90,36,72,1,,18,544,65,4,191,4191,1,,,448280.00,0,MONITORAMENTO HIDROMETEOROLOGICO,FORTALECIMENTO DA POLÍTICA ESTADUAL DE RECURSOS HÍDRICOS
2027,1370,SECRETARIA DE ESTADO DE MEIO AMBIENTE E DESENVOLVIMENTO SUSTENTÁVEL - IGAM,3,,2241,INSTITUTO MINEIRO DE GESTÃO DAS ÁGUAS - IGAM,3,3,90,37,72,1,,18,544,65,4,191,4191,1,,,1019738.00,0,MONITORAMENTO HIDROMETEOROLOGICO,FORTALECIMENTO DA POLÍTICA ESTADUAL DE RECURSOS HÍDRICOS
2027,1370,SECRETARIA DE ESTADO DE MEIO AMBIENTE E DESENVOLVIMENTO SUSTENTÁVEL - IGAM,3,,2241,INSTITUTO MINEIRO DE GESTÃO DAS ÁGUAS - IGAM,3,3,90,39,72,1,,18,544,65,4,191,4191,1,,,7110713.00,0,MONITORAMENTO HIDROMETEOROLOGICO,FORTALECIMENTO DA POLÍTICA ESTADUAL DE RECURSOS HÍDRICOS
2027,1370,SECRETARIA DE ESTADO DE MEIO AMBIENTE E DESENVOLVIMENTO SUSTENTÁVEL - IGAM,3,,2241,INSTITUTO MINEIRO DE GESTÃO DAS ÁGUAS - IGAM,3,3,90,39,73,1,,18,544,65,4,191,4191,1,,,206600.00,0,MONITORAMENTO HIDROMETEOROLOGICO,FORTALECIMENTO DA POLÍTICA ESTADUAL DE RECURSOS HÍDRICOS
2027,1370,SECRETARIA DE ESTADO DE MEIO AMBIENTE E DESENVOLVIMENTO SUSTENTÁVEL - IGAM,3,,2241,INSTITUTO MINEIRO DE GESTÃO DAS ÁGUAS - IGAM,3,3,90,40,72,1,,18,544,65,4,191,4191,1,,,17640.00,0,MONITORAMENTO HIDROMETEOROLOGICO,FORTALECIMENTO DA POLÍTICA ESTADUAL DE RECURSOS HÍDRICOS
2027,1370,SECRETARIA DE ESTADO DE MEIO AMBIENTE E DESENVOLVIMENTO SUSTENTÁVEL - IGAM,3,,2241,INSTITUTO MINEIRO DE GESTÃO DAS ÁGUAS - IGAM,3,3,90,14,72,1,,18,544,65,4,192,4192,1,,,13597.00,0,SEGURANÇA DE BARRAGENS,FORTALECIMENTO DA POLÍTICA ESTADUAL DE RECURSOS HÍDRICOS
2027,1370,SECRETARIA DE ESTADO DE MEIO AMBIENTE E DESENVOLVIMENTO SUSTENTÁVEL - IGAM,3,,2241,INSTITUTO MINEIRO DE GESTÃO DAS ÁGUAS - IGAM,3,3,90,33,72,1,,18,544,65,4,192,4192,1,,,3000.00,0,SEGURANÇA DE BARRAGENS,FORTALECIMENTO DA POLÍTICA ESTADUAL DE RECURSOS HÍDRICOS
2027,1370,SECRETARIA DE ESTADO DE MEIO AMBIENTE E DESENVOLVIMENTO SUSTENTÁVEL - IGAM,3,,2241,INSTITUTO MINEIRO DE GESTÃO DAS ÁGUAS - IGAM,3,3,90,37,72,1,,18,544,65,4,192,4192,1,,,101875.00,0,SEGURANÇA DE BARRAGENS,FORTALECIMENTO DA POLÍTICA ESTADUAL DE RECURSOS HÍDRICOS
2027,1370,SECRETARIA DE ESTADO DE MEIO AMBIENTE E DESENVOLVIMENTO SUSTENTÁVEL - IGAM,3,,2241,INSTITUTO MINEIRO DE GESTÃO DAS ÁGUAS - IGAM,3,3,90,39,72,1,,18,544,65,4,192,4192,1,,,101225.00,0,SEGURANÇA DE BARRAGENS,FORTALECIMENTO DA POLÍTICA ESTADUAL DE RECURSOS HÍDRICOS
2027,1370,SECRETARIA DE ESTADO DE MEIO AMBIENTE E DESENVOLVIMENTO SUSTENTÁVEL - IGAM,3,,2241,INSTITUTO MINEIRO DE GESTÃO DAS ÁGUAS - IGAM,3,3,90,40,80,1,,18,544,65,4,192,4192,1,,,1100000.00,0,SEGURANÇA DE BARRAGENS,FORTALECIMENTO DA POLÍTICA ESTADUAL DE RECURSOS HÍDRICOS
2027,1370,SECRETARIA DE ESTADO DE MEIO AMBIENTE E DESENVOLVIMENTO SUSTENTÁVEL - IGAM,3,,2241,INSTITUTO MINEIRO DE GESTÃO DAS ÁGUAS - IGAM,3,3,90,14,72,1,,18,544,65,4,194,4194,1,,,7000.00,0,PROGRAMAS PROJETOS E PESQUISAS EM RECURSOS HÍDRICOS,FORTALECIMENTO DA POLÍTICA ESTADUAL DE RECURSOS HÍDRICOS
2027,1370,SECRETARIA DE ESTADO DE MEIO AMBIENTE E DESENVOLVIMENTO SUSTENTÁVEL - IGAM,3,,2241,INSTITUTO MINEIRO DE GESTÃO DAS ÁGUAS - IGAM,3,3,90,33,72,1,,18,544,65,4,194,4194,1,,,14000.00,0,PROGRAMAS PROJETOS E PESQUISAS EM RECURSOS HÍDRICOS,FORTALECIMENTO DA POLÍTICA ESTADUAL DE RECURSOS HÍDRICOS
2027,1370,SECRETARIA DE ESTADO DE MEIO AMBIENTE E DESENVOLVIMENTO SUSTENTÁVEL - IGAM,3,,2241,INSTITUTO MINEIRO DE GESTÃO DAS ÁGUAS - IGAM,3,3,90,39,72,1,,18,544,65,4,194,4194,1,,,3257.00,0,PROGRAMAS PROJETOS E PESQUISAS EM RECURSOS HÍDRICOS,FORTALECIMENTO DA POLÍTICA ESTADUAL DE RECURSOS HÍDRICOS
2027,1370,SECRETARIA DE ESTADO DE MEIO AMBIENTE E DESENVOLVIMENTO SUSTENTÁVEL - IGAM,3,,2241,INSTITUTO MINEIRO DE GESTÃO DAS ÁGUAS - IGAM,3,3,90,39,73,1,,18,544,65,4,194,4194,1,,,801000.00,0,PROGRAMAS PROJETOS E PESQUISAS EM RECURSOS HÍDRICOS,FORTALECIMENTO DA POLÍTICA ESTADUAL DE RECURSOS HÍDRICOS
2027,1370,SECRETARIA DE ESTADO DE MEIO AMBIENTE E DESENVOLVIMENTO SUSTENTÁVEL - IGAM,3,,2241,INSTITUTO MINEIRO DE GESTÃO DAS ÁGUAS - IGAM,3,3,90,14,72,1,,18,544,65,4,195,4195,1,,,2000.00,0,PROGRAMA ESTRATÉGICO SOMOS TODOS ÁGUA,FORTALECIMENTO DA POLÍTICA ESTADUAL DE RECURSOS HÍDRICOS
2027,1370,SECRETARIA DE ESTADO DE MEIO AMBIENTE E DESENVOLVIMENTO SUSTENTÁVEL - IGAM,3,,2241,INSTITUTO MINEIRO DE GESTÃO DAS ÁGUAS - IGAM,3,3,90,33,72,1,,18,544,65,4,195,4195,1,,,2000.00,0,PROGRAMA ESTRATÉGICO SOMOS TODOS ÁGUA,FORTALECIMENTO DA POLÍTICA ESTADUAL DE RECURSOS HÍDRICOS
2027,1370,SECRETARIA DE ESTADO DE MEIO AMBIENTE E DESENVOLVIMENTO SUSTENTÁVEL - IGAM,3,,2241,INSTITUTO MINEIRO DE GESTÃO DAS ÁGUAS - IGAM,3,3,90,39,24,1,,18,544,65,4,195,4195,1,,,1282000.00,0,PROGRAMA ESTRATÉGICO SOMOS TODOS ÁGUA,FORTALECIMENTO DA POLÍTICA ESTADUAL DE RECURSOS HÍDRICOS
2027,1370,SECRETARIA DE ESTADO DE MEIO AMBIENTE E DESENVOLVIMENTO SUSTENTÁVEL - IGAM,3,,2241,INSTITUTO MINEIRO DE GESTÃO DAS ÁGUAS - IGAM,3,3,90,39,72,1,,18,544,65,4,195,4195,1,,,960000.00,0,PROGRAMA ESTRATÉGICO SOMOS TODOS ÁGUA,FORTALECIMENTO DA POLÍTICA ESTADUAL DE RECURSOS HÍDRICOS
2027,1370,SECRETARIA DE ESTADO DE MEIO AMBIENTE E DESENVOLVIMENTO SUSTENTÁVEL - IGAM,3,,2241,INSTITUTO MINEIRO DE GESTÃO DAS ÁGUAS - IGAM,3,1,90,91,91,9,,28,846,705,7,4,7004,1,,,215544.00,0,PRECATÓRIOS E SENTENÇAS JUDICIÁRIAS,APOIO ÀS POLÍTICAS PÚBLICAS
2027,1370,SECRETARIA DE ESTADO DE MEIO AMBIENTE E DESENVOLVIMENTO SUSTENTÁVEL - ARSAE -MG,3,,2441,AGÊNCIA REGULADORA DE SERVIÇOS DE ABASTECIMENTO DE ÁGUA E DE ESGOTAMENTO SANITÁRIO DO ESTADO DE MINAS GERAIS - ARSAE -MG,3,1,90,11,59,1,,17,122,705,2,417,2417,1,,,13669000.00,0,REMUNERAÇÃO DE PESSOAL ATIVO E ENCARGOS SOCIAIS,APOIO ÀS POLÍTICAS PÚBLICAS
2027,1370,SECRETARIA DE ESTADO DE MEIO AMBIENTE E DESENVOLVIMENTO SUSTENTÁVEL - ARSAE -MG,3,,2441,AGÊNCIA REGULADORA DE SERVIÇOS DE ABASTECIMENTO DE ÁGUA E DE ESGOTAMENTO SANITÁRIO DO ESTADO DE MINAS GERAIS - ARSAE -MG,3,1,90,13,59,1,,17,122,705,2,417,2417,1,,,536000.00,0,REMUNERAÇÃO DE PESSOAL ATIVO E ENCARGOS SOCIAIS,APOIO ÀS POLÍTICAS PÚBLICAS
2027,1370,SECRETARIA DE ESTADO DE MEIO AMBIENTE E DESENVOLVIMENTO SUSTENTÁVEL - ARSAE -MG,3,,2441,AGÊNCIA REGULADORA DE SERVIÇOS DE ABASTECIMENTO DE ÁGUA E DE ESGOTAMENTO SANITÁRIO DO ESTADO DE MINAS GERAIS - ARSAE -MG,3,1,90,7,59,1,,17,122,705,2,417,2417,1,,,1100.00,0,REMUNERAÇÃO DE PESSOAL ATIVO E ENCARGOS SOCIAIS,APOIO ÀS POLÍTICAS PÚBLICAS
2027,1370,SECRETARIA DE ESTADO DE MEIO AMBIENTE E DESENVOLVIMENTO SUSTENTÁVEL - ARSAE -MG,3,,2441,AGÊNCIA REGULADORA DE SERVIÇOS DE ABASTECIMENTO DE ÁGUA E DE ESGOTAMENTO SANITÁRIO DO ESTADO DE MINAS GERAIS - ARSAE -MG,3,1,91,13,59,1,,17,122,705,2,417,2417,1,,,4541381.00,0,REMUNERAÇÃO DE PESSOAL ATIVO E ENCARGOS SOCIAIS,APOIO ÀS POLÍTICAS PÚBLICAS
2027,1370,SECRETARIA DE ESTADO DE MEIO AMBIENTE E DESENVOLVIMENTO SUSTENTÁVEL - ARSAE -MG,3,,2441,AGÊNCIA REGULADORA DE SERVIÇOS DE ABASTECIMENTO DE ÁGUA E DE ESGOTAMENTO SANITÁRIO DO ESTADO DE MINAS GERAIS - ARSAE -MG,3,3,90,46,59,7,,17,122,705,2,417,2417,1,,,3070000.00,0,REMUNERAÇÃO DE PESSOAL ATIVO E ENCARGOS SOCIAIS,APOIO ÀS POLÍTICAS PÚBLICAS
2027,1370,SECRETARIA DE ESTADO DE MEIO AMBIENTE E DESENVOLVIMENTO SUSTENTÁVEL - ARSAE -MG,3,,2441,AGÊNCIA REGULADORA DE SERVIÇOS DE ABASTECIMENTO DE ÁGUA E DE ESGOTAMENTO SANITÁRIO DO ESTADO DE MINAS GERAIS - ARSAE -MG,3,3,90,49,59,7,,17,122,705,2,417,2417,1,,,6290.00,0,REMUNERAÇÃO DE PESSOAL ATIVO E ENCARGOS SOCIAIS,APOIO ÀS POLÍTICAS PÚBLICAS
2027,1370,SECRETARIA DE ESTADO DE MEIO AMBIENTE E DESENVOLVIMENTO SUSTENTÁVEL - ARSAE -MG,3,,2441,AGÊNCIA REGULADORA DE SERVIÇOS DE ABASTECIMENTO DE ÁGUA E DE ESGOTAMENTO SANITÁRIO DO ESTADO DE MINAS GERAIS - ARSAE -MG,3,3,90,14,59,1,,17,122,705,2,500,2500,1,,,25250.00,0,ASSESSORAMENTO E GERENCIAMENTO DE POLÍTICAS PÚBLICAS,APOIO ÀS POLÍTICAS PÚBLICAS
2027,1370,SECRETARIA DE ESTADO DE MEIO AMBIENTE E DESENVOLVIMENTO SUSTENTÁVEL - ARSAE -MG,3,,2441,AGÊNCIA REGULADORA DE SERVIÇOS DE ABASTECIMENTO DE ÁGUA E DE ESGOTAMENTO SANITÁRIO DO ESTADO DE MINAS GERAIS - ARSAE -MG,3,3,90,30,59,1,,17,122,705,2,500,2500,1,,,321.00,0,ASSESSORAMENTO E GERENCIAMENTO DE POLÍTICAS PÚBLICAS,APOIO ÀS POLÍTICAS PÚBLICAS
2027,1370,SECRETARIA DE ESTADO DE MEIO AMBIENTE E DESENVOLVIMENTO SUSTENTÁVEL - ARSAE -MG,3,,2441,AGÊNCIA REGULADORA DE SERVIÇOS DE ABASTECIMENTO DE ÁGUA E DE ESGOTAMENTO SANITÁRIO DO ESTADO DE MINAS GERAIS - ARSAE -MG,3,3,90,33,59,1,,17,122,705,2,500,2500,1,,,92500.00,0,ASSESSORAMENTO E GERENCIAMENTO DE POLÍTICAS PÚBLICAS,APOIO ÀS POLÍTICAS PÚBLICAS
2027,1370,SECRETARIA DE ESTADO DE MEIO AMBIENTE E DESENVOLVIMENTO SUSTENTÁVEL - ARSAE -MG,3,,2441,AGÊNCIA REGULADORA DE SERVIÇOS DE ABASTECIMENTO DE ÁGUA E DE ESGOTAMENTO SANITÁRIO DO ESTADO DE MINAS GERAIS - ARSAE -MG,3,3,90,36,59,1,,17,122,705,2,500,2500,1,,,2320.00,0,ASSESSORAMENTO E GERENCIAMENTO DE POLÍTICAS PÚBLICAS,APOIO ÀS POLÍTICAS PÚBLICAS
2027,1370,SECRETARIA DE ESTADO DE MEIO AMBIENTE E DESENVOLVIMENTO SUSTENTÁVEL - ARSAE -MG,3,,2441,AGÊNCIA REGULADORA DE SERVIÇOS DE ABASTECIMENTO DE ÁGUA E DE ESGOTAMENTO SANITÁRIO DO ESTADO DE MINAS GERAIS - ARSAE -MG,3,3,90,37,59,1,,17,122,705,2,500,2500,1,,,492610.00,0,ASSESSORAMENTO E GERENCIAMENTO DE POLÍTICAS PÚBLICAS,APOIO ÀS POLÍTICAS PÚBLICAS
2027,1370,SECRETARIA DE ESTADO DE MEIO AMBIENTE E DESENVOLVIMENTO SUSTENTÁVEL - ARSAE -MG,3,,2441,AGÊNCIA REGULADORA DE SERVIÇOS DE ABASTECIMENTO DE ÁGUA E DE ESGOTAMENTO SANITÁRIO DO ESTADO DE MINAS GERAIS - ARSAE -MG,3,3,90,39,59,1,,17,122,705,2,500,2500,1,,,283214.00,0,ASSESSORAMENTO E GERENCIAMENTO DE POLÍTICAS PÚBLICAS,APOIO ÀS POLÍTICAS PÚBLICAS
2027,1370,SECRETARIA DE ESTADO DE MEIO AMBIENTE E DESENVOLVIMENTO SUSTENTÁVEL - ARSAE -MG,3,,2441,AGÊNCIA REGULADORA DE SERVIÇOS DE ABASTECIMENTO DE ÁGUA E DE ESGOTAMENTO SANITÁRIO DO ESTADO DE MINAS GERAIS - ARSAE -MG,3,3,90,40,59,1,,17,122,705,2,500,2500,1,,,223510.00,0,ASSESSORAMENTO E GERENCIAMENTO DE POLÍTICAS PÚBLICAS,APOIO ÀS POLÍTICAS PÚBLICAS
2027,1370,SECRETARIA DE ESTADO DE MEIO AMBIENTE E DESENVOLVIMENTO SUSTENTÁVEL - ARSAE -MG,3,,2441,AGÊNCIA REGULADORA DE SERVIÇOS DE ABASTECIMENTO DE ÁGUA E DE ESGOTAMENTO SANITÁRIO DO ESTADO DE MINAS GERAIS - ARSAE -MG,3,3,90,14,59,1,,17,125,10,4,13,4013,1,,,22300.00,0,REGULAÇÃO E FISCALIZAÇÃO ECONÔMICO-FINANCEIRA,REGULAÇÃO E FISCALIZAÇÃO DOS SERVIÇOS DE ABASTECIMENTO DE ÁGUA E DE ESGOTAMENTO SANITÁRIO E ATENDIMENTO AOS USUÁRIOS
2027,1370,SECRETARIA DE ESTADO DE MEIO AMBIENTE E DESENVOLVIMENTO SUSTENTÁVEL - ARSAE -MG,3,,2441,AGÊNCIA REGULADORA DE SERVIÇOS DE ABASTECIMENTO DE ÁGUA E DE ESGOTAMENTO SANITÁRIO DO ESTADO DE MINAS GERAIS - ARSAE -MG,3,3,90,33,59,1,,17,125,10,4,13,4013,1,,,6900.00,0,REGULAÇÃO E FISCALIZAÇÃO ECONÔMICO-FINANCEIRA,REGULAÇÃO E FISCALIZAÇÃO DOS SERVIÇOS DE ABASTECIMENTO DE ÁGUA E DE ESGOTAMENTO SANITÁRIO E ATENDIMENTO AOS USUÁRIOS
2027,1370,SECRETARIA DE ESTADO DE MEIO AMBIENTE E DESENVOLVIMENTO SUSTENTÁVEL - ARSAE -MG,3,,2441,AGÊNCIA REGULADORA DE SERVIÇOS DE ABASTECIMENTO DE ÁGUA E DE ESGOTAMENTO SANITÁRIO DO ESTADO DE MINAS GERAIS - ARSAE -MG,3,3,90,35,59,1,,17,125,10,4,13,4013,1,,,90000.00,0,REGULAÇÃO E FISCALIZAÇÃO ECONÔMICO-FINANCEIRA,REGULAÇÃO E FISCALIZAÇÃO DOS SERVIÇOS DE ABASTECIMENTO DE ÁGUA E DE ESGOTAMENTO SANITÁRIO E ATENDIMENTO AOS USUÁRIOS
2027,1370,SECRETARIA DE ESTADO DE MEIO AMBIENTE E DESENVOLVIMENTO SUSTENTÁVEL - ARSAE -MG,3,,2441,AGÊNCIA REGULADORA DE SERVIÇOS DE ABASTECIMENTO DE ÁGUA E DE ESGOTAMENTO SANITÁRIO DO ESTADO DE MINAS GERAIS - ARSAE -MG,3,3,90,39,59,1,,17,125,10,4,13,4013,1,,,98200.00,0,REGULAÇÃO E FISCALIZAÇÃO ECONÔMICO-FINANCEIRA,REGULAÇÃO E FISCALIZAÇÃO DOS SERVIÇOS DE ABASTECIMENTO DE ÁGUA E DE ESGOTAMENTO SANITÁRIO E ATENDIMENTO AOS USUÁRIOS
2027,1370,SECRETARIA DE ESTADO DE MEIO AMBIENTE E DESENVOLVIMENTO SUSTENTÁVEL - ARSAE -MG,3,,2441,AGÊNCIA REGULADORA DE SERVIÇOS DE ABASTECIMENTO DE ÁGUA E DE ESGOTAMENTO SANITÁRIO DO ESTADO DE MINAS GERAIS - ARSAE -MG,3,3,90,40,59,1,,17,125,10,4,13,4013,1,,,160192.00,0,REGULAÇÃO E FISCALIZAÇÃO ECONÔMICO-FINANCEIRA,REGULAÇÃO E FISCALIZAÇÃO DOS SERVIÇOS DE ABASTECIMENTO DE ÁGUA E DE ESGOTAMENTO SANITÁRIO E ATENDIMENTO AOS USUÁRIOS
2027,1370,SECRETARIA DE ESTADO DE MEIO AMBIENTE E DESENVOLVIMENTO SUSTENTÁVEL - ARSAE -MG,3,,2441,AGÊNCIA REGULADORA DE SERVIÇOS DE ABASTECIMENTO DE ÁGUA E DE ESGOTAMENTO SANITÁRIO DO ESTADO DE MINAS GERAIS - ARSAE -MG,3,3,90,47,59,1,,17,125,10,4,13,4013,1,,,245000.00,0,REGULAÇÃO E FISCALIZAÇÃO ECONÔMICO-FINANCEIRA,REGULAÇÃO E FISCALIZAÇÃO DOS SERVIÇOS DE ABASTECIMENTO DE ÁGUA E DE ESGOTAMENTO SANITÁRIO E ATENDIMENTO AOS USUÁRIOS
2027,1370,SECRETARIA DE ESTADO DE MEIO AMBIENTE E DESENVOLVIMENTO SUSTENTÁVEL - ARSAE -MG,3,,2441,AGÊNCIA REGULADORA DE SERVIÇOS DE ABASTECIMENTO DE ÁGUA E DE ESGOTAMENTO SANITÁRIO DO ESTADO DE MINAS GERAIS - ARSAE -MG,3,3,90,14,59,1,,17,125,10,4,14,4014,1,,,92200.00,0,REGULAÇÃO OPERACIONAL E FISCALIZAÇÃO DA PRESTAÇÃO DE SERVIÇOS,REGULAÇÃO E FISCALIZAÇÃO DOS SERVIÇOS DE ABASTECIMENTO DE ÁGUA E DE ESGOTAMENTO SANITÁRIO E ATENDIMENTO AOS USUÁRIOS
2027,1370,SECRETARIA DE ESTADO DE MEIO AMBIENTE E DESENVOLVIMENTO SUSTENTÁVEL - ARSAE -MG,3,,2441,AGÊNCIA REGULADORA DE SERVIÇOS DE ABASTECIMENTO DE ÁGUA E DE ESGOTAMENTO SANITÁRIO DO ESTADO DE MINAS GERAIS - ARSAE -MG,3,3,90,30,59,1,,17,125,10,4,14,4014,1,,,78400.00,0,REGULAÇÃO OPERACIONAL E FISCALIZAÇÃO DA PRESTAÇÃO DE SERVIÇOS,REGULAÇÃO E FISCALIZAÇÃO DOS SERVIÇOS DE ABASTECIMENTO DE ÁGUA E DE ESGOTAMENTO SANITÁRIO E ATENDIMENTO AOS USUÁRIOS
2027,1370,SECRETARIA DE ESTADO DE MEIO AMBIENTE E DESENVOLVIMENTO SUSTENTÁVEL - ARSAE -MG,3,,2441,AGÊNCIA REGULADORA DE SERVIÇOS DE ABASTECIMENTO DE ÁGUA E DE ESGOTAMENTO SANITÁRIO DO ESTADO DE MINAS GERAIS - ARSAE -MG,3,3,90,33,59,1,,17,125,10,4,14,4014,1,,,36300.00,0,REGULAÇÃO OPERACIONAL E FISCALIZAÇÃO DA PRESTAÇÃO DE SERVIÇOS,REGULAÇÃO E FISCALIZAÇÃO DOS SERVIÇOS DE ABASTECIMENTO DE ÁGUA E DE ESGOTAMENTO SANITÁRIO E ATENDIMENTO AOS USUÁRIOS
2027,1370,SECRETARIA DE ESTADO DE MEIO AMBIENTE E DESENVOLVIMENTO SUSTENTÁVEL - ARSAE -MG,3,,2441,AGÊNCIA REGULADORA DE SERVIÇOS DE ABASTECIMENTO DE ÁGUA E DE ESGOTAMENTO SANITÁRIO DO ESTADO DE MINAS GERAIS - ARSAE -MG,3,3,90,37,59,1,,17,125,10,4,14,4014,1,,,371030.00,0,REGULAÇÃO OPERACIONAL E FISCALIZAÇÃO DA PRESTAÇÃO DE SERVIÇOS,REGULAÇÃO E FISCALIZAÇÃO DOS SERVIÇOS DE ABASTECIMENTO DE ÁGUA E DE ESGOTAMENTO SANITÁRIO E ATENDIMENTO AOS USUÁRIOS
2027,1370,SECRETARIA DE ESTADO DE MEIO AMBIENTE E DESENVOLVIMENTO SUSTENTÁVEL - ARSAE -MG,3,,2441,AGÊNCIA REGULADORA DE SERVIÇOS DE ABASTECIMENTO DE ÁGUA E DE ESGOTAMENTO SANITÁRIO DO ESTADO DE MINAS GERAIS - ARSAE -MG,3,3,90,39,59,1,,17,125,10,4,14,4014,1,,,379495.00,0,REGULAÇÃO OPERACIONAL E FISCALIZAÇÃO DA PRESTAÇÃO DE SERVIÇOS,REGULAÇÃO E FISCALIZAÇÃO DOS SERVIÇOS DE ABASTECIMENTO DE ÁGUA E DE ESGOTAMENTO SANITÁRIO E ATENDIMENTO AOS USUÁRIOS
2027,1370,SECRETARIA DE ESTADO DE MEIO AMBIENTE E DESENVOLVIMENTO SUSTENTÁVEL - ARSAE -MG,3,,2441,AGÊNCIA REGULADORA DE SERVIÇOS DE ABASTECIMENTO DE ÁGUA E DE ESGOTAMENTO SANITÁRIO DO ESTADO DE MINAS GERAIS - ARSAE -MG,3,3,90,40,59,1,,17,125,10,4,14,4014,1,,,225673.00,0,REGULAÇÃO OPERACIONAL E FISCALIZAÇÃO DA PRESTAÇÃO DE SERVIÇOS,REGULAÇÃO E FISCALIZAÇÃO DOS SERVIÇOS DE ABASTECIMENTO DE ÁGUA E DE ESGOTAMENTO SANITÁRIO E ATENDIMENTO AOS USUÁRIOS
2027,1370,SECRETARIA DE ESTADO DE MEIO AMBIENTE E DESENVOLVIMENTO SUSTENTÁVEL - ARSAE -MG,3,,2441,AGÊNCIA REGULADORA DE SERVIÇOS DE ABASTECIMENTO DE ÁGUA E DE ESGOTAMENTO SANITÁRIO DO ESTADO DE MINAS GERAIS - ARSAE -MG,3,3,90,47,59,1,,17,125,10,4,14,4014,1,,,245000.00,0,REGULAÇÃO OPERACIONAL E FISCALIZAÇÃO DA PRESTAÇÃO DE SERVIÇOS,REGULAÇÃO E FISCALIZAÇÃO DOS SERVIÇOS DE ABASTECIMENTO DE ÁGUA E DE ESGOTAMENTO SANITÁRIO E ATENDIMENTO AOS USUÁRIOS
2027,1370,SECRETARIA DE ESTADO DE MEIO AMBIENTE E DESENVOLVIMENTO SUSTENTÁVEL - ARSAE -MG,3,,2441,AGÊNCIA REGULADORA DE SERVIÇOS DE ABASTECIMENTO DE ÁGUA E DE ESGOTAMENTO SANITÁRIO DO ESTADO DE MINAS GERAIS - ARSAE -MG,3,3,90,14,59,1,,17,125,10,4,15,4015,1,,,4500.00,0,ATENDIMENTO AO INTERESSADO NA PRESTAÇÃO DE SERVIÇOS,REGULAÇÃO E FISCALIZAÇÃO DOS SERVIÇOS DE ABASTECIMENTO DE ÁGUA E DE ESGOTAMENTO SANITÁRIO E ATENDIMENTO AOS USUÁRIOS
2027,1370,SECRETARIA DE ESTADO DE MEIO AMBIENTE E DESENVOLVIMENTO SUSTENTÁVEL - ARSAE -MG,3,,2441,AGÊNCIA REGULADORA DE SERVIÇOS DE ABASTECIMENTO DE ÁGUA E DE ESGOTAMENTO SANITÁRIO DO ESTADO DE MINAS GERAIS - ARSAE -MG,3,3,90,33,59,1,,17,125,10,4,15,4015,1,,,4250.00,0,ATENDIMENTO AO INTERESSADO NA PRESTAÇÃO DE SERVIÇOS,REGULAÇÃO E FISCALIZAÇÃO DOS SERVIÇOS DE ABASTECIMENTO DE ÁGUA E DE ESGOTAMENTO SANITÁRIO E ATENDIMENTO AOS USUÁRIOS
2027,1370,SECRETARIA DE ESTADO DE MEIO AMBIENTE E DESENVOLVIMENTO SUSTENTÁVEL - ARSAE -MG,3,,2441,AGÊNCIA REGULADORA DE SERVIÇOS DE ABASTECIMENTO DE ÁGUA E DE ESGOTAMENTO SANITÁRIO DO ESTADO DE MINAS GERAIS - ARSAE -MG,3,3,90,37,59,1,,17,125,10,4,15,4015,1,,,305600.00,0,ATENDIMENTO AO INTERESSADO NA PRESTAÇÃO DE SERVIÇOS,REGULAÇÃO E FISCALIZAÇÃO DOS SERVIÇOS DE ABASTECIMENTO DE ÁGUA E DE ESGOTAMENTO SANITÁRIO E ATENDIMENTO AOS USUÁRIOS
2027,1370,SECRETARIA DE ESTADO DE MEIO AMBIENTE E DESENVOLVIMENTO SUSTENTÁVEL - ARSAE -MG,3,,2441,AGÊNCIA REGULADORA DE SERVIÇOS DE ABASTECIMENTO DE ÁGUA E DE ESGOTAMENTO SANITÁRIO DO ESTADO DE MINAS GERAIS - ARSAE -MG,3,3,90,39,59,1,,17,125,10,4,15,4015,1,,,4800.00,0,ATENDIMENTO AO INTERESSADO NA PRESTAÇÃO DE SERVIÇOS,REGULAÇÃO E FISCALIZAÇÃO DOS SERVIÇOS DE ABASTECIMENTO DE ÁGUA E DE ESGOTAMENTO SANITÁRIO E ATENDIMENTO AOS USUÁRIOS
2027,1370,SECRETARIA DE ESTADO DE MEIO AMBIENTE E DESENVOLVIMENTO SUSTENTÁVEL - ARSAE -MG,3,,2441,AGÊNCIA REGULADORA DE SERVIÇOS DE ABASTECIMENTO DE ÁGUA E DE ESGOTAMENTO SANITÁRIO DO ESTADO DE MINAS GERAIS - ARSAE -MG,3,3,90,40,59,1,,17,125,10,4,15,4015,1,,,49500.00,0,ATENDIMENTO AO INTERESSADO NA PRESTAÇÃO DE SERVIÇOS,REGULAÇÃO E FISCALIZAÇÃO DOS SERVIÇOS DE ABASTECIMENTO DE ÁGUA E DE ESGOTAMENTO SANITÁRIO E ATENDIMENTO AOS USUÁRIOS
2027,1370,SECRETARIA DE ESTADO DE MEIO AMBIENTE E DESENVOLVIMENTO SUSTENTÁVEL - ARSAE -MG,3,,2441,AGÊNCIA REGULADORA DE SERVIÇOS DE ABASTECIMENTO DE ÁGUA E DE ESGOTAMENTO SANITÁRIO DO ESTADO DE MINAS GERAIS - ARSAE -MG,3,1,90,91,59,9,,28,846,705,7,4,7004,1,,,154041.00,0,PRECATÓRIOS E SENTENÇAS JUDICIÁRIAS,APOIO ÀS POLÍTICAS PÚBLICAS
2027,1370,SECRETARIA DE ESTADO DE MEIO AMBIENTE E DESENVOLVIMENTO SUSTENTÁVEL - FUNESB-MG,3,,4761,FUNDO ESTADUAL DE SANEAMENTO BÁSICO DE MINAS GERAIS - FUNESB-MG,4,4,40,41,48,0,,17,512,21,4,946,4946,1,,,340144784.00,0,IMPLEMENTAÇÃO DE AÇÕES VISANDO A MODICIDADE TARIFÁRIA E UNIVERSALIZAÇÃO DOS SERVIÇOS DE SANEAMENTO BÁSICO,SANEAMENTO E RESÍDUOS ESPECIAIS
2027,1370,SECRETARIA DE ESTADO DE MEIO AMBIENTE E DESENVOLVIMENTO SUSTENTÁVEL - FUNESB-MG,3,,4761,FUNDO ESTADUAL DE SANEAMENTO BÁSICO DE MINAS GERAIS - FUNESB-MG,4,4,40,41,89,1,,17,512,21,4,946,4946,1,,,37848412.00,0,IMPLEMENTAÇÃO DE AÇÕES VISANDO A MODICIDADE TARIFÁRIA E UNIVERSALIZAÇÃO DOS SERVIÇOS DE SANEAMENTO BÁSICO,SANEAMENTO E RESÍDUOS ESPECIAIS
2027,1370,SECRETARIA DE ESTADO DE MEIO AMBIENTE E DESENVOLVIMENTO SUSTENTÁVEL - FUNESB-MG,3,,4761,FUNDO ESTADUAL DE SANEAMENTO BÁSICO DE MINAS GERAIS - FUNESB-MG,4,4,90,52,48,0,,17,512,21,4,946,4946,1,,,79340905.00,0,IMPLEMENTAÇÃO DE AÇÕES VISANDO A MODICIDADE TARIFÁRIA E UNIVERSALIZAÇÃO DOS SERVIÇOS DE SANEAMENTO BÁSICO,SANEAMENTO E RESÍDUOS ESPECIAIS
2027,1370,SECRETARIA DE ESTADO DE MEIO AMBIENTE E DESENVOLVIMENTO SUSTENTÁVEL - FUNESB-MG,3,,4761,FUNDO ESTADUAL DE SANEAMENTO BÁSICO DE MINAS GERAIS - FUNESB-MG,4,4,90,52,89,1,,17,512,21,4,946,4946,1,,,13409120.00,0,IMPLEMENTAÇÃO DE AÇÕES VISANDO A MODICIDADE TARIFÁRIA E UNIVERSALIZAÇÃO DOS SERVIÇOS DE SANEAMENTO BÁSICO,SANEAMENTO E RESÍDUOS ESPECIAIS
2027,1400,CORPO DE BOMBEIROS MILITAR DO ESTADO DE MINAS GERAIS - CBMMG,3,,1401,CORPO DE BOMBEIROS MILITAR DO ESTADO DE MINAS GERAIS - CBMMG,3,1,90,12,10,1,,10,302,52,2,21,2021,1,,,30457305.00,0,"ASSISTÊNCIA MÉDICA, ODONTOLÓGICA, PSICOLÓGICA E FISIOTERÁPICA AOS BOMBEIROS MILITARES E SEUS DEPENDENTES",PROMOÇÃO DE DEFESA CIVIL
2027,1400,CORPO DE BOMBEIROS MILITAR DO ESTADO DE MINAS GERAIS - CBMMG,3,,1401,CORPO DE BOMBEIROS MILITAR DO ESTADO DE MINAS GERAIS - CBMMG,3,1,90,17,10,1,,10,302,52,2,21,2021,1,,,110932.00,0,"ASSISTÊNCIA MÉDICA, ODONTOLÓGICA, PSICOLÓGICA E FISIOTERÁPICA AOS BOMBEIROS MILITARES E SEUS DEPENDENTES",PROMOÇÃO DE DEFESA CIVIL
2027,1400,CORPO DE BOMBEIROS MILITAR DO ESTADO DE MINAS GERAIS - CBMMG,3,,1401,CORPO DE BOMBEIROS MILITAR DO ESTADO DE MINAS GERAIS - CBMMG,3,1,91,13,10,1,,10,302,52,2,21,2021,1,,,6219246.00,0,"ASSISTÊNCIA MÉDICA, ODONTOLÓGICA, PSICOLÓGICA E FISIOTERÁPICA AOS BOMBEIROS MILITARES E SEUS DEPENDENTES",PROMOÇÃO DE DEFESA CIVIL
2027,1400,CORPO DE BOMBEIROS MILITAR DO ESTADO DE MINAS GERAIS - CBMMG,3,,1401,CORPO DE BOMBEIROS MILITAR DO ESTADO DE MINAS GERAIS - CBMMG,3,3,90,19,10,7,,10,302,52,2,21,2021,1,,,1427559.00,0,"ASSISTÊNCIA MÉDICA, ODONTOLÓGICA, PSICOLÓGICA E FISIOTERÁPICA AOS BOMBEIROS MILITARES E SEUS DEPENDENTES",PROMOÇÃO DE DEFESA CIVIL
2027,1400,CORPO DE BOMBEIROS MILITAR DO ESTADO DE MINAS GERAIS - CBMMG,3,,1401,CORPO DE BOMBEIROS MILITAR DO ESTADO DE MINAS GERAIS - CBMMG,3,3,90,46,10,7,,10,302,52,2,21,2021,1,,,3285101.00,0,"ASSISTÊNCIA MÉDICA, ODONTOLÓGICA, PSICOLÓGICA E FISIOTERÁPICA AOS BOMBEIROS MILITARES E SEUS DEPENDENTES",PROMOÇÃO DE DEFESA CIVIL
2027,1400,CORPO DE BOMBEIROS MILITAR DO ESTADO DE MINAS GERAIS - CBMMG,3,,1401,CORPO DE BOMBEIROS MILITAR DO ESTADO DE MINAS GERAIS - CBMMG,3,3,90,30,10,1,,10,302,53,4,94,4094,1,,,561758.00,0,SUPORTE BÁSICO E AVANÇADO DE VIDA,ATENDIMENTO PRÉ-HOSPITALAR
2027,1400,CORPO DE BOMBEIROS MILITAR DO ESTADO DE MINAS GERAIS - CBMMG,3,,1401,CORPO DE BOMBEIROS MILITAR DO ESTADO DE MINAS GERAIS - CBMMG,4,4,90,52,10,1,,10,302,53,4,94,4094,1,,,121242.00,0,SUPORTE BÁSICO E AVANÇADO DE VIDA,ATENDIMENTO PRÉ-HOSPITALAR
2027,1400,CORPO DE BOMBEIROS MILITAR DO ESTADO DE MINAS GERAIS - CBMMG,3,,1401,CORPO DE BOMBEIROS MILITAR DO ESTADO DE MINAS GERAIS - CBMMG,3,3,90,15,10,1,,12,363,52,4,116,4116,1,,,120000.00,0,FORMAÇÃO E CAPACITAÇÃO TÉCNICO PROFISSIONAL PARA CIVIS,PROMOÇÃO DE DEFESA CIVIL
2027,1400,CORPO DE BOMBEIROS MILITAR DO ESTADO DE MINAS GERAIS - CBMMG,3,,1401,CORPO DE BOMBEIROS MILITAR DO ESTADO DE MINAS GERAIS - CBMMG,3,3,90,30,10,1,,12,363,52,4,116,4116,1,,,59770.00,0,FORMAÇÃO E CAPACITAÇÃO TÉCNICO PROFISSIONAL PARA CIVIS,PROMOÇÃO DE DEFESA CIVIL
2027,1400,CORPO DE BOMBEIROS MILITAR DO ESTADO DE MINAS GERAIS - CBMMG,3,,1401,CORPO DE BOMBEIROS MILITAR DO ESTADO DE MINAS GERAIS - CBMMG,3,3,90,30,10,1,,12,368,127,2,104,2104,1,,,1000.00,0,FORTALECIMENTO DO PROGRAMA ESCOLA SEGURA POR MEIO DE MILITARES DO CBMMG,ESCOLA SEGURA
2027,1400,CORPO DE BOMBEIROS MILITAR DO ESTADO DE MINAS GERAIS - CBMMG,3,,1401,CORPO DE BOMBEIROS MILITAR DO ESTADO DE MINAS GERAIS - CBMMG,3,3,90,30,10,1,,12,368,165,2,103,2103,1,,,1000.00,0,FORTALECIMENTO DO CORPO TÉCNICO DAS ESCOLAS CÍVICO-MILITARES POR MEIO DE MILITARES DA RESERVA DO CBMMG,"ORGANIZAÇÃO, AVALIAÇÃO E GESTÃO ESCOLAR"
2027,1400,CORPO DE BOMBEIROS MILITAR DO ESTADO DE MINAS GERAIS - CBMMG,3,,1401,CORPO DE BOMBEIROS MILITAR DO ESTADO DE MINAS GERAIS - CBMMG,3,1,90,11,10,1,,18,182,52,4,138,4138,1,,,2984304.00,0,"SUPORTE ÀS AÇÕES DE PREVENÇÃO, MITIGAÇÃO, PREPARAÇÃO E RESPOSTA AOS INCÊNDIOS EM VEGETAÇÃO",PROMOÇÃO DE DEFESA CIVIL
2027,1400,CORPO DE BOMBEIROS MILITAR DO ESTADO DE MINAS GERAIS - CBMMG,3,,1401,CORPO DE BOMBEIROS MILITAR DO ESTADO DE MINAS GERAIS - CBMMG,3,1,90,13,10,1,,18,182,52,4,138,4138,1,,,100089.00,0,"SUPORTE ÀS AÇÕES DE PREVENÇÃO, MITIGAÇÃO, PREPARAÇÃO E RESPOSTA AOS INCÊNDIOS EM VEGETAÇÃO",PROMOÇÃO DE DEFESA CIVIL
2027,1400,CORPO DE BOMBEIROS MILITAR DO ESTADO DE MINAS GERAIS - CBMMG,3,,1401,CORPO DE BOMBEIROS MILITAR DO ESTADO DE MINAS GERAIS - CBMMG,3,1,91,13,10,1,,18,182,52,4,138,4138,1,,,755.00,0,"SUPORTE ÀS AÇÕES DE PREVENÇÃO, MITIGAÇÃO, PREPARAÇÃO E RESPOSTA AOS INCÊNDIOS EM VEGETAÇÃO",PROMOÇÃO DE DEFESA CIVIL
2027,1400,CORPO DE BOMBEIROS MILITAR DO ESTADO DE MINAS GERAIS - CBMMG,3,,1401,CORPO DE BOMBEIROS MILITAR DO ESTADO DE MINAS GERAIS - CBMMG,3,3,90,46,10,7,,18,182,52,4,138,4138,1,,,1497351.00,0,"SUPORTE ÀS AÇÕES DE PREVENÇÃO, MITIGAÇÃO, PREPARAÇÃO E RESPOSTA AOS INCÊNDIOS EM VEGETAÇÃO",PROMOÇÃO DE DEFESA CIVIL
2027,1400,CORPO DE BOMBEIROS MILITAR DO ESTADO DE MINAS GERAIS - CBMMG,3,,1401,CORPO DE BOMBEIROS MILITAR DO ESTADO DE MINAS GERAIS - CBMMG,3,3,90,49,10,7,,18,182,52,4,138,4138,1,,,20999.00,0,"SUPORTE ÀS AÇÕES DE PREVENÇÃO, MITIGAÇÃO, PREPARAÇÃO E RESPOSTA AOS INCÊNDIOS EM VEGETAÇÃO",PROMOÇÃO DE DEFESA CIVIL
2027,1400,CORPO DE BOMBEIROS MILITAR DO ESTADO DE MINAS GERAIS - CBMMG,3,,1401,CORPO DE BOMBEIROS MILITAR DO ESTADO DE MINAS GERAIS - CBMMG,3,1,90,11,10,1,,6,122,705,2,500,2500,1,,,2127665.00,0,ASSESSORAMENTO E GERENCIAMENTO DE POLÍTICAS PÚBLICAS,APOIO ÀS POLÍTICAS PÚBLICAS
2027,1400,CORPO DE BOMBEIROS MILITAR DO ESTADO DE MINAS GERAIS - CBMMG,3,,1401,CORPO DE BOMBEIROS MILITAR DO ESTADO DE MINAS GERAIS - CBMMG,3,1,90,13,10,1,,6,122,705,2,500,2500,1,,,206467.00,0,ASSESSORAMENTO E GERENCIAMENTO DE POLÍTICAS PÚBLICAS,APOIO ÀS POLÍTICAS PÚBLICAS
2027,1400,CORPO DE BOMBEIROS MILITAR DO ESTADO DE MINAS GERAIS - CBMMG,3,,1401,CORPO DE BOMBEIROS MILITAR DO ESTADO DE MINAS GERAIS - CBMMG,3,1,91,13,10,1,,6,122,705,2,500,2500,1,,,56866.00,0,ASSESSORAMENTO E GERENCIAMENTO DE POLÍTICAS PÚBLICAS,APOIO ÀS POLÍTICAS PÚBLICAS
2027,1400,CORPO DE BOMBEIROS MILITAR DO ESTADO DE MINAS GERAIS - CBMMG,3,,1401,CORPO DE BOMBEIROS MILITAR DO ESTADO DE MINAS GERAIS - CBMMG,3,3,90,14,10,1,,6,122,705,2,500,2500,1,,,1816.00,0,ASSESSORAMENTO E GERENCIAMENTO DE POLÍTICAS PÚBLICAS,APOIO ÀS POLÍTICAS PÚBLICAS
2027,1400,CORPO DE BOMBEIROS MILITAR DO ESTADO DE MINAS GERAIS - CBMMG,3,,1401,CORPO DE BOMBEIROS MILITAR DO ESTADO DE MINAS GERAIS - CBMMG,3,3,90,15,10,1,,6,122,705,2,500,2500,1,,,1731180.00,0,ASSESSORAMENTO E GERENCIAMENTO DE POLÍTICAS PÚBLICAS,APOIO ÀS POLÍTICAS PÚBLICAS
2027,1400,CORPO DE BOMBEIROS MILITAR DO ESTADO DE MINAS GERAIS - CBMMG,3,,1401,CORPO DE BOMBEIROS MILITAR DO ESTADO DE MINAS GERAIS - CBMMG,3,3,90,19,10,7,,6,122,705,2,500,2500,1,,,17704.00,0,ASSESSORAMENTO E GERENCIAMENTO DE POLÍTICAS PÚBLICAS,APOIO ÀS POLÍTICAS PÚBLICAS
2027,1400,CORPO DE BOMBEIROS MILITAR DO ESTADO DE MINAS GERAIS - CBMMG,3,,1401,CORPO DE BOMBEIROS MILITAR DO ESTADO DE MINAS GERAIS - CBMMG,3,3,90,33,10,1,,6,122,705,2,500,2500,1,,,152400.00,0,ASSESSORAMENTO E GERENCIAMENTO DE POLÍTICAS PÚBLICAS,APOIO ÀS POLÍTICAS PÚBLICAS
2027,1400,CORPO DE BOMBEIROS MILITAR DO ESTADO DE MINAS GERAIS - CBMMG,3,,1401,CORPO DE BOMBEIROS MILITAR DO ESTADO DE MINAS GERAIS - CBMMG,3,3,90,37,10,1,,6,122,705,2,500,2500,1,,,2734541.00,0,ASSESSORAMENTO E GERENCIAMENTO DE POLÍTICAS PÚBLICAS,APOIO ÀS POLÍTICAS PÚBLICAS
2027,1400,CORPO DE BOMBEIROS MILITAR DO ESTADO DE MINAS GERAIS - CBMMG,3,,1401,CORPO DE BOMBEIROS MILITAR DO ESTADO DE MINAS GERAIS - CBMMG,3,3,90,37,27,1,,6,122,705,2,500,2500,1,,,11005841.00,0,ASSESSORAMENTO E GERENCIAMENTO DE POLÍTICAS PÚBLICAS,APOIO ÀS POLÍTICAS PÚBLICAS
2027,1400,CORPO DE BOMBEIROS MILITAR DO ESTADO DE MINAS GERAIS - CBMMG,3,,1401,CORPO DE BOMBEIROS MILITAR DO ESTADO DE MINAS GERAIS - CBMMG,3,3,90,39,10,1,,6,122,705,2,500,2500,1,,,44753.00,0,ASSESSORAMENTO E GERENCIAMENTO DE POLÍTICAS PÚBLICAS,APOIO ÀS POLÍTICAS PÚBLICAS
2027,1400,CORPO DE BOMBEIROS MILITAR DO ESTADO DE MINAS GERAIS - CBMMG,3,,1401,CORPO DE BOMBEIROS MILITAR DO ESTADO DE MINAS GERAIS - CBMMG,3,3,90,46,10,7,,6,122,705,2,500,2500,1,,,431369.00,0,ASSESSORAMENTO E GERENCIAMENTO DE POLÍTICAS PÚBLICAS,APOIO ÀS POLÍTICAS PÚBLICAS
2027,1400,CORPO DE BOMBEIROS MILITAR DO ESTADO DE MINAS GERAIS - CBMMG,3,,1401,CORPO DE BOMBEIROS MILITAR DO ESTADO DE MINAS GERAIS - CBMMG,3,3,90,49,10,7,,6,122,705,2,500,2500,1,,,8204.00,0,ASSESSORAMENTO E GERENCIAMENTO DE POLÍTICAS PÚBLICAS,APOIO ÀS POLÍTICAS PÚBLICAS
2027,1400,CORPO DE BOMBEIROS MILITAR DO ESTADO DE MINAS GERAIS - CBMMG,3,,1401,CORPO DE BOMBEIROS MILITAR DO ESTADO DE MINAS GERAIS - CBMMG,3,1,91,13,10,1,,6,122,705,7,10,7010,1,,,6000.00,0,BENEFÍCIOS ASSISTENCIAIS,APOIO ÀS POLÍTICAS PÚBLICAS
2027,1400,CORPO DE BOMBEIROS MILITAR DO ESTADO DE MINAS GERAIS - CBMMG,3,,1401,CORPO DE BOMBEIROS MILITAR DO ESTADO DE MINAS GERAIS - CBMMG,3,3,90,8,10,7,,6,122,705,7,10,7010,1,,,1135211.00,0,BENEFÍCIOS ASSISTENCIAIS,APOIO ÀS POLÍTICAS PÚBLICAS
2027,1400,CORPO DE BOMBEIROS MILITAR DO ESTADO DE MINAS GERAIS - CBMMG,3,,1401,CORPO DE BOMBEIROS MILITAR DO ESTADO DE MINAS GERAIS - CBMMG,3,1,90,12,10,1,,6,128,52,4,119,4119,1,,,40978848.00,0,"RECRUTAMENTO, TREINAMENTO E FORMAÇÃO DE BOMBEIROS",PROMOÇÃO DE DEFESA CIVIL
2027,1400,CORPO DE BOMBEIROS MILITAR DO ESTADO DE MINAS GERAIS - CBMMG,3,,1401,CORPO DE BOMBEIROS MILITAR DO ESTADO DE MINAS GERAIS - CBMMG,3,1,91,13,10,1,,6,128,52,4,119,4119,1,,,9043403.00,0,"RECRUTAMENTO, TREINAMENTO E FORMAÇÃO DE BOMBEIROS",PROMOÇÃO DE DEFESA CIVIL
2027,1400,CORPO DE BOMBEIROS MILITAR DO ESTADO DE MINAS GERAIS - CBMMG,3,,1401,CORPO DE BOMBEIROS MILITAR DO ESTADO DE MINAS GERAIS - CBMMG,3,3,90,15,10,1,,6,128,52,4,119,4119,1,,,2352052.00,0,"RECRUTAMENTO, TREINAMENTO E FORMAÇÃO DE BOMBEIROS",PROMOÇÃO DE DEFESA CIVIL
2027,1400,CORPO DE BOMBEIROS MILITAR DO ESTADO DE MINAS GERAIS - CBMMG,3,,1401,CORPO DE BOMBEIROS MILITAR DO ESTADO DE MINAS GERAIS - CBMMG,3,3,90,19,10,7,,6,128,52,4,119,4119,1,,,3900914.00,0,"RECRUTAMENTO, TREINAMENTO E FORMAÇÃO DE BOMBEIROS",PROMOÇÃO DE DEFESA CIVIL
2027,1400,CORPO DE BOMBEIROS MILITAR DO ESTADO DE MINAS GERAIS - CBMMG,3,,1401,CORPO DE BOMBEIROS MILITAR DO ESTADO DE MINAS GERAIS - CBMMG,3,3,90,30,10,1,,6,128,52,4,119,4119,1,,,96334.00,0,"RECRUTAMENTO, TREINAMENTO E FORMAÇÃO DE BOMBEIROS",PROMOÇÃO DE DEFESA CIVIL
2027,1400,CORPO DE BOMBEIROS MILITAR DO ESTADO DE MINAS GERAIS - CBMMG,3,,1401,CORPO DE BOMBEIROS MILITAR DO ESTADO DE MINAS GERAIS - CBMMG,3,3,90,33,10,1,,6,128,52,4,119,4119,1,,,286722.00,0,"RECRUTAMENTO, TREINAMENTO E FORMAÇÃO DE BOMBEIROS",PROMOÇÃO DE DEFESA CIVIL
2027,1400,CORPO DE BOMBEIROS MILITAR DO ESTADO DE MINAS GERAIS - CBMMG,3,,1401,CORPO DE BOMBEIROS MILITAR DO ESTADO DE MINAS GERAIS - CBMMG,3,3,90,39,10,1,,6,128,52,4,119,4119,1,,,2552475.00,0,"RECRUTAMENTO, TREINAMENTO E FORMAÇÃO DE BOMBEIROS",PROMOÇÃO DE DEFESA CIVIL
2027,1400,CORPO DE BOMBEIROS MILITAR DO ESTADO DE MINAS GERAIS - CBMMG,3,,1401,CORPO DE BOMBEIROS MILITAR DO ESTADO DE MINAS GERAIS - CBMMG,3,3,90,46,10,1,,6,128,52,4,119,4119,1,,,118245.00,0,"RECRUTAMENTO, TREINAMENTO E FORMAÇÃO DE BOMBEIROS",PROMOÇÃO DE DEFESA CIVIL
2027,1400,CORPO DE BOMBEIROS MILITAR DO ESTADO DE MINAS GERAIS - CBMMG,3,,1401,CORPO DE BOMBEIROS MILITAR DO ESTADO DE MINAS GERAIS - CBMMG,3,3,90,46,10,7,,6,128,52,4,119,4119,1,,,12162801.00,0,"RECRUTAMENTO, TREINAMENTO E FORMAÇÃO DE BOMBEIROS",PROMOÇÃO DE DEFESA CIVIL
2027,1400,CORPO DE BOMBEIROS MILITAR DO ESTADO DE MINAS GERAIS - CBMMG,3,,1401,CORPO DE BOMBEIROS MILITAR DO ESTADO DE MINAS GERAIS - CBMMG,3,3,90,93,10,1,,6,128,52,4,119,4119,1,,,691872.00,0,"RECRUTAMENTO, TREINAMENTO E FORMAÇÃO DE BOMBEIROS",PROMOÇÃO DE DEFESA CIVIL
2027,1400,CORPO DE BOMBEIROS MILITAR DO ESTADO DE MINAS GERAIS - CBMMG,3,,1401,CORPO DE BOMBEIROS MILITAR DO ESTADO DE MINAS GERAIS - CBMMG,3,3,90,93,60,1,,6,128,52,4,119,4119,1,,,1733261.00,0,"RECRUTAMENTO, TREINAMENTO E FORMAÇÃO DE BOMBEIROS",PROMOÇÃO DE DEFESA CIVIL
2027,1400,CORPO DE BOMBEIROS MILITAR DO ESTADO DE MINAS GERAIS - CBMMG,3,,1401,CORPO DE BOMBEIROS MILITAR DO ESTADO DE MINAS GERAIS - CBMMG,4,4,90,52,70,1,,6,128,52,4,119,4119,1,,,25000.00,0,"RECRUTAMENTO, TREINAMENTO E FORMAÇÃO DE BOMBEIROS",PROMOÇÃO DE DEFESA CIVIL
2027,1400,CORPO DE BOMBEIROS MILITAR DO ESTADO DE MINAS GERAIS - CBMMG,3,,1401,CORPO DE BOMBEIROS MILITAR DO ESTADO DE MINAS GERAIS - CBMMG,3,3,90,15,10,1,,6,182,139,4,621,4621,1,,,672315.00,0,Suporte Às Ações de Combate e Resposta Aos Danos Causados Pelas Chuvas ,PROGRAMA CAMINHO NAS CHUVAS
2027,1400,CORPO DE BOMBEIROS MILITAR DO ESTADO DE MINAS GERAIS - CBMMG,3,,1401,CORPO DE BOMBEIROS MILITAR DO ESTADO DE MINAS GERAIS - CBMMG,3,3,90,39,10,1,,6,182,52,1,98,1098,1,,,2326364.00,0,POTENCIALIZAÇÃO DO SERVIÇO DE PREVENÇÃO E RESPOSTA CONTRA INCÊNDIO E PÂNICO,PROMOÇÃO DE DEFESA CIVIL
2027,1400,CORPO DE BOMBEIROS MILITAR DO ESTADO DE MINAS GERAIS - CBMMG,3,,1401,CORPO DE BOMBEIROS MILITAR DO ESTADO DE MINAS GERAIS - CBMMG,4,4,90,40,10,1,,6,182,52,1,98,1098,1,,,1508734.00,0,POTENCIALIZAÇÃO DO SERVIÇO DE PREVENÇÃO E RESPOSTA CONTRA INCÊNDIO E PÂNICO,PROMOÇÃO DE DEFESA CIVIL
2027,1400,CORPO DE BOMBEIROS MILITAR DO ESTADO DE MINAS GERAIS - CBMMG,3,,1401,CORPO DE BOMBEIROS MILITAR DO ESTADO DE MINAS GERAIS - CBMMG,3,3,90,30,10,1,,6,182,52,1,302,1302,1,,,1000.00,1,Escola de Heróis : Complexo de Capacitação e Treinamento Operacional do CBMMG,PROMOÇÃO DE DEFESA CIVIL
2027,1400,CORPO DE BOMBEIROS MILITAR DO ESTADO DE MINAS GERAIS - CBMMG,3,,1401,CORPO DE BOMBEIROS MILITAR DO ESTADO DE MINAS GERAIS - CBMMG,3,3,90,30,10,1,,6,182,52,1,349,1349,1,,,1000.00,1,Minas ao Topo : Modernização da Frota e Acesso Vertical do CBMMG,PROMOÇÃO DE DEFESA CIVIL
2027,1400,CORPO DE BOMBEIROS MILITAR DO ESTADO DE MINAS GERAIS - CBMMG,3,,1401,CORPO DE BOMBEIROS MILITAR DO ESTADO DE MINAS GERAIS - CBMMG,3,3,90,15,10,1,,6,182,52,4,113,4113,1,,,75000.00,0,MANUTENÇÃO E AMPLIAÇÃO DA INFRAESTRUTURA E SISTEMA DE TECNOLOGIA DA INFORMAÇÃO E COMUNICAÇÃO,PROMOÇÃO DE DEFESA CIVIL
2027,1400,CORPO DE BOMBEIROS MILITAR DO ESTADO DE MINAS GERAIS - CBMMG,3,,1401,CORPO DE BOMBEIROS MILITAR DO ESTADO DE MINAS GERAIS - CBMMG,3,3,90,30,10,1,,6,182,52,4,113,4113,1,,,410918.00,0,MANUTENÇÃO E AMPLIAÇÃO DA INFRAESTRUTURA E SISTEMA DE TECNOLOGIA DA INFORMAÇÃO E COMUNICAÇÃO,PROMOÇÃO DE DEFESA CIVIL
2027,1400,CORPO DE BOMBEIROS MILITAR DO ESTADO DE MINAS GERAIS - CBMMG,3,,1401,CORPO DE BOMBEIROS MILITAR DO ESTADO DE MINAS GERAIS - CBMMG,3,3,90,30,70,1,,6,182,52,4,113,4113,1,,,10000.00,0,MANUTENÇÃO E AMPLIAÇÃO DA INFRAESTRUTURA E SISTEMA DE TECNOLOGIA DA INFORMAÇÃO E COMUNICAÇÃO,PROMOÇÃO DE DEFESA CIVIL
2027,1400,CORPO DE BOMBEIROS MILITAR DO ESTADO DE MINAS GERAIS - CBMMG,3,,1401,CORPO DE BOMBEIROS MILITAR DO ESTADO DE MINAS GERAIS - CBMMG,3,3,90,36,10,1,,6,182,52,4,113,4113,1,,,982921.00,0,MANUTENÇÃO E AMPLIAÇÃO DA INFRAESTRUTURA E SISTEMA DE TECNOLOGIA DA INFORMAÇÃO E COMUNICAÇÃO,PROMOÇÃO DE DEFESA CIVIL
2027,1400,CORPO DE BOMBEIROS MILITAR DO ESTADO DE MINAS GERAIS - CBMMG,3,,1401,CORPO DE BOMBEIROS MILITAR DO ESTADO DE MINAS GERAIS - CBMMG,3,3,90,39,10,1,,6,182,52,4,113,4113,1,,,1166544.00,0,MANUTENÇÃO E AMPLIAÇÃO DA INFRAESTRUTURA E SISTEMA DE TECNOLOGIA DA INFORMAÇÃO E COMUNICAÇÃO,PROMOÇÃO DE DEFESA CIVIL
2027,1400,CORPO DE BOMBEIROS MILITAR DO ESTADO DE MINAS GERAIS - CBMMG,3,,1401,CORPO DE BOMBEIROS MILITAR DO ESTADO DE MINAS GERAIS - CBMMG,3,3,90,40,10,1,,6,182,52,4,113,4113,1,,,6823980.00,0,MANUTENÇÃO E AMPLIAÇÃO DA INFRAESTRUTURA E SISTEMA DE TECNOLOGIA DA INFORMAÇÃO E COMUNICAÇÃO,PROMOÇÃO DE DEFESA CIVIL
2027,1400,CORPO DE BOMBEIROS MILITAR DO ESTADO DE MINAS GERAIS - CBMMG,3,,1401,CORPO DE BOMBEIROS MILITAR DO ESTADO DE MINAS GERAIS - CBMMG,4,4,90,40,10,1,,6,182,52,4,113,4113,1,,,1353593.00,0,MANUTENÇÃO E AMPLIAÇÃO DA INFRAESTRUTURA E SISTEMA DE TECNOLOGIA DA INFORMAÇÃO E COMUNICAÇÃO,PROMOÇÃO DE DEFESA CIVIL
2027,1400,CORPO DE BOMBEIROS MILITAR DO ESTADO DE MINAS GERAIS - CBMMG,3,,1401,CORPO DE BOMBEIROS MILITAR DO ESTADO DE MINAS GERAIS - CBMMG,4,4,90,52,70,1,,6,182,52,4,113,4113,1,,,10000.00,0,MANUTENÇÃO E AMPLIAÇÃO DA INFRAESTRUTURA E SISTEMA DE TECNOLOGIA DA INFORMAÇÃO E COMUNICAÇÃO,PROMOÇÃO DE DEFESA CIVIL
2027,1400,CORPO DE BOMBEIROS MILITAR DO ESTADO DE MINAS GERAIS - CBMMG,3,,1401,CORPO DE BOMBEIROS MILITAR DO ESTADO DE MINAS GERAIS - CBMMG,3,1,90,12,10,1,,6,182,52,4,114,4114,1,,,393229174.00,0,"GESTÃO DA PREVENÇÃO, MITIGAÇÃO E PREPARAÇÃO DE DESASTRE",PROMOÇÃO DE DEFESA CIVIL
2027,1400,CORPO DE BOMBEIROS MILITAR DO ESTADO DE MINAS GERAIS - CBMMG,3,,1401,CORPO DE BOMBEIROS MILITAR DO ESTADO DE MINAS GERAIS - CBMMG,3,1,90,17,10,1,,6,182,52,4,114,4114,1,,,3333081.00,0,"GESTÃO DA PREVENÇÃO, MITIGAÇÃO E PREPARAÇÃO DE DESASTRE",PROMOÇÃO DE DEFESA CIVIL
2027,1400,CORPO DE BOMBEIROS MILITAR DO ESTADO DE MINAS GERAIS - CBMMG,3,,1401,CORPO DE BOMBEIROS MILITAR DO ESTADO DE MINAS GERAIS - CBMMG,3,1,90,92,10,1,,6,182,52,4,114,4114,1,,,250183.00,0,"GESTÃO DA PREVENÇÃO, MITIGAÇÃO E PREPARAÇÃO DE DESASTRE",PROMOÇÃO DE DEFESA CIVIL
2027,1400,CORPO DE BOMBEIROS MILITAR DO ESTADO DE MINAS GERAIS - CBMMG,3,,1401,CORPO DE BOMBEIROS MILITAR DO ESTADO DE MINAS GERAIS - CBMMG,3,1,91,13,10,1,,6,182,52,4,114,4114,1,,,71168251.00,0,"GESTÃO DA PREVENÇÃO, MITIGAÇÃO E PREPARAÇÃO DE DESASTRE",PROMOÇÃO DE DEFESA CIVIL
2027,1400,CORPO DE BOMBEIROS MILITAR DO ESTADO DE MINAS GERAIS - CBMMG,3,,1401,CORPO DE BOMBEIROS MILITAR DO ESTADO DE MINAS GERAIS - CBMMG,3,3,90,15,10,1,,6,182,52,4,114,4114,1,,,878790.00,0,"GESTÃO DA PREVENÇÃO, MITIGAÇÃO E PREPARAÇÃO DE DESASTRE",PROMOÇÃO DE DEFESA CIVIL
2027,1400,CORPO DE BOMBEIROS MILITAR DO ESTADO DE MINAS GERAIS - CBMMG,3,,1401,CORPO DE BOMBEIROS MILITAR DO ESTADO DE MINAS GERAIS - CBMMG,3,3,90,19,10,7,,6,182,52,4,114,4114,1,,,18489807.00,0,"GESTÃO DA PREVENÇÃO, MITIGAÇÃO E PREPARAÇÃO DE DESASTRE",PROMOÇÃO DE DEFESA CIVIL
2027,1400,CORPO DE BOMBEIROS MILITAR DO ESTADO DE MINAS GERAIS - CBMMG,3,,1401,CORPO DE BOMBEIROS MILITAR DO ESTADO DE MINAS GERAIS - CBMMG,3,3,90,30,10,1,,6,182,52,4,114,4114,1,,,788278.00,0,"GESTÃO DA PREVENÇÃO, MITIGAÇÃO E PREPARAÇÃO DE DESASTRE",PROMOÇÃO DE DEFESA CIVIL
2027,1400,CORPO DE BOMBEIROS MILITAR DO ESTADO DE MINAS GERAIS - CBMMG,3,,1401,CORPO DE BOMBEIROS MILITAR DO ESTADO DE MINAS GERAIS - CBMMG,3,3,90,30,70,1,,6,182,52,4,114,4114,1,,,5000.00,0,"GESTÃO DA PREVENÇÃO, MITIGAÇÃO E PREPARAÇÃO DE DESASTRE",PROMOÇÃO DE DEFESA CIVIL
2027,1400,CORPO DE BOMBEIROS MILITAR DO ESTADO DE MINAS GERAIS - CBMMG,3,,1401,CORPO DE BOMBEIROS MILITAR DO ESTADO DE MINAS GERAIS - CBMMG,3,3,90,31,10,1,,6,182,52,4,114,4114,1,,,247196.00,0,"GESTÃO DA PREVENÇÃO, MITIGAÇÃO E PREPARAÇÃO DE DESASTRE",PROMOÇÃO DE DEFESA CIVIL
2027,1400,CORPO DE BOMBEIROS MILITAR DO ESTADO DE MINAS GERAIS - CBMMG,3,,1401,CORPO DE BOMBEIROS MILITAR DO ESTADO DE MINAS GERAIS - CBMMG,3,3,90,33,10,1,,6,182,52,4,114,4114,1,,,73200.00,0,"GESTÃO DA PREVENÇÃO, MITIGAÇÃO E PREPARAÇÃO DE DESASTRE",PROMOÇÃO DE DEFESA CIVIL
2027,1400,CORPO DE BOMBEIROS MILITAR DO ESTADO DE MINAS GERAIS - CBMMG,3,,1401,CORPO DE BOMBEIROS MILITAR DO ESTADO DE MINAS GERAIS - CBMMG,3,3,90,37,10,1,,6,182,52,4,114,4114,1,,,7135677.00,0,"GESTÃO DA PREVENÇÃO, MITIGAÇÃO E PREPARAÇÃO DE DESASTRE",PROMOÇÃO DE DEFESA CIVIL
2027,1400,CORPO DE BOMBEIROS MILITAR DO ESTADO DE MINAS GERAIS - CBMMG,3,,1401,CORPO DE BOMBEIROS MILITAR DO ESTADO DE MINAS GERAIS - CBMMG,3,3,90,39,10,1,,6,182,52,4,114,4114,1,,,4929004.00,0,"GESTÃO DA PREVENÇÃO, MITIGAÇÃO E PREPARAÇÃO DE DESASTRE",PROMOÇÃO DE DEFESA CIVIL
2027,1400,CORPO DE BOMBEIROS MILITAR DO ESTADO DE MINAS GERAIS - CBMMG,3,,1401,CORPO DE BOMBEIROS MILITAR DO ESTADO DE MINAS GERAIS - CBMMG,3,3,90,46,10,7,,6,182,52,4,114,4114,1,,,33938178.00,0,"GESTÃO DA PREVENÇÃO, MITIGAÇÃO E PREPARAÇÃO DE DESASTRE",PROMOÇÃO DE DEFESA CIVIL
2027,1400,CORPO DE BOMBEIROS MILITAR DO ESTADO DE MINAS GERAIS - CBMMG,3,,1401,CORPO DE BOMBEIROS MILITAR DO ESTADO DE MINAS GERAIS - CBMMG,3,3,90,47,10,1,,6,182,52,4,114,4114,1,,,25000.00,0,"GESTÃO DA PREVENÇÃO, MITIGAÇÃO E PREPARAÇÃO DE DESASTRE",PROMOÇÃO DE DEFESA CIVIL
2027,1400,CORPO DE BOMBEIROS MILITAR DO ESTADO DE MINAS GERAIS - CBMMG,3,,1401,CORPO DE BOMBEIROS MILITAR DO ESTADO DE MINAS GERAIS - CBMMG,3,3,90,93,10,1,,6,182,52,4,114,4114,1,,,1584173.00,0,"GESTÃO DA PREVENÇÃO, MITIGAÇÃO E PREPARAÇÃO DE DESASTRE",PROMOÇÃO DE DEFESA CIVIL
2027,1400,CORPO DE BOMBEIROS MILITAR DO ESTADO DE MINAS GERAIS - CBMMG,3,,1401,CORPO DE BOMBEIROS MILITAR DO ESTADO DE MINAS GERAIS - CBMMG,4,4,90,52,70,1,,6,182,52,4,114,4114,1,,,87000.00,0,"GESTÃO DA PREVENÇÃO, MITIGAÇÃO E PREPARAÇÃO DE DESASTRE",PROMOÇÃO DE DEFESA CIVIL
2027,1400,CORPO DE BOMBEIROS MILITAR DO ESTADO DE MINAS GERAIS - CBMMG,3,,1401,CORPO DE BOMBEIROS MILITAR DO ESTADO DE MINAS GERAIS - CBMMG,4,4,90,52,98,1,,6,182,52,4,114,4114,1,,,800000.00,0,"GESTÃO DA PREVENÇÃO, MITIGAÇÃO E PREPARAÇÃO DE DESASTRE",PROMOÇÃO DE DEFESA CIVIL
2027,1400,CORPO DE BOMBEIROS MILITAR DO ESTADO DE MINAS GERAIS - CBMMG,3,,1401,CORPO DE BOMBEIROS MILITAR DO ESTADO DE MINAS GERAIS - CBMMG,3,1,90,12,10,1,,6,182,52,4,115,4115,1,,,531982768.00,0,GESTÃO DA RESPOSTA A DESASTRES,PROMOÇÃO DE DEFESA CIVIL
2027,1400,CORPO DE BOMBEIROS MILITAR DO ESTADO DE MINAS GERAIS - CBMMG,3,,1401,CORPO DE BOMBEIROS MILITAR DO ESTADO DE MINAS GERAIS - CBMMG,3,1,90,17,10,1,,6,182,52,4,115,4115,1,,,3324464.00,0,GESTÃO DA RESPOSTA A DESASTRES,PROMOÇÃO DE DEFESA CIVIL
2027,1400,CORPO DE BOMBEIROS MILITAR DO ESTADO DE MINAS GERAIS - CBMMG,3,,1401,CORPO DE BOMBEIROS MILITAR DO ESTADO DE MINAS GERAIS - CBMMG,3,1,90,92,10,1,,6,182,52,4,115,4115,1,,,19325.00,0,GESTÃO DA RESPOSTA A DESASTRES,PROMOÇÃO DE DEFESA CIVIL
2027,1400,CORPO DE BOMBEIROS MILITAR DO ESTADO DE MINAS GERAIS - CBMMG,3,,1401,CORPO DE BOMBEIROS MILITAR DO ESTADO DE MINAS GERAIS - CBMMG,3,1,91,13,10,1,,6,182,52,4,115,4115,1,,,111190546.00,0,GESTÃO DA RESPOSTA A DESASTRES,PROMOÇÃO DE DEFESA CIVIL
2027,1400,CORPO DE BOMBEIROS MILITAR DO ESTADO DE MINAS GERAIS - CBMMG,3,,1401,CORPO DE BOMBEIROS MILITAR DO ESTADO DE MINAS GERAIS - CBMMG,3,3,90,15,10,1,,6,182,52,4,115,4115,1,,,1344630.00,0,GESTÃO DA RESPOSTA A DESASTRES,PROMOÇÃO DE DEFESA CIVIL
2027,1400,CORPO DE BOMBEIROS MILITAR DO ESTADO DE MINAS GERAIS - CBMMG,3,,1401,CORPO DE BOMBEIROS MILITAR DO ESTADO DE MINAS GERAIS - CBMMG,3,3,90,19,10,7,,6,182,52,4,115,4115,1,,,36479893.00,0,GESTÃO DA RESPOSTA A DESASTRES,PROMOÇÃO DE DEFESA CIVIL
2027,1400,CORPO DE BOMBEIROS MILITAR DO ESTADO DE MINAS GERAIS - CBMMG,3,,1401,CORPO DE BOMBEIROS MILITAR DO ESTADO DE MINAS GERAIS - CBMMG,3,3,90,30,10,1,,6,182,52,4,115,4115,1,,,10035267.00,0,GESTÃO DA RESPOSTA A DESASTRES,PROMOÇÃO DE DEFESA CIVIL
2027,1400,CORPO DE BOMBEIROS MILITAR DO ESTADO DE MINAS GERAIS - CBMMG,3,,1401,CORPO DE BOMBEIROS MILITAR DO ESTADO DE MINAS GERAIS - CBMMG,3,3,90,30,24,1,,6,182,52,4,115,4115,1,,,863726.00,0,GESTÃO DA RESPOSTA A DESASTRES,PROMOÇÃO DE DEFESA CIVIL
2027,1400,CORPO DE BOMBEIROS MILITAR DO ESTADO DE MINAS GERAIS - CBMMG,3,,1401,CORPO DE BOMBEIROS MILITAR DO ESTADO DE MINAS GERAIS - CBMMG,3,3,90,30,70,1,,6,182,52,4,115,4115,1,,,320000.00,0,GESTÃO DA RESPOSTA A DESASTRES,PROMOÇÃO DE DEFESA CIVIL
2027,1400,CORPO DE BOMBEIROS MILITAR DO ESTADO DE MINAS GERAIS - CBMMG,3,,1401,CORPO DE BOMBEIROS MILITAR DO ESTADO DE MINAS GERAIS - CBMMG,3,3,90,33,10,1,,6,182,52,4,115,4115,1,,,3600.00,0,GESTÃO DA RESPOSTA A DESASTRES,PROMOÇÃO DE DEFESA CIVIL
2027,1400,CORPO DE BOMBEIROS MILITAR DO ESTADO DE MINAS GERAIS - CBMMG,3,,1401,CORPO DE BOMBEIROS MILITAR DO ESTADO DE MINAS GERAIS - CBMMG,3,3,90,39,10,1,,6,182,52,4,115,4115,1,,,13258095.00,0,GESTÃO DA RESPOSTA A DESASTRES,PROMOÇÃO DE DEFESA CIVIL
2027,1400,CORPO DE BOMBEIROS MILITAR DO ESTADO DE MINAS GERAIS - CBMMG,3,,1401,CORPO DE BOMBEIROS MILITAR DO ESTADO DE MINAS GERAIS - CBMMG,3,3,90,46,10,7,,6,182,52,4,115,4115,1,,,78158980.00,0,GESTÃO DA RESPOSTA A DESASTRES,PROMOÇÃO DE DEFESA CIVIL
2027,1400,CORPO DE BOMBEIROS MILITAR DO ESTADO DE MINAS GERAIS - CBMMG,3,,1401,CORPO DE BOMBEIROS MILITAR DO ESTADO DE MINAS GERAIS - CBMMG,4,4,90,52,2,1,,6,182,52,4,115,4115,1,,,4498246.00,0,GESTÃO DA RESPOSTA A DESASTRES,PROMOÇÃO DE DEFESA CIVIL
2027,1400,CORPO DE BOMBEIROS MILITAR DO ESTADO DE MINAS GERAIS - CBMMG,3,,1401,CORPO DE BOMBEIROS MILITAR DO ESTADO DE MINAS GERAIS - CBMMG,4,4,90,52,24,1,,6,182,52,4,115,4115,1,,,1120000.00,0,GESTÃO DA RESPOSTA A DESASTRES,PROMOÇÃO DE DEFESA CIVIL
2027,1400,CORPO DE BOMBEIROS MILITAR DO ESTADO DE MINAS GERAIS - CBMMG,3,,1401,CORPO DE BOMBEIROS MILITAR DO ESTADO DE MINAS GERAIS - CBMMG,4,4,90,52,66,1,,6,182,52,4,115,4115,1,,,39744.00,0,GESTÃO DA RESPOSTA A DESASTRES,PROMOÇÃO DE DEFESA CIVIL
2027,1400,CORPO DE BOMBEIROS MILITAR DO ESTADO DE MINAS GERAIS - CBMMG,3,,1401,CORPO DE BOMBEIROS MILITAR DO ESTADO DE MINAS GERAIS - CBMMG,4,4,90,52,70,1,,6,182,52,4,115,4115,1,,,1721091.00,0,GESTÃO DA RESPOSTA A DESASTRES,PROMOÇÃO DE DEFESA CIVIL
2027,1400,CORPO DE BOMBEIROS MILITAR DO ESTADO DE MINAS GERAIS - CBMMG,3,,1401,CORPO DE BOMBEIROS MILITAR DO ESTADO DE MINAS GERAIS - CBMMG,4,4,90,52,98,1,,6,182,52,4,115,4115,1,,,5502020.00,0,GESTÃO DA RESPOSTA A DESASTRES,PROMOÇÃO DE DEFESA CIVIL
2027,1400,CORPO DE BOMBEIROS MILITAR DO ESTADO DE MINAS GERAIS - CBMMG,3,,1401,CORPO DE BOMBEIROS MILITAR DO ESTADO DE MINAS GERAIS - CBMMG,3,3,90,15,10,1,,6,182,52,4,117,4117,1,,,48000.00,0,BOMBEIRO NAS ESCOLAS,PROMOÇÃO DE DEFESA CIVIL
2027,1400,CORPO DE BOMBEIROS MILITAR DO ESTADO DE MINAS GERAIS - CBMMG,3,,1401,CORPO DE BOMBEIROS MILITAR DO ESTADO DE MINAS GERAIS - CBMMG,3,3,90,14,10,1,,6,182,52,4,120,4120,1,,,14085.00,0, MODERNIZAÇÃO E ESTRUTURAÇÃO DO CORPO DE BOMBEIROS MILITAR DE MINAS GERAIS,PROMOÇÃO DE DEFESA CIVIL
2027,1400,CORPO DE BOMBEIROS MILITAR DO ESTADO DE MINAS GERAIS - CBMMG,3,,1401,CORPO DE BOMBEIROS MILITAR DO ESTADO DE MINAS GERAIS - CBMMG,3,3,90,15,10,1,,6,182,52,4,120,4120,1,,,75120.00,0, MODERNIZAÇÃO E ESTRUTURAÇÃO DO CORPO DE BOMBEIROS MILITAR DE MINAS GERAIS,PROMOÇÃO DE DEFESA CIVIL
2027,1400,CORPO DE BOMBEIROS MILITAR DO ESTADO DE MINAS GERAIS - CBMMG,3,,1401,CORPO DE BOMBEIROS MILITAR DO ESTADO DE MINAS GERAIS - CBMMG,3,3,90,30,10,1,,6,182,52,4,120,4120,1,,,451851.00,0, MODERNIZAÇÃO E ESTRUTURAÇÃO DO CORPO DE BOMBEIROS MILITAR DE MINAS GERAIS,PROMOÇÃO DE DEFESA CIVIL
2027,1400,CORPO DE BOMBEIROS MILITAR DO ESTADO DE MINAS GERAIS - CBMMG,3,,1401,CORPO DE BOMBEIROS MILITAR DO ESTADO DE MINAS GERAIS - CBMMG,3,3,90,30,24,1,,6,182,52,4,120,4120,1,,,900000.00,0, MODERNIZAÇÃO E ESTRUTURAÇÃO DO CORPO DE BOMBEIROS MILITAR DE MINAS GERAIS,PROMOÇÃO DE DEFESA CIVIL
2027,1400,CORPO DE BOMBEIROS MILITAR DO ESTADO DE MINAS GERAIS - CBMMG,3,,1401,CORPO DE BOMBEIROS MILITAR DO ESTADO DE MINAS GERAIS - CBMMG,3,3,90,39,10,1,,6,182,52,4,120,4120,1,,,862002.00,0, MODERNIZAÇÃO E ESTRUTURAÇÃO DO CORPO DE BOMBEIROS MILITAR DE MINAS GERAIS,PROMOÇÃO DE DEFESA CIVIL
2027,1400,CORPO DE BOMBEIROS MILITAR DO ESTADO DE MINAS GERAIS - CBMMG,3,,1401,CORPO DE BOMBEIROS MILITAR DO ESTADO DE MINAS GERAIS - CBMMG,3,3,90,40,10,1,,6,182,52,4,120,4120,1,,,409004.00,0, MODERNIZAÇÃO E ESTRUTURAÇÃO DO CORPO DE BOMBEIROS MILITAR DE MINAS GERAIS,PROMOÇÃO DE DEFESA CIVIL
2027,1400,CORPO DE BOMBEIROS MILITAR DO ESTADO DE MINAS GERAIS - CBMMG,3,,1401,CORPO DE BOMBEIROS MILITAR DO ESTADO DE MINAS GERAIS - CBMMG,4,4,90,52,24,1,,6,182,52,4,120,4120,1,,,300000.00,0, MODERNIZAÇÃO E ESTRUTURAÇÃO DO CORPO DE BOMBEIROS MILITAR DE MINAS GERAIS,PROMOÇÃO DE DEFESA CIVIL
2027,1400,CORPO DE BOMBEIROS MILITAR DO ESTADO DE MINAS GERAIS - CBMMG,3,,1401,CORPO DE BOMBEIROS MILITAR DO ESTADO DE MINAS GERAIS - CBMMG,4,4,90,52,70,1,,6,182,52,4,120,4120,1,,,1430000.00,0, MODERNIZAÇÃO E ESTRUTURAÇÃO DO CORPO DE BOMBEIROS MILITAR DE MINAS GERAIS,PROMOÇÃO DE DEFESA CIVIL
2027,1400,CORPO DE BOMBEIROS MILITAR DO ESTADO DE MINAS GERAIS - CBMMG,3,,1401,CORPO DE BOMBEIROS MILITAR DO ESTADO DE MINAS GERAIS - CBMMG,4,4,90,52,98,1,,6,182,52,4,120,4120,1,,,1200000.00,0, MODERNIZAÇÃO E ESTRUTURAÇÃO DO CORPO DE BOMBEIROS MILITAR DE MINAS GERAIS,PROMOÇÃO DE DEFESA CIVIL
2027,1400,CORPO DE BOMBEIROS MILITAR DO ESTADO DE MINAS GERAIS - CBMMG,3,,1401,CORPO DE BOMBEIROS MILITAR DO ESTADO DE MINAS GERAIS - CBMMG,3,3,90,30,10,1,,6,182,52,4,140,4140,1,,,1000.00,0,MODERNIZAÇÃO E ESTRUTURAÇÃO DO CORPO DE BOMBEIROS MILITAR DE MINAS GERAIS - REPARAÇÃO BRUMADINHO,PROMOÇÃO DE DEFESA CIVIL
2027,1400,CORPO DE BOMBEIROS MILITAR DO ESTADO DE MINAS GERAIS - CBMMG,3,,1401,CORPO DE BOMBEIROS MILITAR DO ESTADO DE MINAS GERAIS - CBMMG,3,3,90,30,10,1,,6,182,52,4,141,4141,1,,,1000.00,0,MANUTENÇÃO E AMPLIAÇÃO DO SISTEMA DE TIC PARA POTENCIALIZAÇÃO DO SERVIÇO DE SEGURANÇA CONTRA INCÊNDIO E PÂNICO - REPARAÇÃO BRUMADINHO,PROMOÇÃO DE DEFESA CIVIL
2027,1400,CORPO DE BOMBEIROS MILITAR DO ESTADO DE MINAS GERAIS - CBMMG,3,,1401,CORPO DE BOMBEIROS MILITAR DO ESTADO DE MINAS GERAIS - CBMMG,3,3,90,30,10,1,,6,182,705,4,556,4556,1,,,1000.00,0,AMPLIAÇÃO DE POSTOS DE ABASTECIMENTO PRÓPRIOS DO ESTADO - CBMMG,APOIO ÀS POLÍTICAS PÚBLICAS
2027,1400,CORPO DE BOMBEIROS MILITAR DO ESTADO DE MINAS GERAIS - CBMMG,3,,1401,CORPO DE BOMBEIROS MILITAR DO ESTADO DE MINAS GERAIS - CBMMG,3,1,90,1,10,1,,6,272,705,7,7,7007,1,,,759408991.00,0,PROVENTOS DE INATIVOS MILITARES,APOIO ÀS POLÍTICAS PÚBLICAS
2027,1400,CORPO DE BOMBEIROS MILITAR DO ESTADO DE MINAS GERAIS - CBMMG,3,,1401,CORPO DE BOMBEIROS MILITAR DO ESTADO DE MINAS GERAIS - CBMMG,3,1,91,13,10,1,,6,272,705,7,7,7007,1,,,165299217.00,0,PROVENTOS DE INATIVOS MILITARES,APOIO ÀS POLÍTICAS PÚBLICAS
2027,1450,SECRETARIA DE ESTADO DE JUSTIÇA E SEGURANÇA PÚBLICA - SEJUSP,3,,1451,SECRETARIA DE ESTADO DE JUSTIÇA E SEGURANÇA PÚBLICA - SEJUSP,3,1,90,11,10,1,,10,243,146,4,443,4443,1,,,16474787.00,0,ATENDIMENTO À SAÚDE DO ADOLESCENTE EM CONFLITO COM A LEI,PROMOÇÃO DA POLÍTICA SOCIOEDUCATIVA PARA ATENDIMENTO AOS ADOLESCENTES EM CONFLITO COM A LEI
2027,1450,SECRETARIA DE ESTADO DE JUSTIÇA E SEGURANÇA PÚBLICA - SEJUSP,3,,1451,SECRETARIA DE ESTADO DE JUSTIÇA E SEGURANÇA PÚBLICA - SEJUSP,3,1,90,13,10,1,,10,243,146,4,443,4443,1,,,14606.00,0,ATENDIMENTO À SAÚDE DO ADOLESCENTE EM CONFLITO COM A LEI,PROMOÇÃO DA POLÍTICA SOCIOEDUCATIVA PARA ATENDIMENTO AOS ADOLESCENTES EM CONFLITO COM A LEI
2027,1450,SECRETARIA DE ESTADO DE JUSTIÇA E SEGURANÇA PÚBLICA - SEJUSP,3,,1451,SECRETARIA DE ESTADO DE JUSTIÇA E SEGURANÇA PÚBLICA - SEJUSP,3,1,90,4,10,1,,10,243,146,4,443,4443,1,,,183003.00,0,ATENDIMENTO À SAÚDE DO ADOLESCENTE EM CONFLITO COM A LEI,PROMOÇÃO DA POLÍTICA SOCIOEDUCATIVA PARA ATENDIMENTO AOS ADOLESCENTES EM CONFLITO COM A LEI
2027,1450,SECRETARIA DE ESTADO DE JUSTIÇA E SEGURANÇA PÚBLICA - SEJUSP,3,,1451,SECRETARIA DE ESTADO DE JUSTIÇA E SEGURANÇA PÚBLICA - SEJUSP,3,1,91,13,10,1,,10,243,146,4,443,4443,1,,,6691018.00,0,ATENDIMENTO À SAÚDE DO ADOLESCENTE EM CONFLITO COM A LEI,PROMOÇÃO DA POLÍTICA SOCIOEDUCATIVA PARA ATENDIMENTO AOS ADOLESCENTES EM CONFLITO COM A LEI
2027,1450,SECRETARIA DE ESTADO DE JUSTIÇA E SEGURANÇA PÚBLICA - SEJUSP,3,,1451,SECRETARIA DE ESTADO DE JUSTIÇA E SEGURANÇA PÚBLICA - SEJUSP,3,3,90,14,10,1,,10,243,146,4,443,4443,1,,,8712.00,0,ATENDIMENTO À SAÚDE DO ADOLESCENTE EM CONFLITO COM A LEI,PROMOÇÃO DA POLÍTICA SOCIOEDUCATIVA PARA ATENDIMENTO AOS ADOLESCENTES EM CONFLITO COM A LEI
2027,1450,SECRETARIA DE ESTADO DE JUSTIÇA E SEGURANÇA PÚBLICA - SEJUSP,3,,1451,SECRETARIA DE ESTADO DE JUSTIÇA E SEGURANÇA PÚBLICA - SEJUSP,3,3,90,19,10,7,,10,243,146,4,443,4443,1,,,4506797.00,0,ATENDIMENTO À SAÚDE DO ADOLESCENTE EM CONFLITO COM A LEI,PROMOÇÃO DA POLÍTICA SOCIOEDUCATIVA PARA ATENDIMENTO AOS ADOLESCENTES EM CONFLITO COM A LEI
2027,1450,SECRETARIA DE ESTADO DE JUSTIÇA E SEGURANÇA PÚBLICA - SEJUSP,3,,1451,SECRETARIA DE ESTADO DE JUSTIÇA E SEGURANÇA PÚBLICA - SEJUSP,3,3,90,30,10,1,,10,243,146,4,443,4443,1,,,2512182.00,0,ATENDIMENTO À SAÚDE DO ADOLESCENTE EM CONFLITO COM A LEI,PROMOÇÃO DA POLÍTICA SOCIOEDUCATIVA PARA ATENDIMENTO AOS ADOLESCENTES EM CONFLITO COM A LEI
2027,1450,SECRETARIA DE ESTADO DE JUSTIÇA E SEGURANÇA PÚBLICA - SEJUSP,3,,1451,SECRETARIA DE ESTADO DE JUSTIÇA E SEGURANÇA PÚBLICA - SEJUSP,3,3,90,39,10,1,,10,243,146,4,443,4443,1,,,135652.00,0,ATENDIMENTO À SAÚDE DO ADOLESCENTE EM CONFLITO COM A LEI,PROMOÇÃO DA POLÍTICA SOCIOEDUCATIVA PARA ATENDIMENTO AOS ADOLESCENTES EM CONFLITO COM A LEI
2027,1450,SECRETARIA DE ESTADO DE JUSTIÇA E SEGURANÇA PÚBLICA - SEJUSP,3,,1451,SECRETARIA DE ESTADO DE JUSTIÇA E SEGURANÇA PÚBLICA - SEJUSP,3,3,90,46,10,7,,10,243,146,4,443,4443,1,,,930384.00,0,ATENDIMENTO À SAÚDE DO ADOLESCENTE EM CONFLITO COM A LEI,PROMOÇÃO DA POLÍTICA SOCIOEDUCATIVA PARA ATENDIMENTO AOS ADOLESCENTES EM CONFLITO COM A LEI
2027,1450,SECRETARIA DE ESTADO DE JUSTIÇA E SEGURANÇA PÚBLICA - SEJUSP,3,,1451,SECRETARIA DE ESTADO DE JUSTIÇA E SEGURANÇA PÚBLICA - SEJUSP,3,3,90,49,10,7,,10,243,146,4,443,4443,1,,,131577.00,0,ATENDIMENTO À SAÚDE DO ADOLESCENTE EM CONFLITO COM A LEI,PROMOÇÃO DA POLÍTICA SOCIOEDUCATIVA PARA ATENDIMENTO AOS ADOLESCENTES EM CONFLITO COM A LEI
2027,1450,SECRETARIA DE ESTADO DE JUSTIÇA E SEGURANÇA PÚBLICA - SEJUSP,3,,1451,SECRETARIA DE ESTADO DE JUSTIÇA E SEGURANÇA PÚBLICA - SEJUSP,4,4,90,52,10,1,,10,243,146,4,443,4443,1,,,368844.00,0,ATENDIMENTO À SAÚDE DO ADOLESCENTE EM CONFLITO COM A LEI,PROMOÇÃO DA POLÍTICA SOCIOEDUCATIVA PARA ATENDIMENTO AOS ADOLESCENTES EM CONFLITO COM A LEI
2027,1450,SECRETARIA DE ESTADO DE JUSTIÇA E SEGURANÇA PÚBLICA - SEJUSP,3,,1451,SECRETARIA DE ESTADO DE JUSTIÇA E SEGURANÇA PÚBLICA - SEJUSP,3,1,90,11,10,1,,10,421,130,4,353,4353,1,,,104457000.00,0,UNIDADES DE SAÚDE DO SISTEMA PRISIONAL,INFRAESTRUTURA DO SISTEMA PRISIONAL
2027,1450,SECRETARIA DE ESTADO DE JUSTIÇA E SEGURANÇA PÚBLICA - SEJUSP,3,,1451,SECRETARIA DE ESTADO DE JUSTIÇA E SEGURANÇA PÚBLICA - SEJUSP,3,1,90,16,10,1,,10,421,130,4,353,4353,1,,,7298.00,0,UNIDADES DE SAÚDE DO SISTEMA PRISIONAL,INFRAESTRUTURA DO SISTEMA PRISIONAL
2027,1450,SECRETARIA DE ESTADO DE JUSTIÇA E SEGURANÇA PÚBLICA - SEJUSP,3,,1451,SECRETARIA DE ESTADO DE JUSTIÇA E SEGURANÇA PÚBLICA - SEJUSP,3,1,90,4,10,1,,10,421,130,4,353,4353,1,,,10001666.00,0,UNIDADES DE SAÚDE DO SISTEMA PRISIONAL,INFRAESTRUTURA DO SISTEMA PRISIONAL
2027,1450,SECRETARIA DE ESTADO DE JUSTIÇA E SEGURANÇA PÚBLICA - SEJUSP,3,,1451,SECRETARIA DE ESTADO DE JUSTIÇA E SEGURANÇA PÚBLICA - SEJUSP,3,1,91,13,10,1,,10,421,130,4,353,4353,1,,,41115813.00,0,UNIDADES DE SAÚDE DO SISTEMA PRISIONAL,INFRAESTRUTURA DO SISTEMA PRISIONAL
2027,1450,SECRETARIA DE ESTADO DE JUSTIÇA E SEGURANÇA PÚBLICA - SEJUSP,3,,1451,SECRETARIA DE ESTADO DE JUSTIÇA E SEGURANÇA PÚBLICA - SEJUSP,3,1,91,4,10,1,,10,421,130,4,353,4353,1,,,38189.00,0,UNIDADES DE SAÚDE DO SISTEMA PRISIONAL,INFRAESTRUTURA DO SISTEMA PRISIONAL
2027,1450,SECRETARIA DE ESTADO DE JUSTIÇA E SEGURANÇA PÚBLICA - SEJUSP,3,,1451,SECRETARIA DE ESTADO DE JUSTIÇA E SEGURANÇA PÚBLICA - SEJUSP,3,3,90,19,10,7,,10,421,130,4,353,4353,1,,,34929738.00,0,UNIDADES DE SAÚDE DO SISTEMA PRISIONAL,INFRAESTRUTURA DO SISTEMA PRISIONAL
2027,1450,SECRETARIA DE ESTADO DE JUSTIÇA E SEGURANÇA PÚBLICA - SEJUSP,3,,1451,SECRETARIA DE ESTADO DE JUSTIÇA E SEGURANÇA PÚBLICA - SEJUSP,3,3,90,30,10,1,,10,421,130,4,353,4353,1,,,13209215.00,0,UNIDADES DE SAÚDE DO SISTEMA PRISIONAL,INFRAESTRUTURA DO SISTEMA PRISIONAL
2027,1450,SECRETARIA DE ESTADO DE JUSTIÇA E SEGURANÇA PÚBLICA - SEJUSP,3,,1451,SECRETARIA DE ESTADO DE JUSTIÇA E SEGURANÇA PÚBLICA - SEJUSP,3,3,90,36,10,1,,10,421,130,4,353,4353,1,,,34236.00,0,UNIDADES DE SAÚDE DO SISTEMA PRISIONAL,INFRAESTRUTURA DO SISTEMA PRISIONAL
2027,1450,SECRETARIA DE ESTADO DE JUSTIÇA E SEGURANÇA PÚBLICA - SEJUSP,3,,1451,SECRETARIA DE ESTADO DE JUSTIÇA E SEGURANÇA PÚBLICA - SEJUSP,3,3,90,39,10,1,,10,421,130,4,353,4353,1,,,14749116.00,0,UNIDADES DE SAÚDE DO SISTEMA PRISIONAL,INFRAESTRUTURA DO SISTEMA PRISIONAL
2027,1450,SECRETARIA DE ESTADO DE JUSTIÇA E SEGURANÇA PÚBLICA - SEJUSP,3,,1451,SECRETARIA DE ESTADO DE JUSTIÇA E SEGURANÇA PÚBLICA - SEJUSP,3,3,90,40,10,1,,10,421,130,4,353,4353,1,,,355509.00,0,UNIDADES DE SAÚDE DO SISTEMA PRISIONAL,INFRAESTRUTURA DO SISTEMA PRISIONAL
2027,1450,SECRETARIA DE ESTADO DE JUSTIÇA E SEGURANÇA PÚBLICA - SEJUSP,3,,1451,SECRETARIA DE ESTADO DE JUSTIÇA E SEGURANÇA PÚBLICA - SEJUSP,3,3,90,46,10,7,,10,421,130,4,353,4353,1,,,1042886.00,0,UNIDADES DE SAÚDE DO SISTEMA PRISIONAL,INFRAESTRUTURA DO SISTEMA PRISIONAL
2027,1450,SECRETARIA DE ESTADO DE JUSTIÇA E SEGURANÇA PÚBLICA - SEJUSP,3,,1451,SECRETARIA DE ESTADO DE JUSTIÇA E SEGURANÇA PÚBLICA - SEJUSP,3,3,90,47,10,1,,10,421,130,4,353,4353,1,,,10271.00,0,UNIDADES DE SAÚDE DO SISTEMA PRISIONAL,INFRAESTRUTURA DO SISTEMA PRISIONAL
2027,1450,SECRETARIA DE ESTADO DE JUSTIÇA E SEGURANÇA PÚBLICA - SEJUSP,3,,1451,SECRETARIA DE ESTADO DE JUSTIÇA E SEGURANÇA PÚBLICA - SEJUSP,3,3,90,49,10,7,,10,421,130,4,353,4353,1,,,1119985.00,0,UNIDADES DE SAÚDE DO SISTEMA PRISIONAL,INFRAESTRUTURA DO SISTEMA PRISIONAL
2027,1450,SECRETARIA DE ESTADO DE JUSTIÇA E SEGURANÇA PÚBLICA - SEJUSP,3,,1451,SECRETARIA DE ESTADO DE JUSTIÇA E SEGURANÇA PÚBLICA - SEJUSP,4,4,90,52,10,1,,10,421,130,4,353,4353,1,,,5179145.00,0,UNIDADES DE SAÚDE DO SISTEMA PRISIONAL,INFRAESTRUTURA DO SISTEMA PRISIONAL
2027,1450,SECRETARIA DE ESTADO DE JUSTIÇA E SEGURANÇA PÚBLICA - SEJUSP,3,,1451,SECRETARIA DE ESTADO DE JUSTIÇA E SEGURANÇA PÚBLICA - SEJUSP,3,3,50,43,10,1,,10,422,141,4,437,4437,1,,,11150106.00,1,APOIO À REDE COMPLEMENTAR DE SUPORTE SOCIAL NA ATENÇÃO AO DEPENDENTE QUÍMICO,POLÍTICAS SOBRE DROGAS
2027,1450,SECRETARIA DE ESTADO DE JUSTIÇA E SEGURANÇA PÚBLICA - SEJUSP,3,,1451,SECRETARIA DE ESTADO DE JUSTIÇA E SEGURANÇA PÚBLICA - SEJUSP,3,3,50,85,10,1,,10,422,141,4,437,4437,1,,,1535890.00,1,APOIO À REDE COMPLEMENTAR DE SUPORTE SOCIAL NA ATENÇÃO AO DEPENDENTE QUÍMICO,POLÍTICAS SOBRE DROGAS
2027,1450,SECRETARIA DE ESTADO DE JUSTIÇA E SEGURANÇA PÚBLICA - SEJUSP,3,,1451,SECRETARIA DE ESTADO DE JUSTIÇA E SEGURANÇA PÚBLICA - SEJUSP,3,3,90,14,10,1,,10,422,141,4,437,4437,1,,,312425.00,1,APOIO À REDE COMPLEMENTAR DE SUPORTE SOCIAL NA ATENÇÃO AO DEPENDENTE QUÍMICO,POLÍTICAS SOBRE DROGAS
2027,1450,SECRETARIA DE ESTADO DE JUSTIÇA E SEGURANÇA PÚBLICA - SEJUSP,3,,1451,SECRETARIA DE ESTADO DE JUSTIÇA E SEGURANÇA PÚBLICA - SEJUSP,3,3,90,33,10,1,,10,422,141,4,437,4437,1,,,7855.00,1,APOIO À REDE COMPLEMENTAR DE SUPORTE SOCIAL NA ATENÇÃO AO DEPENDENTE QUÍMICO,POLÍTICAS SOBRE DROGAS
2027,1450,SECRETARIA DE ESTADO DE JUSTIÇA E SEGURANÇA PÚBLICA - SEJUSP,3,,1451,SECRETARIA DE ESTADO DE JUSTIÇA E SEGURANÇA PÚBLICA - SEJUSP,3,3,90,37,10,1,,10,422,141,4,437,4437,1,,,354915.00,1,APOIO À REDE COMPLEMENTAR DE SUPORTE SOCIAL NA ATENÇÃO AO DEPENDENTE QUÍMICO,POLÍTICAS SOBRE DROGAS
2027,1450,SECRETARIA DE ESTADO DE JUSTIÇA E SEGURANÇA PÚBLICA - SEJUSP,3,,1451,SECRETARIA DE ESTADO DE JUSTIÇA E SEGURANÇA PÚBLICA - SEJUSP,3,3,90,39,10,1,,10,422,141,4,437,4437,1,,,5783379.00,1,APOIO À REDE COMPLEMENTAR DE SUPORTE SOCIAL NA ATENÇÃO AO DEPENDENTE QUÍMICO,POLÍTICAS SOBRE DROGAS
2027,1450,SECRETARIA DE ESTADO DE JUSTIÇA E SEGURANÇA PÚBLICA - SEJUSP,3,,1451,SECRETARIA DE ESTADO DE JUSTIÇA E SEGURANÇA PÚBLICA - SEJUSP,3,3,90,40,10,1,,10,422,141,4,437,4437,1,,,1292547.00,1,APOIO À REDE COMPLEMENTAR DE SUPORTE SOCIAL NA ATENÇÃO AO DEPENDENTE QUÍMICO,POLÍTICAS SOBRE DROGAS
2027,1450,SECRETARIA DE ESTADO DE JUSTIÇA E SEGURANÇA PÚBLICA - SEJUSP,3,,1451,SECRETARIA DE ESTADO DE JUSTIÇA E SEGURANÇA PÚBLICA - SEJUSP,3,3,50,85,10,1,,12,243,146,4,442,4442,1,,,239189872.00,0,FORMAÇÃO EDUCACIONAL E PROFISSIONAL DO ADOLESCENTE EM CUMPRIMENTO DE MEDIDA SOCIOEDUCATIVA,PROMOÇÃO DA POLÍTICA SOCIOEDUCATIVA PARA ATENDIMENTO AOS ADOLESCENTES EM CONFLITO COM A LEI
2027,1450,SECRETARIA DE ESTADO DE JUSTIÇA E SEGURANÇA PÚBLICA - SEJUSP,3,,1451,SECRETARIA DE ESTADO DE JUSTIÇA E SEGURANÇA PÚBLICA - SEJUSP,3,3,90,30,10,1,,12,243,146,4,442,4442,1,,,12374.00,0,FORMAÇÃO EDUCACIONAL E PROFISSIONAL DO ADOLESCENTE EM CUMPRIMENTO DE MEDIDA SOCIOEDUCATIVA,PROMOÇÃO DA POLÍTICA SOCIOEDUCATIVA PARA ATENDIMENTO AOS ADOLESCENTES EM CONFLITO COM A LEI
2027,1450,SECRETARIA DE ESTADO DE JUSTIÇA E SEGURANÇA PÚBLICA - SEJUSP,3,,1451,SECRETARIA DE ESTADO DE JUSTIÇA E SEGURANÇA PÚBLICA - SEJUSP,3,3,90,39,70,1,,12,243,146,4,442,4442,1,,,1000.00,0,FORMAÇÃO EDUCACIONAL E PROFISSIONAL DO ADOLESCENTE EM CUMPRIMENTO DE MEDIDA SOCIOEDUCATIVA,PROMOÇÃO DA POLÍTICA SOCIOEDUCATIVA PARA ATENDIMENTO AOS ADOLESCENTES EM CONFLITO COM A LEI
2027,1450,SECRETARIA DE ESTADO DE JUSTIÇA E SEGURANÇA PÚBLICA - SEJUSP,3,,1451,SECRETARIA DE ESTADO DE JUSTIÇA E SEGURANÇA PÚBLICA - SEJUSP,3,3,90,39,9,1,,12,243,146,4,442,4442,1,,,1000.00,0,FORMAÇÃO EDUCACIONAL E PROFISSIONAL DO ADOLESCENTE EM CUMPRIMENTO DE MEDIDA SOCIOEDUCATIVA,PROMOÇÃO DA POLÍTICA SOCIOEDUCATIVA PARA ATENDIMENTO AOS ADOLESCENTES EM CONFLITO COM A LEI
2027,1450,SECRETARIA DE ESTADO DE JUSTIÇA E SEGURANÇA PÚBLICA - SEJUSP,3,,1451,SECRETARIA DE ESTADO DE JUSTIÇA E SEGURANÇA PÚBLICA - SEJUSP,3,3,90,93,70,1,,12,243,146,4,442,4442,1,,,1000.00,0,FORMAÇÃO EDUCACIONAL E PROFISSIONAL DO ADOLESCENTE EM CUMPRIMENTO DE MEDIDA SOCIOEDUCATIVA,PROMOÇÃO DA POLÍTICA SOCIOEDUCATIVA PARA ATENDIMENTO AOS ADOLESCENTES EM CONFLITO COM A LEI
2027,1450,SECRETARIA DE ESTADO DE JUSTIÇA E SEGURANÇA PÚBLICA - SEJUSP,3,,1451,SECRETARIA DE ESTADO DE JUSTIÇA E SEGURANÇA PÚBLICA - SEJUSP,3,3,90,93,9,1,,12,243,146,4,442,4442,1,,,1000.00,0,FORMAÇÃO EDUCACIONAL E PROFISSIONAL DO ADOLESCENTE EM CUMPRIMENTO DE MEDIDA SOCIOEDUCATIVA,PROMOÇÃO DA POLÍTICA SOCIOEDUCATIVA PARA ATENDIMENTO AOS ADOLESCENTES EM CONFLITO COM A LEI
2027,1450,SECRETARIA DE ESTADO DE JUSTIÇA E SEGURANÇA PÚBLICA - SEJUSP,3,,1451,SECRETARIA DE ESTADO DE JUSTIÇA E SEGURANÇA PÚBLICA - SEJUSP,4,4,50,42,70,1,,12,243,146,4,442,4442,1,,,1000.00,0,FORMAÇÃO EDUCACIONAL E PROFISSIONAL DO ADOLESCENTE EM CUMPRIMENTO DE MEDIDA SOCIOEDUCATIVA,PROMOÇÃO DA POLÍTICA SOCIOEDUCATIVA PARA ATENDIMENTO AOS ADOLESCENTES EM CONFLITO COM A LEI
2027,1450,SECRETARIA DE ESTADO DE JUSTIÇA E SEGURANÇA PÚBLICA - SEJUSP,3,,1451,SECRETARIA DE ESTADO DE JUSTIÇA E SEGURANÇA PÚBLICA - SEJUSP,4,4,50,42,9,1,,12,243,146,4,442,4442,1,,,800000.00,0,FORMAÇÃO EDUCACIONAL E PROFISSIONAL DO ADOLESCENTE EM CUMPRIMENTO DE MEDIDA SOCIOEDUCATIVA,PROMOÇÃO DA POLÍTICA SOCIOEDUCATIVA PARA ATENDIMENTO AOS ADOLESCENTES EM CONFLITO COM A LEI
2027,1450,SECRETARIA DE ESTADO DE JUSTIÇA E SEGURANÇA PÚBLICA - SEJUSP,3,,1451,SECRETARIA DE ESTADO DE JUSTIÇA E SEGURANÇA PÚBLICA - SEJUSP,3,1,90,11,10,1,,6,122,705,2,417,2417,1,,,1244790830.00,0,REMUNERAÇÃO DE PESSOAL ATIVO E ENCARGOS SOCIAIS,APOIO ÀS POLÍTICAS PÚBLICAS
2027,1450,SECRETARIA DE ESTADO DE JUSTIÇA E SEGURANÇA PÚBLICA - SEJUSP,3,,1451,SECRETARIA DE ESTADO DE JUSTIÇA E SEGURANÇA PÚBLICA - SEJUSP,3,1,90,11,27,1,,6,122,705,2,417,2417,1,,,370619766.00,0,REMUNERAÇÃO DE PESSOAL ATIVO E ENCARGOS SOCIAIS,APOIO ÀS POLÍTICAS PÚBLICAS
2027,1450,SECRETARIA DE ESTADO DE JUSTIÇA E SEGURANÇA PÚBLICA - SEJUSP,3,,1451,SECRETARIA DE ESTADO DE JUSTIÇA E SEGURANÇA PÚBLICA - SEJUSP,3,1,90,13,10,1,,6,122,705,2,417,2417,1,,,14455484.00,0,REMUNERAÇÃO DE PESSOAL ATIVO E ENCARGOS SOCIAIS,APOIO ÀS POLÍTICAS PÚBLICAS
2027,1450,SECRETARIA DE ESTADO DE JUSTIÇA E SEGURANÇA PÚBLICA - SEJUSP,3,,1451,SECRETARIA DE ESTADO DE JUSTIÇA E SEGURANÇA PÚBLICA - SEJUSP,3,1,90,13,27,1,,6,122,705,2,417,2417,1,,,58672.00,0,REMUNERAÇÃO DE PESSOAL ATIVO E ENCARGOS SOCIAIS,APOIO ÀS POLÍTICAS PÚBLICAS
2027,1450,SECRETARIA DE ESTADO DE JUSTIÇA E SEGURANÇA PÚBLICA - SEJUSP,3,,1451,SECRETARIA DE ESTADO DE JUSTIÇA E SEGURANÇA PÚBLICA - SEJUSP,3,1,90,16,10,1,,6,122,705,2,417,2417,1,,,685596.00,0,REMUNERAÇÃO DE PESSOAL ATIVO E ENCARGOS SOCIAIS,APOIO ÀS POLÍTICAS PÚBLICAS
2027,1450,SECRETARIA DE ESTADO DE JUSTIÇA E SEGURANÇA PÚBLICA - SEJUSP,3,,1451,SECRETARIA DE ESTADO DE JUSTIÇA E SEGURANÇA PÚBLICA - SEJUSP,3,1,90,16,27,1,,6,122,705,2,417,2417,1,,,114627.00,0,REMUNERAÇÃO DE PESSOAL ATIVO E ENCARGOS SOCIAIS,APOIO ÀS POLÍTICAS PÚBLICAS
2027,1450,SECRETARIA DE ESTADO DE JUSTIÇA E SEGURANÇA PÚBLICA - SEJUSP,3,,1451,SECRETARIA DE ESTADO DE JUSTIÇA E SEGURANÇA PÚBLICA - SEJUSP,3,1,90,4,10,1,,6,122,705,2,417,2417,1,,,639014931.00,0,REMUNERAÇÃO DE PESSOAL ATIVO E ENCARGOS SOCIAIS,APOIO ÀS POLÍTICAS PÚBLICAS
2027,1450,SECRETARIA DE ESTADO DE JUSTIÇA E SEGURANÇA PÚBLICA - SEJUSP,3,,1451,SECRETARIA DE ESTADO DE JUSTIÇA E SEGURANÇA PÚBLICA - SEJUSP,3,1,90,4,27,1,,6,122,705,2,417,2417,1,,,15155815.00,0,REMUNERAÇÃO DE PESSOAL ATIVO E ENCARGOS SOCIAIS,APOIO ÀS POLÍTICAS PÚBLICAS
2027,1450,SECRETARIA DE ESTADO DE JUSTIÇA E SEGURANÇA PÚBLICA - SEJUSP,3,,1451,SECRETARIA DE ESTADO DE JUSTIÇA E SEGURANÇA PÚBLICA - SEJUSP,3,1,90,7,10,1,,6,122,705,2,417,2417,1,,,204422.00,0,REMUNERAÇÃO DE PESSOAL ATIVO E ENCARGOS SOCIAIS,APOIO ÀS POLÍTICAS PÚBLICAS
2027,1450,SECRETARIA DE ESTADO DE JUSTIÇA E SEGURANÇA PÚBLICA - SEJUSP,3,,1451,SECRETARIA DE ESTADO DE JUSTIÇA E SEGURANÇA PÚBLICA - SEJUSP,3,1,90,7,27,1,,6,122,705,2,417,2417,1,,,2589.00,0,REMUNERAÇÃO DE PESSOAL ATIVO E ENCARGOS SOCIAIS,APOIO ÀS POLÍTICAS PÚBLICAS
2027,1450,SECRETARIA DE ESTADO DE JUSTIÇA E SEGURANÇA PÚBLICA - SEJUSP,3,,1451,SECRETARIA DE ESTADO DE JUSTIÇA E SEGURANÇA PÚBLICA - SEJUSP,3,1,91,13,10,1,,6,122,705,2,417,2417,1,,,259755920.00,0,REMUNERAÇÃO DE PESSOAL ATIVO E ENCARGOS SOCIAIS,APOIO ÀS POLÍTICAS PÚBLICAS
2027,1450,SECRETARIA DE ESTADO DE JUSTIÇA E SEGURANÇA PÚBLICA - SEJUSP,3,,1451,SECRETARIA DE ESTADO DE JUSTIÇA E SEGURANÇA PÚBLICA - SEJUSP,3,1,91,13,27,1,,6,122,705,2,417,2417,1,,,729829851.00,0,REMUNERAÇÃO DE PESSOAL ATIVO E ENCARGOS SOCIAIS,APOIO ÀS POLÍTICAS PÚBLICAS
2027,1450,SECRETARIA DE ESTADO DE JUSTIÇA E SEGURANÇA PÚBLICA - SEJUSP,3,,1451,SECRETARIA DE ESTADO DE JUSTIÇA E SEGURANÇA PÚBLICA - SEJUSP,3,1,91,4,10,1,,6,122,705,2,417,2417,1,,,853519.00,0,REMUNERAÇÃO DE PESSOAL ATIVO E ENCARGOS SOCIAIS,APOIO ÀS POLÍTICAS PÚBLICAS
2027,1450,SECRETARIA DE ESTADO DE JUSTIÇA E SEGURANÇA PÚBLICA - SEJUSP,3,,1451,SECRETARIA DE ESTADO DE JUSTIÇA E SEGURANÇA PÚBLICA - SEJUSP,3,1,91,4,27,1,,6,122,705,2,417,2417,1,,,363136.00,0,REMUNERAÇÃO DE PESSOAL ATIVO E ENCARGOS SOCIAIS,APOIO ÀS POLÍTICAS PÚBLICAS
2027,1450,SECRETARIA DE ESTADO DE JUSTIÇA E SEGURANÇA PÚBLICA - SEJUSP,3,,1451,SECRETARIA DE ESTADO DE JUSTIÇA E SEGURANÇA PÚBLICA - SEJUSP,3,3,90,19,10,7,,6,122,705,2,417,2417,1,,,514787155.00,0,REMUNERAÇÃO DE PESSOAL ATIVO E ENCARGOS SOCIAIS,APOIO ÀS POLÍTICAS PÚBLICAS
2027,1450,SECRETARIA DE ESTADO DE JUSTIÇA E SEGURANÇA PÚBLICA - SEJUSP,3,,1451,SECRETARIA DE ESTADO DE JUSTIÇA E SEGURANÇA PÚBLICA - SEJUSP,3,3,90,14,10,1,,6,122,705,2,500,2500,1,,,477872.00,0,ASSESSORAMENTO E GERENCIAMENTO DE POLÍTICAS PÚBLICAS,APOIO ÀS POLÍTICAS PÚBLICAS
2027,1450,SECRETARIA DE ESTADO DE JUSTIÇA E SEGURANÇA PÚBLICA - SEJUSP,3,,1451,SECRETARIA DE ESTADO DE JUSTIÇA E SEGURANÇA PÚBLICA - SEJUSP,3,3,90,30,10,1,,6,122,705,2,500,2500,1,,,237390.00,0,ASSESSORAMENTO E GERENCIAMENTO DE POLÍTICAS PÚBLICAS,APOIO ÀS POLÍTICAS PÚBLICAS
2027,1450,SECRETARIA DE ESTADO DE JUSTIÇA E SEGURANÇA PÚBLICA - SEJUSP,3,,1451,SECRETARIA DE ESTADO DE JUSTIÇA E SEGURANÇA PÚBLICA - SEJUSP,3,3,90,33,10,1,,6,122,705,2,500,2500,1,,,187040.00,0,ASSESSORAMENTO E GERENCIAMENTO DE POLÍTICAS PÚBLICAS,APOIO ÀS POLÍTICAS PÚBLICAS
2027,1450,SECRETARIA DE ESTADO DE JUSTIÇA E SEGURANÇA PÚBLICA - SEJUSP,3,,1451,SECRETARIA DE ESTADO DE JUSTIÇA E SEGURANÇA PÚBLICA - SEJUSP,3,3,90,36,10,1,,6,122,705,2,500,2500,1,,,24376.00,0,ASSESSORAMENTO E GERENCIAMENTO DE POLÍTICAS PÚBLICAS,APOIO ÀS POLÍTICAS PÚBLICAS
2027,1450,SECRETARIA DE ESTADO DE JUSTIÇA E SEGURANÇA PÚBLICA - SEJUSP,3,,1451,SECRETARIA DE ESTADO DE JUSTIÇA E SEGURANÇA PÚBLICA - SEJUSP,3,3,90,37,10,1,,6,122,705,2,500,2500,1,,,17461122.00,0,ASSESSORAMENTO E GERENCIAMENTO DE POLÍTICAS PÚBLICAS,APOIO ÀS POLÍTICAS PÚBLICAS
2027,1450,SECRETARIA DE ESTADO DE JUSTIÇA E SEGURANÇA PÚBLICA - SEJUSP,3,,1451,SECRETARIA DE ESTADO DE JUSTIÇA E SEGURANÇA PÚBLICA - SEJUSP,3,3,90,39,10,1,,6,122,705,2,500,2500,1,,,5133305.00,0,ASSESSORAMENTO E GERENCIAMENTO DE POLÍTICAS PÚBLICAS,APOIO ÀS POLÍTICAS PÚBLICAS
2027,1450,SECRETARIA DE ESTADO DE JUSTIÇA E SEGURANÇA PÚBLICA - SEJUSP,3,,1451,SECRETARIA DE ESTADO DE JUSTIÇA E SEGURANÇA PÚBLICA - SEJUSP,3,3,90,39,24,1,,6,122,705,2,500,2500,1,,,856353.00,0,ASSESSORAMENTO E GERENCIAMENTO DE POLÍTICAS PÚBLICAS,APOIO ÀS POLÍTICAS PÚBLICAS
2027,1450,SECRETARIA DE ESTADO DE JUSTIÇA E SEGURANÇA PÚBLICA - SEJUSP,3,,1451,SECRETARIA DE ESTADO DE JUSTIÇA E SEGURANÇA PÚBLICA - SEJUSP,3,3,90,40,10,1,,6,122,705,2,500,2500,1,,,1279208.00,0,ASSESSORAMENTO E GERENCIAMENTO DE POLÍTICAS PÚBLICAS,APOIO ÀS POLÍTICAS PÚBLICAS
2027,1450,SECRETARIA DE ESTADO DE JUSTIÇA E SEGURANÇA PÚBLICA - SEJUSP,3,,1451,SECRETARIA DE ESTADO DE JUSTIÇA E SEGURANÇA PÚBLICA - SEJUSP,3,3,90,47,10,1,,6,122,705,2,500,2500,1,,,832.00,0,ASSESSORAMENTO E GERENCIAMENTO DE POLÍTICAS PÚBLICAS,APOIO ÀS POLÍTICAS PÚBLICAS
2027,1450,SECRETARIA DE ESTADO DE JUSTIÇA E SEGURANÇA PÚBLICA - SEJUSP,3,,1451,SECRETARIA DE ESTADO DE JUSTIÇA E SEGURANÇA PÚBLICA - SEJUSP,4,4,90,40,10,1,,6,122,705,2,500,2500,1,,,425192.00,0,ASSESSORAMENTO E GERENCIAMENTO DE POLÍTICAS PÚBLICAS,APOIO ÀS POLÍTICAS PÚBLICAS
2027,1450,SECRETARIA DE ESTADO DE JUSTIÇA E SEGURANÇA PÚBLICA - SEJUSP,3,,1451,SECRETARIA DE ESTADO DE JUSTIÇA E SEGURANÇA PÚBLICA - SEJUSP,3,3,90,37,10,1,,6,181,134,4,376,4376,1,,,38530878.00,0,INTEGRAÇÃO OPERACIONAL E AÇÕES DE COMANDO E CONTROLE NO ATENDIMENTO DE DENÚNCIAS E CHAMADAS DE EMERGÊNCIA POLICIAL E DE BOMBEIRO,GESTÃO INTEGRADA DE SEGURANÇA PÚBLICA
2027,1450,SECRETARIA DE ESTADO DE JUSTIÇA E SEGURANÇA PÚBLICA - SEJUSP,3,,1451,SECRETARIA DE ESTADO DE JUSTIÇA E SEGURANÇA PÚBLICA - SEJUSP,3,3,90,14,10,1,,6,181,134,4,378,4378,1,,,151090.00,1,OPERACIONALIZAÇÃO DA POLÍTICA DE INTEGRAÇÃO DA SEGURANÇA PÚBLICA DE MINAS GERAIS,GESTÃO INTEGRADA DE SEGURANÇA PÚBLICA
2027,1450,SECRETARIA DE ESTADO DE JUSTIÇA E SEGURANÇA PÚBLICA - SEJUSP,3,,1451,SECRETARIA DE ESTADO DE JUSTIÇA E SEGURANÇA PÚBLICA - SEJUSP,3,3,90,30,10,1,,6,181,134,4,378,4378,1,,,59712.00,1,OPERACIONALIZAÇÃO DA POLÍTICA DE INTEGRAÇÃO DA SEGURANÇA PÚBLICA DE MINAS GERAIS,GESTÃO INTEGRADA DE SEGURANÇA PÚBLICA
2027,1450,SECRETARIA DE ESTADO DE JUSTIÇA E SEGURANÇA PÚBLICA - SEJUSP,3,,1451,SECRETARIA DE ESTADO DE JUSTIÇA E SEGURANÇA PÚBLICA - SEJUSP,3,3,90,33,10,1,,6,181,134,4,378,4378,1,,,19800.00,1,OPERACIONALIZAÇÃO DA POLÍTICA DE INTEGRAÇÃO DA SEGURANÇA PÚBLICA DE MINAS GERAIS,GESTÃO INTEGRADA DE SEGURANÇA PÚBLICA
2027,1450,SECRETARIA DE ESTADO DE JUSTIÇA E SEGURANÇA PÚBLICA - SEJUSP,3,,1451,SECRETARIA DE ESTADO DE JUSTIÇA E SEGURANÇA PÚBLICA - SEJUSP,3,3,90,36,10,1,,6,181,134,4,378,4378,1,,,192000.00,1,OPERACIONALIZAÇÃO DA POLÍTICA DE INTEGRAÇÃO DA SEGURANÇA PÚBLICA DE MINAS GERAIS,GESTÃO INTEGRADA DE SEGURANÇA PÚBLICA
2027,1450,SECRETARIA DE ESTADO DE JUSTIÇA E SEGURANÇA PÚBLICA - SEJUSP,3,,1451,SECRETARIA DE ESTADO DE JUSTIÇA E SEGURANÇA PÚBLICA - SEJUSP,3,3,90,39,10,1,,6,181,134,4,378,4378,1,,,3489788.00,1,OPERACIONALIZAÇÃO DA POLÍTICA DE INTEGRAÇÃO DA SEGURANÇA PÚBLICA DE MINAS GERAIS,GESTÃO INTEGRADA DE SEGURANÇA PÚBLICA
2027,1450,SECRETARIA DE ESTADO DE JUSTIÇA E SEGURANÇA PÚBLICA - SEJUSP,3,,1451,SECRETARIA DE ESTADO DE JUSTIÇA E SEGURANÇA PÚBLICA - SEJUSP,3,3,90,40,10,1,,6,181,134,4,378,4378,1,,,12107958.00,1,OPERACIONALIZAÇÃO DA POLÍTICA DE INTEGRAÇÃO DA SEGURANÇA PÚBLICA DE MINAS GERAIS,GESTÃO INTEGRADA DE SEGURANÇA PÚBLICA
2027,1450,SECRETARIA DE ESTADO DE JUSTIÇA E SEGURANÇA PÚBLICA - SEJUSP,3,,1451,SECRETARIA DE ESTADO DE JUSTIÇA E SEGURANÇA PÚBLICA - SEJUSP,3,3,90,47,10,1,,6,181,134,4,378,4378,1,,,20042.00,1,OPERACIONALIZAÇÃO DA POLÍTICA DE INTEGRAÇÃO DA SEGURANÇA PÚBLICA DE MINAS GERAIS,GESTÃO INTEGRADA DE SEGURANÇA PÚBLICA
2027,1450,SECRETARIA DE ESTADO DE JUSTIÇA E SEGURANÇA PÚBLICA - SEJUSP,3,,1451,SECRETARIA DE ESTADO DE JUSTIÇA E SEGURANÇA PÚBLICA - SEJUSP,4,4,90,52,2,1,,6,181,134,4,378,4378,1,,,993939.00,1,OPERACIONALIZAÇÃO DA POLÍTICA DE INTEGRAÇÃO DA SEGURANÇA PÚBLICA DE MINAS GERAIS,GESTÃO INTEGRADA DE SEGURANÇA PÚBLICA
2027,1450,SECRETARIA DE ESTADO DE JUSTIÇA E SEGURANÇA PÚBLICA - SEJUSP,3,,1451,SECRETARIA DE ESTADO DE JUSTIÇA E SEGURANÇA PÚBLICA - SEJUSP,3,3,90,37,10,1,,6,183,134,1,54,1054,1,,,77605.00,0,PRODUÇÃO DE INFORMAÇÕES E CONHECIMENTOS DE JUSTIÇA E SEGURANÇA PÚBLICA,GESTÃO INTEGRADA DE SEGURANÇA PÚBLICA
2027,1450,SECRETARIA DE ESTADO DE JUSTIÇA E SEGURANÇA PÚBLICA - SEJUSP,3,,1451,SECRETARIA DE ESTADO DE JUSTIÇA E SEGURANÇA PÚBLICA - SEJUSP,3,3,90,39,10,1,,6,183,134,1,54,1054,1,,,60000.00,0,PRODUÇÃO DE INFORMAÇÕES E CONHECIMENTOS DE JUSTIÇA E SEGURANÇA PÚBLICA,GESTÃO INTEGRADA DE SEGURANÇA PÚBLICA
2027,1450,SECRETARIA DE ESTADO DE JUSTIÇA E SEGURANÇA PÚBLICA - SEJUSP,3,,1451,SECRETARIA DE ESTADO DE JUSTIÇA E SEGURANÇA PÚBLICA - SEJUSP,3,3,90,14,10,1,,6,183,134,4,375,4375,1,,,142880.00,0,ESTRUTURAÇÃO E MANUTENÇÃO DE UM SISTEMA ESTADUAL DE INTELIGÊNCIA DE SEGURANÇA PÚBLICA EM MINAS GERAIS,GESTÃO INTEGRADA DE SEGURANÇA PÚBLICA
2027,1450,SECRETARIA DE ESTADO DE JUSTIÇA E SEGURANÇA PÚBLICA - SEJUSP,3,,1451,SECRETARIA DE ESTADO DE JUSTIÇA E SEGURANÇA PÚBLICA - SEJUSP,3,3,90,30,10,1,,6,183,134,4,375,4375,1,,,3812.00,0,ESTRUTURAÇÃO E MANUTENÇÃO DE UM SISTEMA ESTADUAL DE INTELIGÊNCIA DE SEGURANÇA PÚBLICA EM MINAS GERAIS,GESTÃO INTEGRADA DE SEGURANÇA PÚBLICA
2027,1450,SECRETARIA DE ESTADO DE JUSTIÇA E SEGURANÇA PÚBLICA - SEJUSP,3,,1451,SECRETARIA DE ESTADO DE JUSTIÇA E SEGURANÇA PÚBLICA - SEJUSP,3,3,90,33,10,1,,6,183,134,4,375,4375,1,,,48400.00,0,ESTRUTURAÇÃO E MANUTENÇÃO DE UM SISTEMA ESTADUAL DE INTELIGÊNCIA DE SEGURANÇA PÚBLICA EM MINAS GERAIS,GESTÃO INTEGRADA DE SEGURANÇA PÚBLICA
2027,1450,SECRETARIA DE ESTADO DE JUSTIÇA E SEGURANÇA PÚBLICA - SEJUSP,3,,1451,SECRETARIA DE ESTADO DE JUSTIÇA E SEGURANÇA PÚBLICA - SEJUSP,3,3,90,36,10,1,,6,183,134,4,375,4375,1,,,16000.00,0,ESTRUTURAÇÃO E MANUTENÇÃO DE UM SISTEMA ESTADUAL DE INTELIGÊNCIA DE SEGURANÇA PÚBLICA EM MINAS GERAIS,GESTÃO INTEGRADA DE SEGURANÇA PÚBLICA
2027,1450,SECRETARIA DE ESTADO DE JUSTIÇA E SEGURANÇA PÚBLICA - SEJUSP,3,,1451,SECRETARIA DE ESTADO DE JUSTIÇA E SEGURANÇA PÚBLICA - SEJUSP,3,3,90,40,10,1,,6,183,134,4,375,4375,1,,,3713.00,0,ESTRUTURAÇÃO E MANUTENÇÃO DE UM SISTEMA ESTADUAL DE INTELIGÊNCIA DE SEGURANÇA PÚBLICA EM MINAS GERAIS,GESTÃO INTEGRADA DE SEGURANÇA PÚBLICA
2027,1450,SECRETARIA DE ESTADO DE JUSTIÇA E SEGURANÇA PÚBLICA - SEJUSP,3,,1451,SECRETARIA DE ESTADO DE JUSTIÇA E SEGURANÇA PÚBLICA - SEJUSP,3,3,50,85,10,1,,6,243,146,4,441,4441,1,,,3303400.00,1,"ADEQUAÇÃO, MANUTENÇÃO E DESENVOLVIMENTO DO ATENDIMENTO SOCIOEDUCATIVO",PROMOÇÃO DA POLÍTICA SOCIOEDUCATIVA PARA ATENDIMENTO AOS ADOLESCENTES EM CONFLITO COM A LEI
2027,1450,SECRETARIA DE ESTADO DE JUSTIÇA E SEGURANÇA PÚBLICA - SEJUSP,3,,1451,SECRETARIA DE ESTADO DE JUSTIÇA E SEGURANÇA PÚBLICA - SEJUSP,3,3,90,14,10,1,,6,243,146,4,441,4441,1,,,535952.00,1,"ADEQUAÇÃO, MANUTENÇÃO E DESENVOLVIMENTO DO ATENDIMENTO SOCIOEDUCATIVO",PROMOÇÃO DA POLÍTICA SOCIOEDUCATIVA PARA ATENDIMENTO AOS ADOLESCENTES EM CONFLITO COM A LEI
2027,1450,SECRETARIA DE ESTADO DE JUSTIÇA E SEGURANÇA PÚBLICA - SEJUSP,3,,1451,SECRETARIA DE ESTADO DE JUSTIÇA E SEGURANÇA PÚBLICA - SEJUSP,3,3,90,30,10,1,,6,243,146,4,441,4441,1,,,723669.00,1,"ADEQUAÇÃO, MANUTENÇÃO E DESENVOLVIMENTO DO ATENDIMENTO SOCIOEDUCATIVO",PROMOÇÃO DA POLÍTICA SOCIOEDUCATIVA PARA ATENDIMENTO AOS ADOLESCENTES EM CONFLITO COM A LEI
2027,1450,SECRETARIA DE ESTADO DE JUSTIÇA E SEGURANÇA PÚBLICA - SEJUSP,3,,1451,SECRETARIA DE ESTADO DE JUSTIÇA E SEGURANÇA PÚBLICA - SEJUSP,3,3,90,33,10,1,,6,243,146,4,441,4441,1,,,112300.00,1,"ADEQUAÇÃO, MANUTENÇÃO E DESENVOLVIMENTO DO ATENDIMENTO SOCIOEDUCATIVO",PROMOÇÃO DA POLÍTICA SOCIOEDUCATIVA PARA ATENDIMENTO AOS ADOLESCENTES EM CONFLITO COM A LEI
2027,1450,SECRETARIA DE ESTADO DE JUSTIÇA E SEGURANÇA PÚBLICA - SEJUSP,3,,1451,SECRETARIA DE ESTADO DE JUSTIÇA E SEGURANÇA PÚBLICA - SEJUSP,3,3,90,37,10,1,,6,243,146,4,441,4441,1,,,6421813.00,1,"ADEQUAÇÃO, MANUTENÇÃO E DESENVOLVIMENTO DO ATENDIMENTO SOCIOEDUCATIVO",PROMOÇÃO DA POLÍTICA SOCIOEDUCATIVA PARA ATENDIMENTO AOS ADOLESCENTES EM CONFLITO COM A LEI
2027,1450,SECRETARIA DE ESTADO DE JUSTIÇA E SEGURANÇA PÚBLICA - SEJUSP,3,,1451,SECRETARIA DE ESTADO DE JUSTIÇA E SEGURANÇA PÚBLICA - SEJUSP,3,3,90,39,10,1,,6,243,146,4,441,4441,1,,,13448039.00,1,"ADEQUAÇÃO, MANUTENÇÃO E DESENVOLVIMENTO DO ATENDIMENTO SOCIOEDUCATIVO",PROMOÇÃO DA POLÍTICA SOCIOEDUCATIVA PARA ATENDIMENTO AOS ADOLESCENTES EM CONFLITO COM A LEI
2027,1450,SECRETARIA DE ESTADO DE JUSTIÇA E SEGURANÇA PÚBLICA - SEJUSP,3,,1451,SECRETARIA DE ESTADO DE JUSTIÇA E SEGURANÇA PÚBLICA - SEJUSP,3,3,90,40,10,1,,6,243,146,4,441,4441,1,,,352732.00,1,"ADEQUAÇÃO, MANUTENÇÃO E DESENVOLVIMENTO DO ATENDIMENTO SOCIOEDUCATIVO",PROMOÇÃO DA POLÍTICA SOCIOEDUCATIVA PARA ATENDIMENTO AOS ADOLESCENTES EM CONFLITO COM A LEI
2027,1450,SECRETARIA DE ESTADO DE JUSTIÇA E SEGURANÇA PÚBLICA - SEJUSP,3,,1451,SECRETARIA DE ESTADO DE JUSTIÇA E SEGURANÇA PÚBLICA - SEJUSP,3,3,90,47,10,1,,6,243,146,4,441,4441,1,,,82673.00,1,"ADEQUAÇÃO, MANUTENÇÃO E DESENVOLVIMENTO DO ATENDIMENTO SOCIOEDUCATIVO",PROMOÇÃO DA POLÍTICA SOCIOEDUCATIVA PARA ATENDIMENTO AOS ADOLESCENTES EM CONFLITO COM A LEI
2027,1450,SECRETARIA DE ESTADO DE JUSTIÇA E SEGURANÇA PÚBLICA - SEJUSP,3,,1451,SECRETARIA DE ESTADO DE JUSTIÇA E SEGURANÇA PÚBLICA - SEJUSP,4,4,90,51,24,1,,6,243,146,4,441,4441,1,,,29500001.00,1,"ADEQUAÇÃO, MANUTENÇÃO E DESENVOLVIMENTO DO ATENDIMENTO SOCIOEDUCATIVO",PROMOÇÃO DA POLÍTICA SOCIOEDUCATIVA PARA ATENDIMENTO AOS ADOLESCENTES EM CONFLITO COM A LEI
2027,1450,SECRETARIA DE ESTADO DE JUSTIÇA E SEGURANÇA PÚBLICA - SEJUSP,3,,1451,SECRETARIA DE ESTADO DE JUSTIÇA E SEGURANÇA PÚBLICA - SEJUSP,3,3,90,39,10,1,,6,331,134,4,377,4377,1,,,54454.00,0,MANUTENÇÃO DE MORADIAS FUNCIONAIS PARA SERVIDORES EM SITUAÇÃO DE RISCO,GESTÃO INTEGRADA DE SEGURANÇA PÚBLICA
2027,1450,SECRETARIA DE ESTADO DE JUSTIÇA E SEGURANÇA PÚBLICA - SEJUSP,3,,1451,SECRETARIA DE ESTADO DE JUSTIÇA E SEGURANÇA PÚBLICA - SEJUSP,3,3,90,47,10,1,,6,331,134,4,377,4377,1,,,5219.00,0,MANUTENÇÃO DE MORADIAS FUNCIONAIS PARA SERVIDORES EM SITUAÇÃO DE RISCO,GESTÃO INTEGRADA DE SEGURANÇA PÚBLICA
2027,1450,SECRETARIA DE ESTADO DE JUSTIÇA E SEGURANÇA PÚBLICA - SEJUSP,3,,1451,SECRETARIA DE ESTADO DE JUSTIÇA E SEGURANÇA PÚBLICA - SEJUSP,3,3,90,14,10,1,,6,363,134,4,379,4379,1,,,627566.00,0,"RECRUTAMENTO, SELEÇÃO, FORMAÇÃO, CAPACITAÇÃO E TREINAMENTO DOS PROFISSIONAIS DO SISTEMA DE JUSTIÇA E SEGURANÇA PÚBLICA",GESTÃO INTEGRADA DE SEGURANÇA PÚBLICA
2027,1450,SECRETARIA DE ESTADO DE JUSTIÇA E SEGURANÇA PÚBLICA - SEJUSP,3,,1451,SECRETARIA DE ESTADO DE JUSTIÇA E SEGURANÇA PÚBLICA - SEJUSP,3,3,90,30,10,1,,6,363,134,4,379,4379,1,,,7616365.00,0,"RECRUTAMENTO, SELEÇÃO, FORMAÇÃO, CAPACITAÇÃO E TREINAMENTO DOS PROFISSIONAIS DO SISTEMA DE JUSTIÇA E SEGURANÇA PÚBLICA",GESTÃO INTEGRADA DE SEGURANÇA PÚBLICA
2027,1450,SECRETARIA DE ESTADO DE JUSTIÇA E SEGURANÇA PÚBLICA - SEJUSP,3,,1451,SECRETARIA DE ESTADO DE JUSTIÇA E SEGURANÇA PÚBLICA - SEJUSP,3,3,90,36,10,1,,6,363,134,4,379,4379,1,,,288001.00,0,"RECRUTAMENTO, SELEÇÃO, FORMAÇÃO, CAPACITAÇÃO E TREINAMENTO DOS PROFISSIONAIS DO SISTEMA DE JUSTIÇA E SEGURANÇA PÚBLICA",GESTÃO INTEGRADA DE SEGURANÇA PÚBLICA
2027,1450,SECRETARIA DE ESTADO DE JUSTIÇA E SEGURANÇA PÚBLICA - SEJUSP,3,,1451,SECRETARIA DE ESTADO DE JUSTIÇA E SEGURANÇA PÚBLICA - SEJUSP,3,3,90,39,10,1,,6,363,134,4,379,4379,1,,,12000.00,0,"RECRUTAMENTO, SELEÇÃO, FORMAÇÃO, CAPACITAÇÃO E TREINAMENTO DOS PROFISSIONAIS DO SISTEMA DE JUSTIÇA E SEGURANÇA PÚBLICA",GESTÃO INTEGRADA DE SEGURANÇA PÚBLICA
2027,1450,SECRETARIA DE ESTADO DE JUSTIÇA E SEGURANÇA PÚBLICA - SEJUSP,3,,1451,SECRETARIA DE ESTADO DE JUSTIÇA E SEGURANÇA PÚBLICA - SEJUSP,4,4,90,40,10,1,,6,363,134,4,379,4379,1,,,18223.00,0,"RECRUTAMENTO, SELEÇÃO, FORMAÇÃO, CAPACITAÇÃO E TREINAMENTO DOS PROFISSIONAIS DO SISTEMA DE JUSTIÇA E SEGURANÇA PÚBLICA",GESTÃO INTEGRADA DE SEGURANÇA PÚBLICA
2027,1450,SECRETARIA DE ESTADO DE JUSTIÇA E SEGURANÇA PÚBLICA - SEJUSP,3,,1451,SECRETARIA DE ESTADO DE JUSTIÇA E SEGURANÇA PÚBLICA - SEJUSP,3,3,50,85,10,1,,6,421,129,4,344,4344,1,,,51069000.00,0,PREVENÇÃO SOCIAL ÀS VIOLÊNCIAS E CRIMINALIDADES,PREVENÇÃO À CRIMINALIDADE
2027,1450,SECRETARIA DE ESTADO DE JUSTIÇA E SEGURANÇA PÚBLICA - SEJUSP,3,,1451,SECRETARIA DE ESTADO DE JUSTIÇA E SEGURANÇA PÚBLICA - SEJUSP,3,3,90,14,10,1,,6,421,129,4,344,4344,1,,,80000.00,0,PREVENÇÃO SOCIAL ÀS VIOLÊNCIAS E CRIMINALIDADES,PREVENÇÃO À CRIMINALIDADE
2027,1450,SECRETARIA DE ESTADO DE JUSTIÇA E SEGURANÇA PÚBLICA - SEJUSP,3,,1451,SECRETARIA DE ESTADO DE JUSTIÇA E SEGURANÇA PÚBLICA - SEJUSP,3,3,90,30,10,1,,6,421,129,4,344,4344,1,,,91655.00,0,PREVENÇÃO SOCIAL ÀS VIOLÊNCIAS E CRIMINALIDADES,PREVENÇÃO À CRIMINALIDADE
2027,1450,SECRETARIA DE ESTADO DE JUSTIÇA E SEGURANÇA PÚBLICA - SEJUSP,3,,1451,SECRETARIA DE ESTADO DE JUSTIÇA E SEGURANÇA PÚBLICA - SEJUSP,3,3,90,33,10,1,,6,421,129,4,344,4344,1,,,23400.00,0,PREVENÇÃO SOCIAL ÀS VIOLÊNCIAS E CRIMINALIDADES,PREVENÇÃO À CRIMINALIDADE
2027,1450,SECRETARIA DE ESTADO DE JUSTIÇA E SEGURANÇA PÚBLICA - SEJUSP,3,,1451,SECRETARIA DE ESTADO DE JUSTIÇA E SEGURANÇA PÚBLICA - SEJUSP,3,3,90,36,10,1,,6,421,129,4,344,4344,1,,,2400.00,0,PREVENÇÃO SOCIAL ÀS VIOLÊNCIAS E CRIMINALIDADES,PREVENÇÃO À CRIMINALIDADE
2027,1450,SECRETARIA DE ESTADO DE JUSTIÇA E SEGURANÇA PÚBLICA - SEJUSP,3,,1451,SECRETARIA DE ESTADO DE JUSTIÇA E SEGURANÇA PÚBLICA - SEJUSP,3,3,90,37,10,1,,6,421,129,4,344,4344,1,,,1018566.00,0,PREVENÇÃO SOCIAL ÀS VIOLÊNCIAS E CRIMINALIDADES,PREVENÇÃO À CRIMINALIDADE
2027,1450,SECRETARIA DE ESTADO DE JUSTIÇA E SEGURANÇA PÚBLICA - SEJUSP,3,,1451,SECRETARIA DE ESTADO DE JUSTIÇA E SEGURANÇA PÚBLICA - SEJUSP,3,3,90,39,10,1,,6,421,129,4,344,4344,1,,,448988.00,0,PREVENÇÃO SOCIAL ÀS VIOLÊNCIAS E CRIMINALIDADES,PREVENÇÃO À CRIMINALIDADE
2027,1450,SECRETARIA DE ESTADO DE JUSTIÇA E SEGURANÇA PÚBLICA - SEJUSP,3,,1451,SECRETARIA DE ESTADO DE JUSTIÇA E SEGURANÇA PÚBLICA - SEJUSP,3,3,90,40,10,1,,6,421,129,4,344,4344,1,,,947306.00,0,PREVENÇÃO SOCIAL ÀS VIOLÊNCIAS E CRIMINALIDADES,PREVENÇÃO À CRIMINALIDADE
2027,1450,SECRETARIA DE ESTADO DE JUSTIÇA E SEGURANÇA PÚBLICA - SEJUSP,3,,1451,SECRETARIA DE ESTADO DE JUSTIÇA E SEGURANÇA PÚBLICA - SEJUSP,3,3,90,47,10,1,,6,421,129,4,344,4344,1,,,4843.00,0,PREVENÇÃO SOCIAL ÀS VIOLÊNCIAS E CRIMINALIDADES,PREVENÇÃO À CRIMINALIDADE
2027,1450,SECRETARIA DE ESTADO DE JUSTIÇA E SEGURANÇA PÚBLICA - SEJUSP,3,,1451,SECRETARIA DE ESTADO DE JUSTIÇA E SEGURANÇA PÚBLICA - SEJUSP,3,3,50,85,24,1,,6,421,129,4,347,4347,1,,,2040800.00,0,IMPLANTAÇÃO DE UNIDADES DE PREVENÇÃO À CRIMINALIDADE,PREVENÇÃO À CRIMINALIDADE
2027,1450,SECRETARIA DE ESTADO DE JUSTIÇA E SEGURANÇA PÚBLICA - SEJUSP,3,,1451,SECRETARIA DE ESTADO DE JUSTIÇA E SEGURANÇA PÚBLICA - SEJUSP,3,3,90,39,24,1,,6,421,129,4,347,4347,1,,,1000.00,0,IMPLANTAÇÃO DE UNIDADES DE PREVENÇÃO À CRIMINALIDADE,PREVENÇÃO À CRIMINALIDADE
2027,1450,SECRETARIA DE ESTADO DE JUSTIÇA E SEGURANÇA PÚBLICA - SEJUSP,3,,1451,SECRETARIA DE ESTADO DE JUSTIÇA E SEGURANÇA PÚBLICA - SEJUSP,3,3,90,93,24,1,,6,421,129,4,347,4347,1,,,1000.00,0,IMPLANTAÇÃO DE UNIDADES DE PREVENÇÃO À CRIMINALIDADE,PREVENÇÃO À CRIMINALIDADE
2027,1450,SECRETARIA DE ESTADO DE JUSTIÇA E SEGURANÇA PÚBLICA - SEJUSP,3,,1451,SECRETARIA DE ESTADO DE JUSTIÇA E SEGURANÇA PÚBLICA - SEJUSP,3,3,90,39,10,1,,6,421,130,1,47,1047,1,,,1000.00,0,MODERNIZAÇÃO E EXPANSÃO DO SISTEMA PRISIONAL - REPARAÇÃO BRUMADINHO,INFRAESTRUTURA DO SISTEMA PRISIONAL
2027,1450,SECRETARIA DE ESTADO DE JUSTIÇA E SEGURANÇA PÚBLICA - SEJUSP,3,,1451,SECRETARIA DE ESTADO DE JUSTIÇA E SEGURANÇA PÚBLICA - SEJUSP,3,3,90,30,10,1,,6,421,130,1,48,1048,1,,,400610.00,1,MODERNIZAÇÃO E EXPANSÃO DO SISTEMA PRISIONAL,INFRAESTRUTURA DO SISTEMA PRISIONAL
2027,1450,SECRETARIA DE ESTADO DE JUSTIÇA E SEGURANÇA PÚBLICA - SEJUSP,3,,1451,SECRETARIA DE ESTADO DE JUSTIÇA E SEGURANÇA PÚBLICA - SEJUSP,3,3,90,39,1,1,,6,421,130,1,48,1048,1,,,1000.00,1,MODERNIZAÇÃO E EXPANSÃO DO SISTEMA PRISIONAL,INFRAESTRUTURA DO SISTEMA PRISIONAL
2027,1450,SECRETARIA DE ESTADO DE JUSTIÇA E SEGURANÇA PÚBLICA - SEJUSP,3,,1451,SECRETARIA DE ESTADO DE JUSTIÇA E SEGURANÇA PÚBLICA - SEJUSP,3,3,90,39,10,1,,6,421,130,1,48,1048,1,,,4843572.00,1,MODERNIZAÇÃO E EXPANSÃO DO SISTEMA PRISIONAL,INFRAESTRUTURA DO SISTEMA PRISIONAL
2027,1450,SECRETARIA DE ESTADO DE JUSTIÇA E SEGURANÇA PÚBLICA - SEJUSP,3,,1451,SECRETARIA DE ESTADO DE JUSTIÇA E SEGURANÇA PÚBLICA - SEJUSP,3,3,90,39,2,1,,6,421,130,1,48,1048,1,,,1000.00,1,MODERNIZAÇÃO E EXPANSÃO DO SISTEMA PRISIONAL,INFRAESTRUTURA DO SISTEMA PRISIONAL
2027,1450,SECRETARIA DE ESTADO DE JUSTIÇA E SEGURANÇA PÚBLICA - SEJUSP,3,,1451,SECRETARIA DE ESTADO DE JUSTIÇA E SEGURANÇA PÚBLICA - SEJUSP,3,3,90,39,98,1,,6,421,130,1,48,1048,1,,,1000.00,1,MODERNIZAÇÃO E EXPANSÃO DO SISTEMA PRISIONAL,INFRAESTRUTURA DO SISTEMA PRISIONAL
2027,1450,SECRETARIA DE ESTADO DE JUSTIÇA E SEGURANÇA PÚBLICA - SEJUSP,3,,1451,SECRETARIA DE ESTADO DE JUSTIÇA E SEGURANÇA PÚBLICA - SEJUSP,3,3,90,40,10,1,,6,421,130,1,48,1048,1,,,561253.00,1,MODERNIZAÇÃO E EXPANSÃO DO SISTEMA PRISIONAL,INFRAESTRUTURA DO SISTEMA PRISIONAL
2027,1450,SECRETARIA DE ESTADO DE JUSTIÇA E SEGURANÇA PÚBLICA - SEJUSP,3,,1451,SECRETARIA DE ESTADO DE JUSTIÇA E SEGURANÇA PÚBLICA - SEJUSP,3,3,90,93,1,1,,6,421,130,1,48,1048,1,,,1000.00,1,MODERNIZAÇÃO E EXPANSÃO DO SISTEMA PRISIONAL,INFRAESTRUTURA DO SISTEMA PRISIONAL
2027,1450,SECRETARIA DE ESTADO DE JUSTIÇA E SEGURANÇA PÚBLICA - SEJUSP,3,,1451,SECRETARIA DE ESTADO DE JUSTIÇA E SEGURANÇA PÚBLICA - SEJUSP,3,3,90,93,2,1,,6,421,130,1,48,1048,1,,,1000.00,1,MODERNIZAÇÃO E EXPANSÃO DO SISTEMA PRISIONAL,INFRAESTRUTURA DO SISTEMA PRISIONAL
2027,1450,SECRETARIA DE ESTADO DE JUSTIÇA E SEGURANÇA PÚBLICA - SEJUSP,3,,1451,SECRETARIA DE ESTADO DE JUSTIÇA E SEGURANÇA PÚBLICA - SEJUSP,3,3,90,93,98,1,,6,421,130,1,48,1048,1,,,1000.00,1,MODERNIZAÇÃO E EXPANSÃO DO SISTEMA PRISIONAL,INFRAESTRUTURA DO SISTEMA PRISIONAL
2027,1450,SECRETARIA DE ESTADO DE JUSTIÇA E SEGURANÇA PÚBLICA - SEJUSP,3,,1451,SECRETARIA DE ESTADO DE JUSTIÇA E SEGURANÇA PÚBLICA - SEJUSP,4,4,50,42,1,1,,6,421,130,1,48,1048,1,,,250000.00,1,MODERNIZAÇÃO E EXPANSÃO DO SISTEMA PRISIONAL,INFRAESTRUTURA DO SISTEMA PRISIONAL
2027,1450,SECRETARIA DE ESTADO DE JUSTIÇA E SEGURANÇA PÚBLICA - SEJUSP,3,,1451,SECRETARIA DE ESTADO DE JUSTIÇA E SEGURANÇA PÚBLICA - SEJUSP,4,4,90,51,24,1,,6,421,130,1,48,1048,1,,,45212295.00,1,MODERNIZAÇÃO E EXPANSÃO DO SISTEMA PRISIONAL,INFRAESTRUTURA DO SISTEMA PRISIONAL
2027,1450,SECRETARIA DE ESTADO DE JUSTIÇA E SEGURANÇA PÚBLICA - SEJUSP,3,,1451,SECRETARIA DE ESTADO DE JUSTIÇA E SEGURANÇA PÚBLICA - SEJUSP,4,4,90,52,2,1,,6,421,130,1,48,1048,1,,,12600081.00,1,MODERNIZAÇÃO E EXPANSÃO DO SISTEMA PRISIONAL,INFRAESTRUTURA DO SISTEMA PRISIONAL
2027,1450,SECRETARIA DE ESTADO DE JUSTIÇA E SEGURANÇA PÚBLICA - SEJUSP,3,,1451,SECRETARIA DE ESTADO DE JUSTIÇA E SEGURANÇA PÚBLICA - SEJUSP,4,4,90,52,98,1,,6,421,130,1,48,1048,1,,,1000.00,1,MODERNIZAÇÃO E EXPANSÃO DO SISTEMA PRISIONAL,INFRAESTRUTURA DO SISTEMA PRISIONAL
2027,1450,SECRETARIA DE ESTADO DE JUSTIÇA E SEGURANÇA PÚBLICA - SEJUSP,3,,1451,SECRETARIA DE ESTADO DE JUSTIÇA E SEGURANÇA PÚBLICA - SEJUSP,3,3,50,85,10,1,,6,421,130,4,348,4348,1,,,12780000.00,0,CUSTÓDIA E RESSOCIALIZAÇÃO DE PRESOS,INFRAESTRUTURA DO SISTEMA PRISIONAL
2027,1450,SECRETARIA DE ESTADO DE JUSTIÇA E SEGURANÇA PÚBLICA - SEJUSP,3,,1451,SECRETARIA DE ESTADO DE JUSTIÇA E SEGURANÇA PÚBLICA - SEJUSP,3,3,90,14,10,1,,6,421,130,4,348,4348,1,,,20801481.00,0,CUSTÓDIA E RESSOCIALIZAÇÃO DE PRESOS,INFRAESTRUTURA DO SISTEMA PRISIONAL
2027,1450,SECRETARIA DE ESTADO DE JUSTIÇA E SEGURANÇA PÚBLICA - SEJUSP,3,,1451,SECRETARIA DE ESTADO DE JUSTIÇA E SEGURANÇA PÚBLICA - SEJUSP,3,3,90,30,10,1,,6,421,130,4,348,4348,1,,,34516735.00,0,CUSTÓDIA E RESSOCIALIZAÇÃO DE PRESOS,INFRAESTRUTURA DO SISTEMA PRISIONAL
2027,1450,SECRETARIA DE ESTADO DE JUSTIÇA E SEGURANÇA PÚBLICA - SEJUSP,3,,1451,SECRETARIA DE ESTADO DE JUSTIÇA E SEGURANÇA PÚBLICA - SEJUSP,3,3,90,30,60,1,,6,421,130,4,348,4348,1,,,9768850.00,0,CUSTÓDIA E RESSOCIALIZAÇÃO DE PRESOS,INFRAESTRUTURA DO SISTEMA PRISIONAL
2027,1450,SECRETARIA DE ESTADO DE JUSTIÇA E SEGURANÇA PÚBLICA - SEJUSP,3,,1451,SECRETARIA DE ESTADO DE JUSTIÇA E SEGURANÇA PÚBLICA - SEJUSP,3,3,90,30,61,1,,6,421,130,4,348,4348,1,,,61000.00,0,CUSTÓDIA E RESSOCIALIZAÇÃO DE PRESOS,INFRAESTRUTURA DO SISTEMA PRISIONAL
2027,1450,SECRETARIA DE ESTADO DE JUSTIÇA E SEGURANÇA PÚBLICA - SEJUSP,3,,1451,SECRETARIA DE ESTADO DE JUSTIÇA E SEGURANÇA PÚBLICA - SEJUSP,3,3,90,33,10,1,,6,421,130,4,348,4348,1,,,8393473.00,0,CUSTÓDIA E RESSOCIALIZAÇÃO DE PRESOS,INFRAESTRUTURA DO SISTEMA PRISIONAL
2027,1450,SECRETARIA DE ESTADO DE JUSTIÇA E SEGURANÇA PÚBLICA - SEJUSP,3,,1451,SECRETARIA DE ESTADO DE JUSTIÇA E SEGURANÇA PÚBLICA - SEJUSP,3,3,90,36,10,1,,6,421,130,4,348,4348,1,,,3612000.00,0,CUSTÓDIA E RESSOCIALIZAÇÃO DE PRESOS,INFRAESTRUTURA DO SISTEMA PRISIONAL
2027,1450,SECRETARIA DE ESTADO DE JUSTIÇA E SEGURANÇA PÚBLICA - SEJUSP,3,,1451,SECRETARIA DE ESTADO DE JUSTIÇA E SEGURANÇA PÚBLICA - SEJUSP,3,3,90,37,10,1,,6,421,130,4,348,4348,1,,,1891622.00,0,CUSTÓDIA E RESSOCIALIZAÇÃO DE PRESOS,INFRAESTRUTURA DO SISTEMA PRISIONAL
2027,1450,SECRETARIA DE ESTADO DE JUSTIÇA E SEGURANÇA PÚBLICA - SEJUSP,3,,1451,SECRETARIA DE ESTADO DE JUSTIÇA E SEGURANÇA PÚBLICA - SEJUSP,3,3,90,39,10,1,,6,421,130,4,348,4348,1,,,734862694.00,0,CUSTÓDIA E RESSOCIALIZAÇÃO DE PRESOS,INFRAESTRUTURA DO SISTEMA PRISIONAL
2027,1450,SECRETARIA DE ESTADO DE JUSTIÇA E SEGURANÇA PÚBLICA - SEJUSP,3,,1451,SECRETARIA DE ESTADO DE JUSTIÇA E SEGURANÇA PÚBLICA - SEJUSP,3,3,90,40,10,1,,6,421,130,4,348,4348,1,,,35640680.00,0,CUSTÓDIA E RESSOCIALIZAÇÃO DE PRESOS,INFRAESTRUTURA DO SISTEMA PRISIONAL
2027,1450,SECRETARIA DE ESTADO DE JUSTIÇA E SEGURANÇA PÚBLICA - SEJUSP,3,,1451,SECRETARIA DE ESTADO DE JUSTIÇA E SEGURANÇA PÚBLICA - SEJUSP,3,3,90,47,10,1,,6,421,130,4,348,4348,1,,,200418.00,0,CUSTÓDIA E RESSOCIALIZAÇÃO DE PRESOS,INFRAESTRUTURA DO SISTEMA PRISIONAL
2027,1450,SECRETARIA DE ESTADO DE JUSTIÇA E SEGURANÇA PÚBLICA - SEJUSP,3,,1451,SECRETARIA DE ESTADO DE JUSTIÇA E SEGURANÇA PÚBLICA - SEJUSP,3,3,90,93,10,1,,6,421,130,4,348,4348,1,,,112746.00,0,CUSTÓDIA E RESSOCIALIZAÇÃO DE PRESOS,INFRAESTRUTURA DO SISTEMA PRISIONAL
2027,1450,SECRETARIA DE ESTADO DE JUSTIÇA E SEGURANÇA PÚBLICA - SEJUSP,3,,1451,SECRETARIA DE ESTADO DE JUSTIÇA E SEGURANÇA PÚBLICA - SEJUSP,4,4,90,40,10,1,,6,421,130,4,348,4348,1,,,910719.00,0,CUSTÓDIA E RESSOCIALIZAÇÃO DE PRESOS,INFRAESTRUTURA DO SISTEMA PRISIONAL
2027,1450,SECRETARIA DE ESTADO DE JUSTIÇA E SEGURANÇA PÚBLICA - SEJUSP,3,,1451,SECRETARIA DE ESTADO DE JUSTIÇA E SEGURANÇA PÚBLICA - SEJUSP,3,3,50,43,24,1,,6,421,130,4,350,4350,1,,,2000000.00,0,MANUTENÇÃO E AMPLIAÇÃO DO MONITORAMENTO ELETRÔNICO,INFRAESTRUTURA DO SISTEMA PRISIONAL
2027,1450,SECRETARIA DE ESTADO DE JUSTIÇA E SEGURANÇA PÚBLICA - SEJUSP,3,,1451,SECRETARIA DE ESTADO DE JUSTIÇA E SEGURANÇA PÚBLICA - SEJUSP,3,3,90,39,10,1,,6,421,130,4,350,4350,1,,,32811127.00,0,MANUTENÇÃO E AMPLIAÇÃO DO MONITORAMENTO ELETRÔNICO,INFRAESTRUTURA DO SISTEMA PRISIONAL
2027,1450,SECRETARIA DE ESTADO DE JUSTIÇA E SEGURANÇA PÚBLICA - SEJUSP,3,,1451,SECRETARIA DE ESTADO DE JUSTIÇA E SEGURANÇA PÚBLICA - SEJUSP,3,3,50,43,10,1,,6,421,130,4,351,4351,1,,,133612904.00,0,MANUTENÇÃO E IMPLANTAÇÃO DE METODOLOGIA DE CUSTÓDIAS ALTERNATIVAS,INFRAESTRUTURA DO SISTEMA PRISIONAL
2027,1450,SECRETARIA DE ESTADO DE JUSTIÇA E SEGURANÇA PÚBLICA - SEJUSP,3,,1451,SECRETARIA DE ESTADO DE JUSTIÇA E SEGURANÇA PÚBLICA - SEJUSP,3,3,90,14,10,1,,6,422,141,4,438,4438,1,,,48000.00,0,DESCENTRALIZAÇÃO DA POLÍTICA SOBRE DROGAS,POLÍTICAS SOBRE DROGAS
2027,1450,SECRETARIA DE ESTADO DE JUSTIÇA E SEGURANÇA PÚBLICA - SEJUSP,3,,1451,SECRETARIA DE ESTADO DE JUSTIÇA E SEGURANÇA PÚBLICA - SEJUSP,3,3,90,30,10,1,,6,422,141,4,438,4438,1,,,31412.00,0,DESCENTRALIZAÇÃO DA POLÍTICA SOBRE DROGAS,POLÍTICAS SOBRE DROGAS
2027,1450,SECRETARIA DE ESTADO DE JUSTIÇA E SEGURANÇA PÚBLICA - SEJUSP,3,,1451,SECRETARIA DE ESTADO DE JUSTIÇA E SEGURANÇA PÚBLICA - SEJUSP,3,3,90,37,10,1,,6,422,141,4,438,4438,1,,,1833418.00,0,DESCENTRALIZAÇÃO DA POLÍTICA SOBRE DROGAS,POLÍTICAS SOBRE DROGAS
2027,1450,SECRETARIA DE ESTADO DE JUSTIÇA E SEGURANÇA PÚBLICA - SEJUSP,3,,1451,SECRETARIA DE ESTADO DE JUSTIÇA E SEGURANÇA PÚBLICA - SEJUSP,3,3,90,39,10,1,,6,422,141,4,438,4438,1,,,100793.00,0,DESCENTRALIZAÇÃO DA POLÍTICA SOBRE DROGAS,POLÍTICAS SOBRE DROGAS
2027,1450,SECRETARIA DE ESTADO DE JUSTIÇA E SEGURANÇA PÚBLICA - SEJUSP,3,,1451,SECRETARIA DE ESTADO DE JUSTIÇA E SEGURANÇA PÚBLICA - SEJUSP,3,3,90,40,10,1,,6,422,141,4,438,4438,1,,,3969.00,0,DESCENTRALIZAÇÃO DA POLÍTICA SOBRE DROGAS,POLÍTICAS SOBRE DROGAS
2027,1450,SECRETARIA DE ESTADO DE JUSTIÇA E SEGURANÇA PÚBLICA - FPE,3,,4141,FUNDO PENITENCIÁRIO ESTADUAL - FPE,3,3,90,30,57,1,,6,421,128,1,46,1046,1,,,5874689.00,0,APOIO À ESTRUTURAÇÃO E AO REAPARELHAMENTO DE UNIDADES PRISIONAIS E SOCIOEDUCATIVAS,PROGRAMA DE APOIO A AMPLIAÇÃO E A MELHORIA DOS SISTEMAS PRISIONAL E SOCIOEDUCATIVO
2027,1450,SECRETARIA DE ESTADO DE JUSTIÇA E SEGURANÇA PÚBLICA - FPE,3,,4141,FUNDO PENITENCIÁRIO ESTADUAL - FPE,3,3,90,39,39,1,,6,421,128,1,46,1046,1,,,5900000.00,0,APOIO À ESTRUTURAÇÃO E AO REAPARELHAMENTO DE UNIDADES PRISIONAIS E SOCIOEDUCATIVAS,PROGRAMA DE APOIO A AMPLIAÇÃO E A MELHORIA DOS SISTEMAS PRISIONAL E SOCIOEDUCATIVO
2027,1450,SECRETARIA DE ESTADO DE JUSTIÇA E SEGURANÇA PÚBLICA - FPE,3,,4141,FUNDO PENITENCIÁRIO ESTADUAL - FPE,3,3,90,39,57,1,,6,421,128,1,46,1046,1,,,1000.00,0,APOIO À ESTRUTURAÇÃO E AO REAPARELHAMENTO DE UNIDADES PRISIONAIS E SOCIOEDUCATIVAS,PROGRAMA DE APOIO A AMPLIAÇÃO E A MELHORIA DOS SISTEMAS PRISIONAL E SOCIOEDUCATIVO
2027,1450,SECRETARIA DE ESTADO DE JUSTIÇA E SEGURANÇA PÚBLICA - FPE,3,,4141,FUNDO PENITENCIÁRIO ESTADUAL - FPE,4,4,90,39,57,1,,6,421,128,1,46,1046,1,,,1000.00,0,APOIO À ESTRUTURAÇÃO E AO REAPARELHAMENTO DE UNIDADES PRISIONAIS E SOCIOEDUCATIVAS,PROGRAMA DE APOIO A AMPLIAÇÃO E A MELHORIA DOS SISTEMAS PRISIONAL E SOCIOEDUCATIVO
2027,1450,SECRETARIA DE ESTADO DE JUSTIÇA E SEGURANÇA PÚBLICA - FPE,3,,4141,FUNDO PENITENCIÁRIO ESTADUAL - FPE,4,4,90,52,57,1,,6,421,128,1,46,1046,1,,,20126516.00,0,APOIO À ESTRUTURAÇÃO E AO REAPARELHAMENTO DE UNIDADES PRISIONAIS E SOCIOEDUCATIVAS,PROGRAMA DE APOIO A AMPLIAÇÃO E A MELHORIA DOS SISTEMAS PRISIONAL E SOCIOEDUCATIVO
2027,1450,SECRETARIA DE ESTADO DE JUSTIÇA E SEGURANÇA PÚBLICA - FUNPREN,3,,4321,"FUNDO ESTADUAL DE PREVENÇÃO, FISCALIZAÇÃO E REPRESSÃO DE ENTORPECENTES - FUNPREN",3,3,90,39,10,1,,14,421,141,4,436,4436,1,,,1000.00,0,"APOIO ÀS AÇÕES DO FUNDO ESTADUAL DE PREVENÇÃO, FISCALIZAÇÃO E REPRESSÃO DOS ENTORPECENTES - FUNPREN",POLÍTICAS SOBRE DROGAS
2027,1450,SECRETARIA DE ESTADO DE JUSTIÇA E SEGURANÇA PÚBLICA - FESP-MG,3,,4691,FUNDO ESTADUAL DE SEGURANÇA PÚBLICA DE MINAS GERAIS - FESP-MG,3,3,90,39,57,1,,6,123,134,2,71,2071,1,,,50138066.00,0,APOIO ÀS AÇÕES DO FUNDO DE ESTADUAL DE SEGURANÇA PÚBLICA,GESTÃO INTEGRADA DE SEGURANÇA PÚBLICA
2027,1480,SECRETARIA DE ESTADO DE DESENVOLVIMENTO SOCIAL - SEDESE,3,,1481,SECRETARIA DE ESTADO DE DESENVOLVIMENTO SOCIAL - SEDESE,3,1,90,11,71,1,,11,334,66,4,153,4153,1,,,5735505.00,0,ASSESSORAMENTO DAS UNIDADES DE ATENDIMENTO AO TRABALHADOR,POLÍTICAS DE TRABALHO E EMPREGO
2027,1480,SECRETARIA DE ESTADO DE DESENVOLVIMENTO SOCIAL - SEDESE,3,,1481,SECRETARIA DE ESTADO DE DESENVOLVIMENTO SOCIAL - SEDESE,3,1,91,13,71,1,,11,334,66,4,153,4153,1,,,2085808.00,0,ASSESSORAMENTO DAS UNIDADES DE ATENDIMENTO AO TRABALHADOR,POLÍTICAS DE TRABALHO E EMPREGO
2027,1480,SECRETARIA DE ESTADO DE DESENVOLVIMENTO SOCIAL - SEDESE,3,,1481,SECRETARIA DE ESTADO DE DESENVOLVIMENTO SOCIAL - SEDESE,3,3,90,14,71,1,,11,334,66,4,153,4153,1,,,4987.00,0,ASSESSORAMENTO DAS UNIDADES DE ATENDIMENTO AO TRABALHADOR,POLÍTICAS DE TRABALHO E EMPREGO
2027,1480,SECRETARIA DE ESTADO DE DESENVOLVIMENTO SOCIAL - SEDESE,3,,1481,SECRETARIA DE ESTADO DE DESENVOLVIMENTO SOCIAL - SEDESE,3,3,90,33,71,1,,11,334,66,4,153,4153,1,,,1230.00,0,ASSESSORAMENTO DAS UNIDADES DE ATENDIMENTO AO TRABALHADOR,POLÍTICAS DE TRABALHO E EMPREGO
2027,1480,SECRETARIA DE ESTADO DE DESENVOLVIMENTO SOCIAL - SEDESE,3,,1481,SECRETARIA DE ESTADO DE DESENVOLVIMENTO SOCIAL - SEDESE,3,3,90,37,71,1,,11,334,66,4,153,4153,1,,,2000169.00,0,ASSESSORAMENTO DAS UNIDADES DE ATENDIMENTO AO TRABALHADOR,POLÍTICAS DE TRABALHO E EMPREGO
2027,1480,SECRETARIA DE ESTADO DE DESENVOLVIMENTO SOCIAL - SEDESE,3,,1481,SECRETARIA DE ESTADO DE DESENVOLVIMENTO SOCIAL - SEDESE,3,3,90,39,71,1,,11,334,66,4,153,4153,1,,,42024.00,0,ASSESSORAMENTO DAS UNIDADES DE ATENDIMENTO AO TRABALHADOR,POLÍTICAS DE TRABALHO E EMPREGO
2027,1480,SECRETARIA DE ESTADO DE DESENVOLVIMENTO SOCIAL - SEDESE,3,,1481,SECRETARIA DE ESTADO DE DESENVOLVIMENTO SOCIAL - SEDESE,3,3,90,40,71,1,,11,334,66,4,153,4153,1,,,32242.00,0,ASSESSORAMENTO DAS UNIDADES DE ATENDIMENTO AO TRABALHADOR,POLÍTICAS DE TRABALHO E EMPREGO
2027,1480,SECRETARIA DE ESTADO DE DESENVOLVIMENTO SOCIAL - SEDESE,3,,1481,SECRETARIA DE ESTADO DE DESENVOLVIMENTO SOCIAL - SEDESE,3,3,90,46,71,7,,11,334,66,4,153,4153,1,,,1208463.00,0,ASSESSORAMENTO DAS UNIDADES DE ATENDIMENTO AO TRABALHADOR,POLÍTICAS DE TRABALHO E EMPREGO
2027,1480,SECRETARIA DE ESTADO DE DESENVOLVIMENTO SOCIAL - SEDESE,3,,1481,SECRETARIA DE ESTADO DE DESENVOLVIMENTO SOCIAL - SEDESE,3,3,90,49,71,7,,11,334,66,4,153,4153,1,,,66287.00,0,ASSESSORAMENTO DAS UNIDADES DE ATENDIMENTO AO TRABALHADOR,POLÍTICAS DE TRABALHO E EMPREGO
2027,1480,SECRETARIA DE ESTADO DE DESENVOLVIMENTO SOCIAL - SEDESE,3,,1481,SECRETARIA DE ESTADO DE DESENVOLVIMENTO SOCIAL - SEDESE,3,3,50,43,24,1,,11,334,66,4,154,4154,1,,,1455001.00,0,FOMENTO PARA ECONOMIA POPULAR SOLIDÁRIA E PROMOÇÃO DA INCLUSÃO PRODUTIVA,POLÍTICAS DE TRABALHO E EMPREGO
2027,1480,SECRETARIA DE ESTADO DE DESENVOLVIMENTO SOCIAL - SEDESE,3,,1481,SECRETARIA DE ESTADO DE DESENVOLVIMENTO SOCIAL - SEDESE,3,3,90,14,71,1,,11,334,66,4,154,4154,1,,,9626.00,0,FOMENTO PARA ECONOMIA POPULAR SOLIDÁRIA E PROMOÇÃO DA INCLUSÃO PRODUTIVA,POLÍTICAS DE TRABALHO E EMPREGO
2027,1480,SECRETARIA DE ESTADO DE DESENVOLVIMENTO SOCIAL - SEDESE,3,,1481,SECRETARIA DE ESTADO DE DESENVOLVIMENTO SOCIAL - SEDESE,3,3,90,33,71,1,,11,334,66,4,154,4154,1,,,9724.00,0,FOMENTO PARA ECONOMIA POPULAR SOLIDÁRIA E PROMOÇÃO DA INCLUSÃO PRODUTIVA,POLÍTICAS DE TRABALHO E EMPREGO
2027,1480,SECRETARIA DE ESTADO DE DESENVOLVIMENTO SOCIAL - SEDESE,3,,1481,SECRETARIA DE ESTADO DE DESENVOLVIMENTO SOCIAL - SEDESE,3,3,90,36,71,1,,11,334,66,4,154,4154,1,,,3094.00,0,FOMENTO PARA ECONOMIA POPULAR SOLIDÁRIA E PROMOÇÃO DA INCLUSÃO PRODUTIVA,POLÍTICAS DE TRABALHO E EMPREGO
2027,1480,SECRETARIA DE ESTADO DE DESENVOLVIMENTO SOCIAL - SEDESE,3,,1481,SECRETARIA DE ESTADO DE DESENVOLVIMENTO SOCIAL - SEDESE,3,3,90,37,71,1,,11,334,66,4,154,4154,1,,,532335.00,0,FOMENTO PARA ECONOMIA POPULAR SOLIDÁRIA E PROMOÇÃO DA INCLUSÃO PRODUTIVA,POLÍTICAS DE TRABALHO E EMPREGO
2027,1480,SECRETARIA DE ESTADO DE DESENVOLVIMENTO SOCIAL - SEDESE,3,,1481,SECRETARIA DE ESTADO DE DESENVOLVIMENTO SOCIAL - SEDESE,3,3,90,39,71,1,,11,334,66,4,154,4154,1,,,45114.00,0,FOMENTO PARA ECONOMIA POPULAR SOLIDÁRIA E PROMOÇÃO DA INCLUSÃO PRODUTIVA,POLÍTICAS DE TRABALHO E EMPREGO
2027,1480,SECRETARIA DE ESTADO DE DESENVOLVIMENTO SOCIAL - SEDESE,3,,1481,SECRETARIA DE ESTADO DE DESENVOLVIMENTO SOCIAL - SEDESE,3,3,90,14,71,1,,11,334,66,4,157,4157,1,,,27690.00,1,FOMENTO À INCLUSÃO PRODUTIVA DE MULHERES,POLÍTICAS DE TRABALHO E EMPREGO
2027,1480,SECRETARIA DE ESTADO DE DESENVOLVIMENTO SOCIAL - SEDESE,3,,1481,SECRETARIA DE ESTADO DE DESENVOLVIMENTO SOCIAL - SEDESE,3,3,90,33,71,1,,11,334,66,4,157,4157,1,,,820.00,1,FOMENTO À INCLUSÃO PRODUTIVA DE MULHERES,POLÍTICAS DE TRABALHO E EMPREGO
2027,1480,SECRETARIA DE ESTADO DE DESENVOLVIMENTO SOCIAL - SEDESE,3,,1481,SECRETARIA DE ESTADO DE DESENVOLVIMENTO SOCIAL - SEDESE,3,3,90,37,71,1,,11,334,66,4,157,4157,1,,,478346.00,1,FOMENTO À INCLUSÃO PRODUTIVA DE MULHERES,POLÍTICAS DE TRABALHO E EMPREGO
2027,1480,SECRETARIA DE ESTADO DE DESENVOLVIMENTO SOCIAL - SEDESE,3,,1481,SECRETARIA DE ESTADO DE DESENVOLVIMENTO SOCIAL - SEDESE,3,3,90,14,71,1,,11,334,83,4,412,4412,1,,,9572.00,1,ACESSO AO TRABALHO E À RENDA,POLÍTICAS DE PROMOÇÃO AO DESENVOLVIMENTO SOCIAL NO CONTEXTO RURAL - PERCURSOS GERAIS: TRAJETÓRIA PARA AUTONOMIA
2027,1480,SECRETARIA DE ESTADO DE DESENVOLVIMENTO SOCIAL - SEDESE,3,,1481,SECRETARIA DE ESTADO DE DESENVOLVIMENTO SOCIAL - SEDESE,3,3,90,33,71,1,,11,334,83,4,412,4412,1,,,6153.00,1,ACESSO AO TRABALHO E À RENDA,POLÍTICAS DE PROMOÇÃO AO DESENVOLVIMENTO SOCIAL NO CONTEXTO RURAL - PERCURSOS GERAIS: TRAJETÓRIA PARA AUTONOMIA
2027,1480,SECRETARIA DE ESTADO DE DESENVOLVIMENTO SOCIAL - SEDESE,3,,1481,SECRETARIA DE ESTADO DE DESENVOLVIMENTO SOCIAL - SEDESE,3,3,90,37,71,1,,11,334,83,4,412,4412,1,,,2220.00,1,ACESSO AO TRABALHO E À RENDA,POLÍTICAS DE PROMOÇÃO AO DESENVOLVIMENTO SOCIAL NO CONTEXTO RURAL - PERCURSOS GERAIS: TRAJETÓRIA PARA AUTONOMIA
2027,1480,SECRETARIA DE ESTADO DE DESENVOLVIMENTO SOCIAL - SEDESE,3,,1481,SECRETARIA DE ESTADO DE DESENVOLVIMENTO SOCIAL - SEDESE,3,3,90,14,71,1,,11,363,67,4,158,4158,1,,,35334.00,1,QUALIFICAÇÃO PROFISSIONAL,REDE DE DESENVOLVIMENTO DA EDUCAÇÃO PROFISSIONAL
2027,1480,SECRETARIA DE ESTADO DE DESENVOLVIMENTO SOCIAL - SEDESE,3,,1481,SECRETARIA DE ESTADO DE DESENVOLVIMENTO SOCIAL - SEDESE,3,3,90,33,71,1,,11,363,67,4,158,4158,1,,,26322.00,1,QUALIFICAÇÃO PROFISSIONAL,REDE DE DESENVOLVIMENTO DA EDUCAÇÃO PROFISSIONAL
2027,1480,SECRETARIA DE ESTADO DE DESENVOLVIMENTO SOCIAL - SEDESE,3,,1481,SECRETARIA DE ESTADO DE DESENVOLVIMENTO SOCIAL - SEDESE,3,3,90,37,71,1,,11,363,67,4,158,4158,1,,,106384.00,1,QUALIFICAÇÃO PROFISSIONAL,REDE DE DESENVOLVIMENTO DA EDUCAÇÃO PROFISSIONAL
2027,1480,SECRETARIA DE ESTADO DE DESENVOLVIMENTO SOCIAL - SEDESE,3,,1481,SECRETARIA DE ESTADO DE DESENVOLVIMENTO SOCIAL - SEDESE,3,3,90,39,24,1,,11,363,67,4,158,4158,1,,,2500000.00,1,QUALIFICAÇÃO PROFISSIONAL,REDE DE DESENVOLVIMENTO DA EDUCAÇÃO PROFISSIONAL
2027,1480,SECRETARIA DE ESTADO DE DESENVOLVIMENTO SOCIAL - SEDESE,3,,1481,SECRETARIA DE ESTADO DE DESENVOLVIMENTO SOCIAL - SEDESE,3,3,90,39,71,1,,11,363,67,4,158,4158,1,,,63036.00,1,QUALIFICAÇÃO PROFISSIONAL,REDE DE DESENVOLVIMENTO DA EDUCAÇÃO PROFISSIONAL
2027,1480,SECRETARIA DE ESTADO DE DESENVOLVIMENTO SOCIAL - SEDESE,3,,1481,SECRETARIA DE ESTADO DE DESENVOLVIMENTO SOCIAL - SEDESE,3,1,90,11,10,1,,14,122,705,2,417,2417,1,,,37105533.00,0,REMUNERAÇÃO DE PESSOAL ATIVO E ENCARGOS SOCIAIS,APOIO ÀS POLÍTICAS PÚBLICAS
2027,1480,SECRETARIA DE ESTADO DE DESENVOLVIMENTO SOCIAL - SEDESE,3,,1481,SECRETARIA DE ESTADO DE DESENVOLVIMENTO SOCIAL - SEDESE,3,1,90,13,10,1,,14,122,705,2,417,2417,1,,,1131440.00,0,REMUNERAÇÃO DE PESSOAL ATIVO E ENCARGOS SOCIAIS,APOIO ÀS POLÍTICAS PÚBLICAS
2027,1480,SECRETARIA DE ESTADO DE DESENVOLVIMENTO SOCIAL - SEDESE,3,,1481,SECRETARIA DE ESTADO DE DESENVOLVIMENTO SOCIAL - SEDESE,3,1,90,92,10,1,,14,122,705,2,417,2417,1,,,222492.00,0,REMUNERAÇÃO DE PESSOAL ATIVO E ENCARGOS SOCIAIS,APOIO ÀS POLÍTICAS PÚBLICAS
2027,1480,SECRETARIA DE ESTADO DE DESENVOLVIMENTO SOCIAL - SEDESE,3,,1481,SECRETARIA DE ESTADO DE DESENVOLVIMENTO SOCIAL - SEDESE,3,1,91,13,10,1,,14,122,705,2,417,2417,1,,,12788539.00,0,REMUNERAÇÃO DE PESSOAL ATIVO E ENCARGOS SOCIAIS,APOIO ÀS POLÍTICAS PÚBLICAS
2027,1480,SECRETARIA DE ESTADO DE DESENVOLVIMENTO SOCIAL - SEDESE,3,,1481,SECRETARIA DE ESTADO DE DESENVOLVIMENTO SOCIAL - SEDESE,3,3,90,46,10,7,,14,122,705,2,417,2417,1,,,9214188.00,0,REMUNERAÇÃO DE PESSOAL ATIVO E ENCARGOS SOCIAIS,APOIO ÀS POLÍTICAS PÚBLICAS
2027,1480,SECRETARIA DE ESTADO DE DESENVOLVIMENTO SOCIAL - SEDESE,3,,1481,SECRETARIA DE ESTADO DE DESENVOLVIMENTO SOCIAL - SEDESE,3,3,90,49,10,7,,14,122,705,2,417,2417,1,,,378162.00,0,REMUNERAÇÃO DE PESSOAL ATIVO E ENCARGOS SOCIAIS,APOIO ÀS POLÍTICAS PÚBLICAS
2027,1480,SECRETARIA DE ESTADO DE DESENVOLVIMENTO SOCIAL - SEDESE,3,,1481,SECRETARIA DE ESTADO DE DESENVOLVIMENTO SOCIAL - SEDESE,3,3,90,14,71,1,,14,122,705,2,500,2500,1,,,104602.00,0,ASSESSORAMENTO E GERENCIAMENTO DE POLÍTICAS PÚBLICAS,APOIO ÀS POLÍTICAS PÚBLICAS
2027,1480,SECRETARIA DE ESTADO DE DESENVOLVIMENTO SOCIAL - SEDESE,3,,1481,SECRETARIA DE ESTADO DE DESENVOLVIMENTO SOCIAL - SEDESE,3,3,90,30,10,1,,14,122,705,2,500,2500,1,,,35600.00,0,ASSESSORAMENTO E GERENCIAMENTO DE POLÍTICAS PÚBLICAS,APOIO ÀS POLÍTICAS PÚBLICAS
2027,1480,SECRETARIA DE ESTADO DE DESENVOLVIMENTO SOCIAL - SEDESE,3,,1481,SECRETARIA DE ESTADO DE DESENVOLVIMENTO SOCIAL - SEDESE,3,3,90,30,71,1,,14,122,705,2,500,2500,1,,,112079.00,0,ASSESSORAMENTO E GERENCIAMENTO DE POLÍTICAS PÚBLICAS,APOIO ÀS POLÍTICAS PÚBLICAS
2027,1480,SECRETARIA DE ESTADO DE DESENVOLVIMENTO SOCIAL - SEDESE,3,,1481,SECRETARIA DE ESTADO DE DESENVOLVIMENTO SOCIAL - SEDESE,3,3,90,33,71,1,,14,122,705,2,500,2500,1,,,211323.00,0,ASSESSORAMENTO E GERENCIAMENTO DE POLÍTICAS PÚBLICAS,APOIO ÀS POLÍTICAS PÚBLICAS
2027,1480,SECRETARIA DE ESTADO DE DESENVOLVIMENTO SOCIAL - SEDESE,3,,1481,SECRETARIA DE ESTADO DE DESENVOLVIMENTO SOCIAL - SEDESE,3,3,90,36,71,1,,14,122,705,2,500,2500,1,,,119885.00,0,ASSESSORAMENTO E GERENCIAMENTO DE POLÍTICAS PÚBLICAS,APOIO ÀS POLÍTICAS PÚBLICAS
2027,1480,SECRETARIA DE ESTADO DE DESENVOLVIMENTO SOCIAL - SEDESE,3,,1481,SECRETARIA DE ESTADO DE DESENVOLVIMENTO SOCIAL - SEDESE,3,3,90,37,71,1,,14,122,705,2,500,2500,1,,,6862631.00,0,ASSESSORAMENTO E GERENCIAMENTO DE POLÍTICAS PÚBLICAS,APOIO ÀS POLÍTICAS PÚBLICAS
2027,1480,SECRETARIA DE ESTADO DE DESENVOLVIMENTO SOCIAL - SEDESE,3,,1481,SECRETARIA DE ESTADO DE DESENVOLVIMENTO SOCIAL - SEDESE,3,3,90,39,10,1,,14,122,705,2,500,2500,1,,,17805.00,0,ASSESSORAMENTO E GERENCIAMENTO DE POLÍTICAS PÚBLICAS,APOIO ÀS POLÍTICAS PÚBLICAS
2027,1480,SECRETARIA DE ESTADO DE DESENVOLVIMENTO SOCIAL - SEDESE,3,,1481,SECRETARIA DE ESTADO DE DESENVOLVIMENTO SOCIAL - SEDESE,3,3,90,39,71,1,,14,122,705,2,500,2500,1,,,3053450.00,0,ASSESSORAMENTO E GERENCIAMENTO DE POLÍTICAS PÚBLICAS,APOIO ÀS POLÍTICAS PÚBLICAS
2027,1480,SECRETARIA DE ESTADO DE DESENVOLVIMENTO SOCIAL - SEDESE,3,,1481,SECRETARIA DE ESTADO DE DESENVOLVIMENTO SOCIAL - SEDESE,3,3,90,40,71,1,,14,122,705,2,500,2500,1,,,744158.00,0,ASSESSORAMENTO E GERENCIAMENTO DE POLÍTICAS PÚBLICAS,APOIO ÀS POLÍTICAS PÚBLICAS
2027,1480,SECRETARIA DE ESTADO DE DESENVOLVIMENTO SOCIAL - SEDESE,3,,1481,SECRETARIA DE ESTADO DE DESENVOLVIMENTO SOCIAL - SEDESE,3,3,90,47,71,1,,14,122,705,2,500,2500,1,,,19931.00,0,ASSESSORAMENTO E GERENCIAMENTO DE POLÍTICAS PÚBLICAS,APOIO ÀS POLÍTICAS PÚBLICAS
2027,1480,SECRETARIA DE ESTADO DE DESENVOLVIMENTO SOCIAL - SEDESE,3,,1481,SECRETARIA DE ESTADO DE DESENVOLVIMENTO SOCIAL - SEDESE,3,3,50,43,24,1,,14,243,23,4,186,4186,1,,,3088322.00,0,PROGRAMA DE PROTEÇÃO A CRIANÇAS E ADOLESCENTES AMEAÇADOS DE MORTE - PPCAAM,POLÍTICAS PARA CRIANÇAS E ADOLESCENTES
2027,1480,SECRETARIA DE ESTADO DE DESENVOLVIMENTO SOCIAL - SEDESE,3,,1481,SECRETARIA DE ESTADO DE DESENVOLVIMENTO SOCIAL - SEDESE,3,3,50,43,71,1,,14,243,23,4,186,4186,1,,,1000.00,0,PROGRAMA DE PROTEÇÃO A CRIANÇAS E ADOLESCENTES AMEAÇADOS DE MORTE - PPCAAM,POLÍTICAS PARA CRIANÇAS E ADOLESCENTES
2027,1480,SECRETARIA DE ESTADO DE DESENVOLVIMENTO SOCIAL - SEDESE,3,,1481,SECRETARIA DE ESTADO DE DESENVOLVIMENTO SOCIAL - SEDESE,3,3,50,43,71,1,,14,243,23,4,270,4270,1,,,1000.00,0,FORMAÇÃO E CAPACITAÇÃO DO SISTEMA DE GARANTIA DE DIREITOS,POLÍTICAS PARA CRIANÇAS E ADOLESCENTES
2027,1480,SECRETARIA DE ESTADO DE DESENVOLVIMENTO SOCIAL - SEDESE,3,,1481,SECRETARIA DE ESTADO DE DESENVOLVIMENTO SOCIAL - SEDESE,3,3,50,43,71,1,,14,243,23,4,301,4301,1,,,1000.00,0,APOIO AOS ÓRGÃOS COLEGIADOS DE CRIANÇAS E ADOLESCENTES,POLÍTICAS PARA CRIANÇAS E ADOLESCENTES
2027,1480,SECRETARIA DE ESTADO DE DESENVOLVIMENTO SOCIAL - SEDESE,3,,1481,SECRETARIA DE ESTADO DE DESENVOLVIMENTO SOCIAL - SEDESE,3,3,50,43,71,1,,14,243,23,4,321,4321,1,,,1000.00,0,ARTICULAÇÃO INSTITUCIONAL E APOIO A SISTEMA DE GARANTIA DE DIREITOS ,POLÍTICAS PARA CRIANÇAS E ADOLESCENTES
2027,1480,SECRETARIA DE ESTADO DE DESENVOLVIMENTO SOCIAL - SEDESE,3,,1481,SECRETARIA DE ESTADO DE DESENVOLVIMENTO SOCIAL - SEDESE,3,3,50,43,71,1,,14,243,23,4,352,4352,1,,,1000.00,0,"PREVENÇÃO, MONITORAMENTO E ENFRENTAMENTO DAS VIOLÊNCIAS E VIOLAÇÕES CONTRA CRIANÇAS E ADOLESCENTES.",POLÍTICAS PARA CRIANÇAS E ADOLESCENTES
2027,1480,SECRETARIA DE ESTADO DE DESENVOLVIMENTO SOCIAL - SEDESE,3,,1481,SECRETARIA DE ESTADO DE DESENVOLVIMENTO SOCIAL - SEDESE,3,3,90,14,71,1,,14,243,68,4,364,4364,1,,,3080.00,1,ALIMENTAÇÃO COMPLEMENTAR NA PRIMEIRA INFÂNCIA,PRIMEIRA INFÂNCIA MINAS
2027,1480,SECRETARIA DE ESTADO DE DESENVOLVIMENTO SOCIAL - SEDESE,3,,1481,SECRETARIA DE ESTADO DE DESENVOLVIMENTO SOCIAL - SEDESE,3,3,90,30,71,1,,14,243,68,4,364,4364,1,,,25619500.00,1,ALIMENTAÇÃO COMPLEMENTAR NA PRIMEIRA INFÂNCIA,PRIMEIRA INFÂNCIA MINAS
2027,1480,SECRETARIA DE ESTADO DE DESENVOLVIMENTO SOCIAL - SEDESE,3,,1481,SECRETARIA DE ESTADO DE DESENVOLVIMENTO SOCIAL - SEDESE,3,3,90,33,71,1,,14,243,68,4,364,4364,1,,,7800.00,1,ALIMENTAÇÃO COMPLEMENTAR NA PRIMEIRA INFÂNCIA,PRIMEIRA INFÂNCIA MINAS
2027,1480,SECRETARIA DE ESTADO DE DESENVOLVIMENTO SOCIAL - SEDESE,3,,1481,SECRETARIA DE ESTADO DE DESENVOLVIMENTO SOCIAL - SEDESE,3,3,90,37,71,1,,14,243,68,4,364,4364,1,,,701039.00,1,ALIMENTAÇÃO COMPLEMENTAR NA PRIMEIRA INFÂNCIA,PRIMEIRA INFÂNCIA MINAS
2027,1480,SECRETARIA DE ESTADO DE DESENVOLVIMENTO SOCIAL - SEDESE,3,,1481,SECRETARIA DE ESTADO DE DESENVOLVIMENTO SOCIAL - SEDESE,4,4,90,40,71,1,,14,243,68,4,364,4364,1,,,253417.00,1,ALIMENTAÇÃO COMPLEMENTAR NA PRIMEIRA INFÂNCIA,PRIMEIRA INFÂNCIA MINAS
2027,1480,SECRETARIA DE ESTADO DE DESENVOLVIMENTO SOCIAL - SEDESE,3,,1481,SECRETARIA DE ESTADO DE DESENVOLVIMENTO SOCIAL - SEDESE,3,3,50,43,71,1,,14,243,68,4,367,4367,1,,,1000.00,0,CAPACITA MINAS PRIMEIRA INFÂNCIA,PRIMEIRA INFÂNCIA MINAS
2027,1480,SECRETARIA DE ESTADO DE DESENVOLVIMENTO SOCIAL - SEDESE,3,,1481,SECRETARIA DE ESTADO DE DESENVOLVIMENTO SOCIAL - SEDESE,3,3,50,43,71,1,,14,243,68,4,368,4368,1,,,1000.00,0,POLÍTICA ESTADUAL PARA REGISTRO CIVIL DE NASCIMENTO,PRIMEIRA INFÂNCIA MINAS
2027,1480,SECRETARIA DE ESTADO DE DESENVOLVIMENTO SOCIAL - SEDESE,3,,1481,SECRETARIA DE ESTADO DE DESENVOLVIMENTO SOCIAL - SEDESE,3,3,90,14,71,1,,14,306,74,2,33,2033,1,,,13688.00,0, FORTALECIMENTO E CONSOLIDAÇÃO DO SISTEMA DE SEGURANÇA ALIMENTAR E NUTRICIONAL EM MINAS GERAIS ¿ SISAN-MG,SEGURANÇA ALIMENTAR E NUTRICIONAL SUSTENTÁVEL PARA TODOS OS POVOS DO TERRITÓRIO MINEIRO
2027,1480,SECRETARIA DE ESTADO DE DESENVOLVIMENTO SOCIAL - SEDESE,3,,1481,SECRETARIA DE ESTADO DE DESENVOLVIMENTO SOCIAL - SEDESE,3,3,90,33,71,1,,14,306,74,2,33,2033,1,,,11895.00,0, FORTALECIMENTO E CONSOLIDAÇÃO DO SISTEMA DE SEGURANÇA ALIMENTAR E NUTRICIONAL EM MINAS GERAIS ¿ SISAN-MG,SEGURANÇA ALIMENTAR E NUTRICIONAL SUSTENTÁVEL PARA TODOS OS POVOS DO TERRITÓRIO MINEIRO
2027,1480,SECRETARIA DE ESTADO DE DESENVOLVIMENTO SOCIAL - SEDESE,3,,1481,SECRETARIA DE ESTADO DE DESENVOLVIMENTO SOCIAL - SEDESE,3,3,90,36,71,1,,14,306,74,2,33,2033,1,,,5524.00,0, FORTALECIMENTO E CONSOLIDAÇÃO DO SISTEMA DE SEGURANÇA ALIMENTAR E NUTRICIONAL EM MINAS GERAIS ¿ SISAN-MG,SEGURANÇA ALIMENTAR E NUTRICIONAL SUSTENTÁVEL PARA TODOS OS POVOS DO TERRITÓRIO MINEIRO
2027,1480,SECRETARIA DE ESTADO DE DESENVOLVIMENTO SOCIAL - SEDESE,3,,1481,SECRETARIA DE ESTADO DE DESENVOLVIMENTO SOCIAL - SEDESE,3,3,90,39,71,1,,14,306,74,2,33,2033,1,,,52942.00,0, FORTALECIMENTO E CONSOLIDAÇÃO DO SISTEMA DE SEGURANÇA ALIMENTAR E NUTRICIONAL EM MINAS GERAIS ¿ SISAN-MG,SEGURANÇA ALIMENTAR E NUTRICIONAL SUSTENTÁVEL PARA TODOS OS POVOS DO TERRITÓRIO MINEIRO
2027,1480,SECRETARIA DE ESTADO DE DESENVOLVIMENTO SOCIAL - SEDESE,3,,1481,SECRETARIA DE ESTADO DE DESENVOLVIMENTO SOCIAL - SEDESE,3,3,90,14,71,1,,14,306,74,4,196,4196,1,,,6317.00,0,"APOIO, FOMENTO E ARTICULAÇÃO DE AÇÕES, PROJETOS E PROGRAMAS RELATIVOS À TEMÁTICA DE SEGURANÇA ALIMENTAR E NUTRICIONAL",SEGURANÇA ALIMENTAR E NUTRICIONAL SUSTENTÁVEL PARA TODOS OS POVOS DO TERRITÓRIO MINEIRO
2027,1480,SECRETARIA DE ESTADO DE DESENVOLVIMENTO SOCIAL - SEDESE,3,,1481,SECRETARIA DE ESTADO DE DESENVOLVIMENTO SOCIAL - SEDESE,3,3,90,33,71,1,,14,306,74,4,196,4196,1,,,4102.00,0,"APOIO, FOMENTO E ARTICULAÇÃO DE AÇÕES, PROJETOS E PROGRAMAS RELATIVOS À TEMÁTICA DE SEGURANÇA ALIMENTAR E NUTRICIONAL",SEGURANÇA ALIMENTAR E NUTRICIONAL SUSTENTÁVEL PARA TODOS OS POVOS DO TERRITÓRIO MINEIRO
2027,1480,SECRETARIA DE ESTADO DE DESENVOLVIMENTO SOCIAL - SEDESE,3,,1481,SECRETARIA DE ESTADO DE DESENVOLVIMENTO SOCIAL - SEDESE,3,3,90,37,71,1,,14,306,74,4,196,4196,1,,,148608.00,0,"APOIO, FOMENTO E ARTICULAÇÃO DE AÇÕES, PROJETOS E PROGRAMAS RELATIVOS À TEMÁTICA DE SEGURANÇA ALIMENTAR E NUTRICIONAL",SEGURANÇA ALIMENTAR E NUTRICIONAL SUSTENTÁVEL PARA TODOS OS POVOS DO TERRITÓRIO MINEIRO
2027,1480,SECRETARIA DE ESTADO DE DESENVOLVIMENTO SOCIAL - SEDESE,3,,1481,SECRETARIA DE ESTADO DE DESENVOLVIMENTO SOCIAL - SEDESE,4,4,40,42,71,1,,14,306,74,4,196,4196,1,,,700001.00,0,"APOIO, FOMENTO E ARTICULAÇÃO DE AÇÕES, PROJETOS E PROGRAMAS RELATIVOS À TEMÁTICA DE SEGURANÇA ALIMENTAR E NUTRICIONAL",SEGURANÇA ALIMENTAR E NUTRICIONAL SUSTENTÁVEL PARA TODOS OS POVOS DO TERRITÓRIO MINEIRO
2027,1480,SECRETARIA DE ESTADO DE DESENVOLVIMENTO SOCIAL - SEDESE,3,,1481,SECRETARIA DE ESTADO DE DESENVOLVIMENTO SOCIAL - SEDESE,3,3,90,33,71,1,,14,306,74,4,197,4197,1,,,15041.00,0,APOIO ÀS AÇÕES DESENVOLVIDAS PELO CONSELHO DE SEGURANÇA ALIMENTAR E NUTRICIONAL SUSTENTÁVEL DE MINAS GERAIS (CONSEA-MG),SEGURANÇA ALIMENTAR E NUTRICIONAL SUSTENTÁVEL PARA TODOS OS POVOS DO TERRITÓRIO MINEIRO
2027,1480,SECRETARIA DE ESTADO DE DESENVOLVIMENTO SOCIAL - SEDESE,3,,1481,SECRETARIA DE ESTADO DE DESENVOLVIMENTO SOCIAL - SEDESE,3,3,90,36,71,1,,14,306,74,4,197,4197,1,,,431108.00,0,APOIO ÀS AÇÕES DESENVOLVIDAS PELO CONSELHO DE SEGURANÇA ALIMENTAR E NUTRICIONAL SUSTENTÁVEL DE MINAS GERAIS (CONSEA-MG),SEGURANÇA ALIMENTAR E NUTRICIONAL SUSTENTÁVEL PARA TODOS OS POVOS DO TERRITÓRIO MINEIRO
2027,1480,SECRETARIA DE ESTADO DE DESENVOLVIMENTO SOCIAL - SEDESE,3,,1481,SECRETARIA DE ESTADO DE DESENVOLVIMENTO SOCIAL - SEDESE,3,3,90,39,71,1,,14,306,74,4,197,4197,1,,,482584.00,0,APOIO ÀS AÇÕES DESENVOLVIDAS PELO CONSELHO DE SEGURANÇA ALIMENTAR E NUTRICIONAL SUSTENTÁVEL DE MINAS GERAIS (CONSEA-MG),SEGURANÇA ALIMENTAR E NUTRICIONAL SUSTENTÁVEL PARA TODOS OS POVOS DO TERRITÓRIO MINEIRO
2027,1480,SECRETARIA DE ESTADO DE DESENVOLVIMENTO SOCIAL - SEDESE,3,,1481,SECRETARIA DE ESTADO DE DESENVOLVIMENTO SOCIAL - SEDESE,3,3,50,43,71,1,,14,422,5,4,480,4480,1,,,1000.00,0,"FOMENTO À INCLUSÃO SOCIAL, ACESSIBILIDADE E GARANTIA DE DIREITOS PARA PESSOAS COM DEFICIÊNCIA - PROMAIS","PROGRAMA MINEIRO DE ACESSIBILIDADE, INCLUSÃO E SAÚDE (PROMAIS)"
2027,1480,SECRETARIA DE ESTADO DE DESENVOLVIMENTO SOCIAL - SEDESE,3,,1481,SECRETARIA DE ESTADO DE DESENVOLVIMENTO SOCIAL - SEDESE,3,3,50,43,71,1,,14,422,70,4,171,4171,1,,,2400000.00,0,IMPLEMENTAÇÃO E MANUTENÇÃO DOS CENTROS DE REFERÊNCIA EM DIREITOS HUMANOS,POLÍTICAS DE DIREITOS HUMANOS
2027,1480,SECRETARIA DE ESTADO DE DESENVOLVIMENTO SOCIAL - SEDESE,3,,1481,SECRETARIA DE ESTADO DE DESENVOLVIMENTO SOCIAL - SEDESE,3,3,50,43,24,1,,14,422,70,4,173,4173,1,,,2001000.00,0,PROGRAMA DE PROTEÇÃO A VÍTIMAS E TESTEMUNHAS AMEAÇADAS - PROVITA,POLÍTICAS DE DIREITOS HUMANOS
2027,1480,SECRETARIA DE ESTADO DE DESENVOLVIMENTO SOCIAL - SEDESE,3,,1481,SECRETARIA DE ESTADO DE DESENVOLVIMENTO SOCIAL - SEDESE,3,3,50,43,71,1,,14,422,70,4,173,4173,1,,,1000.00,0,PROGRAMA DE PROTEÇÃO A VÍTIMAS E TESTEMUNHAS AMEAÇADAS - PROVITA,POLÍTICAS DE DIREITOS HUMANOS
2027,1480,SECRETARIA DE ESTADO DE DESENVOLVIMENTO SOCIAL - SEDESE,3,,1481,SECRETARIA DE ESTADO DE DESENVOLVIMENTO SOCIAL - SEDESE,3,3,90,39,71,1,,14,422,70,4,174,4174,1,,,1000.00,0,FORTALECIMENTO E FOMENTO DAS POLÍTICAS DE DIREITOS HUMANOS,POLÍTICAS DE DIREITOS HUMANOS
2027,1480,SECRETARIA DE ESTADO DE DESENVOLVIMENTO SOCIAL - SEDESE,3,,1481,SECRETARIA DE ESTADO DE DESENVOLVIMENTO SOCIAL - SEDESE,3,3,50,43,24,1,,14,422,70,4,176,4176,1,,,2000000.00,0,PROGRAMA DE PROTEÇÃO AOS DEFENSORES DE DIREITOS HUMANOS - PPDDH,POLÍTICAS DE DIREITOS HUMANOS
2027,1480,SECRETARIA DE ESTADO DE DESENVOLVIMENTO SOCIAL - SEDESE,3,,1481,SECRETARIA DE ESTADO DE DESENVOLVIMENTO SOCIAL - SEDESE,3,3,50,43,71,1,,14,422,70,4,176,4176,1,,,1000.00,0,PROGRAMA DE PROTEÇÃO AOS DEFENSORES DE DIREITOS HUMANOS - PPDDH,POLÍTICAS DE DIREITOS HUMANOS
2027,1480,SECRETARIA DE ESTADO DE DESENVOLVIMENTO SOCIAL - SEDESE,3,,1481,SECRETARIA DE ESTADO DE DESENVOLVIMENTO SOCIAL - SEDESE,3,3,90,14,71,1,,14,422,70,4,178,4178,1,,,183750.00,0,MANUTENÇÃO E APOIO AOS ÓRGÃOS COLEGIADOS DE DIREITOS HUMANOS,POLÍTICAS DE DIREITOS HUMANOS
2027,1480,SECRETARIA DE ESTADO DE DESENVOLVIMENTO SOCIAL - SEDESE,3,,1481,SECRETARIA DE ESTADO DE DESENVOLVIMENTO SOCIAL - SEDESE,3,3,90,30,71,1,,14,422,70,4,178,4178,1,,,10000.00,0,MANUTENÇÃO E APOIO AOS ÓRGÃOS COLEGIADOS DE DIREITOS HUMANOS,POLÍTICAS DE DIREITOS HUMANOS
2027,1480,SECRETARIA DE ESTADO DE DESENVOLVIMENTO SOCIAL - SEDESE,3,,1481,SECRETARIA DE ESTADO DE DESENVOLVIMENTO SOCIAL - SEDESE,3,3,90,33,71,1,,14,422,70,4,178,4178,1,,,31450.00,0,MANUTENÇÃO E APOIO AOS ÓRGÃOS COLEGIADOS DE DIREITOS HUMANOS,POLÍTICAS DE DIREITOS HUMANOS
2027,1480,SECRETARIA DE ESTADO DE DESENVOLVIMENTO SOCIAL - SEDESE,3,,1481,SECRETARIA DE ESTADO DE DESENVOLVIMENTO SOCIAL - SEDESE,3,3,90,36,71,1,,14,422,70,4,178,4178,1,,,2106.00,0,MANUTENÇÃO E APOIO AOS ÓRGÃOS COLEGIADOS DE DIREITOS HUMANOS,POLÍTICAS DE DIREITOS HUMANOS
2027,1480,SECRETARIA DE ESTADO DE DESENVOLVIMENTO SOCIAL - SEDESE,3,,1481,SECRETARIA DE ESTADO DE DESENVOLVIMENTO SOCIAL - SEDESE,3,3,90,39,71,1,,14,422,70,4,178,4178,1,,,1168113.00,0,MANUTENÇÃO E APOIO AOS ÓRGÃOS COLEGIADOS DE DIREITOS HUMANOS,POLÍTICAS DE DIREITOS HUMANOS
2027,1480,SECRETARIA DE ESTADO DE DESENVOLVIMENTO SOCIAL - SEDESE,3,,1481,SECRETARIA DE ESTADO DE DESENVOLVIMENTO SOCIAL - SEDESE,3,3,90,40,71,1,,14,422,70,4,178,4178,1,,,85384.00,0,MANUTENÇÃO E APOIO AOS ÓRGÃOS COLEGIADOS DE DIREITOS HUMANOS,POLÍTICAS DE DIREITOS HUMANOS
2027,1480,SECRETARIA DE ESTADO DE DESENVOLVIMENTO SOCIAL - SEDESE,3,,1481,SECRETARIA DE ESTADO DE DESENVOLVIMENTO SOCIAL - SEDESE,3,3,90,39,71,1,,14,422,70,4,181,4181,1,,,1149088.00,0,OPERACIONALIZAÇÃO DOS SERVIÇOS DE TRADUÇÃO E INTERPRETAÇÃO DE LIBRAS,POLÍTICAS DE DIREITOS HUMANOS
2027,1480,SECRETARIA DE ESTADO DE DESENVOLVIMENTO SOCIAL - SEDESE,3,,1481,SECRETARIA DE ESTADO DE DESENVOLVIMENTO SOCIAL - SEDESE,3,1,90,11,71,1,,14,422,70,4,182,4182,1,,,9006637.00,0,"ARTICULAÇÃO INSTITUCIONAL, MANUTENÇÃO DE EQUIPAMENTOS E POLÍTICAS DE DIREITOS HUMANOS",POLÍTICAS DE DIREITOS HUMANOS
2027,1480,SECRETARIA DE ESTADO DE DESENVOLVIMENTO SOCIAL - SEDESE,3,,1481,SECRETARIA DE ESTADO DE DESENVOLVIMENTO SOCIAL - SEDESE,3,1,91,13,71,1,,14,422,70,4,182,4182,1,,,3127579.00,0,"ARTICULAÇÃO INSTITUCIONAL, MANUTENÇÃO DE EQUIPAMENTOS E POLÍTICAS DE DIREITOS HUMANOS",POLÍTICAS DE DIREITOS HUMANOS
2027,1480,SECRETARIA DE ESTADO DE DESENVOLVIMENTO SOCIAL - SEDESE,3,,1481,SECRETARIA DE ESTADO DE DESENVOLVIMENTO SOCIAL - SEDESE,3,3,90,14,71,1,,14,422,70,4,182,4182,1,,,341540.00,0,"ARTICULAÇÃO INSTITUCIONAL, MANUTENÇÃO DE EQUIPAMENTOS E POLÍTICAS DE DIREITOS HUMANOS",POLÍTICAS DE DIREITOS HUMANOS
2027,1480,SECRETARIA DE ESTADO DE DESENVOLVIMENTO SOCIAL - SEDESE,3,,1481,SECRETARIA DE ESTADO DE DESENVOLVIMENTO SOCIAL - SEDESE,3,3,90,30,71,1,,14,422,70,4,182,4182,1,,,4000.00,0,"ARTICULAÇÃO INSTITUCIONAL, MANUTENÇÃO DE EQUIPAMENTOS E POLÍTICAS DE DIREITOS HUMANOS",POLÍTICAS DE DIREITOS HUMANOS
2027,1480,SECRETARIA DE ESTADO DE DESENVOLVIMENTO SOCIAL - SEDESE,3,,1481,SECRETARIA DE ESTADO DE DESENVOLVIMENTO SOCIAL - SEDESE,3,3,90,33,71,1,,14,422,70,4,182,4182,1,,,81046.00,0,"ARTICULAÇÃO INSTITUCIONAL, MANUTENÇÃO DE EQUIPAMENTOS E POLÍTICAS DE DIREITOS HUMANOS",POLÍTICAS DE DIREITOS HUMANOS
2027,1480,SECRETARIA DE ESTADO DE DESENVOLVIMENTO SOCIAL - SEDESE,3,,1481,SECRETARIA DE ESTADO DE DESENVOLVIMENTO SOCIAL - SEDESE,3,3,90,37,71,1,,14,422,70,4,182,4182,1,,,1365442.00,0,"ARTICULAÇÃO INSTITUCIONAL, MANUTENÇÃO DE EQUIPAMENTOS E POLÍTICAS DE DIREITOS HUMANOS",POLÍTICAS DE DIREITOS HUMANOS
2027,1480,SECRETARIA DE ESTADO DE DESENVOLVIMENTO SOCIAL - SEDESE,3,,1481,SECRETARIA DE ESTADO DE DESENVOLVIMENTO SOCIAL - SEDESE,3,3,90,39,71,1,,14,422,70,4,182,4182,1,,,900977.00,0,"ARTICULAÇÃO INSTITUCIONAL, MANUTENÇÃO DE EQUIPAMENTOS E POLÍTICAS DE DIREITOS HUMANOS",POLÍTICAS DE DIREITOS HUMANOS
2027,1480,SECRETARIA DE ESTADO DE DESENVOLVIMENTO SOCIAL - SEDESE,3,,1481,SECRETARIA DE ESTADO DE DESENVOLVIMENTO SOCIAL - SEDESE,3,3,90,40,71,1,,14,422,70,4,182,4182,1,,,67204.00,0,"ARTICULAÇÃO INSTITUCIONAL, MANUTENÇÃO DE EQUIPAMENTOS E POLÍTICAS DE DIREITOS HUMANOS",POLÍTICAS DE DIREITOS HUMANOS
2027,1480,SECRETARIA DE ESTADO DE DESENVOLVIMENTO SOCIAL - SEDESE,3,,1481,SECRETARIA DE ESTADO DE DESENVOLVIMENTO SOCIAL - SEDESE,3,3,90,46,71,7,,14,422,70,4,182,4182,1,,,1812039.00,0,"ARTICULAÇÃO INSTITUCIONAL, MANUTENÇÃO DE EQUIPAMENTOS E POLÍTICAS DE DIREITOS HUMANOS",POLÍTICAS DE DIREITOS HUMANOS
2027,1480,SECRETARIA DE ESTADO DE DESENVOLVIMENTO SOCIAL - SEDESE,3,,1481,SECRETARIA DE ESTADO DE DESENVOLVIMENTO SOCIAL - SEDESE,3,3,90,47,71,1,,14,422,70,4,182,4182,1,,,987.00,0,"ARTICULAÇÃO INSTITUCIONAL, MANUTENÇÃO DE EQUIPAMENTOS E POLÍTICAS DE DIREITOS HUMANOS",POLÍTICAS DE DIREITOS HUMANOS
2027,1480,SECRETARIA DE ESTADO DE DESENVOLVIMENTO SOCIAL - SEDESE,3,,1481,SECRETARIA DE ESTADO DE DESENVOLVIMENTO SOCIAL - SEDESE,3,3,90,49,71,7,,14,422,70,4,182,4182,1,,,99395.00,0,"ARTICULAÇÃO INSTITUCIONAL, MANUTENÇÃO DE EQUIPAMENTOS E POLÍTICAS DE DIREITOS HUMANOS",POLÍTICAS DE DIREITOS HUMANOS
2027,1480,SECRETARIA DE ESTADO DE DESENVOLVIMENTO SOCIAL - SEDESE,3,,1481,SECRETARIA DE ESTADO DE DESENVOLVIMENTO SOCIAL - SEDESE,3,3,50,43,71,1,,14,422,70,4,183,4183,1,,,1000.00,0,"FOMENTO À INCLUSÃO SOCIAL, ACESSIBILIDADE E GARANTIA DE DIREITOS PARA PESSOAS COM DEFICIÊNCIA",POLÍTICAS DE DIREITOS HUMANOS
2027,1480,SECRETARIA DE ESTADO DE DESENVOLVIMENTO SOCIAL - SEDESE,3,,1481,SECRETARIA DE ESTADO DE DESENVOLVIMENTO SOCIAL - SEDESE,3,3,90,14,71,1,,14,422,86,4,414,4414,1,,,109745.00,0,ENFRENTAMENTO À VIOLÊNCIA DOMÉSTICA E INTRAFAMILIAR CONTRA AS MULHERES,POLÍTICA DOS DIREITOS DAS MULHERES
2027,1480,SECRETARIA DE ESTADO DE DESENVOLVIMENTO SOCIAL - SEDESE,3,,1481,SECRETARIA DE ESTADO DE DESENVOLVIMENTO SOCIAL - SEDESE,3,3,90,33,71,1,,14,422,86,4,414,4414,1,,,8409.00,0,ENFRENTAMENTO À VIOLÊNCIA DOMÉSTICA E INTRAFAMILIAR CONTRA AS MULHERES,POLÍTICA DOS DIREITOS DAS MULHERES
2027,1480,SECRETARIA DE ESTADO DE DESENVOLVIMENTO SOCIAL - SEDESE,3,,1481,SECRETARIA DE ESTADO DE DESENVOLVIMENTO SOCIAL - SEDESE,3,3,90,37,71,1,,14,422,86,4,414,4414,1,,,1444113.00,0,ENFRENTAMENTO À VIOLÊNCIA DOMÉSTICA E INTRAFAMILIAR CONTRA AS MULHERES,POLÍTICA DOS DIREITOS DAS MULHERES
2027,1480,SECRETARIA DE ESTADO DE DESENVOLVIMENTO SOCIAL - SEDESE,3,,1481,SECRETARIA DE ESTADO DE DESENVOLVIMENTO SOCIAL - SEDESE,3,3,90,39,71,1,,14,422,86,4,414,4414,1,,,3077099.00,0,ENFRENTAMENTO À VIOLÊNCIA DOMÉSTICA E INTRAFAMILIAR CONTRA AS MULHERES,POLÍTICA DOS DIREITOS DAS MULHERES
2027,1480,SECRETARIA DE ESTADO DE DESENVOLVIMENTO SOCIAL - SEDESE,3,,1481,SECRETARIA DE ESTADO DE DESENVOLVIMENTO SOCIAL - SEDESE,3,3,90,47,71,1,,14,422,86,4,414,4414,1,,,950.00,0,ENFRENTAMENTO À VIOLÊNCIA DOMÉSTICA E INTRAFAMILIAR CONTRA AS MULHERES,POLÍTICA DOS DIREITOS DAS MULHERES
2027,1480,SECRETARIA DE ESTADO DE DESENVOLVIMENTO SOCIAL - SEDESE,3,,1481,SECRETARIA DE ESTADO DE DESENVOLVIMENTO SOCIAL - SEDESE,3,3,90,14,71,1,,14,422,86,4,415,4415,1,,,150309.00,0,"PROMOÇÃO, DEFESA E GARANTIA DOS DIREITOS DAS MULHERES",POLÍTICA DOS DIREITOS DAS MULHERES
2027,1480,SECRETARIA DE ESTADO DE DESENVOLVIMENTO SOCIAL - SEDESE,3,,1481,SECRETARIA DE ESTADO DE DESENVOLVIMENTO SOCIAL - SEDESE,3,3,90,30,71,1,,14,422,86,4,415,4415,1,,,38500.00,0,"PROMOÇÃO, DEFESA E GARANTIA DOS DIREITOS DAS MULHERES",POLÍTICA DOS DIREITOS DAS MULHERES
2027,1480,SECRETARIA DE ESTADO DE DESENVOLVIMENTO SOCIAL - SEDESE,3,,1481,SECRETARIA DE ESTADO DE DESENVOLVIMENTO SOCIAL - SEDESE,3,3,90,32,71,1,,14,422,86,4,415,4415,1,,,760390.00,0,"PROMOÇÃO, DEFESA E GARANTIA DOS DIREITOS DAS MULHERES",POLÍTICA DOS DIREITOS DAS MULHERES
2027,1480,SECRETARIA DE ESTADO DE DESENVOLVIMENTO SOCIAL - SEDESE,3,,1481,SECRETARIA DE ESTADO DE DESENVOLVIMENTO SOCIAL - SEDESE,3,3,90,33,71,1,,14,422,86,4,415,4415,1,,,138656.00,0,"PROMOÇÃO, DEFESA E GARANTIA DOS DIREITOS DAS MULHERES",POLÍTICA DOS DIREITOS DAS MULHERES
2027,1480,SECRETARIA DE ESTADO DE DESENVOLVIMENTO SOCIAL - SEDESE,3,,1481,SECRETARIA DE ESTADO DE DESENVOLVIMENTO SOCIAL - SEDESE,3,3,90,36,71,1,,14,422,86,4,415,4415,1,,,189527.00,0,"PROMOÇÃO, DEFESA E GARANTIA DOS DIREITOS DAS MULHERES",POLÍTICA DOS DIREITOS DAS MULHERES
2027,1480,SECRETARIA DE ESTADO DE DESENVOLVIMENTO SOCIAL - SEDESE,3,,1481,SECRETARIA DE ESTADO DE DESENVOLVIMENTO SOCIAL - SEDESE,3,3,90,37,71,1,,14,422,86,4,415,4415,1,,,674646.00,0,"PROMOÇÃO, DEFESA E GARANTIA DOS DIREITOS DAS MULHERES",POLÍTICA DOS DIREITOS DAS MULHERES
2027,1480,SECRETARIA DE ESTADO DE DESENVOLVIMENTO SOCIAL - SEDESE,3,,1481,SECRETARIA DE ESTADO DE DESENVOLVIMENTO SOCIAL - SEDESE,3,3,90,39,71,1,,14,422,86,4,415,4415,1,,,864644.00,0,"PROMOÇÃO, DEFESA E GARANTIA DOS DIREITOS DAS MULHERES",POLÍTICA DOS DIREITOS DAS MULHERES
2027,1480,SECRETARIA DE ESTADO DE DESENVOLVIMENTO SOCIAL - SEDESE,3,,1481,SECRETARIA DE ESTADO DE DESENVOLVIMENTO SOCIAL - SEDESE,3,3,90,40,71,1,,14,422,86,4,415,4415,1,,,32242.00,0,"PROMOÇÃO, DEFESA E GARANTIA DOS DIREITOS DAS MULHERES",POLÍTICA DOS DIREITOS DAS MULHERES
2027,1480,SECRETARIA DE ESTADO DE DESENVOLVIMENTO SOCIAL - SEDESE,3,,1481,SECRETARIA DE ESTADO DE DESENVOLVIMENTO SOCIAL - SEDESE,3,3,90,14,71,1,,16,122,73,4,184,4184,1,,,33868.00,0,APOIO AOS MUNICÍPIOS NA IMPLEMENTAÇÃO DA POLÍTICA HABITACIONAL E NA ELABORAÇÃO E REVISÃO DE PLANOS LOCAIS DE HABITAÇÃO DE INTERESSE SOCIAL (PLHIS),MORADAS GERAIS
2027,1480,SECRETARIA DE ESTADO DE DESENVOLVIMENTO SOCIAL - SEDESE,3,,1481,SECRETARIA DE ESTADO DE DESENVOLVIMENTO SOCIAL - SEDESE,3,3,90,33,71,1,,16,122,73,4,184,4184,1,,,48132.00,0,APOIO AOS MUNICÍPIOS NA IMPLEMENTAÇÃO DA POLÍTICA HABITACIONAL E NA ELABORAÇÃO E REVISÃO DE PLANOS LOCAIS DE HABITAÇÃO DE INTERESSE SOCIAL (PLHIS),MORADAS GERAIS
2027,1480,SECRETARIA DE ESTADO DE DESENVOLVIMENTO SOCIAL - SEDESE,3,,1481,SECRETARIA DE ESTADO DE DESENVOLVIMENTO SOCIAL - SEDESE,3,3,90,39,71,1,,16,122,73,4,184,4184,1,,,797411.00,0,APOIO AOS MUNICÍPIOS NA IMPLEMENTAÇÃO DA POLÍTICA HABITACIONAL E NA ELABORAÇÃO E REVISÃO DE PLANOS LOCAIS DE HABITAÇÃO DE INTERESSE SOCIAL (PLHIS),MORADAS GERAIS
2027,1480,SECRETARIA DE ESTADO DE DESENVOLVIMENTO SOCIAL - SEDESE,3,,1481,SECRETARIA DE ESTADO DE DESENVOLVIMENTO SOCIAL - SEDESE,3,3,90,37,71,1,,16,244,73,4,388,4388,1,,,3363523.00,1,MELHORIAS HABITACIONAIS DE INTERESSE SOCIAL,MORADAS GERAIS
2027,1480,SECRETARIA DE ESTADO DE DESENVOLVIMENTO SOCIAL - SEDESE,3,,1481,SECRETARIA DE ESTADO DE DESENVOLVIMENTO SOCIAL - SEDESE,3,3,90,39,71,1,,16,244,73,4,388,4388,1,,,15280928.00,1,MELHORIAS HABITACIONAIS DE INTERESSE SOCIAL,MORADAS GERAIS
2027,1480,SECRETARIA DE ESTADO DE DESENVOLVIMENTO SOCIAL - SEDESE,3,,1481,SECRETARIA DE ESTADO DE DESENVOLVIMENTO SOCIAL - SEDESE,3,3,90,39,98,1,,16,244,73,4,388,4388,1,,,111000.00,1,MELHORIAS HABITACIONAIS DE INTERESSE SOCIAL,MORADAS GERAIS
2027,1480,SECRETARIA DE ESTADO DE DESENVOLVIMENTO SOCIAL - SEDESE,3,,1481,SECRETARIA DE ESTADO DE DESENVOLVIMENTO SOCIAL - SEDESE,4,4,40,42,71,1,,16,244,73,4,388,4388,1,,,8600000.00,1,MELHORIAS HABITACIONAIS DE INTERESSE SOCIAL,MORADAS GERAIS
2027,1480,SECRETARIA DE ESTADO DE DESENVOLVIMENTO SOCIAL - SEDESE,3,,1481,SECRETARIA DE ESTADO DE DESENVOLVIMENTO SOCIAL - SEDESE,3,3,90,14,71,1,,16,482,73,4,185,4185,1,,,15014.00,0,APOIO À PRODUÇÃO E À AQUISIÇÃO DE UNIDADES HABITACIONAIS,MORADAS GERAIS
2027,1480,SECRETARIA DE ESTADO DE DESENVOLVIMENTO SOCIAL - SEDESE,3,,1481,SECRETARIA DE ESTADO DE DESENVOLVIMENTO SOCIAL - SEDESE,3,3,90,33,71,1,,16,482,73,4,185,4185,1,,,87953.00,0,APOIO À PRODUÇÃO E À AQUISIÇÃO DE UNIDADES HABITACIONAIS,MORADAS GERAIS
2027,1480,SECRETARIA DE ESTADO DE DESENVOLVIMENTO SOCIAL - SEDESE,3,,1481,SECRETARIA DE ESTADO DE DESENVOLVIMENTO SOCIAL - SEDESE,3,3,90,37,71,1,,16,482,73,4,185,4185,1,,,338966.00,0,APOIO À PRODUÇÃO E À AQUISIÇÃO DE UNIDADES HABITACIONAIS,MORADAS GERAIS
2027,1480,SECRETARIA DE ESTADO DE DESENVOLVIMENTO SOCIAL - SEDESE,3,,1481,SECRETARIA DE ESTADO DE DESENVOLVIMENTO SOCIAL - SEDESE,3,3,90,40,71,1,,16,482,73,4,185,4185,1,,,32242.00,0,APOIO À PRODUÇÃO E À AQUISIÇÃO DE UNIDADES HABITACIONAIS,MORADAS GERAIS
2027,1480,SECRETARIA DE ESTADO DE DESENVOLVIMENTO SOCIAL - SEDESE,3,,1481,SECRETARIA DE ESTADO DE DESENVOLVIMENTO SOCIAL - SEDESE,4,4,40,42,71,1,,16,482,73,4,185,4185,1,,,15000000.00,0,APOIO À PRODUÇÃO E À AQUISIÇÃO DE UNIDADES HABITACIONAIS,MORADAS GERAIS
2027,1480,SECRETARIA DE ESTADO DE DESENVOLVIMENTO SOCIAL - SEDESE,3,,1481,SECRETARIA DE ESTADO DE DESENVOLVIMENTO SOCIAL - SEDESE,3,3,90,14,57,1,,27,366,69,4,168,4168,1,,,143910.00,0,PROMOÇÃO DOS JOGOS ESCOLARES DE MINAS GERAIS,"FOMENTO AO ESPORTE, À ATIVIDADE FÍSICA E AO LAZER"
2027,1480,SECRETARIA DE ESTADO DE DESENVOLVIMENTO SOCIAL - SEDESE,3,,1481,SECRETARIA DE ESTADO DE DESENVOLVIMENTO SOCIAL - SEDESE,3,3,90,33,57,1,,27,366,69,4,168,4168,1,,,40100.00,0,PROMOÇÃO DOS JOGOS ESCOLARES DE MINAS GERAIS,"FOMENTO AO ESPORTE, À ATIVIDADE FÍSICA E AO LAZER"
2027,1480,SECRETARIA DE ESTADO DE DESENVOLVIMENTO SOCIAL - SEDESE,3,,1481,SECRETARIA DE ESTADO DE DESENVOLVIMENTO SOCIAL - SEDESE,3,3,90,36,57,1,,27,366,69,4,168,4168,1,,,9120.00,0,PROMOÇÃO DOS JOGOS ESCOLARES DE MINAS GERAIS,"FOMENTO AO ESPORTE, À ATIVIDADE FÍSICA E AO LAZER"
2027,1480,SECRETARIA DE ESTADO DE DESENVOLVIMENTO SOCIAL - SEDESE,3,,1481,SECRETARIA DE ESTADO DE DESENVOLVIMENTO SOCIAL - SEDESE,3,3,90,39,57,1,,27,366,69,4,168,4168,1,,,14086765.00,0,PROMOÇÃO DOS JOGOS ESCOLARES DE MINAS GERAIS,"FOMENTO AO ESPORTE, À ATIVIDADE FÍSICA E AO LAZER"
2027,1480,SECRETARIA DE ESTADO DE DESENVOLVIMENTO SOCIAL - SEDESE,3,,1481,SECRETARIA DE ESTADO DE DESENVOLVIMENTO SOCIAL - SEDESE,3,3,90,14,10,1,,27,811,69,4,169,4169,1,,,13852.00,0,BOLSA ATLETA E BOLSA TÉCNICO,"FOMENTO AO ESPORTE, À ATIVIDADE FÍSICA E AO LAZER"
2027,1480,SECRETARIA DE ESTADO DE DESENVOLVIMENTO SOCIAL - SEDESE,3,,1481,SECRETARIA DE ESTADO DE DESENVOLVIMENTO SOCIAL - SEDESE,3,3,90,14,57,1,,27,811,69,4,169,4169,1,,,20260.00,0,BOLSA ATLETA E BOLSA TÉCNICO,"FOMENTO AO ESPORTE, À ATIVIDADE FÍSICA E AO LAZER"
2027,1480,SECRETARIA DE ESTADO DE DESENVOLVIMENTO SOCIAL - SEDESE,3,,1481,SECRETARIA DE ESTADO DE DESENVOLVIMENTO SOCIAL - SEDESE,3,3,90,48,10,1,,27,811,69,4,169,4169,1,,,595500.00,0,BOLSA ATLETA E BOLSA TÉCNICO,"FOMENTO AO ESPORTE, À ATIVIDADE FÍSICA E AO LAZER"
2027,1480,SECRETARIA DE ESTADO DE DESENVOLVIMENTO SOCIAL - SEDESE,3,,1481,SECRETARIA DE ESTADO DE DESENVOLVIMENTO SOCIAL - SEDESE,3,3,90,48,57,1,,27,811,69,4,169,4169,1,,,2260500.00,0,BOLSA ATLETA E BOLSA TÉCNICO,"FOMENTO AO ESPORTE, À ATIVIDADE FÍSICA E AO LAZER"
2027,1480,SECRETARIA DE ESTADO DE DESENVOLVIMENTO SOCIAL - SEDESE,3,,1481,SECRETARIA DE ESTADO DE DESENVOLVIMENTO SOCIAL - SEDESE,3,3,50,43,1,1,,27,812,69,4,163,4163,1,,,2000.00,0,PROMOÇÃO DOS JOGOS DO INTERIOR DE MINAS,"FOMENTO AO ESPORTE, À ATIVIDADE FÍSICA E AO LAZER"
2027,1480,SECRETARIA DE ESTADO DE DESENVOLVIMENTO SOCIAL - SEDESE,3,,1481,SECRETARIA DE ESTADO DE DESENVOLVIMENTO SOCIAL - SEDESE,3,3,50,43,2,1,,27,812,69,4,163,4163,1,,,490000.00,0,PROMOÇÃO DOS JOGOS DO INTERIOR DE MINAS,"FOMENTO AO ESPORTE, À ATIVIDADE FÍSICA E AO LAZER"
2027,1480,SECRETARIA DE ESTADO DE DESENVOLVIMENTO SOCIAL - SEDESE,3,,1481,SECRETARIA DE ESTADO DE DESENVOLVIMENTO SOCIAL - SEDESE,3,3,90,14,10,1,,27,812,69,4,163,4163,1,,,19949.00,0,PROMOÇÃO DOS JOGOS DO INTERIOR DE MINAS,"FOMENTO AO ESPORTE, À ATIVIDADE FÍSICA E AO LAZER"
2027,1480,SECRETARIA DE ESTADO DE DESENVOLVIMENTO SOCIAL - SEDESE,3,,1481,SECRETARIA DE ESTADO DE DESENVOLVIMENTO SOCIAL - SEDESE,3,3,90,14,57,1,,27,812,69,4,163,4163,1,,,12966.00,0,PROMOÇÃO DOS JOGOS DO INTERIOR DE MINAS,"FOMENTO AO ESPORTE, À ATIVIDADE FÍSICA E AO LAZER"
2027,1480,SECRETARIA DE ESTADO DE DESENVOLVIMENTO SOCIAL - SEDESE,3,,1481,SECRETARIA DE ESTADO DE DESENVOLVIMENTO SOCIAL - SEDESE,3,3,90,39,57,1,,27,812,69,4,163,4163,1,,,2603492.00,0,PROMOÇÃO DOS JOGOS DO INTERIOR DE MINAS,"FOMENTO AO ESPORTE, À ATIVIDADE FÍSICA E AO LAZER"
2027,1480,SECRETARIA DE ESTADO DE DESENVOLVIMENTO SOCIAL - SEDESE,3,,1481,SECRETARIA DE ESTADO DE DESENVOLVIMENTO SOCIAL - SEDESE,3,3,40,41,57,1,,27,812,69,4,166,4166,1,,,2501731.00,0,PROMOÇÃO DO ESPORTE EDUCACIONAL COMO INSTRUMENTO DE DESENVOLVIMENTO SOCIAL,"FOMENTO AO ESPORTE, À ATIVIDADE FÍSICA E AO LAZER"
2027,1480,SECRETARIA DE ESTADO DE DESENVOLVIMENTO SOCIAL - SEDESE,3,,1481,SECRETARIA DE ESTADO DE DESENVOLVIMENTO SOCIAL - SEDESE,3,3,90,14,57,1,,27,812,69,4,166,4166,1,,,13325.00,0,PROMOÇÃO DO ESPORTE EDUCACIONAL COMO INSTRUMENTO DE DESENVOLVIMENTO SOCIAL,"FOMENTO AO ESPORTE, À ATIVIDADE FÍSICA E AO LAZER"
2027,1480,SECRETARIA DE ESTADO DE DESENVOLVIMENTO SOCIAL - SEDESE,3,,1481,SECRETARIA DE ESTADO DE DESENVOLVIMENTO SOCIAL - SEDESE,3,3,90,14,10,1,,27,812,69,4,167,4167,1,,,19540.00,0, APOIO À GESTÃO ESPORTIVA,"FOMENTO AO ESPORTE, À ATIVIDADE FÍSICA E AO LAZER"
2027,1480,SECRETARIA DE ESTADO DE DESENVOLVIMENTO SOCIAL - SEDESE,3,,1481,SECRETARIA DE ESTADO DE DESENVOLVIMENTO SOCIAL - SEDESE,3,3,90,31,10,1,,27,812,69,4,167,4167,1,,,15004.00,0, APOIO À GESTÃO ESPORTIVA,"FOMENTO AO ESPORTE, À ATIVIDADE FÍSICA E AO LAZER"
2027,1480,SECRETARIA DE ESTADO DE DESENVOLVIMENTO SOCIAL - SEDESE,3,,1481,SECRETARIA DE ESTADO DE DESENVOLVIMENTO SOCIAL - SEDESE,3,3,90,33,10,1,,27,812,69,4,167,4167,1,,,23518.00,0, APOIO À GESTÃO ESPORTIVA,"FOMENTO AO ESPORTE, À ATIVIDADE FÍSICA E AO LAZER"
2027,1480,SECRETARIA DE ESTADO DE DESENVOLVIMENTO SOCIAL - SEDESE,3,,1481,SECRETARIA DE ESTADO DE DESENVOLVIMENTO SOCIAL - SEDESE,3,3,90,37,10,1,,27,812,69,4,167,4167,1,,,216735.00,0, APOIO À GESTÃO ESPORTIVA,"FOMENTO AO ESPORTE, À ATIVIDADE FÍSICA E AO LAZER"
2027,1480,SECRETARIA DE ESTADO DE DESENVOLVIMENTO SOCIAL - SEDESE,3,,1481,SECRETARIA DE ESTADO DE DESENVOLVIMENTO SOCIAL - SEDESE,3,3,90,39,10,1,,27,812,69,4,167,4167,1,,,672699.00,0, APOIO À GESTÃO ESPORTIVA,"FOMENTO AO ESPORTE, À ATIVIDADE FÍSICA E AO LAZER"
2027,1480,SECRETARIA DE ESTADO DE DESENVOLVIMENTO SOCIAL - SEDESE,3,,1481,SECRETARIA DE ESTADO DE DESENVOLVIMENTO SOCIAL - SEDESE,3,3,90,40,10,1,,27,812,69,4,167,4167,1,,,162222.00,0, APOIO À GESTÃO ESPORTIVA,"FOMENTO AO ESPORTE, À ATIVIDADE FÍSICA E AO LAZER"
2027,1480,SECRETARIA DE ESTADO DE DESENVOLVIMENTO SOCIAL - SEDESE,3,,1481,SECRETARIA DE ESTADO DE DESENVOLVIMENTO SOCIAL - SEDESE,3,3,90,47,10,1,,27,812,69,4,167,4167,1,,,5831.00,0, APOIO À GESTÃO ESPORTIVA,"FOMENTO AO ESPORTE, À ATIVIDADE FÍSICA E AO LAZER"
2027,1480,SECRETARIA DE ESTADO DE DESENVOLVIMENTO SOCIAL - SEDESE,3,,1481,SECRETARIA DE ESTADO DE DESENVOLVIMENTO SOCIAL - SEDESE,4,4,90,40,10,1,,27,812,69,4,167,4167,1,,,306732.00,0, APOIO À GESTÃO ESPORTIVA,"FOMENTO AO ESPORTE, À ATIVIDADE FÍSICA E AO LAZER"
2027,1480,SECRETARIA DE ESTADO DE DESENVOLVIMENTO SOCIAL - SEDESE,3,,1481,SECRETARIA DE ESTADO DE DESENVOLVIMENTO SOCIAL - SEDESE,3,3,90,14,10,1,,27,812,69,4,170,4170,1,,,29290.00,0,APOIO À REALIZAÇÃO DE AÇÕES ESPORTIVAS,"FOMENTO AO ESPORTE, À ATIVIDADE FÍSICA E AO LAZER"
2027,1480,SECRETARIA DE ESTADO DE DESENVOLVIMENTO SOCIAL - SEDESE,3,,1481,SECRETARIA DE ESTADO DE DESENVOLVIMENTO SOCIAL - SEDESE,3,3,90,33,10,1,,27,812,69,4,170,4170,1,,,8381.00,0,APOIO À REALIZAÇÃO DE AÇÕES ESPORTIVAS,"FOMENTO AO ESPORTE, À ATIVIDADE FÍSICA E AO LAZER"
2027,1480,SECRETARIA DE ESTADO DE DESENVOLVIMENTO SOCIAL - SEDESE,3,,1481,SECRETARIA DE ESTADO DE DESENVOLVIMENTO SOCIAL - SEDESE,3,3,40,41,10,1,,27,812,69,4,514,4514,1,,,600000.00,0,PROMOÇÃO DO ESPORTE DE PARTICIPAÇÃO E RENDIMENTO COMO INSTRUMENTO DE DESENVOLVIMENTO SOCIAL,"FOMENTO AO ESPORTE, À ATIVIDADE FÍSICA E AO LAZER"
2027,1480,SECRETARIA DE ESTADO DE DESENVOLVIMENTO SOCIAL - SEDESE,3,,1481,SECRETARIA DE ESTADO DE DESENVOLVIMENTO SOCIAL - SEDESE,3,3,40,41,57,1,,27,812,69,4,514,4514,1,,,2040000.00,0,PROMOÇÃO DO ESPORTE DE PARTICIPAÇÃO E RENDIMENTO COMO INSTRUMENTO DE DESENVOLVIMENTO SOCIAL,"FOMENTO AO ESPORTE, À ATIVIDADE FÍSICA E AO LAZER"
2027,1480,SECRETARIA DE ESTADO DE DESENVOLVIMENTO SOCIAL - SEDESE,3,,1481,SECRETARIA DE ESTADO DE DESENVOLVIMENTO SOCIAL - SEDESE,3,3,50,43,57,1,,27,812,69,4,514,4514,1,,,1560000.00,0,PROMOÇÃO DO ESPORTE DE PARTICIPAÇÃO E RENDIMENTO COMO INSTRUMENTO DE DESENVOLVIMENTO SOCIAL,"FOMENTO AO ESPORTE, À ATIVIDADE FÍSICA E AO LAZER"
2027,1480,SECRETARIA DE ESTADO DE DESENVOLVIMENTO SOCIAL - SEDESE,3,,1481,SECRETARIA DE ESTADO DE DESENVOLVIMENTO SOCIAL - SEDESE,3,3,90,14,10,1,,27,812,69,4,514,4514,1,,,5538.00,0,PROMOÇÃO DO ESPORTE DE PARTICIPAÇÃO E RENDIMENTO COMO INSTRUMENTO DE DESENVOLVIMENTO SOCIAL,"FOMENTO AO ESPORTE, À ATIVIDADE FÍSICA E AO LAZER"
2027,1480,SECRETARIA DE ESTADO DE DESENVOLVIMENTO SOCIAL - SEDESE,3,,1481,SECRETARIA DE ESTADO DE DESENVOLVIMENTO SOCIAL - SEDESE,3,3,90,14,57,1,,27,812,69,4,514,4514,1,,,30400.00,0,PROMOÇÃO DO ESPORTE DE PARTICIPAÇÃO E RENDIMENTO COMO INSTRUMENTO DE DESENVOLVIMENTO SOCIAL,"FOMENTO AO ESPORTE, À ATIVIDADE FÍSICA E AO LAZER"
2027,1480,SECRETARIA DE ESTADO DE DESENVOLVIMENTO SOCIAL - SEDESE,3,,1481,SECRETARIA DE ESTADO DE DESENVOLVIMENTO SOCIAL - SEDESE,3,3,40,41,59,1,,27,813,69,4,164,4164,1,,,2209055.00,0,PROJETOS VIABILIZADOS PELA LEI ESTADUAL DE INCENTIVO AO ESPORTE,"FOMENTO AO ESPORTE, À ATIVIDADE FÍSICA E AO LAZER"
2027,1480,SECRETARIA DE ESTADO DE DESENVOLVIMENTO SOCIAL - SEDESE,3,,1481,SECRETARIA DE ESTADO DE DESENVOLVIMENTO SOCIAL - SEDESE,3,3,90,14,10,1,,27,813,69,4,164,4164,1,,,21611.00,0,PROJETOS VIABILIZADOS PELA LEI ESTADUAL DE INCENTIVO AO ESPORTE,"FOMENTO AO ESPORTE, À ATIVIDADE FÍSICA E AO LAZER"
2027,1480,SECRETARIA DE ESTADO DE DESENVOLVIMENTO SOCIAL - SEDESE,3,,1481,SECRETARIA DE ESTADO DE DESENVOLVIMENTO SOCIAL - SEDESE,3,3,90,33,10,1,,27,813,69,4,164,4164,1,,,10255.00,0,PROJETOS VIABILIZADOS PELA LEI ESTADUAL DE INCENTIVO AO ESPORTE,"FOMENTO AO ESPORTE, À ATIVIDADE FÍSICA E AO LAZER"
2027,1480,SECRETARIA DE ESTADO DE DESENVOLVIMENTO SOCIAL - SEDESE,3,,1481,SECRETARIA DE ESTADO DE DESENVOLVIMENTO SOCIAL - SEDESE,3,3,90,14,10,1,,27,813,69,4,165,4165,1,,,9968.00,0,GESTÃO DO ICMS ESPORTIVO,"FOMENTO AO ESPORTE, À ATIVIDADE FÍSICA E AO LAZER"
2027,1480,SECRETARIA DE ESTADO DE DESENVOLVIMENTO SOCIAL - SEDESE,3,,1481,SECRETARIA DE ESTADO DE DESENVOLVIMENTO SOCIAL - SEDESE,3,3,90,33,10,1,,27,813,69,4,165,4165,1,,,6424.00,0,GESTÃO DO ICMS ESPORTIVO,"FOMENTO AO ESPORTE, À ATIVIDADE FÍSICA E AO LAZER"
2027,1480,SECRETARIA DE ESTADO DE DESENVOLVIMENTO SOCIAL - SEDESE,3,,1481,SECRETARIA DE ESTADO DE DESENVOLVIMENTO SOCIAL - SEDESE,3,3,90,14,10,1,,4,122,148,2,76,2076,1,,,82501.00,0,GESTÃO E MONITORAMENTO DE CONVÊNIOS E PARCERIAS,APOIO ÀS POLÍTICAS DE DESENVOLVIMENTO SOCIAL
2027,1480,SECRETARIA DE ESTADO DE DESENVOLVIMENTO SOCIAL - SEDESE,3,,1481,SECRETARIA DE ESTADO DE DESENVOLVIMENTO SOCIAL - SEDESE,3,3,50,85,71,1,,4,122,148,2,79,2079,1,,,5881654.00,0,APOIO FINANCEIRO E MATERIAL ÀS INSTITUIÇÕES NA PROMOÇÃO DO DESENVOLVIMENTO SOCIAL,APOIO ÀS POLÍTICAS DE DESENVOLVIMENTO SOCIAL
2027,1480,SECRETARIA DE ESTADO DE DESENVOLVIMENTO SOCIAL - SEDESE,3,,1481,SECRETARIA DE ESTADO DE DESENVOLVIMENTO SOCIAL - SEDESE,3,3,40,41,71,1,,4,122,83,2,35,2035,1,,,1139400.00,0,APOIO E COORDENAÇÃO DE POLÍTICAS INTERSETORIAIS DE DESENVOLVIMENTO SOCIAL NO CONTEXTO DO PROGRAMA PERCURSOS GERAIS: TRAJETÓRIA PARA AUTONOMIA,POLÍTICAS DE PROMOÇÃO AO DESENVOLVIMENTO SOCIAL NO CONTEXTO RURAL - PERCURSOS GERAIS: TRAJETÓRIA PARA AUTONOMIA
2027,1480,SECRETARIA DE ESTADO DE DESENVOLVIMENTO SOCIAL - SEDESE,3,,1481,SECRETARIA DE ESTADO DE DESENVOLVIMENTO SOCIAL - SEDESE,3,3,90,14,71,1,,4,122,83,2,35,2035,1,,,18275.00,0,APOIO E COORDENAÇÃO DE POLÍTICAS INTERSETORIAIS DE DESENVOLVIMENTO SOCIAL NO CONTEXTO DO PROGRAMA PERCURSOS GERAIS: TRAJETÓRIA PARA AUTONOMIA,POLÍTICAS DE PROMOÇÃO AO DESENVOLVIMENTO SOCIAL NO CONTEXTO RURAL - PERCURSOS GERAIS: TRAJETÓRIA PARA AUTONOMIA
2027,1480,SECRETARIA DE ESTADO DE DESENVOLVIMENTO SOCIAL - SEDESE,3,,1481,SECRETARIA DE ESTADO DE DESENVOLVIMENTO SOCIAL - SEDESE,3,3,90,33,71,1,,4,122,83,2,35,2035,1,,,1298.00,0,APOIO E COORDENAÇÃO DE POLÍTICAS INTERSETORIAIS DE DESENVOLVIMENTO SOCIAL NO CONTEXTO DO PROGRAMA PERCURSOS GERAIS: TRAJETÓRIA PARA AUTONOMIA,POLÍTICAS DE PROMOÇÃO AO DESENVOLVIMENTO SOCIAL NO CONTEXTO RURAL - PERCURSOS GERAIS: TRAJETÓRIA PARA AUTONOMIA
2027,1480,SECRETARIA DE ESTADO DE DESENVOLVIMENTO SOCIAL - SEDESE,3,,1481,SECRETARIA DE ESTADO DE DESENVOLVIMENTO SOCIAL - SEDESE,3,3,90,39,71,1,,4,122,83,2,35,2035,1,,,56874.00,0,APOIO E COORDENAÇÃO DE POLÍTICAS INTERSETORIAIS DE DESENVOLVIMENTO SOCIAL NO CONTEXTO DO PROGRAMA PERCURSOS GERAIS: TRAJETÓRIA PARA AUTONOMIA,POLÍTICAS DE PROMOÇÃO AO DESENVOLVIMENTO SOCIAL NO CONTEXTO RURAL - PERCURSOS GERAIS: TRAJETÓRIA PARA AUTONOMIA
2027,1480,SECRETARIA DE ESTADO DE DESENVOLVIMENTO SOCIAL - SEDESE,3,,1481,SECRETARIA DE ESTADO DE DESENVOLVIMENTO SOCIAL - SEDESE,3,3,90,14,10,1,,4,122,84,2,36,2036,1,,,10501.00,0,"DESENVOLVIMENTO DE ESTUDOS, PESQUISAS, FERRAMENTAS DE MONITORAMENTO E AVALIAÇÃO EM DESENVOLVIMENTO SOCIAL E DE PREVENÇÃO E RESPOSTA À SITUAÇÕES DE CALAMIDADE PÚBLICA E DESASTRE","POLÍTICAS DE INTEGRAÇÃO, REGIONALIZAÇÃO E INOVAÇÃO"
2027,1480,SECRETARIA DE ESTADO DE DESENVOLVIMENTO SOCIAL - SEDESE,3,,1481,SECRETARIA DE ESTADO DE DESENVOLVIMENTO SOCIAL - SEDESE,3,3,90,33,10,1,,4,122,84,2,36,2036,1,,,19143.00,0,"DESENVOLVIMENTO DE ESTUDOS, PESQUISAS, FERRAMENTAS DE MONITORAMENTO E AVALIAÇÃO EM DESENVOLVIMENTO SOCIAL E DE PREVENÇÃO E RESPOSTA À SITUAÇÕES DE CALAMIDADE PÚBLICA E DESASTRE","POLÍTICAS DE INTEGRAÇÃO, REGIONALIZAÇÃO E INOVAÇÃO"
2027,1480,SECRETARIA DE ESTADO DE DESENVOLVIMENTO SOCIAL - SEDESE,3,,1481,SECRETARIA DE ESTADO DE DESENVOLVIMENTO SOCIAL - SEDESE,3,3,90,39,10,1,,4,122,84,2,36,2036,1,,,46024.00,0,"DESENVOLVIMENTO DE ESTUDOS, PESQUISAS, FERRAMENTAS DE MONITORAMENTO E AVALIAÇÃO EM DESENVOLVIMENTO SOCIAL E DE PREVENÇÃO E RESPOSTA À SITUAÇÕES DE CALAMIDADE PÚBLICA E DESASTRE","POLÍTICAS DE INTEGRAÇÃO, REGIONALIZAÇÃO E INOVAÇÃO"
2027,1480,SECRETARIA DE ESTADO DE DESENVOLVIMENTO SOCIAL - SEDESE,3,,1481,SECRETARIA DE ESTADO DE DESENVOLVIMENTO SOCIAL - SEDESE,3,3,90,40,10,1,,4,122,84,2,36,2036,1,,,7020.00,0,"DESENVOLVIMENTO DE ESTUDOS, PESQUISAS, FERRAMENTAS DE MONITORAMENTO E AVALIAÇÃO EM DESENVOLVIMENTO SOCIAL E DE PREVENÇÃO E RESPOSTA À SITUAÇÕES DE CALAMIDADE PÚBLICA E DESASTRE","POLÍTICAS DE INTEGRAÇÃO, REGIONALIZAÇÃO E INOVAÇÃO"
2027,1480,SECRETARIA DE ESTADO DE DESENVOLVIMENTO SOCIAL - SEDESE,3,,1481,SECRETARIA DE ESTADO DE DESENVOLVIMENTO SOCIAL - SEDESE,3,3,90,14,71,1,,4,122,84,2,37,2037,1,,,9476.00,0,FOMENTO A INOVAÇÃO E APRIMORAMENTO DE PROJETOS DE DESENVOLVIMENTO SOCIAL,"POLÍTICAS DE INTEGRAÇÃO, REGIONALIZAÇÃO E INOVAÇÃO"
2027,1480,SECRETARIA DE ESTADO DE DESENVOLVIMENTO SOCIAL - SEDESE,3,,1481,SECRETARIA DE ESTADO DE DESENVOLVIMENTO SOCIAL - SEDESE,3,3,90,33,71,1,,4,122,84,2,37,2037,1,,,11143.00,0,FOMENTO A INOVAÇÃO E APRIMORAMENTO DE PROJETOS DE DESENVOLVIMENTO SOCIAL,"POLÍTICAS DE INTEGRAÇÃO, REGIONALIZAÇÃO E INOVAÇÃO"
2027,1480,SECRETARIA DE ESTADO DE DESENVOLVIMENTO SOCIAL - SEDESE,3,,1481,SECRETARIA DE ESTADO DE DESENVOLVIMENTO SOCIAL - SEDESE,3,3,90,37,71,1,,4,122,84,2,37,2037,1,,,319843.00,0,FOMENTO A INOVAÇÃO E APRIMORAMENTO DE PROJETOS DE DESENVOLVIMENTO SOCIAL,"POLÍTICAS DE INTEGRAÇÃO, REGIONALIZAÇÃO E INOVAÇÃO"
2027,1480,SECRETARIA DE ESTADO DE DESENVOLVIMENTO SOCIAL - SEDESE,3,,1481,SECRETARIA DE ESTADO DE DESENVOLVIMENTO SOCIAL - SEDESE,3,3,90,39,71,1,,4,122,84,2,37,2037,1,,,21012.00,0,FOMENTO A INOVAÇÃO E APRIMORAMENTO DE PROJETOS DE DESENVOLVIMENTO SOCIAL,"POLÍTICAS DE INTEGRAÇÃO, REGIONALIZAÇÃO E INOVAÇÃO"
2027,1480,SECRETARIA DE ESTADO DE DESENVOLVIMENTO SOCIAL - SEDESE,3,,1481,SECRETARIA DE ESTADO DE DESENVOLVIMENTO SOCIAL - SEDESE,3,3,90,14,71,1,,4,128,84,4,204,4204,1,,,509323.00,0,APOIO TÉCNICO AOS MUNICÍPIOS PARA PROMOÇÃO DO DESENVOLVIMENTO SOCIAL REGIONALIZADO,"POLÍTICAS DE INTEGRAÇÃO, REGIONALIZAÇÃO E INOVAÇÃO"
2027,1480,SECRETARIA DE ESTADO DE DESENVOLVIMENTO SOCIAL - SEDESE,3,,1481,SECRETARIA DE ESTADO DE DESENVOLVIMENTO SOCIAL - SEDESE,3,3,90,33,71,1,,4,128,84,4,204,4204,1,,,47048.00,0,APOIO TÉCNICO AOS MUNICÍPIOS PARA PROMOÇÃO DO DESENVOLVIMENTO SOCIAL REGIONALIZADO,"POLÍTICAS DE INTEGRAÇÃO, REGIONALIZAÇÃO E INOVAÇÃO"
2027,1480,SECRETARIA DE ESTADO DE DESENVOLVIMENTO SOCIAL - SEDESE,3,,1481,SECRETARIA DE ESTADO DE DESENVOLVIMENTO SOCIAL - SEDESE,3,3,90,36,71,1,,4,128,84,4,204,4204,1,,,3630.00,0,APOIO TÉCNICO AOS MUNICÍPIOS PARA PROMOÇÃO DO DESENVOLVIMENTO SOCIAL REGIONALIZADO,"POLÍTICAS DE INTEGRAÇÃO, REGIONALIZAÇÃO E INOVAÇÃO"
2027,1480,SECRETARIA DE ESTADO DE DESENVOLVIMENTO SOCIAL - SEDESE,3,,1481,SECRETARIA DE ESTADO DE DESENVOLVIMENTO SOCIAL - SEDESE,3,3,90,37,71,1,,4,128,84,4,204,4204,1,,,124136.00,0,APOIO TÉCNICO AOS MUNICÍPIOS PARA PROMOÇÃO DO DESENVOLVIMENTO SOCIAL REGIONALIZADO,"POLÍTICAS DE INTEGRAÇÃO, REGIONALIZAÇÃO E INOVAÇÃO"
2027,1480,SECRETARIA DE ESTADO DE DESENVOLVIMENTO SOCIAL - SEDESE,3,,1481,SECRETARIA DE ESTADO DE DESENVOLVIMENTO SOCIAL - SEDESE,3,3,90,39,71,1,,4,128,84,4,204,4204,1,,,1406529.00,0,APOIO TÉCNICO AOS MUNICÍPIOS PARA PROMOÇÃO DO DESENVOLVIMENTO SOCIAL REGIONALIZADO,"POLÍTICAS DE INTEGRAÇÃO, REGIONALIZAÇÃO E INOVAÇÃO"
2027,1480,SECRETARIA DE ESTADO DE DESENVOLVIMENTO SOCIAL - UTRAMIG,3,,2281,FUNDAÇÃO DE EDUCAÇÃO PARA O TRABALHO DE MINAS GERAIS - UTRAMIG,3,3,90,13,36,1,,12,363,67,4,300,4300,1,,,47489.00,0,EDUCAÇÃO PROFISSIONAL TÉCNICA DE NÍVEL MÉDIO E QUALIFICAÇÃO PROFISSIONAL,REDE DE DESENVOLVIMENTO DA EDUCAÇÃO PROFISSIONAL
2027,1480,SECRETARIA DE ESTADO DE DESENVOLVIMENTO SOCIAL - UTRAMIG,3,,2281,FUNDAÇÃO DE EDUCAÇÃO PARA O TRABALHO DE MINAS GERAIS - UTRAMIG,3,3,90,14,10,1,,12,363,67,4,300,4300,1,,,10640.00,0,EDUCAÇÃO PROFISSIONAL TÉCNICA DE NÍVEL MÉDIO E QUALIFICAÇÃO PROFISSIONAL,REDE DE DESENVOLVIMENTO DA EDUCAÇÃO PROFISSIONAL
2027,1480,SECRETARIA DE ESTADO DE DESENVOLVIMENTO SOCIAL - UTRAMIG,3,,2281,FUNDAÇÃO DE EDUCAÇÃO PARA O TRABALHO DE MINAS GERAIS - UTRAMIG,3,3,90,18,10,1,,12,363,67,4,300,4300,1,,,27456.00,0,EDUCAÇÃO PROFISSIONAL TÉCNICA DE NÍVEL MÉDIO E QUALIFICAÇÃO PROFISSIONAL,REDE DE DESENVOLVIMENTO DA EDUCAÇÃO PROFISSIONAL
2027,1480,SECRETARIA DE ESTADO DE DESENVOLVIMENTO SOCIAL - UTRAMIG,3,,2281,FUNDAÇÃO DE EDUCAÇÃO PARA O TRABALHO DE MINAS GERAIS - UTRAMIG,3,3,90,30,10,1,,12,363,67,4,300,4300,1,,,3524.00,0,EDUCAÇÃO PROFISSIONAL TÉCNICA DE NÍVEL MÉDIO E QUALIFICAÇÃO PROFISSIONAL,REDE DE DESENVOLVIMENTO DA EDUCAÇÃO PROFISSIONAL
2027,1480,SECRETARIA DE ESTADO DE DESENVOLVIMENTO SOCIAL - UTRAMIG,3,,2281,FUNDAÇÃO DE EDUCAÇÃO PARA O TRABALHO DE MINAS GERAIS - UTRAMIG,3,3,90,33,10,1,,12,363,67,4,300,4300,1,,,162400.00,0,EDUCAÇÃO PROFISSIONAL TÉCNICA DE NÍVEL MÉDIO E QUALIFICAÇÃO PROFISSIONAL,REDE DE DESENVOLVIMENTO DA EDUCAÇÃO PROFISSIONAL
2027,1480,SECRETARIA DE ESTADO DE DESENVOLVIMENTO SOCIAL - UTRAMIG,3,,2281,FUNDAÇÃO DE EDUCAÇÃO PARA O TRABALHO DE MINAS GERAIS - UTRAMIG,3,3,90,36,10,1,,12,363,67,4,300,4300,1,,,146400.00,0,EDUCAÇÃO PROFISSIONAL TÉCNICA DE NÍVEL MÉDIO E QUALIFICAÇÃO PROFISSIONAL,REDE DE DESENVOLVIMENTO DA EDUCAÇÃO PROFISSIONAL
2027,1480,SECRETARIA DE ESTADO DE DESENVOLVIMENTO SOCIAL - UTRAMIG,3,,2281,FUNDAÇÃO DE EDUCAÇÃO PARA O TRABALHO DE MINAS GERAIS - UTRAMIG,3,3,90,37,10,1,,12,363,67,4,300,4300,1,,,3773780.00,0,EDUCAÇÃO PROFISSIONAL TÉCNICA DE NÍVEL MÉDIO E QUALIFICAÇÃO PROFISSIONAL,REDE DE DESENVOLVIMENTO DA EDUCAÇÃO PROFISSIONAL
2027,1480,SECRETARIA DE ESTADO DE DESENVOLVIMENTO SOCIAL - UTRAMIG,3,,2281,FUNDAÇÃO DE EDUCAÇÃO PARA O TRABALHO DE MINAS GERAIS - UTRAMIG,3,3,90,39,10,1,,12,363,67,4,300,4300,1,,,359939.00,0,EDUCAÇÃO PROFISSIONAL TÉCNICA DE NÍVEL MÉDIO E QUALIFICAÇÃO PROFISSIONAL,REDE DE DESENVOLVIMENTO DA EDUCAÇÃO PROFISSIONAL
2027,1480,SECRETARIA DE ESTADO DE DESENVOLVIMENTO SOCIAL - UTRAMIG,3,,2281,FUNDAÇÃO DE EDUCAÇÃO PARA O TRABALHO DE MINAS GERAIS - UTRAMIG,3,3,90,39,36,1,,12,363,67,4,300,4300,1,,,120000.00,0,EDUCAÇÃO PROFISSIONAL TÉCNICA DE NÍVEL MÉDIO E QUALIFICAÇÃO PROFISSIONAL,REDE DE DESENVOLVIMENTO DA EDUCAÇÃO PROFISSIONAL
2027,1480,SECRETARIA DE ESTADO DE DESENVOLVIMENTO SOCIAL - UTRAMIG,3,,2281,FUNDAÇÃO DE EDUCAÇÃO PARA O TRABALHO DE MINAS GERAIS - UTRAMIG,3,3,90,40,10,1,,12,363,67,4,300,4300,1,,,55806.00,0,EDUCAÇÃO PROFISSIONAL TÉCNICA DE NÍVEL MÉDIO E QUALIFICAÇÃO PROFISSIONAL,REDE DE DESENVOLVIMENTO DA EDUCAÇÃO PROFISSIONAL
2027,1480,SECRETARIA DE ESTADO DE DESENVOLVIMENTO SOCIAL - UTRAMIG,3,,2281,FUNDAÇÃO DE EDUCAÇÃO PARA O TRABALHO DE MINAS GERAIS - UTRAMIG,3,3,90,48,36,1,,12,363,67,4,300,4300,1,,,249954.00,0,EDUCAÇÃO PROFISSIONAL TÉCNICA DE NÍVEL MÉDIO E QUALIFICAÇÃO PROFISSIONAL,REDE DE DESENVOLVIMENTO DA EDUCAÇÃO PROFISSIONAL
2027,1480,SECRETARIA DE ESTADO DE DESENVOLVIMENTO SOCIAL - UTRAMIG,3,,2281,FUNDAÇÃO DE EDUCAÇÃO PARA O TRABALHO DE MINAS GERAIS - UTRAMIG,3,1,90,11,10,1,,12,363,705,2,417,2417,1,,,1750097.00,0,REMUNERAÇÃO DE PESSOAL ATIVO E ENCARGOS SOCIAIS,APOIO ÀS POLÍTICAS PÚBLICAS
2027,1480,SECRETARIA DE ESTADO DE DESENVOLVIMENTO SOCIAL - UTRAMIG,3,,2281,FUNDAÇÃO DE EDUCAÇÃO PARA O TRABALHO DE MINAS GERAIS - UTRAMIG,3,1,90,13,10,1,,12,363,705,2,417,2417,1,,,120774.00,0,REMUNERAÇÃO DE PESSOAL ATIVO E ENCARGOS SOCIAIS,APOIO ÀS POLÍTICAS PÚBLICAS
2027,1480,SECRETARIA DE ESTADO DE DESENVOLVIMENTO SOCIAL - UTRAMIG,3,,2281,FUNDAÇÃO DE EDUCAÇÃO PARA O TRABALHO DE MINAS GERAIS - UTRAMIG,3,1,91,13,10,1,,12,363,705,2,417,2417,1,,,381132.00,0,REMUNERAÇÃO DE PESSOAL ATIVO E ENCARGOS SOCIAIS,APOIO ÀS POLÍTICAS PÚBLICAS
2027,1480,SECRETARIA DE ESTADO DE DESENVOLVIMENTO SOCIAL - UTRAMIG,3,,2281,FUNDAÇÃO DE EDUCAÇÃO PARA O TRABALHO DE MINAS GERAIS - UTRAMIG,3,3,90,46,10,7,,12,363,705,2,417,2417,1,,,370184.00,0,REMUNERAÇÃO DE PESSOAL ATIVO E ENCARGOS SOCIAIS,APOIO ÀS POLÍTICAS PÚBLICAS
2027,1480,SECRETARIA DE ESTADO DE DESENVOLVIMENTO SOCIAL - UTRAMIG,3,,2281,FUNDAÇÃO DE EDUCAÇÃO PARA O TRABALHO DE MINAS GERAIS - UTRAMIG,3,3,90,49,10,7,,12,363,705,2,417,2417,1,,,25000.00,0,REMUNERAÇÃO DE PESSOAL ATIVO E ENCARGOS SOCIAIS,APOIO ÀS POLÍTICAS PÚBLICAS
2027,1480,SECRETARIA DE ESTADO DE DESENVOLVIMENTO SOCIAL - UTRAMIG,3,,2281,FUNDAÇÃO DE EDUCAÇÃO PARA O TRABALHO DE MINAS GERAIS - UTRAMIG,3,3,90,30,10,1,,12,363,705,2,500,2500,1,,,148947.00,0,ASSESSORAMENTO E GERENCIAMENTO DE POLÍTICAS PÚBLICAS,APOIO ÀS POLÍTICAS PÚBLICAS
2027,1480,SECRETARIA DE ESTADO DE DESENVOLVIMENTO SOCIAL - UTRAMIG,3,,2281,FUNDAÇÃO DE EDUCAÇÃO PARA O TRABALHO DE MINAS GERAIS - UTRAMIG,3,3,90,36,10,1,,12,363,705,2,500,2500,1,,,8400.00,0,ASSESSORAMENTO E GERENCIAMENTO DE POLÍTICAS PÚBLICAS,APOIO ÀS POLÍTICAS PÚBLICAS
2027,1480,SECRETARIA DE ESTADO DE DESENVOLVIMENTO SOCIAL - UTRAMIG,3,,2281,FUNDAÇÃO DE EDUCAÇÃO PARA O TRABALHO DE MINAS GERAIS - UTRAMIG,3,3,90,39,10,1,,12,363,705,2,500,2500,1,,,303573.00,0,ASSESSORAMENTO E GERENCIAMENTO DE POLÍTICAS PÚBLICAS,APOIO ÀS POLÍTICAS PÚBLICAS
2027,1480,SECRETARIA DE ESTADO DE DESENVOLVIMENTO SOCIAL - UTRAMIG,3,,2281,FUNDAÇÃO DE EDUCAÇÃO PARA O TRABALHO DE MINAS GERAIS - UTRAMIG,3,3,90,40,10,1,,12,363,705,2,500,2500,1,,,606908.00,0,ASSESSORAMENTO E GERENCIAMENTO DE POLÍTICAS PÚBLICAS,APOIO ÀS POLÍTICAS PÚBLICAS
2027,1480,SECRETARIA DE ESTADO DE DESENVOLVIMENTO SOCIAL - UTRAMIG,3,,2281,FUNDAÇÃO DE EDUCAÇÃO PARA O TRABALHO DE MINAS GERAIS - UTRAMIG,3,3,90,47,10,1,,12,363,705,2,500,2500,1,,,34000.00,0,ASSESSORAMENTO E GERENCIAMENTO DE POLÍTICAS PÚBLICAS,APOIO ÀS POLÍTICAS PÚBLICAS
2027,1480,SECRETARIA DE ESTADO DE DESENVOLVIMENTO SOCIAL - UTRAMIG,3,,2281,FUNDAÇÃO DE EDUCAÇÃO PARA O TRABALHO DE MINAS GERAIS - UTRAMIG,4,4,90,52,10,1,,12,363,705,2,500,2500,1,,,5839.00,0,ASSESSORAMENTO E GERENCIAMENTO DE POLÍTICAS PÚBLICAS,APOIO ÀS POLÍTICAS PÚBLICAS
2027,1480,SECRETARIA DE ESTADO DE DESENVOLVIMENTO SOCIAL - UTRAMIG,3,,2281,FUNDAÇÃO DE EDUCAÇÃO PARA O TRABALHO DE MINAS GERAIS - UTRAMIG,3,1,90,91,10,9,,28,846,705,7,4,7004,1,,,1000.00,0,PRECATÓRIOS E SENTENÇAS JUDICIÁRIAS,APOIO ÀS POLÍTICAS PÚBLICAS
2027,1480,SECRETARIA DE ESTADO DE DESENVOLVIMENTO SOCIAL - IDENE,3,,2421,INSTITUTO DE DESENVOLVIMENTO DO NORTE E NORDESTE DE MINAS GERAIS - IDENE,3,1,90,11,71,1,,20,122,705,2,500,2500,1,,,4047062.00,0,ASSESSORAMENTO E GERENCIAMENTO DE POLÍTICAS PÚBLICAS,APOIO ÀS POLÍTICAS PÚBLICAS
2027,1480,SECRETARIA DE ESTADO DE DESENVOLVIMENTO SOCIAL - IDENE,3,,2421,INSTITUTO DE DESENVOLVIMENTO DO NORTE E NORDESTE DE MINAS GERAIS - IDENE,3,1,90,13,71,1,,20,122,705,2,500,2500,1,,,314897.00,0,ASSESSORAMENTO E GERENCIAMENTO DE POLÍTICAS PÚBLICAS,APOIO ÀS POLÍTICAS PÚBLICAS
2027,1480,SECRETARIA DE ESTADO DE DESENVOLVIMENTO SOCIAL - IDENE,3,,2421,INSTITUTO DE DESENVOLVIMENTO DO NORTE E NORDESTE DE MINAS GERAIS - IDENE,3,1,90,7,71,1,,20,122,705,2,500,2500,1,,,40786.00,0,ASSESSORAMENTO E GERENCIAMENTO DE POLÍTICAS PÚBLICAS,APOIO ÀS POLÍTICAS PÚBLICAS
2027,1480,SECRETARIA DE ESTADO DE DESENVOLVIMENTO SOCIAL - IDENE,3,,2421,INSTITUTO DE DESENVOLVIMENTO DO NORTE E NORDESTE DE MINAS GERAIS - IDENE,3,1,91,13,71,1,,20,122,705,2,500,2500,1,,,877718.00,0,ASSESSORAMENTO E GERENCIAMENTO DE POLÍTICAS PÚBLICAS,APOIO ÀS POLÍTICAS PÚBLICAS
2027,1480,SECRETARIA DE ESTADO DE DESENVOLVIMENTO SOCIAL - IDENE,3,,2421,INSTITUTO DE DESENVOLVIMENTO DO NORTE E NORDESTE DE MINAS GERAIS - IDENE,3,3,90,14,71,1,,20,122,705,2,500,2500,1,,,116516.00,0,ASSESSORAMENTO E GERENCIAMENTO DE POLÍTICAS PÚBLICAS,APOIO ÀS POLÍTICAS PÚBLICAS
2027,1480,SECRETARIA DE ESTADO DE DESENVOLVIMENTO SOCIAL - IDENE,3,,2421,INSTITUTO DE DESENVOLVIMENTO DO NORTE E NORDESTE DE MINAS GERAIS - IDENE,3,3,90,30,71,1,,20,122,705,2,500,2500,1,,,92025.00,0,ASSESSORAMENTO E GERENCIAMENTO DE POLÍTICAS PÚBLICAS,APOIO ÀS POLÍTICAS PÚBLICAS
2027,1480,SECRETARIA DE ESTADO DE DESENVOLVIMENTO SOCIAL - IDENE,3,,2421,INSTITUTO DE DESENVOLVIMENTO DO NORTE E NORDESTE DE MINAS GERAIS - IDENE,3,3,90,33,71,1,,20,122,705,2,500,2500,1,,,39860.00,0,ASSESSORAMENTO E GERENCIAMENTO DE POLÍTICAS PÚBLICAS,APOIO ÀS POLÍTICAS PÚBLICAS
2027,1480,SECRETARIA DE ESTADO DE DESENVOLVIMENTO SOCIAL - IDENE,3,,2421,INSTITUTO DE DESENVOLVIMENTO DO NORTE E NORDESTE DE MINAS GERAIS - IDENE,3,3,90,36,71,1,,20,122,705,2,500,2500,1,,,139925.00,0,ASSESSORAMENTO E GERENCIAMENTO DE POLÍTICAS PÚBLICAS,APOIO ÀS POLÍTICAS PÚBLICAS
2027,1480,SECRETARIA DE ESTADO DE DESENVOLVIMENTO SOCIAL - IDENE,3,,2421,INSTITUTO DE DESENVOLVIMENTO DO NORTE E NORDESTE DE MINAS GERAIS - IDENE,3,3,90,37,71,1,,20,122,705,2,500,2500,1,,,649577.00,0,ASSESSORAMENTO E GERENCIAMENTO DE POLÍTICAS PÚBLICAS,APOIO ÀS POLÍTICAS PÚBLICAS
2027,1480,SECRETARIA DE ESTADO DE DESENVOLVIMENTO SOCIAL - IDENE,3,,2421,INSTITUTO DE DESENVOLVIMENTO DO NORTE E NORDESTE DE MINAS GERAIS - IDENE,3,3,90,39,71,1,,20,122,705,2,500,2500,1,,,1464549.00,0,ASSESSORAMENTO E GERENCIAMENTO DE POLÍTICAS PÚBLICAS,APOIO ÀS POLÍTICAS PÚBLICAS
2027,1480,SECRETARIA DE ESTADO DE DESENVOLVIMENTO SOCIAL - IDENE,3,,2421,INSTITUTO DE DESENVOLVIMENTO DO NORTE E NORDESTE DE MINAS GERAIS - IDENE,3,3,90,40,71,1,,20,122,705,2,500,2500,1,,,289200.00,0,ASSESSORAMENTO E GERENCIAMENTO DE POLÍTICAS PÚBLICAS,APOIO ÀS POLÍTICAS PÚBLICAS
2027,1480,SECRETARIA DE ESTADO DE DESENVOLVIMENTO SOCIAL - IDENE,3,,2421,INSTITUTO DE DESENVOLVIMENTO DO NORTE E NORDESTE DE MINAS GERAIS - IDENE,3,3,90,46,71,7,,20,122,705,2,500,2500,1,,,1055622.00,0,ASSESSORAMENTO E GERENCIAMENTO DE POLÍTICAS PÚBLICAS,APOIO ÀS POLÍTICAS PÚBLICAS
2027,1480,SECRETARIA DE ESTADO DE DESENVOLVIMENTO SOCIAL - IDENE,3,,2421,INSTITUTO DE DESENVOLVIMENTO DO NORTE E NORDESTE DE MINAS GERAIS - IDENE,3,3,90,47,71,1,,20,122,705,2,500,2500,1,,,367500.00,0,ASSESSORAMENTO E GERENCIAMENTO DE POLÍTICAS PÚBLICAS,APOIO ÀS POLÍTICAS PÚBLICAS
2027,1480,SECRETARIA DE ESTADO DE DESENVOLVIMENTO SOCIAL - IDENE,3,,2421,INSTITUTO DE DESENVOLVIMENTO DO NORTE E NORDESTE DE MINAS GERAIS - IDENE,3,3,90,49,71,7,,20,122,705,2,500,2500,1,,,60525.00,0,ASSESSORAMENTO E GERENCIAMENTO DE POLÍTICAS PÚBLICAS,APOIO ÀS POLÍTICAS PÚBLICAS
2027,1480,SECRETARIA DE ESTADO DE DESENVOLVIMENTO SOCIAL - IDENE,3,,2421,INSTITUTO DE DESENVOLVIMENTO DO NORTE E NORDESTE DE MINAS GERAIS - IDENE,3,3,90,14,71,1,,20,306,124,4,320,4320,1,,,91200.00,0,"DISTRIBUIÇÃO DE LEITE ADQUIRIDO DA AGRICULTURA FAMILIAR, PARA BENEFICIÁRIOS EM INSEGURANÇA ALIMENTAR",PROMOÇÃO DO DESENVOLVIMENTO DO NORTE E NORDESTE DE MINAS GERAIS
2027,1480,SECRETARIA DE ESTADO DE DESENVOLVIMENTO SOCIAL - IDENE,3,,2421,INSTITUTO DE DESENVOLVIMENTO DO NORTE E NORDESTE DE MINAS GERAIS - IDENE,3,3,90,32,71,1,,20,306,124,4,320,4320,1,,,6837636.00,0,"DISTRIBUIÇÃO DE LEITE ADQUIRIDO DA AGRICULTURA FAMILIAR, PARA BENEFICIÁRIOS EM INSEGURANÇA ALIMENTAR",PROMOÇÃO DO DESENVOLVIMENTO DO NORTE E NORDESTE DE MINAS GERAIS
2027,1480,SECRETARIA DE ESTADO DE DESENVOLVIMENTO SOCIAL - IDENE,3,,2421,INSTITUTO DE DESENVOLVIMENTO DO NORTE E NORDESTE DE MINAS GERAIS - IDENE,3,3,90,14,71,1,,20,544,56,1,95,1095,1,,,932.00,0,IMPLANTAÇÃO DE BARRAGENS HIDROAGRÍCOLAS,DESENVOLVIMENTO DA INFRAESTRUTURA DO NORTE E NORDESTE DE MINAS GERAIS
2027,1480,SECRETARIA DE ESTADO DE DESENVOLVIMENTO SOCIAL - IDENE,3,,2421,INSTITUTO DE DESENVOLVIMENTO DO NORTE E NORDESTE DE MINAS GERAIS - IDENE,3,3,90,14,71,1,,20,608,124,4,323,4323,1,,,1000.00,0,APOIO ÀS FEIRAS LIVRES PARA AMPLIAR A GERAÇÃO DE RENDA E DESENVOLVIMENTO ECONÔMICO LOCAL,PROMOÇÃO DO DESENVOLVIMENTO DO NORTE E NORDESTE DE MINAS GERAIS
2027,1480,SECRETARIA DE ESTADO DE DESENVOLVIMENTO SOCIAL - IDENE,3,,2421,INSTITUTO DE DESENVOLVIMENTO DO NORTE E NORDESTE DE MINAS GERAIS - IDENE,3,1,90,11,71,1,,20,608,124,4,325,4325,1,,,1934782.00,0,PROMOÇÃO DO DESENVOLVIMENTO SOCIOECONÔMICO DO NORTE E NORDESTE DE MINAS GERAIS,PROMOÇÃO DO DESENVOLVIMENTO DO NORTE E NORDESTE DE MINAS GERAIS
2027,1480,SECRETARIA DE ESTADO DE DESENVOLVIMENTO SOCIAL - IDENE,3,,2421,INSTITUTO DE DESENVOLVIMENTO DO NORTE E NORDESTE DE MINAS GERAIS - IDENE,3,1,90,13,71,1,,20,608,124,4,325,4325,1,,,150543.00,0,PROMOÇÃO DO DESENVOLVIMENTO SOCIOECONÔMICO DO NORTE E NORDESTE DE MINAS GERAIS,PROMOÇÃO DO DESENVOLVIMENTO DO NORTE E NORDESTE DE MINAS GERAIS
2027,1480,SECRETARIA DE ESTADO DE DESENVOLVIMENTO SOCIAL - IDENE,3,,2421,INSTITUTO DE DESENVOLVIMENTO DO NORTE E NORDESTE DE MINAS GERAIS - IDENE,3,1,91,13,71,1,,20,608,124,4,325,4325,1,,,419611.00,0,PROMOÇÃO DO DESENVOLVIMENTO SOCIOECONÔMICO DO NORTE E NORDESTE DE MINAS GERAIS,PROMOÇÃO DO DESENVOLVIMENTO DO NORTE E NORDESTE DE MINAS GERAIS
2027,1480,SECRETARIA DE ESTADO DE DESENVOLVIMENTO SOCIAL - IDENE,3,,2421,INSTITUTO DE DESENVOLVIMENTO DO NORTE E NORDESTE DE MINAS GERAIS - IDENE,3,3,90,14,71,1,,20,608,124,4,325,4325,1,,,46607.00,0,PROMOÇÃO DO DESENVOLVIMENTO SOCIOECONÔMICO DO NORTE E NORDESTE DE MINAS GERAIS,PROMOÇÃO DO DESENVOLVIMENTO DO NORTE E NORDESTE DE MINAS GERAIS
2027,1480,SECRETARIA DE ESTADO DE DESENVOLVIMENTO SOCIAL - IDENE,3,,2421,INSTITUTO DE DESENVOLVIMENTO DO NORTE E NORDESTE DE MINAS GERAIS - IDENE,3,3,90,33,71,1,,20,608,124,4,325,4325,1,,,36794.00,0,PROMOÇÃO DO DESENVOLVIMENTO SOCIOECONÔMICO DO NORTE E NORDESTE DE MINAS GERAIS,PROMOÇÃO DO DESENVOLVIMENTO DO NORTE E NORDESTE DE MINAS GERAIS
2027,1480,SECRETARIA DE ESTADO DE DESENVOLVIMENTO SOCIAL - IDENE,3,,2421,INSTITUTO DE DESENVOLVIMENTO DO NORTE E NORDESTE DE MINAS GERAIS - IDENE,3,3,90,39,71,1,,20,608,124,4,325,4325,1,,,515000.00,0,PROMOÇÃO DO DESENVOLVIMENTO SOCIOECONÔMICO DO NORTE E NORDESTE DE MINAS GERAIS,PROMOÇÃO DO DESENVOLVIMENTO DO NORTE E NORDESTE DE MINAS GERAIS
2027,1480,SECRETARIA DE ESTADO DE DESENVOLVIMENTO SOCIAL - IDENE,3,,2421,INSTITUTO DE DESENVOLVIMENTO DO NORTE E NORDESTE DE MINAS GERAIS - IDENE,3,3,90,46,71,7,,20,608,124,4,325,4325,1,,,504662.00,0,PROMOÇÃO DO DESENVOLVIMENTO SOCIOECONÔMICO DO NORTE E NORDESTE DE MINAS GERAIS,PROMOÇÃO DO DESENVOLVIMENTO DO NORTE E NORDESTE DE MINAS GERAIS
2027,1480,SECRETARIA DE ESTADO DE DESENVOLVIMENTO SOCIAL - IDENE,3,,2421,INSTITUTO DE DESENVOLVIMENTO DO NORTE E NORDESTE DE MINAS GERAIS - IDENE,3,3,90,49,71,7,,20,608,124,4,325,4325,1,,,28935.00,0,PROMOÇÃO DO DESENVOLVIMENTO SOCIOECONÔMICO DO NORTE E NORDESTE DE MINAS GERAIS,PROMOÇÃO DO DESENVOLVIMENTO DO NORTE E NORDESTE DE MINAS GERAIS
2027,1480,SECRETARIA DE ESTADO DE DESENVOLVIMENTO SOCIAL - IDENE,3,,2421,INSTITUTO DE DESENVOLVIMENTO DO NORTE E NORDESTE DE MINAS GERAIS - IDENE,3,1,90,11,71,1,,20,608,124,4,516,4516,1,,,2462960.00,0,APOIO À MECANIZAÇÃO DA PRODUÇÃO AGRÍCOLA,PROMOÇÃO DO DESENVOLVIMENTO DO NORTE E NORDESTE DE MINAS GERAIS
2027,1480,SECRETARIA DE ESTADO DE DESENVOLVIMENTO SOCIAL - IDENE,3,,2421,INSTITUTO DE DESENVOLVIMENTO DO NORTE E NORDESTE DE MINAS GERAIS - IDENE,3,1,90,13,71,1,,20,608,124,4,516,4516,1,,,191640.00,0,APOIO À MECANIZAÇÃO DA PRODUÇÃO AGRÍCOLA,PROMOÇÃO DO DESENVOLVIMENTO DO NORTE E NORDESTE DE MINAS GERAIS
2027,1480,SECRETARIA DE ESTADO DE DESENVOLVIMENTO SOCIAL - IDENE,3,,2421,INSTITUTO DE DESENVOLVIMENTO DO NORTE E NORDESTE DE MINAS GERAIS - IDENE,3,1,91,13,71,1,,20,608,124,4,516,4516,1,,,534161.00,0,APOIO À MECANIZAÇÃO DA PRODUÇÃO AGRÍCOLA,PROMOÇÃO DO DESENVOLVIMENTO DO NORTE E NORDESTE DE MINAS GERAIS
2027,1480,SECRETARIA DE ESTADO DE DESENVOLVIMENTO SOCIAL - IDENE,3,,2421,INSTITUTO DE DESENVOLVIMENTO DO NORTE E NORDESTE DE MINAS GERAIS - IDENE,3,3,90,14,71,1,,20,608,124,4,516,4516,1,,,13982.00,0,APOIO À MECANIZAÇÃO DA PRODUÇÃO AGRÍCOLA,PROMOÇÃO DO DESENVOLVIMENTO DO NORTE E NORDESTE DE MINAS GERAIS
2027,1480,SECRETARIA DE ESTADO DE DESENVOLVIMENTO SOCIAL - IDENE,3,,2421,INSTITUTO DE DESENVOLVIMENTO DO NORTE E NORDESTE DE MINAS GERAIS - IDENE,3,3,90,46,71,7,,20,608,124,4,516,4516,1,,,642430.00,0,APOIO À MECANIZAÇÃO DA PRODUÇÃO AGRÍCOLA,PROMOÇÃO DO DESENVOLVIMENTO DO NORTE E NORDESTE DE MINAS GERAIS
2027,1480,SECRETARIA DE ESTADO DE DESENVOLVIMENTO SOCIAL - IDENE,3,,2421,INSTITUTO DE DESENVOLVIMENTO DO NORTE E NORDESTE DE MINAS GERAIS - IDENE,3,3,90,49,71,7,,20,608,124,4,516,4516,1,,,36834.00,0,APOIO À MECANIZAÇÃO DA PRODUÇÃO AGRÍCOLA,PROMOÇÃO DO DESENVOLVIMENTO DO NORTE E NORDESTE DE MINAS GERAIS
2027,1480,SECRETARIA DE ESTADO DE DESENVOLVIMENTO SOCIAL - IDENE,3,,2421,INSTITUTO DE DESENVOLVIMENTO DO NORTE E NORDESTE DE MINAS GERAIS - IDENE,3,1,90,91,10,9,,28,846,705,7,4,7004,1,,,1000.00,0,PRECATÓRIOS E SENTENÇAS JUDICIÁRIAS,APOIO ÀS POLÍTICAS PÚBLICAS
2027,1480,SECRETARIA DE ESTADO DE DESENVOLVIMENTO SOCIAL - IDENE,3,,2421,INSTITUTO DE DESENVOLVIMENTO DO NORTE E NORDESTE DE MINAS GERAIS - IDENE,3,3,90,14,71,1,,8,511,56,1,43,1043,1,,,1000.00,0,PROMOÇÃO DO SANEAMENTO BÁSICO,DESENVOLVIMENTO DA INFRAESTRUTURA DO NORTE E NORDESTE DE MINAS GERAIS
2027,1480,SECRETARIA DE ESTADO DE DESENVOLVIMENTO SOCIAL - IDENE,3,,2421,INSTITUTO DE DESENVOLVIMENTO DO NORTE E NORDESTE DE MINAS GERAIS - IDENE,3,3,90,14,71,1,,8,544,101,1,16,1016,1,,,37285.00,0,PROMOÇÃO DE INFRAESTRUTURA HÍDRICA DE PEQUENO PORTE NO NORTE E NORDESTE DE MINAS GERAIS,PROGRAMA ENCONTRO DAS ÁGUAS
2027,1480,SECRETARIA DE ESTADO DE DESENVOLVIMENTO SOCIAL - IDENE,3,,2421,INSTITUTO DE DESENVOLVIMENTO DO NORTE E NORDESTE DE MINAS GERAIS - IDENE,3,3,90,37,71,1,,8,544,101,1,16,1016,1,,,448409.00,0,PROMOÇÃO DE INFRAESTRUTURA HÍDRICA DE PEQUENO PORTE NO NORTE E NORDESTE DE MINAS GERAIS,PROGRAMA ENCONTRO DAS ÁGUAS
2027,1480,SECRETARIA DE ESTADO DE DESENVOLVIMENTO SOCIAL - IDENE,3,,2421,INSTITUTO DE DESENVOLVIMENTO DO NORTE E NORDESTE DE MINAS GERAIS - IDENE,4,4,90,51,71,1,,8,544,101,1,16,1016,1,,,477508.00,0,PROMOÇÃO DE INFRAESTRUTURA HÍDRICA DE PEQUENO PORTE NO NORTE E NORDESTE DE MINAS GERAIS,PROGRAMA ENCONTRO DAS ÁGUAS
2027,1480,SECRETARIA DE ESTADO DE DESENVOLVIMENTO SOCIAL - IDENE,3,,2421,INSTITUTO DE DESENVOLVIMENTO DO NORTE E NORDESTE DE MINAS GERAIS - IDENE,4,4,90,52,71,1,,8,544,101,1,16,1016,1,,,1300000.00,0,PROMOÇÃO DE INFRAESTRUTURA HÍDRICA DE PEQUENO PORTE NO NORTE E NORDESTE DE MINAS GERAIS,PROGRAMA ENCONTRO DAS ÁGUAS
2027,1480,SECRETARIA DE ESTADO DE DESENVOLVIMENTO SOCIAL - IDENE,3,,2421,INSTITUTO DE DESENVOLVIMENTO DO NORTE E NORDESTE DE MINAS GERAIS - IDENE,3,3,90,32,71,1,,8,544,101,1,32,1032,1,,,723350.00,0,PROMOÇÃO DO ACESSO A EQUIPAMENTOS DE ARMAZENAGEM E DISTRIBUIÇÃO DE RECURSOS HÍDRICOS NO NORTE E NORDESTE DE MINAS GERAIS,PROGRAMA ENCONTRO DAS ÁGUAS
2027,1480,SECRETARIA DE ESTADO DE DESENVOLVIMENTO SOCIAL - IDENE,3,,2421,INSTITUTO DE DESENVOLVIMENTO DO NORTE E NORDESTE DE MINAS GERAIS - IDENE,3,3,90,37,71,1,,8,544,101,1,32,1032,1,,,3153880.00,0,PROMOÇÃO DO ACESSO A EQUIPAMENTOS DE ARMAZENAGEM E DISTRIBUIÇÃO DE RECURSOS HÍDRICOS NO NORTE E NORDESTE DE MINAS GERAIS,PROGRAMA ENCONTRO DAS ÁGUAS
2027,1480,SECRETARIA DE ESTADO DE DESENVOLVIMENTO SOCIAL - FIA,3,,4091,FUNDO PARA A INFÂNCIA E A ADOLESCÊNCIA - FIA,3,3,50,43,45,1,,14,243,23,4,207,4207,1,,,31584.00,0,PROJETOS ESPECIAIS DE PROMOÇÃO E PROTEÇÃO DE CRIANÇAS E ADOLESCENTES,POLÍTICAS PARA CRIANÇAS E ADOLESCENTES
2027,1480,SECRETARIA DE ESTADO DE DESENVOLVIMENTO SOCIAL - FIA,3,,4091,FUNDO PARA A INFÂNCIA E A ADOLESCÊNCIA - FIA,3,3,50,43,60,1,,14,243,23,4,207,4207,1,,,13536.00,0,PROJETOS ESPECIAIS DE PROMOÇÃO E PROTEÇÃO DE CRIANÇAS E ADOLESCENTES,POLÍTICAS PARA CRIANÇAS E ADOLESCENTES
2027,1480,SECRETARIA DE ESTADO DE DESENVOLVIMENTO SOCIAL - FIA,3,,4091,FUNDO PARA A INFÂNCIA E A ADOLESCÊNCIA - FIA,3,3,50,43,45,1,,14,243,68,4,428,4428,1,,,564696.00,0,PROJETOS ESPECIAIS DE PROMOÇÃO E PROTEÇÃO DA PRIMEIRA INFÂNCIA,PRIMEIRA INFÂNCIA MINAS
2027,1480,SECRETARIA DE ESTADO DE DESENVOLVIMENTO SOCIAL - FIA,3,,4091,FUNDO PARA A INFÂNCIA E A ADOLESCÊNCIA - FIA,3,3,50,43,60,1,,14,243,68,4,428,4428,1,,,50279.00,0,PROJETOS ESPECIAIS DE PROMOÇÃO E PROTEÇÃO DA PRIMEIRA INFÂNCIA,PRIMEIRA INFÂNCIA MINAS
2027,1480,SECRETARIA DE ESTADO DE DESENVOLVIMENTO SOCIAL - FEAS,3,,4251,FUNDO ESTADUAL DE ASSISTÊNCIA SOCIAL - FEAS,3,3,41,41,71,1,,8,242,71,4,25,4025,1,,,240000.00,0,"APOIO AOS CENTROS- DIA DE REFERÊNCIA PARA PESSOAS COM DEFICIÊNCIA, IDOSAS E SUAS FAMÍLIAS",FORTALECIMENTO DO SISTEMA ÚNICO DE ASSISTÊNCIA SOCIAL - SUAS
2027,1480,SECRETARIA DE ESTADO DE DESENVOLVIMENTO SOCIAL - FEAS,3,,4251,FUNDO ESTADUAL DE ASSISTÊNCIA SOCIAL - FEAS,3,3,90,39,71,1,,8,244,71,2,74,2074,1,,,12000.00,0,APRIMORAMENTO DA REDE SOCIOASSISTENCIAL,FORTALECIMENTO DO SISTEMA ÚNICO DE ASSISTÊNCIA SOCIAL - SUAS
2027,1480,SECRETARIA DE ESTADO DE DESENVOLVIMENTO SOCIAL - FEAS,3,,4251,FUNDO ESTADUAL DE ASSISTÊNCIA SOCIAL - FEAS,4,4,90,52,5,1,,8,244,71,2,74,2074,1,,,100000.00,0,APRIMORAMENTO DA REDE SOCIOASSISTENCIAL,FORTALECIMENTO DO SISTEMA ÚNICO DE ASSISTÊNCIA SOCIAL - SUAS
2027,1480,SECRETARIA DE ESTADO DE DESENVOLVIMENTO SOCIAL - FEAS,3,,4251,FUNDO ESTADUAL DE ASSISTÊNCIA SOCIAL - FEAS,4,4,90,52,6,1,,8,244,71,2,74,2074,1,,,100000.00,0,APRIMORAMENTO DA REDE SOCIOASSISTENCIAL,FORTALECIMENTO DO SISTEMA ÚNICO DE ASSISTÊNCIA SOCIAL - SUAS
2027,1480,SECRETARIA DE ESTADO DE DESENVOLVIMENTO SOCIAL - FEAS,3,,4251,FUNDO ESTADUAL DE ASSISTÊNCIA SOCIAL - FEAS,3,3,41,41,56,1,,8,244,71,4,429,4429,1,,,1398617.00,0,PROTEÇÃO SOCIAL ESPECIAL DE MÉDIA COMPLEXIDADE,FORTALECIMENTO DO SISTEMA ÚNICO DE ASSISTÊNCIA SOCIAL - SUAS
2027,1480,SECRETARIA DE ESTADO DE DESENVOLVIMENTO SOCIAL - FEAS,3,,4251,FUNDO ESTADUAL DE ASSISTÊNCIA SOCIAL - FEAS,3,3,41,41,71,1,,8,244,71,4,429,4429,1,,,11292000.00,0,PROTEÇÃO SOCIAL ESPECIAL DE MÉDIA COMPLEXIDADE,FORTALECIMENTO DO SISTEMA ÚNICO DE ASSISTÊNCIA SOCIAL - SUAS
2027,1480,SECRETARIA DE ESTADO DE DESENVOLVIMENTO SOCIAL - FEAS,3,,4251,FUNDO ESTADUAL DE ASSISTÊNCIA SOCIAL - FEAS,3,3,90,14,56,1,,8,244,71,4,429,4429,1,,,31121.00,0,PROTEÇÃO SOCIAL ESPECIAL DE MÉDIA COMPLEXIDADE,FORTALECIMENTO DO SISTEMA ÚNICO DE ASSISTÊNCIA SOCIAL - SUAS
2027,1480,SECRETARIA DE ESTADO DE DESENVOLVIMENTO SOCIAL - FEAS,3,,4251,FUNDO ESTADUAL DE ASSISTÊNCIA SOCIAL - FEAS,3,3,90,14,71,1,,8,244,71,4,429,4429,1,,,37359.00,0,PROTEÇÃO SOCIAL ESPECIAL DE MÉDIA COMPLEXIDADE,FORTALECIMENTO DO SISTEMA ÚNICO DE ASSISTÊNCIA SOCIAL - SUAS
2027,1480,SECRETARIA DE ESTADO DE DESENVOLVIMENTO SOCIAL - FEAS,3,,4251,FUNDO ESTADUAL DE ASSISTÊNCIA SOCIAL - FEAS,3,3,90,30,56,1,,8,244,71,4,429,4429,1,,,23800.00,0,PROTEÇÃO SOCIAL ESPECIAL DE MÉDIA COMPLEXIDADE,FORTALECIMENTO DO SISTEMA ÚNICO DE ASSISTÊNCIA SOCIAL - SUAS
2027,1480,SECRETARIA DE ESTADO DE DESENVOLVIMENTO SOCIAL - FEAS,3,,4251,FUNDO ESTADUAL DE ASSISTÊNCIA SOCIAL - FEAS,3,3,90,30,71,1,,8,244,71,4,429,4429,1,,,20000.00,0,PROTEÇÃO SOCIAL ESPECIAL DE MÉDIA COMPLEXIDADE,FORTALECIMENTO DO SISTEMA ÚNICO DE ASSISTÊNCIA SOCIAL - SUAS
2027,1480,SECRETARIA DE ESTADO DE DESENVOLVIMENTO SOCIAL - FEAS,3,,4251,FUNDO ESTADUAL DE ASSISTÊNCIA SOCIAL - FEAS,3,3,90,33,56,1,,8,244,71,4,429,4429,1,,,69586.00,0,PROTEÇÃO SOCIAL ESPECIAL DE MÉDIA COMPLEXIDADE,FORTALECIMENTO DO SISTEMA ÚNICO DE ASSISTÊNCIA SOCIAL - SUAS
2027,1480,SECRETARIA DE ESTADO DE DESENVOLVIMENTO SOCIAL - FEAS,3,,4251,FUNDO ESTADUAL DE ASSISTÊNCIA SOCIAL - FEAS,3,3,90,33,71,1,,8,244,71,4,429,4429,1,,,82716.00,0,PROTEÇÃO SOCIAL ESPECIAL DE MÉDIA COMPLEXIDADE,FORTALECIMENTO DO SISTEMA ÚNICO DE ASSISTÊNCIA SOCIAL - SUAS
2027,1480,SECRETARIA DE ESTADO DE DESENVOLVIMENTO SOCIAL - FEAS,3,,4251,FUNDO ESTADUAL DE ASSISTÊNCIA SOCIAL - FEAS,3,3,90,37,56,1,,8,244,71,4,429,4429,1,,,676318.00,0,PROTEÇÃO SOCIAL ESPECIAL DE MÉDIA COMPLEXIDADE,FORTALECIMENTO DO SISTEMA ÚNICO DE ASSISTÊNCIA SOCIAL - SUAS
2027,1480,SECRETARIA DE ESTADO DE DESENVOLVIMENTO SOCIAL - FEAS,3,,4251,FUNDO ESTADUAL DE ASSISTÊNCIA SOCIAL - FEAS,3,3,90,37,71,1,,8,244,71,4,429,4429,1,,,3569311.00,0,PROTEÇÃO SOCIAL ESPECIAL DE MÉDIA COMPLEXIDADE,FORTALECIMENTO DO SISTEMA ÚNICO DE ASSISTÊNCIA SOCIAL - SUAS
2027,1480,SECRETARIA DE ESTADO DE DESENVOLVIMENTO SOCIAL - FEAS,3,,4251,FUNDO ESTADUAL DE ASSISTÊNCIA SOCIAL - FEAS,3,3,90,39,56,1,,8,244,71,4,429,4429,1,,,730450.00,0,PROTEÇÃO SOCIAL ESPECIAL DE MÉDIA COMPLEXIDADE,FORTALECIMENTO DO SISTEMA ÚNICO DE ASSISTÊNCIA SOCIAL - SUAS
2027,1480,SECRETARIA DE ESTADO DE DESENVOLVIMENTO SOCIAL - FEAS,3,,4251,FUNDO ESTADUAL DE ASSISTÊNCIA SOCIAL - FEAS,3,3,90,40,56,1,,8,244,71,4,429,4429,1,,,95270.00,0,PROTEÇÃO SOCIAL ESPECIAL DE MÉDIA COMPLEXIDADE,FORTALECIMENTO DO SISTEMA ÚNICO DE ASSISTÊNCIA SOCIAL - SUAS
2027,1480,SECRETARIA DE ESTADO DE DESENVOLVIMENTO SOCIAL - FEAS,3,,4251,FUNDO ESTADUAL DE ASSISTÊNCIA SOCIAL - FEAS,3,3,90,47,56,1,,8,244,71,4,429,4429,1,,,1814.00,0,PROTEÇÃO SOCIAL ESPECIAL DE MÉDIA COMPLEXIDADE,FORTALECIMENTO DO SISTEMA ÚNICO DE ASSISTÊNCIA SOCIAL - SUAS
2027,1480,SECRETARIA DE ESTADO DE DESENVOLVIMENTO SOCIAL - FEAS,3,,4251,FUNDO ESTADUAL DE ASSISTÊNCIA SOCIAL - FEAS,3,3,41,41,56,1,,8,244,71,4,430,4430,1,,,550000.00,0,PROTEÇÃO SOCIAL ESPECIAL DE ALTA COMPLEXIDADE,FORTALECIMENTO DO SISTEMA ÚNICO DE ASSISTÊNCIA SOCIAL - SUAS
2027,1480,SECRETARIA DE ESTADO DE DESENVOLVIMENTO SOCIAL - FEAS,3,,4251,FUNDO ESTADUAL DE ASSISTÊNCIA SOCIAL - FEAS,3,3,41,41,71,1,,8,244,71,4,430,4430,1,,,4176000.00,0,PROTEÇÃO SOCIAL ESPECIAL DE ALTA COMPLEXIDADE,FORTALECIMENTO DO SISTEMA ÚNICO DE ASSISTÊNCIA SOCIAL - SUAS
2027,1480,SECRETARIA DE ESTADO DE DESENVOLVIMENTO SOCIAL - FEAS,3,,4251,FUNDO ESTADUAL DE ASSISTÊNCIA SOCIAL - FEAS,3,3,50,43,71,1,,8,244,71,4,430,4430,1,,,10900493.00,0,PROTEÇÃO SOCIAL ESPECIAL DE ALTA COMPLEXIDADE,FORTALECIMENTO DO SISTEMA ÚNICO DE ASSISTÊNCIA SOCIAL - SUAS
2027,1480,SECRETARIA DE ESTADO DE DESENVOLVIMENTO SOCIAL - FEAS,3,,4251,FUNDO ESTADUAL DE ASSISTÊNCIA SOCIAL - FEAS,3,3,41,41,71,1,,8,244,71,4,431,4431,1,,,130783080.00,0,PISO MINEIRO DE ASSISTÊNCIA SOCIAL,FORTALECIMENTO DO SISTEMA ÚNICO DE ASSISTÊNCIA SOCIAL - SUAS
2027,1480,SECRETARIA DE ESTADO DE DESENVOLVIMENTO SOCIAL - FEAS,3,,4251,FUNDO ESTADUAL DE ASSISTÊNCIA SOCIAL - FEAS,3,3,90,14,56,1,,8,244,71,4,433,4433,1,,,11878.00,0,GESTÃO DA POLÍTICA ESTADUAL DE ASSISTÊNCIA SOCIAL,FORTALECIMENTO DO SISTEMA ÚNICO DE ASSISTÊNCIA SOCIAL - SUAS
2027,1480,SECRETARIA DE ESTADO DE DESENVOLVIMENTO SOCIAL - FEAS,3,,4251,FUNDO ESTADUAL DE ASSISTÊNCIA SOCIAL - FEAS,3,3,90,14,71,1,,8,244,71,4,433,4433,1,,,45506.00,0,GESTÃO DA POLÍTICA ESTADUAL DE ASSISTÊNCIA SOCIAL,FORTALECIMENTO DO SISTEMA ÚNICO DE ASSISTÊNCIA SOCIAL - SUAS
2027,1480,SECRETARIA DE ESTADO DE DESENVOLVIMENTO SOCIAL - FEAS,3,,4251,FUNDO ESTADUAL DE ASSISTÊNCIA SOCIAL - FEAS,3,3,90,30,71,1,,8,244,71,4,433,4433,1,,,10000.00,0,GESTÃO DA POLÍTICA ESTADUAL DE ASSISTÊNCIA SOCIAL,FORTALECIMENTO DO SISTEMA ÚNICO DE ASSISTÊNCIA SOCIAL - SUAS
2027,1480,SECRETARIA DE ESTADO DE DESENVOLVIMENTO SOCIAL - FEAS,3,,4251,FUNDO ESTADUAL DE ASSISTÊNCIA SOCIAL - FEAS,3,3,90,33,56,1,,8,244,71,4,433,4433,1,,,94816.00,0,GESTÃO DA POLÍTICA ESTADUAL DE ASSISTÊNCIA SOCIAL,FORTALECIMENTO DO SISTEMA ÚNICO DE ASSISTÊNCIA SOCIAL - SUAS
2027,1480,SECRETARIA DE ESTADO DE DESENVOLVIMENTO SOCIAL - FEAS,3,,4251,FUNDO ESTADUAL DE ASSISTÊNCIA SOCIAL - FEAS,3,3,90,33,71,1,,8,244,71,4,433,4433,1,,,157707.00,0,GESTÃO DA POLÍTICA ESTADUAL DE ASSISTÊNCIA SOCIAL,FORTALECIMENTO DO SISTEMA ÚNICO DE ASSISTÊNCIA SOCIAL - SUAS
2027,1480,SECRETARIA DE ESTADO DE DESENVOLVIMENTO SOCIAL - FEAS,3,,4251,FUNDO ESTADUAL DE ASSISTÊNCIA SOCIAL - FEAS,3,3,90,37,56,1,,8,244,71,4,433,4433,1,,,579317.00,0,GESTÃO DA POLÍTICA ESTADUAL DE ASSISTÊNCIA SOCIAL,FORTALECIMENTO DO SISTEMA ÚNICO DE ASSISTÊNCIA SOCIAL - SUAS
2027,1480,SECRETARIA DE ESTADO DE DESENVOLVIMENTO SOCIAL - FEAS,3,,4251,FUNDO ESTADUAL DE ASSISTÊNCIA SOCIAL - FEAS,3,3,90,37,71,1,,8,244,71,4,433,4433,1,,,542324.00,0,GESTÃO DA POLÍTICA ESTADUAL DE ASSISTÊNCIA SOCIAL,FORTALECIMENTO DO SISTEMA ÚNICO DE ASSISTÊNCIA SOCIAL - SUAS
2027,1480,SECRETARIA DE ESTADO DE DESENVOLVIMENTO SOCIAL - FEAS,3,,4251,FUNDO ESTADUAL DE ASSISTÊNCIA SOCIAL - FEAS,3,3,90,39,56,1,,8,244,71,4,433,4433,1,,,290213.00,0,GESTÃO DA POLÍTICA ESTADUAL DE ASSISTÊNCIA SOCIAL,FORTALECIMENTO DO SISTEMA ÚNICO DE ASSISTÊNCIA SOCIAL - SUAS
2027,1480,SECRETARIA DE ESTADO DE DESENVOLVIMENTO SOCIAL - FEAS,3,,4251,FUNDO ESTADUAL DE ASSISTÊNCIA SOCIAL - FEAS,3,3,90,39,71,1,,8,244,71,4,433,4433,1,,,348739.00,0,GESTÃO DA POLÍTICA ESTADUAL DE ASSISTÊNCIA SOCIAL,FORTALECIMENTO DO SISTEMA ÚNICO DE ASSISTÊNCIA SOCIAL - SUAS
2027,1480,SECRETARIA DE ESTADO DE DESENVOLVIMENTO SOCIAL - FEAS,3,,4251,FUNDO ESTADUAL DE ASSISTÊNCIA SOCIAL - FEAS,3,3,90,40,71,1,,8,244,71,4,433,4433,1,,,261077.00,0,GESTÃO DA POLÍTICA ESTADUAL DE ASSISTÊNCIA SOCIAL,FORTALECIMENTO DO SISTEMA ÚNICO DE ASSISTÊNCIA SOCIAL - SUAS
2027,1480,SECRETARIA DE ESTADO DE DESENVOLVIMENTO SOCIAL - FEAS,3,,4251,FUNDO ESTADUAL DE ASSISTÊNCIA SOCIAL - FEAS,4,4,90,40,71,1,,8,244,71,4,433,4433,1,,,2356706.00,0,GESTÃO DA POLÍTICA ESTADUAL DE ASSISTÊNCIA SOCIAL,FORTALECIMENTO DO SISTEMA ÚNICO DE ASSISTÊNCIA SOCIAL - SUAS
2027,1480,SECRETARIA DE ESTADO DE DESENVOLVIMENTO SOCIAL - FEAS,3,,4251,FUNDO ESTADUAL DE ASSISTÊNCIA SOCIAL - FEAS,3,3,90,14,56,1,,8,244,71,4,434,4434,1,,,81023.00,0,FORTALECIMENTO DO CONTROLE SOCIAL DO SUAS,FORTALECIMENTO DO SISTEMA ÚNICO DE ASSISTÊNCIA SOCIAL - SUAS
2027,1480,SECRETARIA DE ESTADO DE DESENVOLVIMENTO SOCIAL - FEAS,3,,4251,FUNDO ESTADUAL DE ASSISTÊNCIA SOCIAL - FEAS,3,3,90,14,71,1,,8,244,71,4,434,4434,1,,,650729.00,0,FORTALECIMENTO DO CONTROLE SOCIAL DO SUAS,FORTALECIMENTO DO SISTEMA ÚNICO DE ASSISTÊNCIA SOCIAL - SUAS
2027,1480,SECRETARIA DE ESTADO DE DESENVOLVIMENTO SOCIAL - FEAS,3,,4251,FUNDO ESTADUAL DE ASSISTÊNCIA SOCIAL - FEAS,3,3,90,30,71,1,,8,244,71,4,434,4434,1,,,10000.00,0,FORTALECIMENTO DO CONTROLE SOCIAL DO SUAS,FORTALECIMENTO DO SISTEMA ÚNICO DE ASSISTÊNCIA SOCIAL - SUAS
2027,1480,SECRETARIA DE ESTADO DE DESENVOLVIMENTO SOCIAL - FEAS,3,,4251,FUNDO ESTADUAL DE ASSISTÊNCIA SOCIAL - FEAS,3,3,90,33,56,1,,8,244,71,4,434,4434,1,,,127460.00,0,FORTALECIMENTO DO CONTROLE SOCIAL DO SUAS,FORTALECIMENTO DO SISTEMA ÚNICO DE ASSISTÊNCIA SOCIAL - SUAS
2027,1480,SECRETARIA DE ESTADO DE DESENVOLVIMENTO SOCIAL - FEAS,3,,4251,FUNDO ESTADUAL DE ASSISTÊNCIA SOCIAL - FEAS,3,3,90,33,71,1,,8,244,71,4,434,4434,1,,,880488.00,0,FORTALECIMENTO DO CONTROLE SOCIAL DO SUAS,FORTALECIMENTO DO SISTEMA ÚNICO DE ASSISTÊNCIA SOCIAL - SUAS
2027,1480,SECRETARIA DE ESTADO DE DESENVOLVIMENTO SOCIAL - FEAS,3,,4251,FUNDO ESTADUAL DE ASSISTÊNCIA SOCIAL - FEAS,3,3,90,36,56,1,,8,244,71,4,434,4434,1,,,333922.00,0,FORTALECIMENTO DO CONTROLE SOCIAL DO SUAS,FORTALECIMENTO DO SISTEMA ÚNICO DE ASSISTÊNCIA SOCIAL - SUAS
2027,1480,SECRETARIA DE ESTADO DE DESENVOLVIMENTO SOCIAL - FEAS,3,,4251,FUNDO ESTADUAL DE ASSISTÊNCIA SOCIAL - FEAS,3,3,90,36,71,1,,8,244,71,4,434,4434,1,,,88864.00,0,FORTALECIMENTO DO CONTROLE SOCIAL DO SUAS,FORTALECIMENTO DO SISTEMA ÚNICO DE ASSISTÊNCIA SOCIAL - SUAS
2027,1480,SECRETARIA DE ESTADO DE DESENVOLVIMENTO SOCIAL - FEAS,3,,4251,FUNDO ESTADUAL DE ASSISTÊNCIA SOCIAL - FEAS,3,3,90,37,56,1,,8,244,71,4,434,4434,1,,,39270.00,0,FORTALECIMENTO DO CONTROLE SOCIAL DO SUAS,FORTALECIMENTO DO SISTEMA ÚNICO DE ASSISTÊNCIA SOCIAL - SUAS
2027,1480,SECRETARIA DE ESTADO DE DESENVOLVIMENTO SOCIAL - FEAS,3,,4251,FUNDO ESTADUAL DE ASSISTÊNCIA SOCIAL - FEAS,3,3,90,37,71,1,,8,244,71,4,434,4434,1,,,465799.00,0,FORTALECIMENTO DO CONTROLE SOCIAL DO SUAS,FORTALECIMENTO DO SISTEMA ÚNICO DE ASSISTÊNCIA SOCIAL - SUAS
2027,1480,SECRETARIA DE ESTADO DE DESENVOLVIMENTO SOCIAL - FEAS,3,,4251,FUNDO ESTADUAL DE ASSISTÊNCIA SOCIAL - FEAS,3,3,90,39,56,1,,8,244,71,4,434,4434,1,,,19290.00,0,FORTALECIMENTO DO CONTROLE SOCIAL DO SUAS,FORTALECIMENTO DO SISTEMA ÚNICO DE ASSISTÊNCIA SOCIAL - SUAS
2027,1480,SECRETARIA DE ESTADO DE DESENVOLVIMENTO SOCIAL - FEAS,3,,4251,FUNDO ESTADUAL DE ASSISTÊNCIA SOCIAL - FEAS,3,3,90,39,71,1,,8,244,71,4,434,4434,1,,,5522009.00,0,FORTALECIMENTO DO CONTROLE SOCIAL DO SUAS,FORTALECIMENTO DO SISTEMA ÚNICO DE ASSISTÊNCIA SOCIAL - SUAS
2027,1480,SECRETARIA DE ESTADO DE DESENVOLVIMENTO SOCIAL - FEAS,3,,4251,FUNDO ESTADUAL DE ASSISTÊNCIA SOCIAL - FEAS,4,4,90,52,71,1,,8,244,71,4,434,4434,1,,,80285.00,0,FORTALECIMENTO DO CONTROLE SOCIAL DO SUAS,FORTALECIMENTO DO SISTEMA ÚNICO DE ASSISTÊNCIA SOCIAL - SUAS
2027,1480,SECRETARIA DE ESTADO DE DESENVOLVIMENTO SOCIAL - FEAS,3,,4251,FUNDO ESTADUAL DE ASSISTÊNCIA SOCIAL - FEAS,3,3,90,14,56,1,,8,244,71,4,435,4435,1,,,119999.00,0,EDUCAÇÃO PERMANENTE DO SUAS,FORTALECIMENTO DO SISTEMA ÚNICO DE ASSISTÊNCIA SOCIAL - SUAS
2027,1480,SECRETARIA DE ESTADO DE DESENVOLVIMENTO SOCIAL - FEAS,3,,4251,FUNDO ESTADUAL DE ASSISTÊNCIA SOCIAL - FEAS,3,3,90,14,71,1,,8,244,71,4,435,4435,1,,,35653.00,0,EDUCAÇÃO PERMANENTE DO SUAS,FORTALECIMENTO DO SISTEMA ÚNICO DE ASSISTÊNCIA SOCIAL - SUAS
2027,1480,SECRETARIA DE ESTADO DE DESENVOLVIMENTO SOCIAL - FEAS,3,,4251,FUNDO ESTADUAL DE ASSISTÊNCIA SOCIAL - FEAS,3,3,90,33,56,1,,8,244,71,4,435,4435,1,,,768709.00,0,EDUCAÇÃO PERMANENTE DO SUAS,FORTALECIMENTO DO SISTEMA ÚNICO DE ASSISTÊNCIA SOCIAL - SUAS
2027,1480,SECRETARIA DE ESTADO DE DESENVOLVIMENTO SOCIAL - FEAS,3,,4251,FUNDO ESTADUAL DE ASSISTÊNCIA SOCIAL - FEAS,3,3,90,33,71,1,,8,244,71,4,435,4435,1,,,89568.00,0,EDUCAÇÃO PERMANENTE DO SUAS,FORTALECIMENTO DO SISTEMA ÚNICO DE ASSISTÊNCIA SOCIAL - SUAS
2027,1480,SECRETARIA DE ESTADO DE DESENVOLVIMENTO SOCIAL - FEAS,3,,4251,FUNDO ESTADUAL DE ASSISTÊNCIA SOCIAL - FEAS,3,3,90,36,56,1,,8,244,71,4,435,4435,1,,,345533.00,0,EDUCAÇÃO PERMANENTE DO SUAS,FORTALECIMENTO DO SISTEMA ÚNICO DE ASSISTÊNCIA SOCIAL - SUAS
2027,1480,SECRETARIA DE ESTADO DE DESENVOLVIMENTO SOCIAL - FEAS,3,,4251,FUNDO ESTADUAL DE ASSISTÊNCIA SOCIAL - FEAS,3,3,90,36,71,1,,8,244,71,4,435,4435,1,,,53277.00,0,EDUCAÇÃO PERMANENTE DO SUAS,FORTALECIMENTO DO SISTEMA ÚNICO DE ASSISTÊNCIA SOCIAL - SUAS
2027,1480,SECRETARIA DE ESTADO DE DESENVOLVIMENTO SOCIAL - FEAS,3,,4251,FUNDO ESTADUAL DE ASSISTÊNCIA SOCIAL - FEAS,3,3,90,37,56,1,,8,244,71,4,435,4435,1,,,158390.00,0,EDUCAÇÃO PERMANENTE DO SUAS,FORTALECIMENTO DO SISTEMA ÚNICO DE ASSISTÊNCIA SOCIAL - SUAS
2027,1480,SECRETARIA DE ESTADO DE DESENVOLVIMENTO SOCIAL - FEAS,3,,4251,FUNDO ESTADUAL DE ASSISTÊNCIA SOCIAL - FEAS,3,3,90,37,71,1,,8,244,71,4,435,4435,1,,,40931.00,0,EDUCAÇÃO PERMANENTE DO SUAS,FORTALECIMENTO DO SISTEMA ÚNICO DE ASSISTÊNCIA SOCIAL - SUAS
2027,1480,SECRETARIA DE ESTADO DE DESENVOLVIMENTO SOCIAL - FEAS,3,,4251,FUNDO ESTADUAL DE ASSISTÊNCIA SOCIAL - FEAS,3,3,90,39,56,1,,8,244,71,4,435,4435,1,,,2726295.00,0,EDUCAÇÃO PERMANENTE DO SUAS,FORTALECIMENTO DO SISTEMA ÚNICO DE ASSISTÊNCIA SOCIAL - SUAS
2027,1480,SECRETARIA DE ESTADO DE DESENVOLVIMENTO SOCIAL - FEAS,3,,4251,FUNDO ESTADUAL DE ASSISTÊNCIA SOCIAL - FEAS,3,3,90,39,71,1,,8,244,71,4,435,4435,1,,,1205000.00,0,EDUCAÇÃO PERMANENTE DO SUAS,FORTALECIMENTO DO SISTEMA ÚNICO DE ASSISTÊNCIA SOCIAL - SUAS
2027,1480,SECRETARIA DE ESTADO DE DESENVOLVIMENTO SOCIAL - FEAS,3,,4251,FUNDO ESTADUAL DE ASSISTÊNCIA SOCIAL - FEAS,4,4,90,40,71,1,,8,244,71,4,435,4435,1,,,241898.00,0,EDUCAÇÃO PERMANENTE DO SUAS,FORTALECIMENTO DO SISTEMA ÚNICO DE ASSISTÊNCIA SOCIAL - SUAS
2027,1480,SECRETARIA DE ESTADO DE DESENVOLVIMENTO SOCIAL - FEAS,3,,4251,FUNDO ESTADUAL DE ASSISTÊNCIA SOCIAL - FEAS,4,4,90,52,71,1,,8,244,71,4,435,4435,1,,,440000.00,0,EDUCAÇÃO PERMANENTE DO SUAS,FORTALECIMENTO DO SISTEMA ÚNICO DE ASSISTÊNCIA SOCIAL - SUAS
2027,1480,SECRETARIA DE ESTADO DE DESENVOLVIMENTO SOCIAL - FUNDIF,3,,4421,FUNDO ESTADUAL DE DEFESA DE DIREITOS DIFUSOS - FUNDIF,3,3,50,43,39,1,,14,422,70,4,179,4179,1,,,8906618.00,0, PROJETOS ESPECIAIS DE RECUPERAÇÃO DE DANOS AOS DIREITOS DIFUSOS,POLÍTICAS DE DIREITOS HUMANOS
2027,1480,SECRETARIA DE ESTADO DE DESENVOLVIMENTO SOCIAL - FEI,3,,4601,FUNDO ESTADUAL DOS DIREITOS DO IDOSO - FEI,3,3,50,43,45,1,,14,241,70,4,180,4180,1,,,1312610.00,0,PROJETOS ESPECIAIS DE PROMOÇÃO E PROTEÇÃO DOS DIREITOS DE PESSOAS IDOSAS,POLÍTICAS DE DIREITOS HUMANOS
2027,1480,SECRETARIA DE ESTADO DE DESENVOLVIMENTO SOCIAL - FET-MG,3,,4701,FUNDO ESTADUAL DO TRABALHO DE MINAS GERAIS - FET-MG,3,3,90,14,57,1,,11,334,66,4,152,4152,1,,,60794.00,0,FOMENTO ÀS UNIDADES DE ATENDIMENTO AO TRABALHADOR,POLÍTICAS DE TRABALHO E EMPREGO
2027,1480,SECRETARIA DE ESTADO DE DESENVOLVIMENTO SOCIAL - FET-MG,3,,4701,FUNDO ESTADUAL DO TRABALHO DE MINAS GERAIS - FET-MG,3,3,90,33,57,1,,11,334,66,4,152,4152,1,,,41000.00,0,FOMENTO ÀS UNIDADES DE ATENDIMENTO AO TRABALHADOR,POLÍTICAS DE TRABALHO E EMPREGO
2027,1480,SECRETARIA DE ESTADO DE DESENVOLVIMENTO SOCIAL - FET-MG,3,,4701,FUNDO ESTADUAL DO TRABALHO DE MINAS GERAIS - FET-MG,3,3,90,39,57,1,,11,334,66,4,152,4152,1,,,2032089.00,0,FOMENTO ÀS UNIDADES DE ATENDIMENTO AO TRABALHADOR,POLÍTICAS DE TRABALHO E EMPREGO
2027,1480,SECRETARIA DE ESTADO DE DESENVOLVIMENTO SOCIAL - FET-MG,3,,4701,FUNDO ESTADUAL DO TRABALHO DE MINAS GERAIS - FET-MG,4,4,90,40,57,1,,11,334,66,4,152,4152,1,,,66928.00,0,FOMENTO ÀS UNIDADES DE ATENDIMENTO AO TRABALHADOR,POLÍTICAS DE TRABALHO E EMPREGO
2027,1480,SECRETARIA DE ESTADO DE DESENVOLVIMENTO SOCIAL - FET-MG,3,,4701,FUNDO ESTADUAL DO TRABALHO DE MINAS GERAIS - FET-MG,4,4,90,52,57,1,,11,334,66,4,152,4152,1,,,230560.00,0,FOMENTO ÀS UNIDADES DE ATENDIMENTO AO TRABALHADOR,POLÍTICAS DE TRABALHO E EMPREGO
2027,1480,SECRETARIA DE ESTADO DE DESENVOLVIMENTO SOCIAL - FET-MG,3,,4701,FUNDO ESTADUAL DO TRABALHO DE MINAS GERAIS - FET-MG,3,3,90,39,57,1,,12,363,67,4,159,4159,1,,,3002001.00,1,FORMAÇÃO E ORIENTAÇÃO PARA A INSERÇÃO DO TRABALHADOR NO MERCADO DE TRABALHO,REDE DE DESENVOLVIMENTO DA EDUCAÇÃO PROFISSIONAL
2027,1490,SECRETARIA DE ESTADO DE GOVERNO - SEGOV,3,,1491,SECRETARIA DE ESTADO DE GOVERNO - SEGOV,3,3,90,33,10,1,,4,122,115,2,42,2042,1,,,36376.00,0,Acompanhamento do Processo Legislativo,Gestão do Processo Legislativo Estadual sob a responsabilidade do Poder Executivo.
2027,1490,SECRETARIA DE ESTADO DE GOVERNO - SEGOV,3,,1491,SECRETARIA DE ESTADO DE GOVERNO - SEGOV,3,3,90,37,10,1,,4,122,115,2,42,2042,1,,,546179.00,0,Acompanhamento do Processo Legislativo,Gestão do Processo Legislativo Estadual sob a responsabilidade do Poder Executivo.
2027,1490,SECRETARIA DE ESTADO DE GOVERNO - SEGOV,3,,1491,SECRETARIA DE ESTADO DE GOVERNO - SEGOV,3,3,90,14,10,1,,4,122,119,2,43,2043,1,,,140400.00,0,Fiscalização dos Instrumentos de Repasses de Recursos no Âmbito do Programa de Apoio ao Desenvolvimento Municipal,Apoio ao Desenvolvimento Municipal e à Coordenação das Transferências Estaduais de Recursos Financeiros
2027,1490,SECRETARIA DE ESTADO DE GOVERNO - SEGOV,3,,1491,SECRETARIA DE ESTADO DE GOVERNO - SEGOV,3,3,90,30,10,1,,4,122,119,2,43,2043,1,,,190900.00,0,Fiscalização dos Instrumentos de Repasses de Recursos no Âmbito do Programa de Apoio ao Desenvolvimento Municipal,Apoio ao Desenvolvimento Municipal e à Coordenação das Transferências Estaduais de Recursos Financeiros
2027,1490,SECRETARIA DE ESTADO DE GOVERNO - SEGOV,3,,1491,SECRETARIA DE ESTADO DE GOVERNO - SEGOV,3,3,90,36,10,1,,4,122,119,2,43,2043,1,,,2200.00,0,Fiscalização dos Instrumentos de Repasses de Recursos no Âmbito do Programa de Apoio ao Desenvolvimento Municipal,Apoio ao Desenvolvimento Municipal e à Coordenação das Transferências Estaduais de Recursos Financeiros
2027,1490,SECRETARIA DE ESTADO DE GOVERNO - SEGOV,3,,1491,SECRETARIA DE ESTADO DE GOVERNO - SEGOV,3,3,90,37,10,1,,4,122,119,2,43,2043,1,,,1298572.00,0,Fiscalização dos Instrumentos de Repasses de Recursos no Âmbito do Programa de Apoio ao Desenvolvimento Municipal,Apoio ao Desenvolvimento Municipal e à Coordenação das Transferências Estaduais de Recursos Financeiros
2027,1490,SECRETARIA DE ESTADO DE GOVERNO - SEGOV,3,,1491,SECRETARIA DE ESTADO DE GOVERNO - SEGOV,3,3,90,39,10,1,,4,122,119,2,43,2043,1,,,199100.00,0,Fiscalização dos Instrumentos de Repasses de Recursos no Âmbito do Programa de Apoio ao Desenvolvimento Municipal,Apoio ao Desenvolvimento Municipal e à Coordenação das Transferências Estaduais de Recursos Financeiros
2027,1490,SECRETARIA DE ESTADO DE GOVERNO - SEGOV,3,,1491,SECRETARIA DE ESTADO DE GOVERNO - SEGOV,3,3,90,33,10,1,,4,122,119,2,45,2045,1,,,45521.00,0,Execução do Programa de Apoio ao Desenvolvimento Municipal - PADEM,Apoio ao Desenvolvimento Municipal e à Coordenação das Transferências Estaduais de Recursos Financeiros
2027,1490,SECRETARIA DE ESTADO DE GOVERNO - SEGOV,3,,1491,SECRETARIA DE ESTADO DE GOVERNO - SEGOV,3,3,90,37,10,1,,4,122,119,2,45,2045,1,,,2934307.00,0,Execução do Programa de Apoio ao Desenvolvimento Municipal - PADEM,Apoio ao Desenvolvimento Municipal e à Coordenação das Transferências Estaduais de Recursos Financeiros
2027,1490,SECRETARIA DE ESTADO DE GOVERNO - SEGOV,3,,1491,SECRETARIA DE ESTADO DE GOVERNO - SEGOV,3,3,90,39,10,1,,4,122,119,2,45,2045,1,,,183087.00,0,Execução do Programa de Apoio ao Desenvolvimento Municipal - PADEM,Apoio ao Desenvolvimento Municipal e à Coordenação das Transferências Estaduais de Recursos Financeiros
2027,1490,SECRETARIA DE ESTADO DE GOVERNO - SEGOV,3,,1491,SECRETARIA DE ESTADO DE GOVERNO - SEGOV,3,3,90,40,10,1,,4,122,119,2,45,2045,1,,,1147.00,0,Execução do Programa de Apoio ao Desenvolvimento Municipal - PADEM,Apoio ao Desenvolvimento Municipal e à Coordenação das Transferências Estaduais de Recursos Financeiros
2027,1490,SECRETARIA DE ESTADO DE GOVERNO - SEGOV,3,,1491,SECRETARIA DE ESTADO DE GOVERNO - SEGOV,3,3,90,93,10,1,,4,122,119,2,45,2045,1,,,300000.00,0,Execução do Programa de Apoio ao Desenvolvimento Municipal - PADEM,Apoio ao Desenvolvimento Municipal e à Coordenação das Transferências Estaduais de Recursos Financeiros
2027,1490,SECRETARIA DE ESTADO DE GOVERNO - SEGOV,3,,1491,SECRETARIA DE ESTADO DE GOVERNO - SEGOV,3,3,90,39,10,1,,4,122,119,2,46,2046,1,,,1000.00,0,Atendimento às Demandas da Participação Cidadã,Apoio ao Desenvolvimento Municipal e à Coordenação das Transferências Estaduais de Recursos Financeiros
2027,1490,SECRETARIA DE ESTADO DE GOVERNO - SEGOV,3,,1491,SECRETARIA DE ESTADO DE GOVERNO - SEGOV,3,3,90,37,10,1,,4,122,120,2,44,2044,1,,,1405217.00,0,"Produção, Modernização e Ampliação do Acesso ao Acervo do DOMG-e",Produção e veiculação do Diário Oficial Eletrônico Minas Gerais
2027,1490,SECRETARIA DE ESTADO DE GOVERNO - SEGOV,3,,1491,SECRETARIA DE ESTADO DE GOVERNO - SEGOV,3,3,90,39,10,1,,4,122,120,2,44,2044,1,,,50160.00,0,"Produção, Modernização e Ampliação do Acesso ao Acervo do DOMG-e",Produção e veiculação do Diário Oficial Eletrônico Minas Gerais
2027,1490,SECRETARIA DE ESTADO DE GOVERNO - SEGOV,3,,1491,SECRETARIA DE ESTADO DE GOVERNO - SEGOV,3,3,90,40,10,1,,4,122,120,2,44,2044,1,,,58241.00,0,"Produção, Modernização e Ampliação do Acesso ao Acervo do DOMG-e",Produção e veiculação do Diário Oficial Eletrônico Minas Gerais
2027,1490,SECRETARIA DE ESTADO DE GOVERNO - SEGOV,3,,1491,SECRETARIA DE ESTADO DE GOVERNO - SEGOV,3,3,90,37,10,1,,4,122,122,2,50,2050,1,,,1128408.00,0,"Gestão, Otimização e Manutenção dos Regulamentos e Sistemas de Coordenação e Operacionalização das Transferências de Recursos para Parceiros Estaduais",FORTALECIMENTO DA GESTÃO DAS TRANSFERÊNCIAS ESTADUAIS
2027,1490,SECRETARIA DE ESTADO DE GOVERNO - SEGOV,3,,1491,SECRETARIA DE ESTADO DE GOVERNO - SEGOV,3,3,90,40,10,1,,4,122,122,2,50,2050,1,,,1248800.00,0,"Gestão, Otimização e Manutenção dos Regulamentos e Sistemas de Coordenação e Operacionalização das Transferências de Recursos para Parceiros Estaduais",FORTALECIMENTO DA GESTÃO DAS TRANSFERÊNCIAS ESTADUAIS
2027,1490,SECRETARIA DE ESTADO DE GOVERNO - SEGOV,3,,1491,SECRETARIA DE ESTADO DE GOVERNO - SEGOV,4,4,90,40,10,1,,4,122,122,2,50,2050,1,,,7040374.00,0,"Gestão, Otimização e Manutenção dos Regulamentos e Sistemas de Coordenação e Operacionalização das Transferências de Recursos para Parceiros Estaduais",FORTALECIMENTO DA GESTÃO DAS TRANSFERÊNCIAS ESTADUAIS
2027,1490,SECRETARIA DE ESTADO DE GOVERNO - SEGOV,3,,1491,SECRETARIA DE ESTADO DE GOVERNO - SEGOV,3,3,90,37,10,1,,4,122,122,2,51,2051,1,,,186891.00,0,Gestão e Operacionalização de Emendas Parlamentares Estaduais,FORTALECIMENTO DA GESTÃO DAS TRANSFERÊNCIAS ESTADUAIS
2027,1490,SECRETARIA DE ESTADO DE GOVERNO - SEGOV,3,,1491,SECRETARIA DE ESTADO DE GOVERNO - SEGOV,3,3,90,40,10,1,,4,122,122,2,51,2051,1,,,1309612.00,0,Gestão e Operacionalização de Emendas Parlamentares Estaduais,FORTALECIMENTO DA GESTÃO DAS TRANSFERÊNCIAS ESTADUAIS
2027,1490,SECRETARIA DE ESTADO DE GOVERNO - SEGOV,3,,1491,SECRETARIA DE ESTADO DE GOVERNO - SEGOV,4,4,90,40,10,1,,4,122,122,2,51,2051,1,,,2981369.00,0,Gestão e Operacionalização de Emendas Parlamentares Estaduais,FORTALECIMENTO DA GESTÃO DAS TRANSFERÊNCIAS ESTADUAIS
2027,1490,SECRETARIA DE ESTADO DE GOVERNO - SEGOV,3,,1491,SECRETARIA DE ESTADO DE GOVERNO - SEGOV,3,3,90,39,10,1,,4,122,122,2,138,2138,1,,,1000.00,0,Reserva para Atendimento das Emendas Parlamentares Individuais e de Blocos e Bancadas,FORTALECIMENTO DA GESTÃO DAS TRANSFERÊNCIAS ESTADUAIS
2027,1490,SECRETARIA DE ESTADO DE GOVERNO - SEGOV,3,,1491,SECRETARIA DE ESTADO DE GOVERNO - SEGOV,3,1,90,11,10,1,,4,122,705,2,417,2417,1,,,38156147.00,0,REMUNERAÇÃO DE PESSOAL ATIVO E ENCARGOS SOCIAIS,APOIO ÀS POLÍTICAS PÚBLICAS
2027,1490,SECRETARIA DE ESTADO DE GOVERNO - SEGOV,3,,1491,SECRETARIA DE ESTADO DE GOVERNO - SEGOV,3,1,90,13,10,1,,4,122,705,2,417,2417,1,,,2845700.00,0,REMUNERAÇÃO DE PESSOAL ATIVO E ENCARGOS SOCIAIS,APOIO ÀS POLÍTICAS PÚBLICAS
2027,1490,SECRETARIA DE ESTADO DE GOVERNO - SEGOV,3,,1491,SECRETARIA DE ESTADO DE GOVERNO - SEGOV,3,1,91,13,10,1,,4,122,705,2,417,2417,1,,,8080743.00,0,REMUNERAÇÃO DE PESSOAL ATIVO E ENCARGOS SOCIAIS,APOIO ÀS POLÍTICAS PÚBLICAS
2027,1490,SECRETARIA DE ESTADO DE GOVERNO - SEGOV,3,,1491,SECRETARIA DE ESTADO DE GOVERNO - SEGOV,3,3,90,46,10,7,,4,122,705,2,417,2417,1,,,5379014.00,0,REMUNERAÇÃO DE PESSOAL ATIVO E ENCARGOS SOCIAIS,APOIO ÀS POLÍTICAS PÚBLICAS
2027,1490,SECRETARIA DE ESTADO DE GOVERNO - SEGOV,3,,1491,SECRETARIA DE ESTADO DE GOVERNO - SEGOV,3,3,90,49,10,7,,4,122,705,2,417,2417,1,,,487800.00,0,REMUNERAÇÃO DE PESSOAL ATIVO E ENCARGOS SOCIAIS,APOIO ÀS POLÍTICAS PÚBLICAS
2027,1490,SECRETARIA DE ESTADO DE GOVERNO - SEGOV,3,,1491,SECRETARIA DE ESTADO DE GOVERNO - SEGOV,3,3,90,14,10,1,,4,122,705,2,500,2500,1,,,118800.00,0,ASSESSORAMENTO E GERENCIAMENTO DE POLÍTICAS PÚBLICAS,APOIO ÀS POLÍTICAS PÚBLICAS
2027,1490,SECRETARIA DE ESTADO DE GOVERNO - SEGOV,3,,1491,SECRETARIA DE ESTADO DE GOVERNO - SEGOV,3,3,90,30,10,1,,4,122,705,2,500,2500,1,,,110100.00,0,ASSESSORAMENTO E GERENCIAMENTO DE POLÍTICAS PÚBLICAS,APOIO ÀS POLÍTICAS PÚBLICAS
2027,1490,SECRETARIA DE ESTADO DE GOVERNO - SEGOV,3,,1491,SECRETARIA DE ESTADO DE GOVERNO - SEGOV,3,3,90,33,10,1,,4,122,705,2,500,2500,1,,,136153.00,0,ASSESSORAMENTO E GERENCIAMENTO DE POLÍTICAS PÚBLICAS,APOIO ÀS POLÍTICAS PÚBLICAS
2027,1490,SECRETARIA DE ESTADO DE GOVERNO - SEGOV,3,,1491,SECRETARIA DE ESTADO DE GOVERNO - SEGOV,3,3,90,36,10,1,,4,122,705,2,500,2500,1,,,21600.00,0,ASSESSORAMENTO E GERENCIAMENTO DE POLÍTICAS PÚBLICAS,APOIO ÀS POLÍTICAS PÚBLICAS
2027,1490,SECRETARIA DE ESTADO DE GOVERNO - SEGOV,3,,1491,SECRETARIA DE ESTADO DE GOVERNO - SEGOV,3,3,90,37,10,1,,4,122,705,2,500,2500,1,,,10320697.00,0,ASSESSORAMENTO E GERENCIAMENTO DE POLÍTICAS PÚBLICAS,APOIO ÀS POLÍTICAS PÚBLICAS
2027,1490,SECRETARIA DE ESTADO DE GOVERNO - SEGOV,3,,1491,SECRETARIA DE ESTADO DE GOVERNO - SEGOV,3,3,90,39,10,1,,4,122,705,2,500,2500,1,,,1054447.00,0,ASSESSORAMENTO E GERENCIAMENTO DE POLÍTICAS PÚBLICAS,APOIO ÀS POLÍTICAS PÚBLICAS
2027,1490,SECRETARIA DE ESTADO DE GOVERNO - SEGOV,3,,1491,SECRETARIA DE ESTADO DE GOVERNO - SEGOV,3,3,90,40,10,1,,4,122,705,2,500,2500,1,,,4548648.00,0,ASSESSORAMENTO E GERENCIAMENTO DE POLÍTICAS PÚBLICAS,APOIO ÀS POLÍTICAS PÚBLICAS
2027,1490,SECRETARIA DE ESTADO DE GOVERNO - SEGOV,3,,1491,SECRETARIA DE ESTADO DE GOVERNO - SEGOV,4,4,90,40,10,1,,4,122,705,2,500,2500,1,,,3251978.00,0,ASSESSORAMENTO E GERENCIAMENTO DE POLÍTICAS PÚBLICAS,APOIO ÀS POLÍTICAS PÚBLICAS
2027,1490,SECRETARIA DE ESTADO DE GOVERNO - SEGOV,3,,1491,SECRETARIA DE ESTADO DE GOVERNO - SEGOV,3,3,90,14,10,1,,4,131,109,2,41,2041,1,,,810000.00,0,Cerimonial e Eventos,Gestão de Cerimonial e Eventos 
2027,1490,SECRETARIA DE ESTADO DE GOVERNO - SEGOV,3,,1491,SECRETARIA DE ESTADO DE GOVERNO - SEGOV,3,3,90,30,10,1,,4,131,109,2,41,2041,1,,,426250.00,0,Cerimonial e Eventos,Gestão de Cerimonial e Eventos 
2027,1490,SECRETARIA DE ESTADO DE GOVERNO - SEGOV,3,,1491,SECRETARIA DE ESTADO DE GOVERNO - SEGOV,3,3,90,31,10,1,,4,131,109,2,41,2041,1,,,200000.00,0,Cerimonial e Eventos,Gestão de Cerimonial e Eventos 
2027,1490,SECRETARIA DE ESTADO DE GOVERNO - SEGOV,3,,1491,SECRETARIA DE ESTADO DE GOVERNO - SEGOV,3,3,90,33,10,1,,4,131,109,2,41,2041,1,,,345600.00,0,Cerimonial e Eventos,Gestão de Cerimonial e Eventos 
2027,1490,SECRETARIA DE ESTADO DE GOVERNO - SEGOV,3,,1491,SECRETARIA DE ESTADO DE GOVERNO - SEGOV,3,3,90,36,10,1,,4,131,109,2,41,2041,1,,,9600.00,0,Cerimonial e Eventos,Gestão de Cerimonial e Eventos 
2027,1490,SECRETARIA DE ESTADO DE GOVERNO - SEGOV,3,,1491,SECRETARIA DE ESTADO DE GOVERNO - SEGOV,3,3,90,37,10,1,,4,131,109,2,41,2041,1,,,5442352.00,0,Cerimonial e Eventos,Gestão de Cerimonial e Eventos 
2027,1490,SECRETARIA DE ESTADO DE GOVERNO - SEGOV,3,,1491,SECRETARIA DE ESTADO DE GOVERNO - SEGOV,3,3,90,39,10,1,,4,131,109,2,41,2041,1,,,9514548.00,0,Cerimonial e Eventos,Gestão de Cerimonial e Eventos 
2027,1490,SECRETARIA DE ESTADO DE GOVERNO - SEGOV,3,,1491,SECRETARIA DE ESTADO DE GOVERNO - SEGOV,3,3,90,40,10,1,,4,131,109,2,41,2041,1,,,366.00,0,Cerimonial e Eventos,Gestão de Cerimonial e Eventos 
2027,1500,SECRETARIA DE ESTADO DE PLANEJAMENTO E GESTÃO - SEPLAG,3,,1501,SECRETARIA DE ESTADO DE PLANEJAMENTO E GESTÃO - SEPLAG,3,3,90,14,10,1,,4,121,157,4,464,4464,1,,,20430.00,0,GESTÃO DO PROCESSO DE ELABORAÇÃO E ACOMPANHAMENTO DO PLANEJAMENTO E ORÇAMENTO ESTADUAL  ,GESTÃO DO PLANEJAMENTO ORÇAMENTÁRIO GOVERNAMENTAL 
2027,1500,SECRETARIA DE ESTADO DE PLANEJAMENTO E GESTÃO - SEPLAG,3,,1501,SECRETARIA DE ESTADO DE PLANEJAMENTO E GESTÃO - SEPLAG,3,3,90,33,10,1,,4,121,157,4,464,4464,1,,,40404.00,0,GESTÃO DO PROCESSO DE ELABORAÇÃO E ACOMPANHAMENTO DO PLANEJAMENTO E ORÇAMENTO ESTADUAL  ,GESTÃO DO PLANEJAMENTO ORÇAMENTÁRIO GOVERNAMENTAL 
2027,1500,SECRETARIA DE ESTADO DE PLANEJAMENTO E GESTÃO - SEPLAG,3,,1501,SECRETARIA DE ESTADO DE PLANEJAMENTO E GESTÃO - SEPLAG,3,3,90,40,10,1,,4,121,157,4,464,4464,1,,,1311600.00,0,GESTÃO DO PROCESSO DE ELABORAÇÃO E ACOMPANHAMENTO DO PLANEJAMENTO E ORÇAMENTO ESTADUAL  ,GESTÃO DO PLANEJAMENTO ORÇAMENTÁRIO GOVERNAMENTAL 
2027,1500,SECRETARIA DE ESTADO DE PLANEJAMENTO E GESTÃO - SEPLAG,3,,1501,SECRETARIA DE ESTADO DE PLANEJAMENTO E GESTÃO - SEPLAG,4,4,90,40,10,1,,4,121,157,4,464,4464,1,,,2769600.00,0,GESTÃO DO PROCESSO DE ELABORAÇÃO E ACOMPANHAMENTO DO PLANEJAMENTO E ORÇAMENTO ESTADUAL  ,GESTÃO DO PLANEJAMENTO ORÇAMENTÁRIO GOVERNAMENTAL 
2027,1500,SECRETARIA DE ESTADO DE PLANEJAMENTO E GESTÃO - SEPLAG,3,,1501,SECRETARIA DE ESTADO DE PLANEJAMENTO E GESTÃO - SEPLAG,3,3,90,37,10,1,,4,122,147,4,468,4468,1,,,299958.00,0,PROVISÃO DE CARGOS POR CONCURSO PÚBLICO,GESTÃO DE PESSOAS
2027,1500,SECRETARIA DE ESTADO DE PLANEJAMENTO E GESTÃO - SEPLAG,3,,1501,SECRETARIA DE ESTADO DE PLANEJAMENTO E GESTÃO - SEPLAG,3,3,90,40,10,1,,4,122,147,4,468,4468,1,,,1131462.00,0,PROVISÃO DE CARGOS POR CONCURSO PÚBLICO,GESTÃO DE PESSOAS
2027,1500,SECRETARIA DE ESTADO DE PLANEJAMENTO E GESTÃO - SEPLAG,3,,1501,SECRETARIA DE ESTADO DE PLANEJAMENTO E GESTÃO - SEPLAG,3,3,90,14,10,1,,4,122,147,4,475,4475,1,,,15480.00,0,ADMINISTRAÇÃO DE PESSOAL,GESTÃO DE PESSOAS
2027,1500,SECRETARIA DE ESTADO DE PLANEJAMENTO E GESTÃO - SEPLAG,3,,1501,SECRETARIA DE ESTADO DE PLANEJAMENTO E GESTÃO - SEPLAG,3,3,90,33,10,1,,4,122,147,4,475,4475,1,,,25000.00,0,ADMINISTRAÇÃO DE PESSOAL,GESTÃO DE PESSOAS
2027,1500,SECRETARIA DE ESTADO DE PLANEJAMENTO E GESTÃO - SEPLAG,3,,1501,SECRETARIA DE ESTADO DE PLANEJAMENTO E GESTÃO - SEPLAG,3,3,90,37,10,1,,4,122,147,4,475,4475,1,,,4632901.00,0,ADMINISTRAÇÃO DE PESSOAL,GESTÃO DE PESSOAS
2027,1500,SECRETARIA DE ESTADO DE PLANEJAMENTO E GESTÃO - SEPLAG,3,,1501,SECRETARIA DE ESTADO DE PLANEJAMENTO E GESTÃO - SEPLAG,3,3,90,39,10,1,,4,122,147,4,475,4475,1,,,120000.00,0,ADMINISTRAÇÃO DE PESSOAL,GESTÃO DE PESSOAS
2027,1500,SECRETARIA DE ESTADO DE PLANEJAMENTO E GESTÃO - SEPLAG,3,,1501,SECRETARIA DE ESTADO DE PLANEJAMENTO E GESTÃO - SEPLAG,3,3,90,40,10,1,,4,122,147,4,475,4475,1,,,24608483.00,0,ADMINISTRAÇÃO DE PESSOAL,GESTÃO DE PESSOAS
2027,1500,SECRETARIA DE ESTADO DE PLANEJAMENTO E GESTÃO - SEPLAG,3,,1501,SECRETARIA DE ESTADO DE PLANEJAMENTO E GESTÃO - SEPLAG,3,3,90,40,60,2,,4,122,147,4,475,4475,1,,,220800.00,0,ADMINISTRAÇÃO DE PESSOAL,GESTÃO DE PESSOAS
2027,1500,SECRETARIA DE ESTADO DE PLANEJAMENTO E GESTÃO - SEPLAG,3,,1501,SECRETARIA DE ESTADO DE PLANEJAMENTO E GESTÃO - SEPLAG,4,4,90,40,10,1,,4,122,147,4,475,4475,1,,,3018640.00,0,ADMINISTRAÇÃO DE PESSOAL,GESTÃO DE PESSOAS
2027,1500,SECRETARIA DE ESTADO DE PLANEJAMENTO E GESTÃO - SEPLAG,3,,1501,SECRETARIA DE ESTADO DE PLANEJAMENTO E GESTÃO - SEPLAG,3,3,90,30,10,1,,4,122,147,4,476,4476,1,,,150000.00,0,SAÚDE DO SERVIDOR,GESTÃO DE PESSOAS
2027,1500,SECRETARIA DE ESTADO DE PLANEJAMENTO E GESTÃO - SEPLAG,3,,1501,SECRETARIA DE ESTADO DE PLANEJAMENTO E GESTÃO - SEPLAG,3,3,90,33,10,1,,4,122,147,4,476,4476,1,,,18000.00,0,SAÚDE DO SERVIDOR,GESTÃO DE PESSOAS
2027,1500,SECRETARIA DE ESTADO DE PLANEJAMENTO E GESTÃO - SEPLAG,3,,1501,SECRETARIA DE ESTADO DE PLANEJAMENTO E GESTÃO - SEPLAG,3,3,90,36,10,1,,4,122,147,4,476,4476,1,,,253993.00,0,SAÚDE DO SERVIDOR,GESTÃO DE PESSOAS
2027,1500,SECRETARIA DE ESTADO DE PLANEJAMENTO E GESTÃO - SEPLAG,3,,1501,SECRETARIA DE ESTADO DE PLANEJAMENTO E GESTÃO - SEPLAG,3,3,90,37,10,1,,4,122,147,4,476,4476,1,,,10634754.00,0,SAÚDE DO SERVIDOR,GESTÃO DE PESSOAS
2027,1500,SECRETARIA DE ESTADO DE PLANEJAMENTO E GESTÃO - SEPLAG,3,,1501,SECRETARIA DE ESTADO DE PLANEJAMENTO E GESTÃO - SEPLAG,3,3,90,39,10,1,,4,122,147,4,476,4476,1,,,14465246.00,0,SAÚDE DO SERVIDOR,GESTÃO DE PESSOAS
2027,1500,SECRETARIA DE ESTADO DE PLANEJAMENTO E GESTÃO - SEPLAG,3,,1501,SECRETARIA DE ESTADO DE PLANEJAMENTO E GESTÃO - SEPLAG,3,3,90,40,10,1,,4,122,147,4,476,4476,1,,,1110725.00,0,SAÚDE DO SERVIDOR,GESTÃO DE PESSOAS
2027,1500,SECRETARIA DE ESTADO DE PLANEJAMENTO E GESTÃO - SEPLAG,3,,1501,SECRETARIA DE ESTADO DE PLANEJAMENTO E GESTÃO - SEPLAG,3,3,90,47,10,1,,4,122,147,4,476,4476,1,,,83300.00,0,SAÚDE DO SERVIDOR,GESTÃO DE PESSOAS
2027,1500,SECRETARIA DE ESTADO DE PLANEJAMENTO E GESTÃO - SEPLAG,3,,1501,SECRETARIA DE ESTADO DE PLANEJAMENTO E GESTÃO - SEPLAG,4,4,90,51,10,1,,4,122,147,4,476,4476,1,,,270000.00,0,SAÚDE DO SERVIDOR,GESTÃO DE PESSOAS
2027,1500,SECRETARIA DE ESTADO DE PLANEJAMENTO E GESTÃO - SEPLAG,3,,1501,SECRETARIA DE ESTADO DE PLANEJAMENTO E GESTÃO - SEPLAG,4,4,90,52,10,1,,4,122,147,4,476,4476,1,,,110000.00,0,SAÚDE DO SERVIDOR,GESTÃO DE PESSOAS
2027,1500,SECRETARIA DE ESTADO DE PLANEJAMENTO E GESTÃO - SEPLAG,3,,1501,SECRETARIA DE ESTADO DE PLANEJAMENTO E GESTÃO - SEPLAG,3,3,90,14,10,1,,4,122,147,4,477,4477,1,,,20640.00,0,"DESEMPENHO, DESENVOLVIMENTO E VALORIZAÇÃO DOS SERVIDORES PÚBLICOS",GESTÃO DE PESSOAS
2027,1500,SECRETARIA DE ESTADO DE PLANEJAMENTO E GESTÃO - SEPLAG,3,,1501,SECRETARIA DE ESTADO DE PLANEJAMENTO E GESTÃO - SEPLAG,3,3,90,31,10,1,,4,122,147,4,477,4477,1,,,50000.00,0,"DESEMPENHO, DESENVOLVIMENTO E VALORIZAÇÃO DOS SERVIDORES PÚBLICOS",GESTÃO DE PESSOAS
2027,1500,SECRETARIA DE ESTADO DE PLANEJAMENTO E GESTÃO - SEPLAG,3,,1501,SECRETARIA DE ESTADO DE PLANEJAMENTO E GESTÃO - SEPLAG,3,3,90,33,10,1,,4,122,147,4,477,4477,1,,,52000.00,0,"DESEMPENHO, DESENVOLVIMENTO E VALORIZAÇÃO DOS SERVIDORES PÚBLICOS",GESTÃO DE PESSOAS
2027,1500,SECRETARIA DE ESTADO DE PLANEJAMENTO E GESTÃO - SEPLAG,3,,1501,SECRETARIA DE ESTADO DE PLANEJAMENTO E GESTÃO - SEPLAG,3,3,90,37,10,1,,4,122,147,4,477,4477,1,,,149979.00,0,"DESEMPENHO, DESENVOLVIMENTO E VALORIZAÇÃO DOS SERVIDORES PÚBLICOS",GESTÃO DE PESSOAS
2027,1500,SECRETARIA DE ESTADO DE PLANEJAMENTO E GESTÃO - SEPLAG,3,,1501,SECRETARIA DE ESTADO DE PLANEJAMENTO E GESTÃO - SEPLAG,3,3,90,40,10,1,,4,122,147,4,477,4477,1,,,858501.00,0,"DESEMPENHO, DESENVOLVIMENTO E VALORIZAÇÃO DOS SERVIDORES PÚBLICOS",GESTÃO DE PESSOAS
2027,1500,SECRETARIA DE ESTADO DE PLANEJAMENTO E GESTÃO - SEPLAG,3,,1501,SECRETARIA DE ESTADO DE PLANEJAMENTO E GESTÃO - SEPLAG,3,3,90,39,10,1,,4,122,147,4,478,4478,1,,,735000.00,0,TRANSFORMA MINAS,GESTÃO DE PESSOAS
2027,1500,SECRETARIA DE ESTADO DE PLANEJAMENTO E GESTÃO - SEPLAG,3,,1501,SECRETARIA DE ESTADO DE PLANEJAMENTO E GESTÃO - SEPLAG,3,3,90,14,10,1,,4,122,149,4,452,4452,1,,,60000.00,0,GESTÃO DAS UNIDADES DE ATENDIMENTO INTEGRADO - UAI ,TRANSFORMAÇÃO DIGITAL E ATENDIMENTO AO CIDADÃO
2027,1500,SECRETARIA DE ESTADO DE PLANEJAMENTO E GESTÃO - SEPLAG,3,,1501,SECRETARIA DE ESTADO DE PLANEJAMENTO E GESTÃO - SEPLAG,3,3,90,33,10,1,,4,122,149,4,452,4452,1,,,66000.00,0,GESTÃO DAS UNIDADES DE ATENDIMENTO INTEGRADO - UAI ,TRANSFORMAÇÃO DIGITAL E ATENDIMENTO AO CIDADÃO
2027,1500,SECRETARIA DE ESTADO DE PLANEJAMENTO E GESTÃO - SEPLAG,3,,1501,SECRETARIA DE ESTADO DE PLANEJAMENTO E GESTÃO - SEPLAG,3,3,90,36,10,1,,4,122,149,4,452,4452,1,,,744564.00,0,GESTÃO DAS UNIDADES DE ATENDIMENTO INTEGRADO - UAI ,TRANSFORMAÇÃO DIGITAL E ATENDIMENTO AO CIDADÃO
2027,1500,SECRETARIA DE ESTADO DE PLANEJAMENTO E GESTÃO - SEPLAG,3,,1501,SECRETARIA DE ESTADO DE PLANEJAMENTO E GESTÃO - SEPLAG,3,3,90,39,10,1,,4,122,149,4,452,4452,1,,,45103857.00,0,GESTÃO DAS UNIDADES DE ATENDIMENTO INTEGRADO - UAI ,TRANSFORMAÇÃO DIGITAL E ATENDIMENTO AO CIDADÃO
2027,1500,SECRETARIA DE ESTADO DE PLANEJAMENTO E GESTÃO - SEPLAG,3,,1501,SECRETARIA DE ESTADO DE PLANEJAMENTO E GESTÃO - SEPLAG,3,3,90,40,10,1,,4,122,149,4,452,4452,1,,,2567142.00,0,GESTÃO DAS UNIDADES DE ATENDIMENTO INTEGRADO - UAI ,TRANSFORMAÇÃO DIGITAL E ATENDIMENTO AO CIDADÃO
2027,1500,SECRETARIA DE ESTADO DE PLANEJAMENTO E GESTÃO - SEPLAG,3,,1501,SECRETARIA DE ESTADO DE PLANEJAMENTO E GESTÃO - SEPLAG,3,3,90,47,10,1,,4,122,149,4,452,4452,1,,,1050.00,0,GESTÃO DAS UNIDADES DE ATENDIMENTO INTEGRADO - UAI ,TRANSFORMAÇÃO DIGITAL E ATENDIMENTO AO CIDADÃO
2027,1500,SECRETARIA DE ESTADO DE PLANEJAMENTO E GESTÃO - SEPLAG,3,,1501,SECRETARIA DE ESTADO DE PLANEJAMENTO E GESTÃO - SEPLAG,3,3,90,40,10,1,,4,122,149,4,483,4483,1,,,2357066.00,0,APRIMORAMENTO DA GOVERNANÇA DE TECNOLOGIA DA INFORMAÇÃO E COMUNICAÇÃO,TRANSFORMAÇÃO DIGITAL E ATENDIMENTO AO CIDADÃO
2027,1500,SECRETARIA DE ESTADO DE PLANEJAMENTO E GESTÃO - SEPLAG,3,,1501,SECRETARIA DE ESTADO DE PLANEJAMENTO E GESTÃO - SEPLAG,4,4,90,40,10,1,,4,122,149,4,483,4483,1,,,1234800.00,0,APRIMORAMENTO DA GOVERNANÇA DE TECNOLOGIA DA INFORMAÇÃO E COMUNICAÇÃO,TRANSFORMAÇÃO DIGITAL E ATENDIMENTO AO CIDADÃO
2027,1500,SECRETARIA DE ESTADO DE PLANEJAMENTO E GESTÃO - SEPLAG,3,,1501,SECRETARIA DE ESTADO DE PLANEJAMENTO E GESTÃO - SEPLAG,3,3,90,14,10,1,,4,122,151,4,380,4380,1,,,32900.00,0,AUTOMATIZA.MG,PROMOÇÃO DA INOVAÇÃO E DA GESTÃO ESTRATÉGICA
2027,1500,SECRETARIA DE ESTADO DE PLANEJAMENTO E GESTÃO - SEPLAG,3,,1501,SECRETARIA DE ESTADO DE PLANEJAMENTO E GESTÃO - SEPLAG,3,3,90,33,10,1,,4,122,151,4,380,4380,1,,,37500.00,0,AUTOMATIZA.MG,PROMOÇÃO DA INOVAÇÃO E DA GESTÃO ESTRATÉGICA
2027,1500,SECRETARIA DE ESTADO DE PLANEJAMENTO E GESTÃO - SEPLAG,3,,1501,SECRETARIA DE ESTADO DE PLANEJAMENTO E GESTÃO - SEPLAG,3,3,90,37,10,1,,4,122,151,4,380,4380,1,,,1367475.00,0,AUTOMATIZA.MG,PROMOÇÃO DA INOVAÇÃO E DA GESTÃO ESTRATÉGICA
2027,1500,SECRETARIA DE ESTADO DE PLANEJAMENTO E GESTÃO - SEPLAG,3,,1501,SECRETARIA DE ESTADO DE PLANEJAMENTO E GESTÃO - SEPLAG,3,3,90,40,10,1,,4,122,151,4,380,4380,1,,,1800000.00,0,AUTOMATIZA.MG,PROMOÇÃO DA INOVAÇÃO E DA GESTÃO ESTRATÉGICA
2027,1500,SECRETARIA DE ESTADO DE PLANEJAMENTO E GESTÃO - SEPLAG,3,,1501,SECRETARIA DE ESTADO DE PLANEJAMENTO E GESTÃO - SEPLAG,4,4,90,40,10,1,,4,122,151,4,380,4380,1,,,406290.00,0,AUTOMATIZA.MG,PROMOÇÃO DA INOVAÇÃO E DA GESTÃO ESTRATÉGICA
2027,1500,SECRETARIA DE ESTADO DE PLANEJAMENTO E GESTÃO - SEPLAG,3,,1501,SECRETARIA DE ESTADO DE PLANEJAMENTO E GESTÃO - SEPLAG,3,3,90,14,10,1,,4,122,151,4,453,4453,1,,,133950.00,0,PROMOÇÃO DA INOVAÇÃO NA GESTÃO PÚBLICA,PROMOÇÃO DA INOVAÇÃO E DA GESTÃO ESTRATÉGICA
2027,1500,SECRETARIA DE ESTADO DE PLANEJAMENTO E GESTÃO - SEPLAG,3,,1501,SECRETARIA DE ESTADO DE PLANEJAMENTO E GESTÃO - SEPLAG,3,3,90,33,10,1,,4,122,151,4,453,4453,1,,,80500.00,0,PROMOÇÃO DA INOVAÇÃO NA GESTÃO PÚBLICA,PROMOÇÃO DA INOVAÇÃO E DA GESTÃO ESTRATÉGICA
2027,1500,SECRETARIA DE ESTADO DE PLANEJAMENTO E GESTÃO - SEPLAG,3,,1501,SECRETARIA DE ESTADO DE PLANEJAMENTO E GESTÃO - SEPLAG,3,3,90,37,10,1,,4,122,151,4,453,4453,1,,,1122643.00,0,PROMOÇÃO DA INOVAÇÃO NA GESTÃO PÚBLICA,PROMOÇÃO DA INOVAÇÃO E DA GESTÃO ESTRATÉGICA
2027,1500,SECRETARIA DE ESTADO DE PLANEJAMENTO E GESTÃO - SEPLAG,3,,1501,SECRETARIA DE ESTADO DE PLANEJAMENTO E GESTÃO - SEPLAG,3,3,90,14,10,1,,4,122,151,4,454,4454,1,,,5640.00,0,GESTÃO DOS PROJETOS ESTRATÉGICOS,PROMOÇÃO DA INOVAÇÃO E DA GESTÃO ESTRATÉGICA
2027,1500,SECRETARIA DE ESTADO DE PLANEJAMENTO E GESTÃO - SEPLAG,3,,1501,SECRETARIA DE ESTADO DE PLANEJAMENTO E GESTÃO - SEPLAG,3,3,90,33,10,1,,4,122,151,4,454,4454,1,,,6600.00,0,GESTÃO DOS PROJETOS ESTRATÉGICOS,PROMOÇÃO DA INOVAÇÃO E DA GESTÃO ESTRATÉGICA
2027,1500,SECRETARIA DE ESTADO DE PLANEJAMENTO E GESTÃO - SEPLAG,3,,1501,SECRETARIA DE ESTADO DE PLANEJAMENTO E GESTÃO - SEPLAG,3,3,90,37,10,1,,4,122,151,4,454,4454,1,,,120379.00,0,GESTÃO DOS PROJETOS ESTRATÉGICOS,PROMOÇÃO DA INOVAÇÃO E DA GESTÃO ESTRATÉGICA
2027,1500,SECRETARIA DE ESTADO DE PLANEJAMENTO E GESTÃO - SEPLAG,3,,1501,SECRETARIA DE ESTADO DE PLANEJAMENTO E GESTÃO - SEPLAG,3,3,90,14,80,1,,4,122,155,4,461,4461,1,,,120000.00,0,RECUPERAÇÃO E COMPENSAÇÃO DOS DANOS EM FUNÇÃO DO DESASTRE MINERÁRIO DA SAMARCO EM MARIANA,REPARAÇÃO DOS DANOS DOS ROMPIMENTOS EM BRUMADINHO E MARIANA
2027,1500,SECRETARIA DE ESTADO DE PLANEJAMENTO E GESTÃO - SEPLAG,3,,1501,SECRETARIA DE ESTADO DE PLANEJAMENTO E GESTÃO - SEPLAG,3,3,90,33,80,1,,4,122,155,4,461,4461,1,,,110000.00,0,RECUPERAÇÃO E COMPENSAÇÃO DOS DANOS EM FUNÇÃO DO DESASTRE MINERÁRIO DA SAMARCO EM MARIANA,REPARAÇÃO DOS DANOS DOS ROMPIMENTOS EM BRUMADINHO E MARIANA
2027,1500,SECRETARIA DE ESTADO DE PLANEJAMENTO E GESTÃO - SEPLAG,3,,1501,SECRETARIA DE ESTADO DE PLANEJAMENTO E GESTÃO - SEPLAG,3,3,90,37,80,1,,4,122,155,4,461,4461,1,,,8077861.00,0,RECUPERAÇÃO E COMPENSAÇÃO DOS DANOS EM FUNÇÃO DO DESASTRE MINERÁRIO DA SAMARCO EM MARIANA,REPARAÇÃO DOS DANOS DOS ROMPIMENTOS EM BRUMADINHO E MARIANA
2027,1500,SECRETARIA DE ESTADO DE PLANEJAMENTO E GESTÃO - SEPLAG,3,,1501,SECRETARIA DE ESTADO DE PLANEJAMENTO E GESTÃO - SEPLAG,3,1,90,11,95,1,,4,122,155,4,462,4462,1,,,1000.00,0,RECUPERAÇÃO E COMPENSAÇÃO DOS DANOS EM FUNÇÃO DO DESASTRE MINERÁRIO DA VALE S.A EM BRUMADINHO,REPARAÇÃO DOS DANOS DOS ROMPIMENTOS EM BRUMADINHO E MARIANA
2027,1500,SECRETARIA DE ESTADO DE PLANEJAMENTO E GESTÃO - SEPLAG,3,,1501,SECRETARIA DE ESTADO DE PLANEJAMENTO E GESTÃO - SEPLAG,3,3,90,30,10,1,,4,122,156,4,465,4465,1,,,94883.00,0,GESTÃO DA INFRAESTRUTURA DA CIDADE ADMINISTRATIVA,GESTÃO DA CIDADE ADMINISTRATIVA
2027,1500,SECRETARIA DE ESTADO DE PLANEJAMENTO E GESTÃO - SEPLAG,3,,1501,SECRETARIA DE ESTADO DE PLANEJAMENTO E GESTÃO - SEPLAG,3,3,90,37,10,1,,4,122,156,4,465,4465,1,,,3189360.00,0,GESTÃO DA INFRAESTRUTURA DA CIDADE ADMINISTRATIVA,GESTÃO DA CIDADE ADMINISTRATIVA
2027,1500,SECRETARIA DE ESTADO DE PLANEJAMENTO E GESTÃO - SEPLAG,3,,1501,SECRETARIA DE ESTADO DE PLANEJAMENTO E GESTÃO - SEPLAG,3,3,90,39,10,1,,4,122,156,4,465,4465,1,,,89979840.00,0,GESTÃO DA INFRAESTRUTURA DA CIDADE ADMINISTRATIVA,GESTÃO DA CIDADE ADMINISTRATIVA
2027,1500,SECRETARIA DE ESTADO DE PLANEJAMENTO E GESTÃO - SEPLAG,3,,1501,SECRETARIA DE ESTADO DE PLANEJAMENTO E GESTÃO - SEPLAG,3,3,90,40,10,1,,4,122,156,4,465,4465,1,,,187981.00,0,GESTÃO DA INFRAESTRUTURA DA CIDADE ADMINISTRATIVA,GESTÃO DA CIDADE ADMINISTRATIVA
2027,1500,SECRETARIA DE ESTADO DE PLANEJAMENTO E GESTÃO - SEPLAG,3,,1501,SECRETARIA DE ESTADO DE PLANEJAMENTO E GESTÃO - SEPLAG,3,3,90,47,10,1,,4,122,156,4,465,4465,1,,,992.00,0,GESTÃO DA INFRAESTRUTURA DA CIDADE ADMINISTRATIVA,GESTÃO DA CIDADE ADMINISTRATIVA
2027,1500,SECRETARIA DE ESTADO DE PLANEJAMENTO E GESTÃO - SEPLAG,3,,1501,SECRETARIA DE ESTADO DE PLANEJAMENTO E GESTÃO - SEPLAG,4,4,90,51,10,1,,4,122,156,4,465,4465,1,,,6002408.00,0,GESTÃO DA INFRAESTRUTURA DA CIDADE ADMINISTRATIVA,GESTÃO DA CIDADE ADMINISTRATIVA
2027,1500,SECRETARIA DE ESTADO DE PLANEJAMENTO E GESTÃO - SEPLAG,3,,1501,SECRETARIA DE ESTADO DE PLANEJAMENTO E GESTÃO - SEPLAG,4,4,90,52,10,1,,4,122,156,4,465,4465,1,,,65000.00,0,GESTÃO DA INFRAESTRUTURA DA CIDADE ADMINISTRATIVA,GESTÃO DA CIDADE ADMINISTRATIVA
2027,1500,SECRETARIA DE ESTADO DE PLANEJAMENTO E GESTÃO - SEPLAG,3,,1501,SECRETARIA DE ESTADO DE PLANEJAMENTO E GESTÃO - SEPLAG,3,3,90,39,10,1,,4,122,156,4,466,4466,1,,,728496.00,0,GESTÃO DE TECNOLOGIA DA INFORMAÇÃO E COMUNICAÇÃO (TIC) DA CIDADE ADMINISTRATIVA,GESTÃO DA CIDADE ADMINISTRATIVA
2027,1500,SECRETARIA DE ESTADO DE PLANEJAMENTO E GESTÃO - SEPLAG,3,,1501,SECRETARIA DE ESTADO DE PLANEJAMENTO E GESTÃO - SEPLAG,3,3,90,40,10,1,,4,122,156,4,466,4466,1,,,69296193.00,0,GESTÃO DE TECNOLOGIA DA INFORMAÇÃO E COMUNICAÇÃO (TIC) DA CIDADE ADMINISTRATIVA,GESTÃO DA CIDADE ADMINISTRATIVA
2027,1500,SECRETARIA DE ESTADO DE PLANEJAMENTO E GESTÃO - SEPLAG,3,,1501,SECRETARIA DE ESTADO DE PLANEJAMENTO E GESTÃO - SEPLAG,3,3,90,40,59,2,,4,122,156,4,466,4466,1,,,1707737.00,0,GESTÃO DE TECNOLOGIA DA INFORMAÇÃO E COMUNICAÇÃO (TIC) DA CIDADE ADMINISTRATIVA,GESTÃO DA CIDADE ADMINISTRATIVA
2027,1500,SECRETARIA DE ESTADO DE PLANEJAMENTO E GESTÃO - SEPLAG,3,,1501,SECRETARIA DE ESTADO DE PLANEJAMENTO E GESTÃO - SEPLAG,3,3,90,40,60,2,,4,122,156,4,466,4466,1,,,6657121.00,0,GESTÃO DE TECNOLOGIA DA INFORMAÇÃO E COMUNICAÇÃO (TIC) DA CIDADE ADMINISTRATIVA,GESTÃO DA CIDADE ADMINISTRATIVA
2027,1500,SECRETARIA DE ESTADO DE PLANEJAMENTO E GESTÃO - SEPLAG,3,,1501,SECRETARIA DE ESTADO DE PLANEJAMENTO E GESTÃO - SEPLAG,3,3,90,40,91,2,,4,122,156,4,466,4466,1,,,7047107.00,0,GESTÃO DE TECNOLOGIA DA INFORMAÇÃO E COMUNICAÇÃO (TIC) DA CIDADE ADMINISTRATIVA,GESTÃO DA CIDADE ADMINISTRATIVA
2027,1500,SECRETARIA DE ESTADO DE PLANEJAMENTO E GESTÃO - SEPLAG,3,,1501,SECRETARIA DE ESTADO DE PLANEJAMENTO E GESTÃO - SEPLAG,3,3,90,40,94,1,,4,122,156,4,466,4466,1,,,5733340.00,0,GESTÃO DE TECNOLOGIA DA INFORMAÇÃO E COMUNICAÇÃO (TIC) DA CIDADE ADMINISTRATIVA,GESTÃO DA CIDADE ADMINISTRATIVA
2027,1500,SECRETARIA DE ESTADO DE PLANEJAMENTO E GESTÃO - SEPLAG,3,,1501,SECRETARIA DE ESTADO DE PLANEJAMENTO E GESTÃO - SEPLAG,4,4,90,40,10,1,,4,122,156,4,466,4466,1,,,1129540.00,0,GESTÃO DE TECNOLOGIA DA INFORMAÇÃO E COMUNICAÇÃO (TIC) DA CIDADE ADMINISTRATIVA,GESTÃO DA CIDADE ADMINISTRATIVA
2027,1500,SECRETARIA DE ESTADO DE PLANEJAMENTO E GESTÃO - SEPLAG,3,,1501,SECRETARIA DE ESTADO DE PLANEJAMENTO E GESTÃO - SEPLAG,3,3,90,30,10,1,,4,122,156,4,467,4467,1,,,448929.00,0,GESTÃO DOS SERVIÇOS OPERACIONAIS E LOGÍSTICOS DA CIDADE ADMINISTRATIVA,GESTÃO DA CIDADE ADMINISTRATIVA
2027,1500,SECRETARIA DE ESTADO DE PLANEJAMENTO E GESTÃO - SEPLAG,3,,1501,SECRETARIA DE ESTADO DE PLANEJAMENTO E GESTÃO - SEPLAG,3,3,90,33,10,1,,4,122,156,4,467,4467,1,,,4680000.00,0,GESTÃO DOS SERVIÇOS OPERACIONAIS E LOGÍSTICOS DA CIDADE ADMINISTRATIVA,GESTÃO DA CIDADE ADMINISTRATIVA
2027,1500,SECRETARIA DE ESTADO DE PLANEJAMENTO E GESTÃO - SEPLAG,3,,1501,SECRETARIA DE ESTADO DE PLANEJAMENTO E GESTÃO - SEPLAG,3,3,90,35,10,1,,4,122,156,4,467,4467,1,,,259056.00,0,GESTÃO DOS SERVIÇOS OPERACIONAIS E LOGÍSTICOS DA CIDADE ADMINISTRATIVA,GESTÃO DA CIDADE ADMINISTRATIVA
2027,1500,SECRETARIA DE ESTADO DE PLANEJAMENTO E GESTÃO - SEPLAG,3,,1501,SECRETARIA DE ESTADO DE PLANEJAMENTO E GESTÃO - SEPLAG,3,3,90,36,10,1,,4,122,156,4,467,4467,1,,,16800.00,0,GESTÃO DOS SERVIÇOS OPERACIONAIS E LOGÍSTICOS DA CIDADE ADMINISTRATIVA,GESTÃO DA CIDADE ADMINISTRATIVA
2027,1500,SECRETARIA DE ESTADO DE PLANEJAMENTO E GESTÃO - SEPLAG,3,,1501,SECRETARIA DE ESTADO DE PLANEJAMENTO E GESTÃO - SEPLAG,3,3,90,37,10,1,,4,122,156,4,467,4467,1,,,11811240.00,0,GESTÃO DOS SERVIÇOS OPERACIONAIS E LOGÍSTICOS DA CIDADE ADMINISTRATIVA,GESTÃO DA CIDADE ADMINISTRATIVA
2027,1500,SECRETARIA DE ESTADO DE PLANEJAMENTO E GESTÃO - SEPLAG,3,,1501,SECRETARIA DE ESTADO DE PLANEJAMENTO E GESTÃO - SEPLAG,3,3,90,39,10,1,,4,122,156,4,467,4467,1,,,3505039.00,0,GESTÃO DOS SERVIÇOS OPERACIONAIS E LOGÍSTICOS DA CIDADE ADMINISTRATIVA,GESTÃO DA CIDADE ADMINISTRATIVA
2027,1500,SECRETARIA DE ESTADO DE PLANEJAMENTO E GESTÃO - SEPLAG,3,,1501,SECRETARIA DE ESTADO DE PLANEJAMENTO E GESTÃO - SEPLAG,3,3,90,40,10,1,,4,122,156,4,467,4467,1,,,703440.00,0,GESTÃO DOS SERVIÇOS OPERACIONAIS E LOGÍSTICOS DA CIDADE ADMINISTRATIVA,GESTÃO DA CIDADE ADMINISTRATIVA
2027,1500,SECRETARIA DE ESTADO DE PLANEJAMENTO E GESTÃO - SEPLAG,3,,1501,SECRETARIA DE ESTADO DE PLANEJAMENTO E GESTÃO - SEPLAG,4,4,90,52,10,1,,4,122,156,4,467,4467,1,,,583755.00,0,GESTÃO DOS SERVIÇOS OPERACIONAIS E LOGÍSTICOS DA CIDADE ADMINISTRATIVA,GESTÃO DA CIDADE ADMINISTRATIVA
2027,1500,SECRETARIA DE ESTADO DE PLANEJAMENTO E GESTÃO - SEPLAG,3,,1501,SECRETARIA DE ESTADO DE PLANEJAMENTO E GESTÃO - SEPLAG,3,3,90,37,10,1,,4,122,159,4,112,4112,1,,,2568696.00,0,AMPLIAÇÃO DA CENTRALIZAÇÃO DAS COMPRAS E CONTRATAÇÕES,CENTRALIZAÇÃO DO PROCESSAMENTO DE COMPRAS PÚBLICAS
2027,1500,SECRETARIA DE ESTADO DE PLANEJAMENTO E GESTÃO - SEPLAG,3,,1501,SECRETARIA DE ESTADO DE PLANEJAMENTO E GESTÃO - SEPLAG,3,3,90,39,10,1,,4,122,159,4,112,4112,1,,,201063.00,0,AMPLIAÇÃO DA CENTRALIZAÇÃO DAS COMPRAS E CONTRATAÇÕES,CENTRALIZAÇÃO DO PROCESSAMENTO DE COMPRAS PÚBLICAS
2027,1500,SECRETARIA DE ESTADO DE PLANEJAMENTO E GESTÃO - SEPLAG,3,,1501,SECRETARIA DE ESTADO DE PLANEJAMENTO E GESTÃO - SEPLAG,3,3,90,40,10,1,,4,122,159,4,112,4112,1,,,123393.00,0,AMPLIAÇÃO DA CENTRALIZAÇÃO DAS COMPRAS E CONTRATAÇÕES,CENTRALIZAÇÃO DO PROCESSAMENTO DE COMPRAS PÚBLICAS
2027,1500,SECRETARIA DE ESTADO DE PLANEJAMENTO E GESTÃO - SEPLAG,3,,1501,SECRETARIA DE ESTADO DE PLANEJAMENTO E GESTÃO - SEPLAG,3,3,90,14,10,1,,4,122,159,4,473,4473,1,,,29610.00,0,MODERNIZAÇÃO EM GESTÃO DE COMPRAS,CENTRALIZAÇÃO DO PROCESSAMENTO DE COMPRAS PÚBLICAS
2027,1500,SECRETARIA DE ESTADO DE PLANEJAMENTO E GESTÃO - SEPLAG,3,,1501,SECRETARIA DE ESTADO DE PLANEJAMENTO E GESTÃO - SEPLAG,3,3,90,30,10,1,,4,122,159,4,473,4473,1,,,4065.00,0,MODERNIZAÇÃO EM GESTÃO DE COMPRAS,CENTRALIZAÇÃO DO PROCESSAMENTO DE COMPRAS PÚBLICAS
2027,1500,SECRETARIA DE ESTADO DE PLANEJAMENTO E GESTÃO - SEPLAG,3,,1501,SECRETARIA DE ESTADO DE PLANEJAMENTO E GESTÃO - SEPLAG,3,3,90,33,10,1,,4,122,159,4,473,4473,1,,,65389.00,0,MODERNIZAÇÃO EM GESTÃO DE COMPRAS,CENTRALIZAÇÃO DO PROCESSAMENTO DE COMPRAS PÚBLICAS
2027,1500,SECRETARIA DE ESTADO DE PLANEJAMENTO E GESTÃO - SEPLAG,3,,1501,SECRETARIA DE ESTADO DE PLANEJAMENTO E GESTÃO - SEPLAG,3,3,90,39,10,1,,4,122,159,4,473,4473,1,,,225919.00,0,MODERNIZAÇÃO EM GESTÃO DE COMPRAS,CENTRALIZAÇÃO DO PROCESSAMENTO DE COMPRAS PÚBLICAS
2027,1500,SECRETARIA DE ESTADO DE PLANEJAMENTO E GESTÃO - SEPLAG,3,,1501,SECRETARIA DE ESTADO DE PLANEJAMENTO E GESTÃO - SEPLAG,3,3,90,40,10,1,,4,122,159,4,473,4473,1,,,1828.00,0,MODERNIZAÇÃO EM GESTÃO DE COMPRAS,CENTRALIZAÇÃO DO PROCESSAMENTO DE COMPRAS PÚBLICAS
2027,1500,SECRETARIA DE ESTADO DE PLANEJAMENTO E GESTÃO - SEPLAG,3,,1501,SECRETARIA DE ESTADO DE PLANEJAMENTO E GESTÃO - SEPLAG,4,4,90,40,10,1,,4,122,159,4,473,4473,1,,,7147928.00,0,MODERNIZAÇÃO EM GESTÃO DE COMPRAS,CENTRALIZAÇÃO DO PROCESSAMENTO DE COMPRAS PÚBLICAS
2027,1500,SECRETARIA DE ESTADO DE PLANEJAMENTO E GESTÃO - SEPLAG,3,,1501,SECRETARIA DE ESTADO DE PLANEJAMENTO E GESTÃO - SEPLAG,3,3,90,39,10,1,,4,122,160,1,84,1084,1,,,2530000.00,0,MODERNIZAÇÃO DA GESTÃO DOS IMÓVEIS DO ESTADO DE MINAS GERAIS,MELHORIA DA GESTÃO LOGÍSTICA E PATRIMONIAL
2027,1500,SECRETARIA DE ESTADO DE PLANEJAMENTO E GESTÃO - SEPLAG,3,,1501,SECRETARIA DE ESTADO DE PLANEJAMENTO E GESTÃO - SEPLAG,3,3,90,14,10,1,,4,122,160,4,485,4485,1,,,100565.00,0,GESTÃO DOS PROCESSOS DE LOGÍSTICA CORPORATIVA,MELHORIA DA GESTÃO LOGÍSTICA E PATRIMONIAL
2027,1500,SECRETARIA DE ESTADO DE PLANEJAMENTO E GESTÃO - SEPLAG,3,,1501,SECRETARIA DE ESTADO DE PLANEJAMENTO E GESTÃO - SEPLAG,3,3,90,30,10,1,,4,122,160,4,485,4485,1,,,568313.00,0,GESTÃO DOS PROCESSOS DE LOGÍSTICA CORPORATIVA,MELHORIA DA GESTÃO LOGÍSTICA E PATRIMONIAL
2027,1500,SECRETARIA DE ESTADO DE PLANEJAMENTO E GESTÃO - SEPLAG,3,,1501,SECRETARIA DE ESTADO DE PLANEJAMENTO E GESTÃO - SEPLAG,3,3,90,33,10,1,,4,122,160,4,485,4485,1,,,30416.00,0,GESTÃO DOS PROCESSOS DE LOGÍSTICA CORPORATIVA,MELHORIA DA GESTÃO LOGÍSTICA E PATRIMONIAL
2027,1500,SECRETARIA DE ESTADO DE PLANEJAMENTO E GESTÃO - SEPLAG,3,,1501,SECRETARIA DE ESTADO DE PLANEJAMENTO E GESTÃO - SEPLAG,3,3,90,36,10,1,,4,122,160,4,485,4485,1,,,1000.00,0,GESTÃO DOS PROCESSOS DE LOGÍSTICA CORPORATIVA,MELHORIA DA GESTÃO LOGÍSTICA E PATRIMONIAL
2027,1500,SECRETARIA DE ESTADO DE PLANEJAMENTO E GESTÃO - SEPLAG,3,,1501,SECRETARIA DE ESTADO DE PLANEJAMENTO E GESTÃO - SEPLAG,3,3,90,37,10,1,,4,122,160,4,485,4485,1,,,26412412.00,0,GESTÃO DOS PROCESSOS DE LOGÍSTICA CORPORATIVA,MELHORIA DA GESTÃO LOGÍSTICA E PATRIMONIAL
2027,1500,SECRETARIA DE ESTADO DE PLANEJAMENTO E GESTÃO - SEPLAG,3,,1501,SECRETARIA DE ESTADO DE PLANEJAMENTO E GESTÃO - SEPLAG,3,3,90,37,60,2,,4,122,160,4,485,4485,1,,,1675254.00,0,GESTÃO DOS PROCESSOS DE LOGÍSTICA CORPORATIVA,MELHORIA DA GESTÃO LOGÍSTICA E PATRIMONIAL
2027,1500,SECRETARIA DE ESTADO DE PLANEJAMENTO E GESTÃO - SEPLAG,3,,1501,SECRETARIA DE ESTADO DE PLANEJAMENTO E GESTÃO - SEPLAG,3,3,90,39,10,1,,4,122,160,4,485,4485,1,,,9482550.00,0,GESTÃO DOS PROCESSOS DE LOGÍSTICA CORPORATIVA,MELHORIA DA GESTÃO LOGÍSTICA E PATRIMONIAL
2027,1500,SECRETARIA DE ESTADO DE PLANEJAMENTO E GESTÃO - SEPLAG,3,,1501,SECRETARIA DE ESTADO DE PLANEJAMENTO E GESTÃO - SEPLAG,3,3,90,39,91,2,,4,122,160,4,485,4485,1,,,163987.00,0,GESTÃO DOS PROCESSOS DE LOGÍSTICA CORPORATIVA,MELHORIA DA GESTÃO LOGÍSTICA E PATRIMONIAL
2027,1500,SECRETARIA DE ESTADO DE PLANEJAMENTO E GESTÃO - SEPLAG,3,,1501,SECRETARIA DE ESTADO DE PLANEJAMENTO E GESTÃO - SEPLAG,3,3,90,40,10,1,,4,122,160,4,485,4485,1,,,22500.00,0,GESTÃO DOS PROCESSOS DE LOGÍSTICA CORPORATIVA,MELHORIA DA GESTÃO LOGÍSTICA E PATRIMONIAL
2027,1500,SECRETARIA DE ESTADO DE PLANEJAMENTO E GESTÃO - SEPLAG,3,,1501,SECRETARIA DE ESTADO DE PLANEJAMENTO E GESTÃO - SEPLAG,3,3,90,14,10,1,,4,122,160,4,486,4486,1,,,50000.00,0,GESTÃO DA DESTINAÇÃO DE IMÓVEIS,MELHORIA DA GESTÃO LOGÍSTICA E PATRIMONIAL
2027,1500,SECRETARIA DE ESTADO DE PLANEJAMENTO E GESTÃO - SEPLAG,3,,1501,SECRETARIA DE ESTADO DE PLANEJAMENTO E GESTÃO - SEPLAG,3,3,90,39,10,1,,4,122,160,4,486,4486,1,,,1165668.00,0,GESTÃO DA DESTINAÇÃO DE IMÓVEIS,MELHORIA DA GESTÃO LOGÍSTICA E PATRIMONIAL
2027,1500,SECRETARIA DE ESTADO DE PLANEJAMENTO E GESTÃO - SEPLAG,3,,1501,SECRETARIA DE ESTADO DE PLANEJAMENTO E GESTÃO - SEPLAG,3,3,90,40,10,1,,4,122,160,4,486,4486,1,,,12000.00,0,GESTÃO DA DESTINAÇÃO DE IMÓVEIS,MELHORIA DA GESTÃO LOGÍSTICA E PATRIMONIAL
2027,1500,SECRETARIA DE ESTADO DE PLANEJAMENTO E GESTÃO - SEPLAG,3,,1501,SECRETARIA DE ESTADO DE PLANEJAMENTO E GESTÃO - SEPLAG,3,3,90,47,10,1,,4,122,160,4,486,4486,1,,,32982.00,0,GESTÃO DA DESTINAÇÃO DE IMÓVEIS,MELHORIA DA GESTÃO LOGÍSTICA E PATRIMONIAL
2027,1500,SECRETARIA DE ESTADO DE PLANEJAMENTO E GESTÃO - SEPLAG,3,,1501,SECRETARIA DE ESTADO DE PLANEJAMENTO E GESTÃO - SEPLAG,3,3,90,40,10,1,,4,122,160,4,487,4487,1,,,17820000.00,0,GESTÃO E DISPONIBILIZAÇÃO DOS SISTEMAS CORPORATIVOS DE GESTÃO LOGÍSTICA E PATRIMONIAL,MELHORIA DA GESTÃO LOGÍSTICA E PATRIMONIAL
2027,1500,SECRETARIA DE ESTADO DE PLANEJAMENTO E GESTÃO - SEPLAG,3,,1501,SECRETARIA DE ESTADO DE PLANEJAMENTO E GESTÃO - SEPLAG,4,4,90,40,10,1,,4,122,160,4,487,4487,1,,,3100000.00,0,GESTÃO E DISPONIBILIZAÇÃO DOS SISTEMAS CORPORATIVOS DE GESTÃO LOGÍSTICA E PATRIMONIAL,MELHORIA DA GESTÃO LOGÍSTICA E PATRIMONIAL
2027,1500,SECRETARIA DE ESTADO DE PLANEJAMENTO E GESTÃO - SEPLAG,3,,1501,SECRETARIA DE ESTADO DE PLANEJAMENTO E GESTÃO - SEPLAG,3,1,90,11,10,1,,4,122,705,2,417,2417,1,,,138669461.00,0,REMUNERAÇÃO DE PESSOAL ATIVO E ENCARGOS SOCIAIS,APOIO ÀS POLÍTICAS PÚBLICAS
2027,1500,SECRETARIA DE ESTADO DE PLANEJAMENTO E GESTÃO - SEPLAG,3,,1501,SECRETARIA DE ESTADO DE PLANEJAMENTO E GESTÃO - SEPLAG,3,1,90,11,80,1,,4,122,705,2,417,2417,1,,,570000.00,0,REMUNERAÇÃO DE PESSOAL ATIVO E ENCARGOS SOCIAIS,APOIO ÀS POLÍTICAS PÚBLICAS
2027,1500,SECRETARIA DE ESTADO DE PLANEJAMENTO E GESTÃO - SEPLAG,3,,1501,SECRETARIA DE ESTADO DE PLANEJAMENTO E GESTÃO - SEPLAG,3,1,90,11,95,1,,4,122,705,2,417,2417,1,,,749000.00,0,REMUNERAÇÃO DE PESSOAL ATIVO E ENCARGOS SOCIAIS,APOIO ÀS POLÍTICAS PÚBLICAS
2027,1500,SECRETARIA DE ESTADO DE PLANEJAMENTO E GESTÃO - SEPLAG,3,,1501,SECRETARIA DE ESTADO DE PLANEJAMENTO E GESTÃO - SEPLAG,3,1,90,13,10,1,,4,122,705,2,417,2417,1,,,2916239.00,0,REMUNERAÇÃO DE PESSOAL ATIVO E ENCARGOS SOCIAIS,APOIO ÀS POLÍTICAS PÚBLICAS
2027,1500,SECRETARIA DE ESTADO DE PLANEJAMENTO E GESTÃO - SEPLAG,3,,1501,SECRETARIA DE ESTADO DE PLANEJAMENTO E GESTÃO - SEPLAG,3,1,90,16,10,1,,4,122,705,2,417,2417,1,,,2365041.00,0,REMUNERAÇÃO DE PESSOAL ATIVO E ENCARGOS SOCIAIS,APOIO ÀS POLÍTICAS PÚBLICAS
2027,1500,SECRETARIA DE ESTADO DE PLANEJAMENTO E GESTÃO - SEPLAG,3,,1501,SECRETARIA DE ESTADO DE PLANEJAMENTO E GESTÃO - SEPLAG,3,1,90,4,10,1,,4,122,705,2,417,2417,1,,,8342995.00,0,REMUNERAÇÃO DE PESSOAL ATIVO E ENCARGOS SOCIAIS,APOIO ÀS POLÍTICAS PÚBLICAS
2027,1500,SECRETARIA DE ESTADO DE PLANEJAMENTO E GESTÃO - SEPLAG,3,,1501,SECRETARIA DE ESTADO DE PLANEJAMENTO E GESTÃO - SEPLAG,3,1,90,7,10,1,,4,122,705,2,417,2417,1,,,279645.00,0,REMUNERAÇÃO DE PESSOAL ATIVO E ENCARGOS SOCIAIS,APOIO ÀS POLÍTICAS PÚBLICAS
2027,1500,SECRETARIA DE ESTADO DE PLANEJAMENTO E GESTÃO - SEPLAG,3,,1501,SECRETARIA DE ESTADO DE PLANEJAMENTO E GESTÃO - SEPLAG,3,1,91,13,10,1,,4,122,705,2,417,2417,1,,,53778968.00,0,REMUNERAÇÃO DE PESSOAL ATIVO E ENCARGOS SOCIAIS,APOIO ÀS POLÍTICAS PÚBLICAS
2027,1500,SECRETARIA DE ESTADO DE PLANEJAMENTO E GESTÃO - SEPLAG,3,,1501,SECRETARIA DE ESTADO DE PLANEJAMENTO E GESTÃO - SEPLAG,3,1,91,4,10,1,,4,122,705,2,417,2417,1,,,27062.00,0,REMUNERAÇÃO DE PESSOAL ATIVO E ENCARGOS SOCIAIS,APOIO ÀS POLÍTICAS PÚBLICAS
2027,1500,SECRETARIA DE ESTADO DE PLANEJAMENTO E GESTÃO - SEPLAG,3,,1501,SECRETARIA DE ESTADO DE PLANEJAMENTO E GESTÃO - SEPLAG,3,3,90,46,10,7,,4,122,705,2,417,2417,1,,,17555774.00,0,REMUNERAÇÃO DE PESSOAL ATIVO E ENCARGOS SOCIAIS,APOIO ÀS POLÍTICAS PÚBLICAS
2027,1500,SECRETARIA DE ESTADO DE PLANEJAMENTO E GESTÃO - SEPLAG,3,,1501,SECRETARIA DE ESTADO DE PLANEJAMENTO E GESTÃO - SEPLAG,3,3,90,49,10,7,,4,122,705,2,417,2417,1,,,910398.00,0,REMUNERAÇÃO DE PESSOAL ATIVO E ENCARGOS SOCIAIS,APOIO ÀS POLÍTICAS PÚBLICAS
2027,1500,SECRETARIA DE ESTADO DE PLANEJAMENTO E GESTÃO - SEPLAG,3,,1501,SECRETARIA DE ESTADO DE PLANEJAMENTO E GESTÃO - SEPLAG,3,3,90,14,10,1,,4,122,705,2,500,2500,1,,,169200.00,0,ASSESSORAMENTO E GERENCIAMENTO DE POLÍTICAS PÚBLICAS,APOIO ÀS POLÍTICAS PÚBLICAS
2027,1500,SECRETARIA DE ESTADO DE PLANEJAMENTO E GESTÃO - SEPLAG,3,,1501,SECRETARIA DE ESTADO DE PLANEJAMENTO E GESTÃO - SEPLAG,3,3,90,30,10,1,,4,122,705,2,500,2500,1,,,50000.00,0,ASSESSORAMENTO E GERENCIAMENTO DE POLÍTICAS PÚBLICAS,APOIO ÀS POLÍTICAS PÚBLICAS
2027,1500,SECRETARIA DE ESTADO DE PLANEJAMENTO E GESTÃO - SEPLAG,3,,1501,SECRETARIA DE ESTADO DE PLANEJAMENTO E GESTÃO - SEPLAG,3,3,90,33,10,1,,4,122,705,2,500,2500,1,,,210000.00,0,ASSESSORAMENTO E GERENCIAMENTO DE POLÍTICAS PÚBLICAS,APOIO ÀS POLÍTICAS PÚBLICAS
2027,1500,SECRETARIA DE ESTADO DE PLANEJAMENTO E GESTÃO - SEPLAG,3,,1501,SECRETARIA DE ESTADO DE PLANEJAMENTO E GESTÃO - SEPLAG,3,3,90,36,10,1,,4,122,705,2,500,2500,1,,,16800.00,0,ASSESSORAMENTO E GERENCIAMENTO DE POLÍTICAS PÚBLICAS,APOIO ÀS POLÍTICAS PÚBLICAS
2027,1500,SECRETARIA DE ESTADO DE PLANEJAMENTO E GESTÃO - SEPLAG,3,,1501,SECRETARIA DE ESTADO DE PLANEJAMENTO E GESTÃO - SEPLAG,3,3,90,37,10,1,,4,122,705,2,500,2500,1,,,3656456.00,0,ASSESSORAMENTO E GERENCIAMENTO DE POLÍTICAS PÚBLICAS,APOIO ÀS POLÍTICAS PÚBLICAS
2027,1500,SECRETARIA DE ESTADO DE PLANEJAMENTO E GESTÃO - SEPLAG,3,,1501,SECRETARIA DE ESTADO DE PLANEJAMENTO E GESTÃO - SEPLAG,3,3,90,39,10,1,,4,122,705,2,500,2500,1,,,1803113.00,0,ASSESSORAMENTO E GERENCIAMENTO DE POLÍTICAS PÚBLICAS,APOIO ÀS POLÍTICAS PÚBLICAS
2027,1500,SECRETARIA DE ESTADO DE PLANEJAMENTO E GESTÃO - SEPLAG,3,,1501,SECRETARIA DE ESTADO DE PLANEJAMENTO E GESTÃO - SEPLAG,3,3,90,40,10,1,,4,122,705,2,500,2500,1,,,666713.00,0,ASSESSORAMENTO E GERENCIAMENTO DE POLÍTICAS PÚBLICAS,APOIO ÀS POLÍTICAS PÚBLICAS
2027,1500,SECRETARIA DE ESTADO DE PLANEJAMENTO E GESTÃO - SEPLAG,3,,1501,SECRETARIA DE ESTADO DE PLANEJAMENTO E GESTÃO - SEPLAG,3,3,90,47,10,1,,4,122,705,2,500,2500,1,,,1000.00,0,ASSESSORAMENTO E GERENCIAMENTO DE POLÍTICAS PÚBLICAS,APOIO ÀS POLÍTICAS PÚBLICAS
2027,1500,SECRETARIA DE ESTADO DE PLANEJAMENTO E GESTÃO - SEPLAG,3,,1501,SECRETARIA DE ESTADO DE PLANEJAMENTO E GESTÃO - SEPLAG,4,4,90,40,10,1,,4,122,705,2,500,2500,1,,,960000.00,0,ASSESSORAMENTO E GERENCIAMENTO DE POLÍTICAS PÚBLICAS,APOIO ÀS POLÍTICAS PÚBLICAS
2027,1500,SECRETARIA DE ESTADO DE PLANEJAMENTO E GESTÃO - SEPLAG,3,,1501,SECRETARIA DE ESTADO DE PLANEJAMENTO E GESTÃO - SEPLAG,4,4,90,51,10,1,,4,122,705,2,500,2500,1,,,282000.00,0,ASSESSORAMENTO E GERENCIAMENTO DE POLÍTICAS PÚBLICAS,APOIO ÀS POLÍTICAS PÚBLICAS
2027,1500,SECRETARIA DE ESTADO DE PLANEJAMENTO E GESTÃO - SEPLAG,3,,1501,SECRETARIA DE ESTADO DE PLANEJAMENTO E GESTÃO - SEPLAG,3,3,90,37,10,1,,4,126,149,4,160,4160,1,,,86006.00,0,GESTÃO DA EQUIPE DE ATENDIMENTO AOS USUÁRIOS DE SISTEMAS CORPORATIVOS,TRANSFORMAÇÃO DIGITAL E ATENDIMENTO AO CIDADÃO
2027,1500,SECRETARIA DE ESTADO DE PLANEJAMENTO E GESTÃO - SEPLAG,3,,1501,SECRETARIA DE ESTADO DE PLANEJAMENTO E GESTÃO - SEPLAG,3,3,90,39,10,1,,4,126,149,4,160,4160,1,,,2063880.00,0,GESTÃO DA EQUIPE DE ATENDIMENTO AOS USUÁRIOS DE SISTEMAS CORPORATIVOS,TRANSFORMAÇÃO DIGITAL E ATENDIMENTO AO CIDADÃO
2027,1500,SECRETARIA DE ESTADO DE PLANEJAMENTO E GESTÃO - SEPLAG,3,,1501,SECRETARIA DE ESTADO DE PLANEJAMENTO E GESTÃO - SEPLAG,3,3,90,14,10,1,,4,126,149,4,450,4450,1,,,36000.00,0,DISPONIBILIZAÇÃO DE PROCESSOS E DOCUMENTOS DIGITAIS NO ESTADO,TRANSFORMAÇÃO DIGITAL E ATENDIMENTO AO CIDADÃO
2027,1500,SECRETARIA DE ESTADO DE PLANEJAMENTO E GESTÃO - SEPLAG,3,,1501,SECRETARIA DE ESTADO DE PLANEJAMENTO E GESTÃO - SEPLAG,3,3,90,33,10,1,,4,126,149,4,450,4450,1,,,6000.00,0,DISPONIBILIZAÇÃO DE PROCESSOS E DOCUMENTOS DIGITAIS NO ESTADO,TRANSFORMAÇÃO DIGITAL E ATENDIMENTO AO CIDADÃO
2027,1500,SECRETARIA DE ESTADO DE PLANEJAMENTO E GESTÃO - SEPLAG,3,,1501,SECRETARIA DE ESTADO DE PLANEJAMENTO E GESTÃO - SEPLAG,3,3,90,40,10,1,,4,126,149,4,450,4450,1,,,7171675.00,0,DISPONIBILIZAÇÃO DE PROCESSOS E DOCUMENTOS DIGITAIS NO ESTADO,TRANSFORMAÇÃO DIGITAL E ATENDIMENTO AO CIDADÃO
2027,1500,SECRETARIA DE ESTADO DE PLANEJAMENTO E GESTÃO - SEPLAG,3,,1501,SECRETARIA DE ESTADO DE PLANEJAMENTO E GESTÃO - SEPLAG,4,4,90,40,10,1,,4,126,149,4,450,4450,1,,,319500.00,0,DISPONIBILIZAÇÃO DE PROCESSOS E DOCUMENTOS DIGITAIS NO ESTADO,TRANSFORMAÇÃO DIGITAL E ATENDIMENTO AO CIDADÃO
2027,1500,SECRETARIA DE ESTADO DE PLANEJAMENTO E GESTÃO - SEPLAG,3,,1501,SECRETARIA DE ESTADO DE PLANEJAMENTO E GESTÃO - SEPLAG,3,3,90,30,10,1,,4,126,149,4,451,4451,1,,,75000.00,0,GESTÃO DOS CANAIS DIGITAIS DE ATENDIMENTO AO CIDADÃO,TRANSFORMAÇÃO DIGITAL E ATENDIMENTO AO CIDADÃO
2027,1500,SECRETARIA DE ESTADO DE PLANEJAMENTO E GESTÃO - SEPLAG,3,,1501,SECRETARIA DE ESTADO DE PLANEJAMENTO E GESTÃO - SEPLAG,3,3,90,39,10,1,,4,126,149,4,451,4451,1,,,2183630.00,0,GESTÃO DOS CANAIS DIGITAIS DE ATENDIMENTO AO CIDADÃO,TRANSFORMAÇÃO DIGITAL E ATENDIMENTO AO CIDADÃO
2027,1500,SECRETARIA DE ESTADO DE PLANEJAMENTO E GESTÃO - SEPLAG,3,,1501,SECRETARIA DE ESTADO DE PLANEJAMENTO E GESTÃO - SEPLAG,3,3,90,40,10,1,,4,126,149,4,451,4451,1,,,3135682.00,0,GESTÃO DOS CANAIS DIGITAIS DE ATENDIMENTO AO CIDADÃO,TRANSFORMAÇÃO DIGITAL E ATENDIMENTO AO CIDADÃO
2027,1500,SECRETARIA DE ESTADO DE PLANEJAMENTO E GESTÃO - SEPLAG,3,,1501,SECRETARIA DE ESTADO DE PLANEJAMENTO E GESTÃO - SEPLAG,4,4,90,40,10,1,,4,126,149,4,451,4451,1,,,71379.00,0,GESTÃO DOS CANAIS DIGITAIS DE ATENDIMENTO AO CIDADÃO,TRANSFORMAÇÃO DIGITAL E ATENDIMENTO AO CIDADÃO
2027,1500,SECRETARIA DE ESTADO DE PLANEJAMENTO E GESTÃO - SEPLAG,3,,1501,SECRETARIA DE ESTADO DE PLANEJAMENTO E GESTÃO - SEPLAG,4,4,90,40,25,1,,4,126,149,4,451,4451,1,,,4866720.00,0,GESTÃO DOS CANAIS DIGITAIS DE ATENDIMENTO AO CIDADÃO,TRANSFORMAÇÃO DIGITAL E ATENDIMENTO AO CIDADÃO
2027,1500,SECRETARIA DE ESTADO DE PLANEJAMENTO E GESTÃO - IPSEMG,3,,2011,INSTITUTO DE PREVIDÊNCIA DOS SERVIDORES DO ESTADO DE MINAS GERAIS - IPSEMG,3,3,90,13,50,1,,10,122,39,2,12,2012,1,,,1743060.00,0,ASSESSORAMENTO E GESTÃO DA ASSISTÊNCIA À SAÚDE,GESTÃO DA ASSISTÊNCIA À SAÚDE
2027,1500,SECRETARIA DE ESTADO DE PLANEJAMENTO E GESTÃO - IPSEMG,3,,2011,INSTITUTO DE PREVIDÊNCIA DOS SERVIDORES DO ESTADO DE MINAS GERAIS - IPSEMG,3,3,90,14,50,1,,10,122,39,2,12,2012,1,,,96000.00,0,ASSESSORAMENTO E GESTÃO DA ASSISTÊNCIA À SAÚDE,GESTÃO DA ASSISTÊNCIA À SAÚDE
2027,1500,SECRETARIA DE ESTADO DE PLANEJAMENTO E GESTÃO - IPSEMG,3,,2011,INSTITUTO DE PREVIDÊNCIA DOS SERVIDORES DO ESTADO DE MINAS GERAIS - IPSEMG,3,3,90,33,50,1,,10,122,39,2,12,2012,1,,,76800.00,0,ASSESSORAMENTO E GESTÃO DA ASSISTÊNCIA À SAÚDE,GESTÃO DA ASSISTÊNCIA À SAÚDE
2027,1500,SECRETARIA DE ESTADO DE PLANEJAMENTO E GESTÃO - IPSEMG,3,,2011,INSTITUTO DE PREVIDÊNCIA DOS SERVIDORES DO ESTADO DE MINAS GERAIS - IPSEMG,3,3,90,36,50,1,,10,122,39,2,12,2012,1,,,8715295.00,0,ASSESSORAMENTO E GESTÃO DA ASSISTÊNCIA À SAÚDE,GESTÃO DA ASSISTÊNCIA À SAÚDE
2027,1500,SECRETARIA DE ESTADO DE PLANEJAMENTO E GESTÃO - IPSEMG,3,,2011,INSTITUTO DE PREVIDÊNCIA DOS SERVIDORES DO ESTADO DE MINAS GERAIS - IPSEMG,3,3,90,37,50,1,,10,122,39,2,12,2012,1,,,3699962.00,0,ASSESSORAMENTO E GESTÃO DA ASSISTÊNCIA À SAÚDE,GESTÃO DA ASSISTÊNCIA À SAÚDE
2027,1500,SECRETARIA DE ESTADO DE PLANEJAMENTO E GESTÃO - IPSEMG,3,,2011,INSTITUTO DE PREVIDÊNCIA DOS SERVIDORES DO ESTADO DE MINAS GERAIS - IPSEMG,3,3,90,39,50,1,,10,122,39,2,12,2012,1,,,15695881.00,0,ASSESSORAMENTO E GESTÃO DA ASSISTÊNCIA À SAÚDE,GESTÃO DA ASSISTÊNCIA À SAÚDE
2027,1500,SECRETARIA DE ESTADO DE PLANEJAMENTO E GESTÃO - IPSEMG,3,,2011,INSTITUTO DE PREVIDÊNCIA DOS SERVIDORES DO ESTADO DE MINAS GERAIS - IPSEMG,3,3,90,40,50,1,,10,122,39,2,12,2012,1,,,3000.00,0,ASSESSORAMENTO E GESTÃO DA ASSISTÊNCIA À SAÚDE,GESTÃO DA ASSISTÊNCIA À SAÚDE
2027,1500,SECRETARIA DE ESTADO DE PLANEJAMENTO E GESTÃO - IPSEMG,3,,2011,INSTITUTO DE PREVIDÊNCIA DOS SERVIDORES DO ESTADO DE MINAS GERAIS - IPSEMG,3,3,90,14,50,1,,10,122,705,2,39,2039,1,,,90475.00,0,ASSESSORAMENTO E GESTÃO DAS UNIDADES REGIONAIS DO IPSEMG,APOIO ÀS POLÍTICAS PÚBLICAS
2027,1500,SECRETARIA DE ESTADO DE PLANEJAMENTO E GESTÃO - IPSEMG,3,,2011,INSTITUTO DE PREVIDÊNCIA DOS SERVIDORES DO ESTADO DE MINAS GERAIS - IPSEMG,3,3,90,30,50,1,,10,122,705,2,39,2039,1,,,300800.00,0,ASSESSORAMENTO E GESTÃO DAS UNIDADES REGIONAIS DO IPSEMG,APOIO ÀS POLÍTICAS PÚBLICAS
2027,1500,SECRETARIA DE ESTADO DE PLANEJAMENTO E GESTÃO - IPSEMG,3,,2011,INSTITUTO DE PREVIDÊNCIA DOS SERVIDORES DO ESTADO DE MINAS GERAIS - IPSEMG,3,3,90,36,50,1,,10,122,705,2,39,2039,1,,,545236.00,0,ASSESSORAMENTO E GESTÃO DAS UNIDADES REGIONAIS DO IPSEMG,APOIO ÀS POLÍTICAS PÚBLICAS
2027,1500,SECRETARIA DE ESTADO DE PLANEJAMENTO E GESTÃO - IPSEMG,3,,2011,INSTITUTO DE PREVIDÊNCIA DOS SERVIDORES DO ESTADO DE MINAS GERAIS - IPSEMG,3,3,90,37,50,1,,10,122,705,2,39,2039,1,,,16565638.00,0,ASSESSORAMENTO E GESTÃO DAS UNIDADES REGIONAIS DO IPSEMG,APOIO ÀS POLÍTICAS PÚBLICAS
2027,1500,SECRETARIA DE ESTADO DE PLANEJAMENTO E GESTÃO - IPSEMG,3,,2011,INSTITUTO DE PREVIDÊNCIA DOS SERVIDORES DO ESTADO DE MINAS GERAIS - IPSEMG,3,3,90,39,50,1,,10,122,705,2,39,2039,1,,,5553640.00,0,ASSESSORAMENTO E GESTÃO DAS UNIDADES REGIONAIS DO IPSEMG,APOIO ÀS POLÍTICAS PÚBLICAS
2027,1500,SECRETARIA DE ESTADO DE PLANEJAMENTO E GESTÃO - IPSEMG,3,,2011,INSTITUTO DE PREVIDÊNCIA DOS SERVIDORES DO ESTADO DE MINAS GERAIS - IPSEMG,3,3,90,40,50,1,,10,122,705,2,39,2039,1,,,2671332.00,0,ASSESSORAMENTO E GESTÃO DAS UNIDADES REGIONAIS DO IPSEMG,APOIO ÀS POLÍTICAS PÚBLICAS
2027,1500,SECRETARIA DE ESTADO DE PLANEJAMENTO E GESTÃO - IPSEMG,3,,2011,INSTITUTO DE PREVIDÊNCIA DOS SERVIDORES DO ESTADO DE MINAS GERAIS - IPSEMG,3,3,90,47,50,1,,10,122,705,2,39,2039,1,,,40481.00,0,ASSESSORAMENTO E GESTÃO DAS UNIDADES REGIONAIS DO IPSEMG,APOIO ÀS POLÍTICAS PÚBLICAS
2027,1500,SECRETARIA DE ESTADO DE PLANEJAMENTO E GESTÃO - IPSEMG,3,,2011,INSTITUTO DE PREVIDÊNCIA DOS SERVIDORES DO ESTADO DE MINAS GERAIS - IPSEMG,3,3,90,49,50,1,,10,122,705,2,39,2039,1,,,58080.00,0,ASSESSORAMENTO E GESTÃO DAS UNIDADES REGIONAIS DO IPSEMG,APOIO ÀS POLÍTICAS PÚBLICAS
2027,1500,SECRETARIA DE ESTADO DE PLANEJAMENTO E GESTÃO - IPSEMG,3,,2011,INSTITUTO DE PREVIDÊNCIA DOS SERVIDORES DO ESTADO DE MINAS GERAIS - IPSEMG,4,4,90,52,50,1,,10,122,705,2,39,2039,1,,,427800.00,0,ASSESSORAMENTO E GESTÃO DAS UNIDADES REGIONAIS DO IPSEMG,APOIO ÀS POLÍTICAS PÚBLICAS
2027,1500,SECRETARIA DE ESTADO DE PLANEJAMENTO E GESTÃO - IPSEMG,3,,2011,INSTITUTO DE PREVIDÊNCIA DOS SERVIDORES DO ESTADO DE MINAS GERAIS - IPSEMG,3,1,90,11,49,1,,10,122,705,2,417,2417,1,,,228870711.00,0,REMUNERAÇÃO DE PESSOAL ATIVO E ENCARGOS SOCIAIS,APOIO ÀS POLÍTICAS PÚBLICAS
2027,1500,SECRETARIA DE ESTADO DE PLANEJAMENTO E GESTÃO - IPSEMG,3,,2011,INSTITUTO DE PREVIDÊNCIA DOS SERVIDORES DO ESTADO DE MINAS GERAIS - IPSEMG,3,1,90,13,49,1,,10,122,705,2,417,2417,1,,,837829.00,0,REMUNERAÇÃO DE PESSOAL ATIVO E ENCARGOS SOCIAIS,APOIO ÀS POLÍTICAS PÚBLICAS
2027,1500,SECRETARIA DE ESTADO DE PLANEJAMENTO E GESTÃO - IPSEMG,3,,2011,INSTITUTO DE PREVIDÊNCIA DOS SERVIDORES DO ESTADO DE MINAS GERAIS - IPSEMG,3,1,90,16,49,1,,10,122,705,2,417,2417,1,,,8259758.00,0,REMUNERAÇÃO DE PESSOAL ATIVO E ENCARGOS SOCIAIS,APOIO ÀS POLÍTICAS PÚBLICAS
2027,1500,SECRETARIA DE ESTADO DE PLANEJAMENTO E GESTÃO - IPSEMG,3,,2011,INSTITUTO DE PREVIDÊNCIA DOS SERVIDORES DO ESTADO DE MINAS GERAIS - IPSEMG,3,1,91,13,49,1,,10,122,705,2,417,2417,1,,,85045602.00,0,REMUNERAÇÃO DE PESSOAL ATIVO E ENCARGOS SOCIAIS,APOIO ÀS POLÍTICAS PÚBLICAS
2027,1500,SECRETARIA DE ESTADO DE PLANEJAMENTO E GESTÃO - IPSEMG,3,,2011,INSTITUTO DE PREVIDÊNCIA DOS SERVIDORES DO ESTADO DE MINAS GERAIS - IPSEMG,3,3,90,13,49,1,,10,122,705,2,417,2417,1,,,2355259.00,0,REMUNERAÇÃO DE PESSOAL ATIVO E ENCARGOS SOCIAIS,APOIO ÀS POLÍTICAS PÚBLICAS
2027,1500,SECRETARIA DE ESTADO DE PLANEJAMENTO E GESTÃO - IPSEMG,3,,2011,INSTITUTO DE PREVIDÊNCIA DOS SERVIDORES DO ESTADO DE MINAS GERAIS - IPSEMG,3,3,90,36,49,1,,10,122,705,2,417,2417,1,,,11776266.00,0,REMUNERAÇÃO DE PESSOAL ATIVO E ENCARGOS SOCIAIS,APOIO ÀS POLÍTICAS PÚBLICAS
2027,1500,SECRETARIA DE ESTADO DE PLANEJAMENTO E GESTÃO - IPSEMG,3,,2011,INSTITUTO DE PREVIDÊNCIA DOS SERVIDORES DO ESTADO DE MINAS GERAIS - IPSEMG,3,3,90,46,49,7,,10,122,705,2,417,2417,1,,,38214165.00,0,REMUNERAÇÃO DE PESSOAL ATIVO E ENCARGOS SOCIAIS,APOIO ÀS POLÍTICAS PÚBLICAS
2027,1500,SECRETARIA DE ESTADO DE PLANEJAMENTO E GESTÃO - IPSEMG,3,,2011,INSTITUTO DE PREVIDÊNCIA DOS SERVIDORES DO ESTADO DE MINAS GERAIS - IPSEMG,3,3,90,93,49,1,,10,122,705,2,417,2417,1,,,1177627.00,0,REMUNERAÇÃO DE PESSOAL ATIVO E ENCARGOS SOCIAIS,APOIO ÀS POLÍTICAS PÚBLICAS
2027,1500,SECRETARIA DE ESTADO DE PLANEJAMENTO E GESTÃO - IPSEMG,3,,2011,INSTITUTO DE PREVIDÊNCIA DOS SERVIDORES DO ESTADO DE MINAS GERAIS - IPSEMG,3,3,90,30,50,1,,10,122,705,2,500,2500,1,,,694741.00,0,ASSESSORAMENTO E GERENCIAMENTO DE POLÍTICAS PÚBLICAS,APOIO ÀS POLÍTICAS PÚBLICAS
2027,1500,SECRETARIA DE ESTADO DE PLANEJAMENTO E GESTÃO - IPSEMG,3,,2011,INSTITUTO DE PREVIDÊNCIA DOS SERVIDORES DO ESTADO DE MINAS GERAIS - IPSEMG,3,3,90,33,50,1,,10,122,705,2,500,2500,1,,,256995.00,0,ASSESSORAMENTO E GERENCIAMENTO DE POLÍTICAS PÚBLICAS,APOIO ÀS POLÍTICAS PÚBLICAS
2027,1500,SECRETARIA DE ESTADO DE PLANEJAMENTO E GESTÃO - IPSEMG,3,,2011,INSTITUTO DE PREVIDÊNCIA DOS SERVIDORES DO ESTADO DE MINAS GERAIS - IPSEMG,3,3,90,35,50,1,,10,122,705,2,500,2500,1,,,491325.00,0,ASSESSORAMENTO E GERENCIAMENTO DE POLÍTICAS PÚBLICAS,APOIO ÀS POLÍTICAS PÚBLICAS
2027,1500,SECRETARIA DE ESTADO DE PLANEJAMENTO E GESTÃO - IPSEMG,3,,2011,INSTITUTO DE PREVIDÊNCIA DOS SERVIDORES DO ESTADO DE MINAS GERAIS - IPSEMG,3,3,90,36,50,1,,10,122,705,2,500,2500,1,,,492000.00,0,ASSESSORAMENTO E GERENCIAMENTO DE POLÍTICAS PÚBLICAS,APOIO ÀS POLÍTICAS PÚBLICAS
2027,1500,SECRETARIA DE ESTADO DE PLANEJAMENTO E GESTÃO - IPSEMG,3,,2011,INSTITUTO DE PREVIDÊNCIA DOS SERVIDORES DO ESTADO DE MINAS GERAIS - IPSEMG,3,3,90,37,50,1,,10,122,705,2,500,2500,1,,,24768662.00,0,ASSESSORAMENTO E GERENCIAMENTO DE POLÍTICAS PÚBLICAS,APOIO ÀS POLÍTICAS PÚBLICAS
2027,1500,SECRETARIA DE ESTADO DE PLANEJAMENTO E GESTÃO - IPSEMG,3,,2011,INSTITUTO DE PREVIDÊNCIA DOS SERVIDORES DO ESTADO DE MINAS GERAIS - IPSEMG,3,3,90,39,50,1,,10,122,705,2,500,2500,1,,,8674288.00,0,ASSESSORAMENTO E GERENCIAMENTO DE POLÍTICAS PÚBLICAS,APOIO ÀS POLÍTICAS PÚBLICAS
2027,1500,SECRETARIA DE ESTADO DE PLANEJAMENTO E GESTÃO - IPSEMG,3,,2011,INSTITUTO DE PREVIDÊNCIA DOS SERVIDORES DO ESTADO DE MINAS GERAIS - IPSEMG,3,3,90,40,50,1,,10,122,705,2,500,2500,1,,,10172432.00,0,ASSESSORAMENTO E GERENCIAMENTO DE POLÍTICAS PÚBLICAS,APOIO ÀS POLÍTICAS PÚBLICAS
2027,1500,SECRETARIA DE ESTADO DE PLANEJAMENTO E GESTÃO - IPSEMG,3,,2011,INSTITUTO DE PREVIDÊNCIA DOS SERVIDORES DO ESTADO DE MINAS GERAIS - IPSEMG,3,3,90,47,50,1,,10,122,705,2,500,2500,1,,,52455000.00,0,ASSESSORAMENTO E GERENCIAMENTO DE POLÍTICAS PÚBLICAS,APOIO ÀS POLÍTICAS PÚBLICAS
2027,1500,SECRETARIA DE ESTADO DE PLANEJAMENTO E GESTÃO - IPSEMG,3,,2011,INSTITUTO DE PREVIDÊNCIA DOS SERVIDORES DO ESTADO DE MINAS GERAIS - IPSEMG,3,3,90,49,50,1,,10,122,705,2,500,2500,1,,,149169.00,0,ASSESSORAMENTO E GERENCIAMENTO DE POLÍTICAS PÚBLICAS,APOIO ÀS POLÍTICAS PÚBLICAS
2027,1500,SECRETARIA DE ESTADO DE PLANEJAMENTO E GESTÃO - IPSEMG,3,,2011,INSTITUTO DE PREVIDÊNCIA DOS SERVIDORES DO ESTADO DE MINAS GERAIS - IPSEMG,3,3,90,59,50,1,,10,122,705,2,500,2500,1,,,132825.00,0,ASSESSORAMENTO E GERENCIAMENTO DE POLÍTICAS PÚBLICAS,APOIO ÀS POLÍTICAS PÚBLICAS
2027,1500,SECRETARIA DE ESTADO DE PLANEJAMENTO E GESTÃO - IPSEMG,3,,2011,INSTITUTO DE PREVIDÊNCIA DOS SERVIDORES DO ESTADO DE MINAS GERAIS - IPSEMG,4,4,90,40,50,1,,10,122,705,2,500,2500,1,,,7469682.00,0,ASSESSORAMENTO E GERENCIAMENTO DE POLÍTICAS PÚBLICAS,APOIO ÀS POLÍTICAS PÚBLICAS
2027,1500,SECRETARIA DE ESTADO DE PLANEJAMENTO E GESTÃO - IPSEMG,3,,2011,INSTITUTO DE PREVIDÊNCIA DOS SERVIDORES DO ESTADO DE MINAS GERAIS - IPSEMG,4,4,90,51,50,1,,10,122,705,2,500,2500,1,,,2200000.00,0,ASSESSORAMENTO E GERENCIAMENTO DE POLÍTICAS PÚBLICAS,APOIO ÀS POLÍTICAS PÚBLICAS
2027,1500,SECRETARIA DE ESTADO DE PLANEJAMENTO E GESTÃO - IPSEMG,3,,2011,INSTITUTO DE PREVIDÊNCIA DOS SERVIDORES DO ESTADO DE MINAS GERAIS - IPSEMG,4,4,90,52,47,1,,10,122,705,2,500,2500,1,,,2000.00,0,ASSESSORAMENTO E GERENCIAMENTO DE POLÍTICAS PÚBLICAS,APOIO ÀS POLÍTICAS PÚBLICAS
2027,1500,SECRETARIA DE ESTADO DE PLANEJAMENTO E GESTÃO - IPSEMG,3,,2011,INSTITUTO DE PREVIDÊNCIA DOS SERVIDORES DO ESTADO DE MINAS GERAIS - IPSEMG,4,4,90,52,50,1,,10,122,705,2,500,2500,1,,,81000.00,0,ASSESSORAMENTO E GERENCIAMENTO DE POLÍTICAS PÚBLICAS,APOIO ÀS POLÍTICAS PÚBLICAS
2027,1500,SECRETARIA DE ESTADO DE PLANEJAMENTO E GESTÃO - IPSEMG,3,,2011,INSTITUTO DE PREVIDÊNCIA DOS SERVIDORES DO ESTADO DE MINAS GERAIS - IPSEMG,3,3,90,39,50,1,,10,302,39,4,68,4068,1,,,10111732.00,0, REDE DE ASSISTÊNCIA À SAÚDE ODONTOLÓGICA CONTRATADA,GESTÃO DA ASSISTÊNCIA À SAÚDE
2027,1500,SECRETARIA DE ESTADO DE PLANEJAMENTO E GESTÃO - IPSEMG,3,,2011,INSTITUTO DE PREVIDÊNCIA DOS SERVIDORES DO ESTADO DE MINAS GERAIS - IPSEMG,3,3,90,13,50,1,,10,302,39,4,73,4073,1,,,3359292.00,0,REDE DE ASSISTÊNCIA À SAÚDE HOSPITALAR CONTRATADA,GESTÃO DA ASSISTÊNCIA À SAÚDE
2027,1500,SECRETARIA DE ESTADO DE PLANEJAMENTO E GESTÃO - IPSEMG,3,,2011,INSTITUTO DE PREVIDÊNCIA DOS SERVIDORES DO ESTADO DE MINAS GERAIS - IPSEMG,3,3,90,36,50,1,,10,302,39,4,73,4073,1,,,16796462.00,0,REDE DE ASSISTÊNCIA À SAÚDE HOSPITALAR CONTRATADA,GESTÃO DA ASSISTÊNCIA À SAÚDE
2027,1500,SECRETARIA DE ESTADO DE PLANEJAMENTO E GESTÃO - IPSEMG,3,,2011,INSTITUTO DE PREVIDÊNCIA DOS SERVIDORES DO ESTADO DE MINAS GERAIS - IPSEMG,3,3,90,39,49,1,,10,302,39,4,73,4073,1,,,241268455.00,0,REDE DE ASSISTÊNCIA À SAÚDE HOSPITALAR CONTRATADA,GESTÃO DA ASSISTÊNCIA À SAÚDE
2027,1500,SECRETARIA DE ESTADO DE PLANEJAMENTO E GESTÃO - IPSEMG,3,,2011,INSTITUTO DE PREVIDÊNCIA DOS SERVIDORES DO ESTADO DE MINAS GERAIS - IPSEMG,3,3,90,39,50,1,,10,302,39,4,73,4073,1,,,260946840.00,0,REDE DE ASSISTÊNCIA À SAÚDE HOSPITALAR CONTRATADA,GESTÃO DA ASSISTÊNCIA À SAÚDE
2027,1500,SECRETARIA DE ESTADO DE PLANEJAMENTO E GESTÃO - IPSEMG,3,,2011,INSTITUTO DE PREVIDÊNCIA DOS SERVIDORES DO ESTADO DE MINAS GERAIS - IPSEMG,3,3,90,39,60,1,,10,302,39,4,73,4073,1,,,48452260.00,0,REDE DE ASSISTÊNCIA À SAÚDE HOSPITALAR CONTRATADA,GESTÃO DA ASSISTÊNCIA À SAÚDE
2027,1500,SECRETARIA DE ESTADO DE PLANEJAMENTO E GESTÃO - IPSEMG,3,,2011,INSTITUTO DE PREVIDÊNCIA DOS SERVIDORES DO ESTADO DE MINAS GERAIS - IPSEMG,3,3,90,39,61,1,,10,302,39,4,73,4073,1,,,83389802.00,0,REDE DE ASSISTÊNCIA À SAÚDE HOSPITALAR CONTRATADA,GESTÃO DA ASSISTÊNCIA À SAÚDE
2027,1500,SECRETARIA DE ESTADO DE PLANEJAMENTO E GESTÃO - IPSEMG,3,,2011,INSTITUTO DE PREVIDÊNCIA DOS SERVIDORES DO ESTADO DE MINAS GERAIS - IPSEMG,3,3,90,93,50,1,,10,302,39,4,73,4073,1,,,2312136.00,0,REDE DE ASSISTÊNCIA À SAÚDE HOSPITALAR CONTRATADA,GESTÃO DA ASSISTÊNCIA À SAÚDE
2027,1500,SECRETARIA DE ESTADO DE PLANEJAMENTO E GESTÃO - IPSEMG,3,,2011,INSTITUTO DE PREVIDÊNCIA DOS SERVIDORES DO ESTADO DE MINAS GERAIS - IPSEMG,3,3,90,39,50,1,,10,302,39,4,74,4074,1,,,421566742.00,0,REDE DE ASSISTÊNCIA À SAÚDE AMBULATORIAL CONTRATADA,GESTÃO DA ASSISTÊNCIA À SAÚDE
2027,1500,SECRETARIA DE ESTADO DE PLANEJAMENTO E GESTÃO - IPSEMG,3,,2011,INSTITUTO DE PREVIDÊNCIA DOS SERVIDORES DO ESTADO DE MINAS GERAIS - IPSEMG,3,3,90,13,50,1,,10,302,39,4,410,4410,1,,,18594.00,0,ATENDIMENTO DE ORDENS JUDICIAIS PARA ASSISTÊNCIA À SAÚDE				,GESTÃO DA ASSISTÊNCIA À SAÚDE
2027,1500,SECRETARIA DE ESTADO DE PLANEJAMENTO E GESTÃO - IPSEMG,3,,2011,INSTITUTO DE PREVIDÊNCIA DOS SERVIDORES DO ESTADO DE MINAS GERAIS - IPSEMG,3,3,90,91,50,1,,10,302,39,4,410,4410,1,,,95985150.00,0,ATENDIMENTO DE ORDENS JUDICIAIS PARA ASSISTÊNCIA À SAÚDE				,GESTÃO DA ASSISTÊNCIA À SAÚDE
2027,1500,SECRETARIA DE ESTADO DE PLANEJAMENTO E GESTÃO - IPSEMG,3,,2011,INSTITUTO DE PREVIDÊNCIA DOS SERVIDORES DO ESTADO DE MINAS GERAIS - IPSEMG,3,3,90,13,50,1,,10,302,88,4,229,4229,1,,,172800.00,0,ATENÇÃO À SAÚDE AMBULATORIAL NA REDE PRÓPRIA,SERVIÇOS DE SAÚDE PRESTADOS PELO IPSEMG NA REDE PRÓPRIA
2027,1500,SECRETARIA DE ESTADO DE PLANEJAMENTO E GESTÃO - IPSEMG,3,,2011,INSTITUTO DE PREVIDÊNCIA DOS SERVIDORES DO ESTADO DE MINAS GERAIS - IPSEMG,3,3,90,30,50,1,,10,302,88,4,229,4229,1,,,97227.00,0,ATENÇÃO À SAÚDE AMBULATORIAL NA REDE PRÓPRIA,SERVIÇOS DE SAÚDE PRESTADOS PELO IPSEMG NA REDE PRÓPRIA
2027,1500,SECRETARIA DE ESTADO DE PLANEJAMENTO E GESTÃO - IPSEMG,3,,2011,INSTITUTO DE PREVIDÊNCIA DOS SERVIDORES DO ESTADO DE MINAS GERAIS - IPSEMG,3,3,90,36,50,1,,10,302,88,4,229,4229,1,,,876000.00,0,ATENÇÃO À SAÚDE AMBULATORIAL NA REDE PRÓPRIA,SERVIÇOS DE SAÚDE PRESTADOS PELO IPSEMG NA REDE PRÓPRIA
2027,1500,SECRETARIA DE ESTADO DE PLANEJAMENTO E GESTÃO - IPSEMG,3,,2011,INSTITUTO DE PREVIDÊNCIA DOS SERVIDORES DO ESTADO DE MINAS GERAIS - IPSEMG,3,3,90,37,50,1,,10,302,88,4,229,4229,1,,,10696212.00,0,ATENÇÃO À SAÚDE AMBULATORIAL NA REDE PRÓPRIA,SERVIÇOS DE SAÚDE PRESTADOS PELO IPSEMG NA REDE PRÓPRIA
2027,1500,SECRETARIA DE ESTADO DE PLANEJAMENTO E GESTÃO - IPSEMG,3,,2011,INSTITUTO DE PREVIDÊNCIA DOS SERVIDORES DO ESTADO DE MINAS GERAIS - IPSEMG,3,3,90,39,50,1,,10,302,88,4,229,4229,1,,,3736909.00,0,ATENÇÃO À SAÚDE AMBULATORIAL NA REDE PRÓPRIA,SERVIÇOS DE SAÚDE PRESTADOS PELO IPSEMG NA REDE PRÓPRIA
2027,1500,SECRETARIA DE ESTADO DE PLANEJAMENTO E GESTÃO - IPSEMG,3,,2011,INSTITUTO DE PREVIDÊNCIA DOS SERVIDORES DO ESTADO DE MINAS GERAIS - IPSEMG,3,3,90,40,50,1,,10,302,88,4,229,4229,1,,,1738374.00,0,ATENÇÃO À SAÚDE AMBULATORIAL NA REDE PRÓPRIA,SERVIÇOS DE SAÚDE PRESTADOS PELO IPSEMG NA REDE PRÓPRIA
2027,1500,SECRETARIA DE ESTADO DE PLANEJAMENTO E GESTÃO - IPSEMG,3,,2011,INSTITUTO DE PREVIDÊNCIA DOS SERVIDORES DO ESTADO DE MINAS GERAIS - IPSEMG,3,3,90,49,50,1,,10,302,88,4,229,4229,1,,,91083.00,0,ATENÇÃO À SAÚDE AMBULATORIAL NA REDE PRÓPRIA,SERVIÇOS DE SAÚDE PRESTADOS PELO IPSEMG NA REDE PRÓPRIA
2027,1500,SECRETARIA DE ESTADO DE PLANEJAMENTO E GESTÃO - IPSEMG,3,,2011,INSTITUTO DE PREVIDÊNCIA DOS SERVIDORES DO ESTADO DE MINAS GERAIS - IPSEMG,4,4,90,52,50,1,,10,302,88,4,229,4229,1,,,2293892.00,0,ATENÇÃO À SAÚDE AMBULATORIAL NA REDE PRÓPRIA,SERVIÇOS DE SAÚDE PRESTADOS PELO IPSEMG NA REDE PRÓPRIA
2027,1500,SECRETARIA DE ESTADO DE PLANEJAMENTO E GESTÃO - IPSEMG,3,,2011,INSTITUTO DE PREVIDÊNCIA DOS SERVIDORES DO ESTADO DE MINAS GERAIS - IPSEMG,3,3,90,13,50,1,,10,302,88,4,230,4230,1,,,505500.00,0,ATENÇÃO À SAÚDE ODONTOLÓGICA NA REDE PRÓPRIA,SERVIÇOS DE SAÚDE PRESTADOS PELO IPSEMG NA REDE PRÓPRIA
2027,1500,SECRETARIA DE ESTADO DE PLANEJAMENTO E GESTÃO - IPSEMG,3,,2011,INSTITUTO DE PREVIDÊNCIA DOS SERVIDORES DO ESTADO DE MINAS GERAIS - IPSEMG,3,3,90,30,50,1,,10,302,88,4,230,4230,1,,,1633704.00,0,ATENÇÃO À SAÚDE ODONTOLÓGICA NA REDE PRÓPRIA,SERVIÇOS DE SAÚDE PRESTADOS PELO IPSEMG NA REDE PRÓPRIA
2027,1500,SECRETARIA DE ESTADO DE PLANEJAMENTO E GESTÃO - IPSEMG,3,,2011,INSTITUTO DE PREVIDÊNCIA DOS SERVIDORES DO ESTADO DE MINAS GERAIS - IPSEMG,3,3,90,36,50,1,,10,302,88,4,230,4230,1,,,2607695.00,0,ATENÇÃO À SAÚDE ODONTOLÓGICA NA REDE PRÓPRIA,SERVIÇOS DE SAÚDE PRESTADOS PELO IPSEMG NA REDE PRÓPRIA
2027,1500,SECRETARIA DE ESTADO DE PLANEJAMENTO E GESTÃO - IPSEMG,3,,2011,INSTITUTO DE PREVIDÊNCIA DOS SERVIDORES DO ESTADO DE MINAS GERAIS - IPSEMG,3,3,90,37,50,1,,10,302,88,4,230,4230,1,,,3902557.00,0,ATENÇÃO À SAÚDE ODONTOLÓGICA NA REDE PRÓPRIA,SERVIÇOS DE SAÚDE PRESTADOS PELO IPSEMG NA REDE PRÓPRIA
2027,1500,SECRETARIA DE ESTADO DE PLANEJAMENTO E GESTÃO - IPSEMG,3,,2011,INSTITUTO DE PREVIDÊNCIA DOS SERVIDORES DO ESTADO DE MINAS GERAIS - IPSEMG,3,3,90,39,50,1,,10,302,88,4,230,4230,1,,,8933220.00,0,ATENÇÃO À SAÚDE ODONTOLÓGICA NA REDE PRÓPRIA,SERVIÇOS DE SAÚDE PRESTADOS PELO IPSEMG NA REDE PRÓPRIA
2027,1500,SECRETARIA DE ESTADO DE PLANEJAMENTO E GESTÃO - IPSEMG,3,,2011,INSTITUTO DE PREVIDÊNCIA DOS SERVIDORES DO ESTADO DE MINAS GERAIS - IPSEMG,3,3,90,40,50,1,,10,302,88,4,230,4230,1,,,793849.00,0,ATENÇÃO À SAÚDE ODONTOLÓGICA NA REDE PRÓPRIA,SERVIÇOS DE SAÚDE PRESTADOS PELO IPSEMG NA REDE PRÓPRIA
2027,1500,SECRETARIA DE ESTADO DE PLANEJAMENTO E GESTÃO - IPSEMG,3,,2011,INSTITUTO DE PREVIDÊNCIA DOS SERVIDORES DO ESTADO DE MINAS GERAIS - IPSEMG,3,3,90,49,50,1,,10,302,88,4,230,4230,1,,,162366.00,0,ATENÇÃO À SAÚDE ODONTOLÓGICA NA REDE PRÓPRIA,SERVIÇOS DE SAÚDE PRESTADOS PELO IPSEMG NA REDE PRÓPRIA
2027,1500,SECRETARIA DE ESTADO DE PLANEJAMENTO E GESTÃO - IPSEMG,3,,2011,INSTITUTO DE PREVIDÊNCIA DOS SERVIDORES DO ESTADO DE MINAS GERAIS - IPSEMG,4,4,90,52,50,1,,10,302,88,4,230,4230,1,,,1793412.00,0,ATENÇÃO À SAÚDE ODONTOLÓGICA NA REDE PRÓPRIA,SERVIÇOS DE SAÚDE PRESTADOS PELO IPSEMG NA REDE PRÓPRIA
2027,1500,SECRETARIA DE ESTADO DE PLANEJAMENTO E GESTÃO - IPSEMG,3,,2011,INSTITUTO DE PREVIDÊNCIA DOS SERVIDORES DO ESTADO DE MINAS GERAIS - IPSEMG,3,3,90,13,50,1,,10,302,88,4,231,4231,1,,,11742000.00,0,ATENÇÃO À SAÚDE HOSPITALAR NA REDE PRÓPRIA,SERVIÇOS DE SAÚDE PRESTADOS PELO IPSEMG NA REDE PRÓPRIA
2027,1500,SECRETARIA DE ESTADO DE PLANEJAMENTO E GESTÃO - IPSEMG,3,,2011,INSTITUTO DE PREVIDÊNCIA DOS SERVIDORES DO ESTADO DE MINAS GERAIS - IPSEMG,3,3,90,30,50,1,,10,302,88,4,231,4231,1,,,81825384.00,0,ATENÇÃO À SAÚDE HOSPITALAR NA REDE PRÓPRIA,SERVIÇOS DE SAÚDE PRESTADOS PELO IPSEMG NA REDE PRÓPRIA
2027,1500,SECRETARIA DE ESTADO DE PLANEJAMENTO E GESTÃO - IPSEMG,3,,2011,INSTITUTO DE PREVIDÊNCIA DOS SERVIDORES DO ESTADO DE MINAS GERAIS - IPSEMG,3,3,90,33,50,1,,10,302,88,4,231,4231,1,,,1705501.00,0,ATENÇÃO À SAÚDE HOSPITALAR NA REDE PRÓPRIA,SERVIÇOS DE SAÚDE PRESTADOS PELO IPSEMG NA REDE PRÓPRIA
2027,1500,SECRETARIA DE ESTADO DE PLANEJAMENTO E GESTÃO - IPSEMG,3,,2011,INSTITUTO DE PREVIDÊNCIA DOS SERVIDORES DO ESTADO DE MINAS GERAIS - IPSEMG,3,3,90,35,50,1,,10,302,88,4,231,4231,1,,,1920000.00,0,ATENÇÃO À SAÚDE HOSPITALAR NA REDE PRÓPRIA,SERVIÇOS DE SAÚDE PRESTADOS PELO IPSEMG NA REDE PRÓPRIA
2027,1500,SECRETARIA DE ESTADO DE PLANEJAMENTO E GESTÃO - IPSEMG,3,,2011,INSTITUTO DE PREVIDÊNCIA DOS SERVIDORES DO ESTADO DE MINAS GERAIS - IPSEMG,3,3,90,36,50,1,,10,302,88,4,231,4231,1,,,58854000.00,0,ATENÇÃO À SAÚDE HOSPITALAR NA REDE PRÓPRIA,SERVIÇOS DE SAÚDE PRESTADOS PELO IPSEMG NA REDE PRÓPRIA
2027,1500,SECRETARIA DE ESTADO DE PLANEJAMENTO E GESTÃO - IPSEMG,3,,2011,INSTITUTO DE PREVIDÊNCIA DOS SERVIDORES DO ESTADO DE MINAS GERAIS - IPSEMG,3,3,90,37,50,1,,10,302,88,4,231,4231,1,,,63454925.00,0,ATENÇÃO À SAÚDE HOSPITALAR NA REDE PRÓPRIA,SERVIÇOS DE SAÚDE PRESTADOS PELO IPSEMG NA REDE PRÓPRIA
2027,1500,SECRETARIA DE ESTADO DE PLANEJAMENTO E GESTÃO - IPSEMG,3,,2011,INSTITUTO DE PREVIDÊNCIA DOS SERVIDORES DO ESTADO DE MINAS GERAIS - IPSEMG,3,3,90,39,50,1,,10,302,88,4,231,4231,1,,,123483768.00,0,ATENÇÃO À SAÚDE HOSPITALAR NA REDE PRÓPRIA,SERVIÇOS DE SAÚDE PRESTADOS PELO IPSEMG NA REDE PRÓPRIA
2027,1500,SECRETARIA DE ESTADO DE PLANEJAMENTO E GESTÃO - IPSEMG,3,,2011,INSTITUTO DE PREVIDÊNCIA DOS SERVIDORES DO ESTADO DE MINAS GERAIS - IPSEMG,3,3,90,40,50,1,,10,302,88,4,231,4231,1,,,14153057.00,0,ATENÇÃO À SAÚDE HOSPITALAR NA REDE PRÓPRIA,SERVIÇOS DE SAÚDE PRESTADOS PELO IPSEMG NA REDE PRÓPRIA
2027,1500,SECRETARIA DE ESTADO DE PLANEJAMENTO E GESTÃO - IPSEMG,3,,2011,INSTITUTO DE PREVIDÊNCIA DOS SERVIDORES DO ESTADO DE MINAS GERAIS - IPSEMG,3,3,90,49,50,1,,10,302,88,4,231,4231,1,,,1980048.00,0,ATENÇÃO À SAÚDE HOSPITALAR NA REDE PRÓPRIA,SERVIÇOS DE SAÚDE PRESTADOS PELO IPSEMG NA REDE PRÓPRIA
2027,1500,SECRETARIA DE ESTADO DE PLANEJAMENTO E GESTÃO - IPSEMG,3,,2011,INSTITUTO DE PREVIDÊNCIA DOS SERVIDORES DO ESTADO DE MINAS GERAIS - IPSEMG,4,4,90,40,50,1,,10,302,88,4,231,4231,1,,,1560000.00,0,ATENÇÃO À SAÚDE HOSPITALAR NA REDE PRÓPRIA,SERVIÇOS DE SAÚDE PRESTADOS PELO IPSEMG NA REDE PRÓPRIA
2027,1500,SECRETARIA DE ESTADO DE PLANEJAMENTO E GESTÃO - IPSEMG,3,,2011,INSTITUTO DE PREVIDÊNCIA DOS SERVIDORES DO ESTADO DE MINAS GERAIS - IPSEMG,4,4,90,51,50,1,,10,302,88,4,231,4231,1,,,3600000.00,0,ATENÇÃO À SAÚDE HOSPITALAR NA REDE PRÓPRIA,SERVIÇOS DE SAÚDE PRESTADOS PELO IPSEMG NA REDE PRÓPRIA
2027,1500,SECRETARIA DE ESTADO DE PLANEJAMENTO E GESTÃO - IPSEMG,3,,2011,INSTITUTO DE PREVIDÊNCIA DOS SERVIDORES DO ESTADO DE MINAS GERAIS - IPSEMG,4,4,90,52,50,1,,10,302,88,4,231,4231,1,,,23648044.00,0,ATENÇÃO À SAÚDE HOSPITALAR NA REDE PRÓPRIA,SERVIÇOS DE SAÚDE PRESTADOS PELO IPSEMG NA REDE PRÓPRIA
2027,1500,SECRETARIA DE ESTADO DE PLANEJAMENTO E GESTÃO - IPSEMG,3,,2011,INSTITUTO DE PREVIDÊNCIA DOS SERVIDORES DO ESTADO DE MINAS GERAIS - IPSEMG,3,1,90,91,10,9,,28,846,705,7,4,7004,1,,,128011416.00,0,PRECATÓRIOS E SENTENÇAS JUDICIÁRIAS,APOIO ÀS POLÍTICAS PÚBLICAS
2027,1500,SECRETARIA DE ESTADO DE PLANEJAMENTO E GESTÃO - IPSEMG,3,,2011,INSTITUTO DE PREVIDÊNCIA DOS SERVIDORES DO ESTADO DE MINAS GERAIS - IPSEMG,3,1,90,91,60,9,,28,846,705,7,4,7004,1,,,5900000.00,0,PRECATÓRIOS E SENTENÇAS JUDICIÁRIAS,APOIO ÀS POLÍTICAS PÚBLICAS
2027,1500,SECRETARIA DE ESTADO DE PLANEJAMENTO E GESTÃO - IPSEMG,3,,2011,INSTITUTO DE PREVIDÊNCIA DOS SERVIDORES DO ESTADO DE MINAS GERAIS - IPSEMG,3,3,90,91,10,9,,28,846,705,7,4,7004,1,,,6344819.00,0,PRECATÓRIOS E SENTENÇAS JUDICIÁRIAS,APOIO ÀS POLÍTICAS PÚBLICAS
2027,1500,SECRETARIA DE ESTADO DE PLANEJAMENTO E GESTÃO - IPSEMG,3,,2011,INSTITUTO DE PREVIDÊNCIA DOS SERVIDORES DO ESTADO DE MINAS GERAIS - IPSEMG,3,3,90,91,60,9,,28,846,705,7,4,7004,1,,,100000.00,0,PRECATÓRIOS E SENTENÇAS JUDICIÁRIAS,APOIO ÀS POLÍTICAS PÚBLICAS
2027,1500,SECRETARIA DE ESTADO DE PLANEJAMENTO E GESTÃO - IPSEMG,3,,2011,INSTITUTO DE PREVIDÊNCIA DOS SERVIDORES DO ESTADO DE MINAS GERAIS - IPSEMG,3,3,90,14,60,1,,4,122,705,2,14,2014,1,,,240768.00,0,ASSESSORAMENTO E GESTÃO PREVIDENCIÁRIA 				,APOIO ÀS POLÍTICAS PÚBLICAS
2027,1500,SECRETARIA DE ESTADO DE PLANEJAMENTO E GESTÃO - IPSEMG,3,,2011,INSTITUTO DE PREVIDÊNCIA DOS SERVIDORES DO ESTADO DE MINAS GERAIS - IPSEMG,3,3,90,33,10,1,,4,122,705,2,14,2014,1,,,49405.00,0,ASSESSORAMENTO E GESTÃO PREVIDENCIÁRIA 				,APOIO ÀS POLÍTICAS PÚBLICAS
2027,1500,SECRETARIA DE ESTADO DE PLANEJAMENTO E GESTÃO - IPSEMG,3,,2011,INSTITUTO DE PREVIDÊNCIA DOS SERVIDORES DO ESTADO DE MINAS GERAIS - IPSEMG,3,3,90,33,60,1,,4,122,705,2,14,2014,1,,,20004.00,0,ASSESSORAMENTO E GESTÃO PREVIDENCIÁRIA 				,APOIO ÀS POLÍTICAS PÚBLICAS
2027,1500,SECRETARIA DE ESTADO DE PLANEJAMENTO E GESTÃO - IPSEMG,3,,2011,INSTITUTO DE PREVIDÊNCIA DOS SERVIDORES DO ESTADO DE MINAS GERAIS - IPSEMG,3,3,90,36,60,1,,4,122,705,2,14,2014,1,,,4992.00,0,ASSESSORAMENTO E GESTÃO PREVIDENCIÁRIA 				,APOIO ÀS POLÍTICAS PÚBLICAS
2027,1500,SECRETARIA DE ESTADO DE PLANEJAMENTO E GESTÃO - IPSEMG,3,,2011,INSTITUTO DE PREVIDÊNCIA DOS SERVIDORES DO ESTADO DE MINAS GERAIS - IPSEMG,3,3,90,37,10,1,,4,122,705,2,14,2014,1,,,8551167.00,0,ASSESSORAMENTO E GESTÃO PREVIDENCIÁRIA 				,APOIO ÀS POLÍTICAS PÚBLICAS
2027,1500,SECRETARIA DE ESTADO DE PLANEJAMENTO E GESTÃO - IPSEMG,3,,2011,INSTITUTO DE PREVIDÊNCIA DOS SERVIDORES DO ESTADO DE MINAS GERAIS - IPSEMG,3,3,90,39,10,1,,4,122,705,2,14,2014,1,,,8114990.00,0,ASSESSORAMENTO E GESTÃO PREVIDENCIÁRIA 				,APOIO ÀS POLÍTICAS PÚBLICAS
2027,1500,SECRETARIA DE ESTADO DE PLANEJAMENTO E GESTÃO - IPSEMG,3,,2011,INSTITUTO DE PREVIDÊNCIA DOS SERVIDORES DO ESTADO DE MINAS GERAIS - IPSEMG,3,3,90,39,60,1,,4,122,705,2,14,2014,1,,,852512.00,0,ASSESSORAMENTO E GESTÃO PREVIDENCIÁRIA 				,APOIO ÀS POLÍTICAS PÚBLICAS
2027,1500,SECRETARIA DE ESTADO DE PLANEJAMENTO E GESTÃO - IPSEMG,3,,2011,INSTITUTO DE PREVIDÊNCIA DOS SERVIDORES DO ESTADO DE MINAS GERAIS - IPSEMG,3,3,90,40,10,1,,4,122,705,2,14,2014,1,,,2165167.00,0,ASSESSORAMENTO E GESTÃO PREVIDENCIÁRIA 				,APOIO ÀS POLÍTICAS PÚBLICAS
2027,1500,SECRETARIA DE ESTADO DE PLANEJAMENTO E GESTÃO - IPSEMG,3,,2011,INSTITUTO DE PREVIDÊNCIA DOS SERVIDORES DO ESTADO DE MINAS GERAIS - IPSEMG,4,4,90,40,10,1,,4,122,705,2,14,2014,1,,,3238464.00,0,ASSESSORAMENTO E GESTÃO PREVIDENCIÁRIA 				,APOIO ÀS POLÍTICAS PÚBLICAS
2027,1500,SECRETARIA DE ESTADO DE PLANEJAMENTO E GESTÃO - IPSEMG,3,,2011,INSTITUTO DE PREVIDÊNCIA DOS SERVIDORES DO ESTADO DE MINAS GERAIS - IPSEMG,3,3,90,8,60,1,,8,244,138,4,409,4409,1,,,1263840.00,0, AUXÍLIO FINANCEIRO AO SEGURADO             				,"CONCESSÃO DE AUXÍLIO FINANCEIRO, SEGURO E PECÚLIO"
2027,1500,SECRETARIA DE ESTADO DE PLANEJAMENTO E GESTÃO - FJP,3,,2061,FUNDAÇÃO JOÃO PINHEIRO - FJP,3,1,90,11,10,1,,12,122,705,2,417,2417,1,,,34889356.00,0,REMUNERAÇÃO DE PESSOAL ATIVO E ENCARGOS SOCIAIS,APOIO ÀS POLÍTICAS PÚBLICAS
2027,1500,SECRETARIA DE ESTADO DE PLANEJAMENTO E GESTÃO - FJP,3,,2061,FUNDAÇÃO JOÃO PINHEIRO - FJP,3,1,90,13,10,1,,12,122,705,2,417,2417,1,,,916509.00,0,REMUNERAÇÃO DE PESSOAL ATIVO E ENCARGOS SOCIAIS,APOIO ÀS POLÍTICAS PÚBLICAS
2027,1500,SECRETARIA DE ESTADO DE PLANEJAMENTO E GESTÃO - FJP,3,,2061,FUNDAÇÃO JOÃO PINHEIRO - FJP,3,1,90,16,10,1,,12,122,705,2,417,2417,1,,,365854.00,0,REMUNERAÇÃO DE PESSOAL ATIVO E ENCARGOS SOCIAIS,APOIO ÀS POLÍTICAS PÚBLICAS
2027,1500,SECRETARIA DE ESTADO DE PLANEJAMENTO E GESTÃO - FJP,3,,2061,FUNDAÇÃO JOÃO PINHEIRO - FJP,3,1,90,4,10,1,,12,122,705,2,417,2417,1,,,2890000.00,0,REMUNERAÇÃO DE PESSOAL ATIVO E ENCARGOS SOCIAIS,APOIO ÀS POLÍTICAS PÚBLICAS
2027,1500,SECRETARIA DE ESTADO DE PLANEJAMENTO E GESTÃO - FJP,3,,2061,FUNDAÇÃO JOÃO PINHEIRO - FJP,3,1,90,7,10,1,,12,122,705,2,417,2417,1,,,108000.00,0,REMUNERAÇÃO DE PESSOAL ATIVO E ENCARGOS SOCIAIS,APOIO ÀS POLÍTICAS PÚBLICAS
2027,1500,SECRETARIA DE ESTADO DE PLANEJAMENTO E GESTÃO - FJP,3,,2061,FUNDAÇÃO JOÃO PINHEIRO - FJP,3,1,90,92,10,1,,12,122,705,2,417,2417,1,,,29933.00,0,REMUNERAÇÃO DE PESSOAL ATIVO E ENCARGOS SOCIAIS,APOIO ÀS POLÍTICAS PÚBLICAS
2027,1500,SECRETARIA DE ESTADO DE PLANEJAMENTO E GESTÃO - FJP,3,,2061,FUNDAÇÃO JOÃO PINHEIRO - FJP,3,1,91,13,10,1,,12,122,705,2,417,2417,1,,,13242241.00,0,REMUNERAÇÃO DE PESSOAL ATIVO E ENCARGOS SOCIAIS,APOIO ÀS POLÍTICAS PÚBLICAS
2027,1500,SECRETARIA DE ESTADO DE PLANEJAMENTO E GESTÃO - FJP,3,,2061,FUNDAÇÃO JOÃO PINHEIRO - FJP,3,1,91,4,10,1,,12,122,705,2,417,2417,1,,,21108.00,0,REMUNERAÇÃO DE PESSOAL ATIVO E ENCARGOS SOCIAIS,APOIO ÀS POLÍTICAS PÚBLICAS
2027,1500,SECRETARIA DE ESTADO DE PLANEJAMENTO E GESTÃO - FJP,3,,2061,FUNDAÇÃO JOÃO PINHEIRO - FJP,3,3,90,36,10,1,,12,122,705,2,417,2417,1,,,783650.00,0,REMUNERAÇÃO DE PESSOAL ATIVO E ENCARGOS SOCIAIS,APOIO ÀS POLÍTICAS PÚBLICAS
2027,1500,SECRETARIA DE ESTADO DE PLANEJAMENTO E GESTÃO - FJP,3,,2061,FUNDAÇÃO JOÃO PINHEIRO - FJP,3,3,90,46,10,7,,12,122,705,2,417,2417,1,,,3531389.00,0,REMUNERAÇÃO DE PESSOAL ATIVO E ENCARGOS SOCIAIS,APOIO ÀS POLÍTICAS PÚBLICAS
2027,1500,SECRETARIA DE ESTADO DE PLANEJAMENTO E GESTÃO - FJP,3,,2061,FUNDAÇÃO JOÃO PINHEIRO - FJP,3,3,90,49,10,7,,12,122,705,2,417,2417,1,,,153594.00,0,REMUNERAÇÃO DE PESSOAL ATIVO E ENCARGOS SOCIAIS,APOIO ÀS POLÍTICAS PÚBLICAS
2027,1500,SECRETARIA DE ESTADO DE PLANEJAMENTO E GESTÃO - FJP,3,,2061,FUNDAÇÃO JOÃO PINHEIRO - FJP,3,3,90,14,60,1,,12,122,705,2,500,2500,1,,,22921.00,0,ASSESSORAMENTO E GERENCIAMENTO DE POLÍTICAS PÚBLICAS,APOIO ÀS POLÍTICAS PÚBLICAS
2027,1500,SECRETARIA DE ESTADO DE PLANEJAMENTO E GESTÃO - FJP,3,,2061,FUNDAÇÃO JOÃO PINHEIRO - FJP,3,3,90,33,60,1,,12,122,705,2,500,2500,1,,,17364.00,0,ASSESSORAMENTO E GERENCIAMENTO DE POLÍTICAS PÚBLICAS,APOIO ÀS POLÍTICAS PÚBLICAS
2027,1500,SECRETARIA DE ESTADO DE PLANEJAMENTO E GESTÃO - FJP,3,,2061,FUNDAÇÃO JOÃO PINHEIRO - FJP,3,3,90,36,10,1,,12,122,705,2,500,2500,1,,,2400.00,0,ASSESSORAMENTO E GERENCIAMENTO DE POLÍTICAS PÚBLICAS,APOIO ÀS POLÍTICAS PÚBLICAS
2027,1500,SECRETARIA DE ESTADO DE PLANEJAMENTO E GESTÃO - FJP,3,,2061,FUNDAÇÃO JOÃO PINHEIRO - FJP,3,3,90,36,60,1,,12,122,705,2,500,2500,1,,,2400.00,0,ASSESSORAMENTO E GERENCIAMENTO DE POLÍTICAS PÚBLICAS,APOIO ÀS POLÍTICAS PÚBLICAS
2027,1500,SECRETARIA DE ESTADO DE PLANEJAMENTO E GESTÃO - FJP,3,,2061,FUNDAÇÃO JOÃO PINHEIRO - FJP,3,3,90,37,10,1,,12,122,705,2,500,2500,1,,,323548.00,0,ASSESSORAMENTO E GERENCIAMENTO DE POLÍTICAS PÚBLICAS,APOIO ÀS POLÍTICAS PÚBLICAS
2027,1500,SECRETARIA DE ESTADO DE PLANEJAMENTO E GESTÃO - FJP,3,,2061,FUNDAÇÃO JOÃO PINHEIRO - FJP,3,3,90,37,60,1,,12,122,705,2,500,2500,1,,,913342.00,0,ASSESSORAMENTO E GERENCIAMENTO DE POLÍTICAS PÚBLICAS,APOIO ÀS POLÍTICAS PÚBLICAS
2027,1500,SECRETARIA DE ESTADO DE PLANEJAMENTO E GESTÃO - FJP,3,,2061,FUNDAÇÃO JOÃO PINHEIRO - FJP,3,3,90,40,10,1,,12,122,705,2,500,2500,1,,,1873.00,0,ASSESSORAMENTO E GERENCIAMENTO DE POLÍTICAS PÚBLICAS,APOIO ÀS POLÍTICAS PÚBLICAS
2027,1500,SECRETARIA DE ESTADO DE PLANEJAMENTO E GESTÃO - FJP,3,,2061,FUNDAÇÃO JOÃO PINHEIRO - FJP,4,4,90,52,47,1,,12,122,705,2,500,2500,1,,,5000.00,0,ASSESSORAMENTO E GERENCIAMENTO DE POLÍTICAS PÚBLICAS,APOIO ÀS POLÍTICAS PÚBLICAS
2027,1500,SECRETARIA DE ESTADO DE PLANEJAMENTO E GESTÃO - FJP,3,,2061,FUNDAÇÃO JOÃO PINHEIRO - FJP,3,3,90,14,10,1,,12,364,91,4,27,4027,1,,,17463.00,0,AÇÕES TRANSVERSAIS ESTRATÉGICAS DA ESCOLA DE GOVERNO,APRIMORAMENTO DA GESTÃO PÚBLICA POR MEIO DE ENSINO DE EXCELÊNCIA
2027,1500,SECRETARIA DE ESTADO DE PLANEJAMENTO E GESTÃO - FJP,3,,2061,FUNDAÇÃO JOÃO PINHEIRO - FJP,3,3,90,33,10,1,,12,364,91,4,27,4027,1,,,26593.00,0,AÇÕES TRANSVERSAIS ESTRATÉGICAS DA ESCOLA DE GOVERNO,APRIMORAMENTO DA GESTÃO PÚBLICA POR MEIO DE ENSINO DE EXCELÊNCIA
2027,1500,SECRETARIA DE ESTADO DE PLANEJAMENTO E GESTÃO - FJP,3,,2061,FUNDAÇÃO JOÃO PINHEIRO - FJP,3,3,90,37,10,1,,12,364,91,4,27,4027,1,,,68340.00,0,AÇÕES TRANSVERSAIS ESTRATÉGICAS DA ESCOLA DE GOVERNO,APRIMORAMENTO DA GESTÃO PÚBLICA POR MEIO DE ENSINO DE EXCELÊNCIA
2027,1500,SECRETARIA DE ESTADO DE PLANEJAMENTO E GESTÃO - FJP,3,,2061,FUNDAÇÃO JOÃO PINHEIRO - FJP,3,3,90,39,10,1,,12,364,91,4,27,4027,1,,,63600.00,0,AÇÕES TRANSVERSAIS ESTRATÉGICAS DA ESCOLA DE GOVERNO,APRIMORAMENTO DA GESTÃO PÚBLICA POR MEIO DE ENSINO DE EXCELÊNCIA
2027,1500,SECRETARIA DE ESTADO DE PLANEJAMENTO E GESTÃO - FJP,3,,2061,FUNDAÇÃO JOÃO PINHEIRO - FJP,3,3,90,40,10,1,,12,364,91,4,27,4027,1,,,86306.00,0,AÇÕES TRANSVERSAIS ESTRATÉGICAS DA ESCOLA DE GOVERNO,APRIMORAMENTO DA GESTÃO PÚBLICA POR MEIO DE ENSINO DE EXCELÊNCIA
2027,1500,SECRETARIA DE ESTADO DE PLANEJAMENTO E GESTÃO - FJP,3,,2061,FUNDAÇÃO JOÃO PINHEIRO - FJP,3,3,90,14,60,1,,12,364,91,4,240,4240,1,,,20374.00,0,FORMAÇÃO CONTINUADA E EXECUTIVA,APRIMORAMENTO DA GESTÃO PÚBLICA POR MEIO DE ENSINO DE EXCELÊNCIA
2027,1500,SECRETARIA DE ESTADO DE PLANEJAMENTO E GESTÃO - FJP,3,,2061,FUNDAÇÃO JOÃO PINHEIRO - FJP,3,3,90,30,60,1,,12,364,91,4,240,4240,1,,,39300.00,0,FORMAÇÃO CONTINUADA E EXECUTIVA,APRIMORAMENTO DA GESTÃO PÚBLICA POR MEIO DE ENSINO DE EXCELÊNCIA
2027,1500,SECRETARIA DE ESTADO DE PLANEJAMENTO E GESTÃO - FJP,3,,2061,FUNDAÇÃO JOÃO PINHEIRO - FJP,3,3,90,33,60,1,,12,364,91,4,240,4240,1,,,83349.00,0,FORMAÇÃO CONTINUADA E EXECUTIVA,APRIMORAMENTO DA GESTÃO PÚBLICA POR MEIO DE ENSINO DE EXCELÊNCIA
2027,1500,SECRETARIA DE ESTADO DE PLANEJAMENTO E GESTÃO - FJP,3,,2061,FUNDAÇÃO JOÃO PINHEIRO - FJP,3,3,90,36,60,1,,12,364,91,4,240,4240,1,,,10188.00,0,FORMAÇÃO CONTINUADA E EXECUTIVA,APRIMORAMENTO DA GESTÃO PÚBLICA POR MEIO DE ENSINO DE EXCELÊNCIA
2027,1500,SECRETARIA DE ESTADO DE PLANEJAMENTO E GESTÃO - FJP,3,,2061,FUNDAÇÃO JOÃO PINHEIRO - FJP,3,3,90,37,10,1,,12,364,91,4,240,4240,1,,,834664.00,0,FORMAÇÃO CONTINUADA E EXECUTIVA,APRIMORAMENTO DA GESTÃO PÚBLICA POR MEIO DE ENSINO DE EXCELÊNCIA
2027,1500,SECRETARIA DE ESTADO DE PLANEJAMENTO E GESTÃO - FJP,3,,2061,FUNDAÇÃO JOÃO PINHEIRO - FJP,3,3,90,39,60,1,,12,364,91,4,240,4240,1,,,177600.00,0,FORMAÇÃO CONTINUADA E EXECUTIVA,APRIMORAMENTO DA GESTÃO PÚBLICA POR MEIO DE ENSINO DE EXCELÊNCIA
2027,1500,SECRETARIA DE ESTADO DE PLANEJAMENTO E GESTÃO - FJP,3,,2061,FUNDAÇÃO JOÃO PINHEIRO - FJP,3,3,90,40,60,1,,12,364,91,4,240,4240,1,,,180838.00,0,FORMAÇÃO CONTINUADA E EXECUTIVA,APRIMORAMENTO DA GESTÃO PÚBLICA POR MEIO DE ENSINO DE EXCELÊNCIA
2027,1500,SECRETARIA DE ESTADO DE PLANEJAMENTO E GESTÃO - FJP,3,,2061,FUNDAÇÃO JOÃO PINHEIRO - FJP,3,3,90,14,10,1,,12,364,91,4,242,4242,1,,,13752.00,0,ESTUDOS E PESQUISAS NA ÁREA DE GESTÃO PÚBLICA,APRIMORAMENTO DA GESTÃO PÚBLICA POR MEIO DE ENSINO DE EXCELÊNCIA
2027,1500,SECRETARIA DE ESTADO DE PLANEJAMENTO E GESTÃO - FJP,3,,2061,FUNDAÇÃO JOÃO PINHEIRO - FJP,3,3,90,30,10,1,,12,364,91,4,242,4242,1,,,20000.00,0,ESTUDOS E PESQUISAS NA ÁREA DE GESTÃO PÚBLICA,APRIMORAMENTO DA GESTÃO PÚBLICA POR MEIO DE ENSINO DE EXCELÊNCIA
2027,1500,SECRETARIA DE ESTADO DE PLANEJAMENTO E GESTÃO - FJP,3,,2061,FUNDAÇÃO JOÃO PINHEIRO - FJP,3,3,90,33,10,1,,12,364,91,4,242,4242,1,,,13958.00,0,ESTUDOS E PESQUISAS NA ÁREA DE GESTÃO PÚBLICA,APRIMORAMENTO DA GESTÃO PÚBLICA POR MEIO DE ENSINO DE EXCELÊNCIA
2027,1500,SECRETARIA DE ESTADO DE PLANEJAMENTO E GESTÃO - FJP,3,,2061,FUNDAÇÃO JOÃO PINHEIRO - FJP,3,3,90,37,10,1,,12,364,91,4,242,4242,1,,,116561.00,0,ESTUDOS E PESQUISAS NA ÁREA DE GESTÃO PÚBLICA,APRIMORAMENTO DA GESTÃO PÚBLICA POR MEIO DE ENSINO DE EXCELÊNCIA
2027,1500,SECRETARIA DE ESTADO DE PLANEJAMENTO E GESTÃO - FJP,3,,2061,FUNDAÇÃO JOÃO PINHEIRO - FJP,3,3,90,39,10,1,,12,364,91,4,242,4242,1,,,194000.00,0,ESTUDOS E PESQUISAS NA ÁREA DE GESTÃO PÚBLICA,APRIMORAMENTO DA GESTÃO PÚBLICA POR MEIO DE ENSINO DE EXCELÊNCIA
2027,1500,SECRETARIA DE ESTADO DE PLANEJAMENTO E GESTÃO - FJP,3,,2061,FUNDAÇÃO JOÃO PINHEIRO - FJP,3,3,90,40,10,1,,12,364,91,4,242,4242,1,,,66900.00,0,ESTUDOS E PESQUISAS NA ÁREA DE GESTÃO PÚBLICA,APRIMORAMENTO DA GESTÃO PÚBLICA POR MEIO DE ENSINO DE EXCELÊNCIA
2027,1500,SECRETARIA DE ESTADO DE PLANEJAMENTO E GESTÃO - FJP,3,,2061,FUNDAÇÃO JOÃO PINHEIRO - FJP,3,1,90,11,10,1,,12,364,91,4,243,4243,1,,,1867865.00,0,FORMAÇÃO DE PESSOAS NO NÍVEL DE GRADUAÇÃO,APRIMORAMENTO DA GESTÃO PÚBLICA POR MEIO DE ENSINO DE EXCELÊNCIA
2027,1500,SECRETARIA DE ESTADO DE PLANEJAMENTO E GESTÃO - FJP,3,,2061,FUNDAÇÃO JOÃO PINHEIRO - FJP,3,1,90,13,10,1,,12,364,91,4,243,4243,1,,,44667.00,0,FORMAÇÃO DE PESSOAS NO NÍVEL DE GRADUAÇÃO,APRIMORAMENTO DA GESTÃO PÚBLICA POR MEIO DE ENSINO DE EXCELÊNCIA
2027,1500,SECRETARIA DE ESTADO DE PLANEJAMENTO E GESTÃO - FJP,3,,2061,FUNDAÇÃO JOÃO PINHEIRO - FJP,3,1,90,4,10,1,,12,364,91,4,243,4243,1,,,204695.00,0,FORMAÇÃO DE PESSOAS NO NÍVEL DE GRADUAÇÃO,APRIMORAMENTO DA GESTÃO PÚBLICA POR MEIO DE ENSINO DE EXCELÊNCIA
2027,1500,SECRETARIA DE ESTADO DE PLANEJAMENTO E GESTÃO - FJP,3,,2061,FUNDAÇÃO JOÃO PINHEIRO - FJP,3,1,90,92,10,1,,12,364,91,4,243,4243,1,,,487.00,0,FORMAÇÃO DE PESSOAS NO NÍVEL DE GRADUAÇÃO,APRIMORAMENTO DA GESTÃO PÚBLICA POR MEIO DE ENSINO DE EXCELÊNCIA
2027,1500,SECRETARIA DE ESTADO DE PLANEJAMENTO E GESTÃO - FJP,3,,2061,FUNDAÇÃO JOÃO PINHEIRO - FJP,3,1,91,13,10,1,,12,364,91,4,243,4243,1,,,712865.00,0,FORMAÇÃO DE PESSOAS NO NÍVEL DE GRADUAÇÃO,APRIMORAMENTO DA GESTÃO PÚBLICA POR MEIO DE ENSINO DE EXCELÊNCIA
2027,1500,SECRETARIA DE ESTADO DE PLANEJAMENTO E GESTÃO - FJP,3,,2061,FUNDAÇÃO JOÃO PINHEIRO - FJP,3,3,90,14,10,1,,12,364,91,4,243,4243,1,,,73920.00,0,FORMAÇÃO DE PESSOAS NO NÍVEL DE GRADUAÇÃO,APRIMORAMENTO DA GESTÃO PÚBLICA POR MEIO DE ENSINO DE EXCELÊNCIA
2027,1500,SECRETARIA DE ESTADO DE PLANEJAMENTO E GESTÃO - FJP,3,,2061,FUNDAÇÃO JOÃO PINHEIRO - FJP,3,3,90,18,10,1,,12,364,91,4,243,4243,1,,,3173016.00,0,FORMAÇÃO DE PESSOAS NO NÍVEL DE GRADUAÇÃO,APRIMORAMENTO DA GESTÃO PÚBLICA POR MEIO DE ENSINO DE EXCELÊNCIA
2027,1500,SECRETARIA DE ESTADO DE PLANEJAMENTO E GESTÃO - FJP,3,,2061,FUNDAÇÃO JOÃO PINHEIRO - FJP,3,3,90,33,10,1,,12,364,91,4,243,4243,1,,,130760.00,0,FORMAÇÃO DE PESSOAS NO NÍVEL DE GRADUAÇÃO,APRIMORAMENTO DA GESTÃO PÚBLICA POR MEIO DE ENSINO DE EXCELÊNCIA
2027,1500,SECRETARIA DE ESTADO DE PLANEJAMENTO E GESTÃO - FJP,3,,2061,FUNDAÇÃO JOÃO PINHEIRO - FJP,3,3,90,36,10,1,,12,364,91,4,243,4243,1,,,57600.00,0,FORMAÇÃO DE PESSOAS NO NÍVEL DE GRADUAÇÃO,APRIMORAMENTO DA GESTÃO PÚBLICA POR MEIO DE ENSINO DE EXCELÊNCIA
2027,1500,SECRETARIA DE ESTADO DE PLANEJAMENTO E GESTÃO - FJP,3,,2061,FUNDAÇÃO JOÃO PINHEIRO - FJP,3,3,90,37,10,1,,12,364,91,4,243,4243,1,,,1161417.00,0,FORMAÇÃO DE PESSOAS NO NÍVEL DE GRADUAÇÃO,APRIMORAMENTO DA GESTÃO PÚBLICA POR MEIO DE ENSINO DE EXCELÊNCIA
2027,1500,SECRETARIA DE ESTADO DE PLANEJAMENTO E GESTÃO - FJP,3,,2061,FUNDAÇÃO JOÃO PINHEIRO - FJP,3,3,90,37,60,1,,12,364,91,4,243,4243,1,,,216860.00,0,FORMAÇÃO DE PESSOAS NO NÍVEL DE GRADUAÇÃO,APRIMORAMENTO DA GESTÃO PÚBLICA POR MEIO DE ENSINO DE EXCELÊNCIA
2027,1500,SECRETARIA DE ESTADO DE PLANEJAMENTO E GESTÃO - FJP,3,,2061,FUNDAÇÃO JOÃO PINHEIRO - FJP,3,3,90,39,10,1,,12,364,91,4,243,4243,1,,,367058.00,0,FORMAÇÃO DE PESSOAS NO NÍVEL DE GRADUAÇÃO,APRIMORAMENTO DA GESTÃO PÚBLICA POR MEIO DE ENSINO DE EXCELÊNCIA
2027,1500,SECRETARIA DE ESTADO DE PLANEJAMENTO E GESTÃO - FJP,3,,2061,FUNDAÇÃO JOÃO PINHEIRO - FJP,3,3,90,46,10,7,,12,364,91,4,243,4243,1,,,137796.00,0,FORMAÇÃO DE PESSOAS NO NÍVEL DE GRADUAÇÃO,APRIMORAMENTO DA GESTÃO PÚBLICA POR MEIO DE ENSINO DE EXCELÊNCIA
2027,1500,SECRETARIA DE ESTADO DE PLANEJAMENTO E GESTÃO - FJP,3,,2061,FUNDAÇÃO JOÃO PINHEIRO - FJP,3,3,90,49,10,1,,12,364,91,4,243,4243,1,,,87000.00,0,FORMAÇÃO DE PESSOAS NO NÍVEL DE GRADUAÇÃO,APRIMORAMENTO DA GESTÃO PÚBLICA POR MEIO DE ENSINO DE EXCELÊNCIA
2027,1500,SECRETARIA DE ESTADO DE PLANEJAMENTO E GESTÃO - FJP,3,,2061,FUNDAÇÃO JOÃO PINHEIRO - FJP,3,3,90,49,10,7,,12,364,91,4,243,4243,1,,,94882.00,0,FORMAÇÃO DE PESSOAS NO NÍVEL DE GRADUAÇÃO,APRIMORAMENTO DA GESTÃO PÚBLICA POR MEIO DE ENSINO DE EXCELÊNCIA
2027,1500,SECRETARIA DE ESTADO DE PLANEJAMENTO E GESTÃO - FJP,3,,2061,FUNDAÇÃO JOÃO PINHEIRO - FJP,3,3,90,14,60,1,,12,364,91,4,244,4244,1,,,12225.00,0,FORMAÇÃO DE PESSOAS NO NÍVEL DE PÓS-GRADUAÇÃO (LATO SENSU),APRIMORAMENTO DA GESTÃO PÚBLICA POR MEIO DE ENSINO DE EXCELÊNCIA
2027,1500,SECRETARIA DE ESTADO DE PLANEJAMENTO E GESTÃO - FJP,3,,2061,FUNDAÇÃO JOÃO PINHEIRO - FJP,3,3,90,33,60,1,,12,364,91,4,244,4244,1,,,11907.00,0,FORMAÇÃO DE PESSOAS NO NÍVEL DE PÓS-GRADUAÇÃO (LATO SENSU),APRIMORAMENTO DA GESTÃO PÚBLICA POR MEIO DE ENSINO DE EXCELÊNCIA
2027,1500,SECRETARIA DE ESTADO DE PLANEJAMENTO E GESTÃO - FJP,3,,2061,FUNDAÇÃO JOÃO PINHEIRO - FJP,3,3,90,37,10,1,,12,364,91,4,244,4244,1,,,709894.00,0,FORMAÇÃO DE PESSOAS NO NÍVEL DE PÓS-GRADUAÇÃO (LATO SENSU),APRIMORAMENTO DA GESTÃO PÚBLICA POR MEIO DE ENSINO DE EXCELÊNCIA
2027,1500,SECRETARIA DE ESTADO DE PLANEJAMENTO E GESTÃO - FJP,3,,2061,FUNDAÇÃO JOÃO PINHEIRO - FJP,3,3,90,39,60,1,,12,364,91,4,244,4244,1,,,168758.00,0,FORMAÇÃO DE PESSOAS NO NÍVEL DE PÓS-GRADUAÇÃO (LATO SENSU),APRIMORAMENTO DA GESTÃO PÚBLICA POR MEIO DE ENSINO DE EXCELÊNCIA
2027,1500,SECRETARIA DE ESTADO DE PLANEJAMENTO E GESTÃO - FJP,3,,2061,FUNDAÇÃO JOÃO PINHEIRO - FJP,3,3,90,40,60,1,,12,364,91,4,244,4244,1,,,3222.00,0,FORMAÇÃO DE PESSOAS NO NÍVEL DE PÓS-GRADUAÇÃO (LATO SENSU),APRIMORAMENTO DA GESTÃO PÚBLICA POR MEIO DE ENSINO DE EXCELÊNCIA
2027,1500,SECRETARIA DE ESTADO DE PLANEJAMENTO E GESTÃO - FJP,3,,2061,FUNDAÇÃO JOÃO PINHEIRO - FJP,3,1,90,11,10,1,,12,364,91,4,245,4245,1,,,1856724.00,0,FORMAÇÃO DE PESSOAS NO NÍVEL DE PÓS-GRADUAÇÃO (STRICTO SENSU),APRIMORAMENTO DA GESTÃO PÚBLICA POR MEIO DE ENSINO DE EXCELÊNCIA
2027,1500,SECRETARIA DE ESTADO DE PLANEJAMENTO E GESTÃO - FJP,3,,2061,FUNDAÇÃO JOÃO PINHEIRO - FJP,3,1,91,13,10,1,,12,364,91,4,245,4245,1,,,844804.00,0,FORMAÇÃO DE PESSOAS NO NÍVEL DE PÓS-GRADUAÇÃO (STRICTO SENSU),APRIMORAMENTO DA GESTÃO PÚBLICA POR MEIO DE ENSINO DE EXCELÊNCIA
2027,1500,SECRETARIA DE ESTADO DE PLANEJAMENTO E GESTÃO - FJP,3,,2061,FUNDAÇÃO JOÃO PINHEIRO - FJP,3,3,90,14,10,1,,12,364,91,4,245,4245,1,,,55770.00,0,FORMAÇÃO DE PESSOAS NO NÍVEL DE PÓS-GRADUAÇÃO (STRICTO SENSU),APRIMORAMENTO DA GESTÃO PÚBLICA POR MEIO DE ENSINO DE EXCELÊNCIA
2027,1500,SECRETARIA DE ESTADO DE PLANEJAMENTO E GESTÃO - FJP,3,,2061,FUNDAÇÃO JOÃO PINHEIRO - FJP,3,3,90,30,10,1,,12,364,91,4,245,4245,1,,,36000.00,0,FORMAÇÃO DE PESSOAS NO NÍVEL DE PÓS-GRADUAÇÃO (STRICTO SENSU),APRIMORAMENTO DA GESTÃO PÚBLICA POR MEIO DE ENSINO DE EXCELÊNCIA
2027,1500,SECRETARIA DE ESTADO DE PLANEJAMENTO E GESTÃO - FJP,3,,2061,FUNDAÇÃO JOÃO PINHEIRO - FJP,3,3,90,31,10,1,,12,364,91,4,245,4245,1,,,195000.00,0,FORMAÇÃO DE PESSOAS NO NÍVEL DE PÓS-GRADUAÇÃO (STRICTO SENSU),APRIMORAMENTO DA GESTÃO PÚBLICA POR MEIO DE ENSINO DE EXCELÊNCIA
2027,1500,SECRETARIA DE ESTADO DE PLANEJAMENTO E GESTÃO - FJP,3,,2061,FUNDAÇÃO JOÃO PINHEIRO - FJP,3,3,90,33,10,1,,12,364,91,4,245,4245,1,,,69750.00,0,FORMAÇÃO DE PESSOAS NO NÍVEL DE PÓS-GRADUAÇÃO (STRICTO SENSU),APRIMORAMENTO DA GESTÃO PÚBLICA POR MEIO DE ENSINO DE EXCELÊNCIA
2027,1500,SECRETARIA DE ESTADO DE PLANEJAMENTO E GESTÃO - FJP,3,,2061,FUNDAÇÃO JOÃO PINHEIRO - FJP,3,3,90,36,10,1,,12,364,91,4,245,4245,1,,,162300.00,0,FORMAÇÃO DE PESSOAS NO NÍVEL DE PÓS-GRADUAÇÃO (STRICTO SENSU),APRIMORAMENTO DA GESTÃO PÚBLICA POR MEIO DE ENSINO DE EXCELÊNCIA
2027,1500,SECRETARIA DE ESTADO DE PLANEJAMENTO E GESTÃO - FJP,3,,2061,FUNDAÇÃO JOÃO PINHEIRO - FJP,3,3,90,37,10,1,,12,364,91,4,245,4245,1,,,899770.00,0,FORMAÇÃO DE PESSOAS NO NÍVEL DE PÓS-GRADUAÇÃO (STRICTO SENSU),APRIMORAMENTO DA GESTÃO PÚBLICA POR MEIO DE ENSINO DE EXCELÊNCIA
2027,1500,SECRETARIA DE ESTADO DE PLANEJAMENTO E GESTÃO - FJP,3,,2061,FUNDAÇÃO JOÃO PINHEIRO - FJP,3,3,90,39,10,1,,12,364,91,4,245,4245,1,,,119800.00,0,FORMAÇÃO DE PESSOAS NO NÍVEL DE PÓS-GRADUAÇÃO (STRICTO SENSU),APRIMORAMENTO DA GESTÃO PÚBLICA POR MEIO DE ENSINO DE EXCELÊNCIA
2027,1500,SECRETARIA DE ESTADO DE PLANEJAMENTO E GESTÃO - FJP,3,,2061,FUNDAÇÃO JOÃO PINHEIRO - FJP,3,3,90,40,10,1,,12,364,91,4,245,4245,1,,,9000.00,0,FORMAÇÃO DE PESSOAS NO NÍVEL DE PÓS-GRADUAÇÃO (STRICTO SENSU),APRIMORAMENTO DA GESTÃO PÚBLICA POR MEIO DE ENSINO DE EXCELÊNCIA
2027,1500,SECRETARIA DE ESTADO DE PLANEJAMENTO E GESTÃO - FJP,3,,2061,FUNDAÇÃO JOÃO PINHEIRO - FJP,3,3,90,46,10,7,,12,364,91,4,245,4245,1,,,111384.00,0,FORMAÇÃO DE PESSOAS NO NÍVEL DE PÓS-GRADUAÇÃO (STRICTO SENSU),APRIMORAMENTO DA GESTÃO PÚBLICA POR MEIO DE ENSINO DE EXCELÊNCIA
2027,1500,SECRETARIA DE ESTADO DE PLANEJAMENTO E GESTÃO - FJP,3,,2061,FUNDAÇÃO JOÃO PINHEIRO - FJP,3,3,90,49,10,7,,12,364,91,4,245,4245,1,,,9263.00,0,FORMAÇÃO DE PESSOAS NO NÍVEL DE PÓS-GRADUAÇÃO (STRICTO SENSU),APRIMORAMENTO DA GESTÃO PÚBLICA POR MEIO DE ENSINO DE EXCELÊNCIA
2027,1500,SECRETARIA DE ESTADO DE PLANEJAMENTO E GESTÃO - FJP,3,,2061,FUNDAÇÃO JOÃO PINHEIRO - FJP,3,1,90,11,10,1,,12,364,91,4,246,4246,1,,,1236229.00,0,PARTICIPAÇÃO EM EXTENSÃO ACADÊMICA,APRIMORAMENTO DA GESTÃO PÚBLICA POR MEIO DE ENSINO DE EXCELÊNCIA
2027,1500,SECRETARIA DE ESTADO DE PLANEJAMENTO E GESTÃO - FJP,3,,2061,FUNDAÇÃO JOÃO PINHEIRO - FJP,3,1,90,13,10,1,,12,364,91,4,246,4246,1,,,2511.00,0,PARTICIPAÇÃO EM EXTENSÃO ACADÊMICA,APRIMORAMENTO DA GESTÃO PÚBLICA POR MEIO DE ENSINO DE EXCELÊNCIA
2027,1500,SECRETARIA DE ESTADO DE PLANEJAMENTO E GESTÃO - FJP,3,,2061,FUNDAÇÃO JOÃO PINHEIRO - FJP,3,1,91,13,10,1,,12,364,91,4,246,4246,1,,,604871.00,0,PARTICIPAÇÃO EM EXTENSÃO ACADÊMICA,APRIMORAMENTO DA GESTÃO PÚBLICA POR MEIO DE ENSINO DE EXCELÊNCIA
2027,1500,SECRETARIA DE ESTADO DE PLANEJAMENTO E GESTÃO - FJP,3,,2061,FUNDAÇÃO JOÃO PINHEIRO - FJP,3,3,90,14,10,1,,12,364,91,4,246,4246,1,,,77790.00,0,PARTICIPAÇÃO EM EXTENSÃO ACADÊMICA,APRIMORAMENTO DA GESTÃO PÚBLICA POR MEIO DE ENSINO DE EXCELÊNCIA
2027,1500,SECRETARIA DE ESTADO DE PLANEJAMENTO E GESTÃO - FJP,3,,2061,FUNDAÇÃO JOÃO PINHEIRO - FJP,3,3,90,30,10,1,,12,364,91,4,246,4246,1,,,4000.00,0,PARTICIPAÇÃO EM EXTENSÃO ACADÊMICA,APRIMORAMENTO DA GESTÃO PÚBLICA POR MEIO DE ENSINO DE EXCELÊNCIA
2027,1500,SECRETARIA DE ESTADO DE PLANEJAMENTO E GESTÃO - FJP,3,,2061,FUNDAÇÃO JOÃO PINHEIRO - FJP,3,3,90,31,10,1,,12,364,91,4,246,4246,1,,,3000.00,0,PARTICIPAÇÃO EM EXTENSÃO ACADÊMICA,APRIMORAMENTO DA GESTÃO PÚBLICA POR MEIO DE ENSINO DE EXCELÊNCIA
2027,1500,SECRETARIA DE ESTADO DE PLANEJAMENTO E GESTÃO - FJP,3,,2061,FUNDAÇÃO JOÃO PINHEIRO - FJP,3,3,90,33,10,1,,12,364,91,4,246,4246,1,,,63800.00,0,PARTICIPAÇÃO EM EXTENSÃO ACADÊMICA,APRIMORAMENTO DA GESTÃO PÚBLICA POR MEIO DE ENSINO DE EXCELÊNCIA
2027,1500,SECRETARIA DE ESTADO DE PLANEJAMENTO E GESTÃO - FJP,3,,2061,FUNDAÇÃO JOÃO PINHEIRO - FJP,3,3,90,36,10,1,,12,364,91,4,246,4246,1,,,69240.00,0,PARTICIPAÇÃO EM EXTENSÃO ACADÊMICA,APRIMORAMENTO DA GESTÃO PÚBLICA POR MEIO DE ENSINO DE EXCELÊNCIA
2027,1500,SECRETARIA DE ESTADO DE PLANEJAMENTO E GESTÃO - FJP,3,,2061,FUNDAÇÃO JOÃO PINHEIRO - FJP,3,3,90,37,10,1,,12,364,91,4,246,4246,1,,,13621.00,0,PARTICIPAÇÃO EM EXTENSÃO ACADÊMICA,APRIMORAMENTO DA GESTÃO PÚBLICA POR MEIO DE ENSINO DE EXCELÊNCIA
2027,1500,SECRETARIA DE ESTADO DE PLANEJAMENTO E GESTÃO - FJP,3,,2061,FUNDAÇÃO JOÃO PINHEIRO - FJP,3,3,90,39,10,1,,12,364,91,4,246,4246,1,,,307400.00,0,PARTICIPAÇÃO EM EXTENSÃO ACADÊMICA,APRIMORAMENTO DA GESTÃO PÚBLICA POR MEIO DE ENSINO DE EXCELÊNCIA
2027,1500,SECRETARIA DE ESTADO DE PLANEJAMENTO E GESTÃO - FJP,3,,2061,FUNDAÇÃO JOÃO PINHEIRO - FJP,3,3,90,46,10,7,,12,364,91,4,246,4246,1,,,85585.00,0,PARTICIPAÇÃO EM EXTENSÃO ACADÊMICA,APRIMORAMENTO DA GESTÃO PÚBLICA POR MEIO DE ENSINO DE EXCELÊNCIA
2027,1500,SECRETARIA DE ESTADO DE PLANEJAMENTO E GESTÃO - FJP,3,,2061,FUNDAÇÃO JOÃO PINHEIRO - FJP,3,3,90,49,10,1,,12,364,91,4,246,4246,1,,,13200.00,0,PARTICIPAÇÃO EM EXTENSÃO ACADÊMICA,APRIMORAMENTO DA GESTÃO PÚBLICA POR MEIO DE ENSINO DE EXCELÊNCIA
2027,1500,SECRETARIA DE ESTADO DE PLANEJAMENTO E GESTÃO - FJP,3,,2061,FUNDAÇÃO JOÃO PINHEIRO - FJP,3,3,90,49,10,7,,12,364,91,4,246,4246,1,,,13200.00,0,PARTICIPAÇÃO EM EXTENSÃO ACADÊMICA,APRIMORAMENTO DA GESTÃO PÚBLICA POR MEIO DE ENSINO DE EXCELÊNCIA
2027,1500,SECRETARIA DE ESTADO DE PLANEJAMENTO E GESTÃO - FJP,3,,2061,FUNDAÇÃO JOÃO PINHEIRO - FJP,3,3,90,30,10,1,,13,573,93,4,248,4248,1,,,137132.00,0,MANUTENÇÃO DA BIBLIOTECA DIGITAL DE MINAS GERAIS RAYMUNDO NONATO DE CASTRO,PROMOÇÃO E PRESERVAÇÃO DA MEMÓRIA TÉCNICO-CIENTÍFICA DO ESTADO DE MINAS GERAIS
2027,1500,SECRETARIA DE ESTADO DE PLANEJAMENTO E GESTÃO - FJP,3,,2061,FUNDAÇÃO JOÃO PINHEIRO - FJP,3,3,90,37,10,1,,13,573,93,4,248,4248,1,,,54778.00,0,MANUTENÇÃO DA BIBLIOTECA DIGITAL DE MINAS GERAIS RAYMUNDO NONATO DE CASTRO,PROMOÇÃO E PRESERVAÇÃO DA MEMÓRIA TÉCNICO-CIENTÍFICA DO ESTADO DE MINAS GERAIS
2027,1500,SECRETARIA DE ESTADO DE PLANEJAMENTO E GESTÃO - FJP,3,,2061,FUNDAÇÃO JOÃO PINHEIRO - FJP,3,3,90,39,10,1,,13,573,93,4,248,4248,1,,,148840.00,0,MANUTENÇÃO DA BIBLIOTECA DIGITAL DE MINAS GERAIS RAYMUNDO NONATO DE CASTRO,PROMOÇÃO E PRESERVAÇÃO DA MEMÓRIA TÉCNICO-CIENTÍFICA DO ESTADO DE MINAS GERAIS
2027,1500,SECRETARIA DE ESTADO DE PLANEJAMENTO E GESTÃO - FJP,3,,2061,FUNDAÇÃO JOÃO PINHEIRO - FJP,3,3,90,40,10,1,,13,573,93,4,248,4248,1,,,85278.00,0,MANUTENÇÃO DA BIBLIOTECA DIGITAL DE MINAS GERAIS RAYMUNDO NONATO DE CASTRO,PROMOÇÃO E PRESERVAÇÃO DA MEMÓRIA TÉCNICO-CIENTÍFICA DO ESTADO DE MINAS GERAIS
2027,1500,SECRETARIA DE ESTADO DE PLANEJAMENTO E GESTÃO - FJP,3,,2061,FUNDAÇÃO JOÃO PINHEIRO - FJP,3,3,90,40,60,1,,13,573,93,4,248,4248,1,,,164401.00,0,MANUTENÇÃO DA BIBLIOTECA DIGITAL DE MINAS GERAIS RAYMUNDO NONATO DE CASTRO,PROMOÇÃO E PRESERVAÇÃO DA MEMÓRIA TÉCNICO-CIENTÍFICA DO ESTADO DE MINAS GERAIS
2027,1500,SECRETARIA DE ESTADO DE PLANEJAMENTO E GESTÃO - FJP,3,,2061,FUNDAÇÃO JOÃO PINHEIRO - FJP,3,1,90,91,10,9,,28,846,705,7,4,7004,1,,,531421.00,0,PRECATÓRIOS E SENTENÇAS JUDICIÁRIAS,APOIO ÀS POLÍTICAS PÚBLICAS
2027,1500,SECRETARIA DE ESTADO DE PLANEJAMENTO E GESTÃO - FJP,3,,2061,FUNDAÇÃO JOÃO PINHEIRO - FJP,3,3,90,14,60,1,,4,121,95,4,249,4249,1,,,114982.00,0,ASSESSORAMENTO EM POLÍTICAS PÚBLICAS,ASSESSORIA E PESQUISA EM POLÍTICAS PÚBLICAS
2027,1500,SECRETARIA DE ESTADO DE PLANEJAMENTO E GESTÃO - FJP,3,,2061,FUNDAÇÃO JOÃO PINHEIRO - FJP,3,3,90,30,60,1,,4,121,95,4,249,4249,1,,,8750.00,0,ASSESSORAMENTO EM POLÍTICAS PÚBLICAS,ASSESSORIA E PESQUISA EM POLÍTICAS PÚBLICAS
2027,1500,SECRETARIA DE ESTADO DE PLANEJAMENTO E GESTÃO - FJP,3,,2061,FUNDAÇÃO JOÃO PINHEIRO - FJP,3,3,90,33,60,1,,4,121,95,4,249,4249,1,,,21830.00,0,ASSESSORAMENTO EM POLÍTICAS PÚBLICAS,ASSESSORIA E PESQUISA EM POLÍTICAS PÚBLICAS
2027,1500,SECRETARIA DE ESTADO DE PLANEJAMENTO E GESTÃO - FJP,3,,2061,FUNDAÇÃO JOÃO PINHEIRO - FJP,3,3,90,37,10,1,,4,121,95,4,249,4249,1,,,532184.00,0,ASSESSORAMENTO EM POLÍTICAS PÚBLICAS,ASSESSORIA E PESQUISA EM POLÍTICAS PÚBLICAS
2027,1500,SECRETARIA DE ESTADO DE PLANEJAMENTO E GESTÃO - FJP,3,,2061,FUNDAÇÃO JOÃO PINHEIRO - FJP,3,3,90,37,60,1,,4,121,95,4,249,4249,1,,,400000.00,0,ASSESSORAMENTO EM POLÍTICAS PÚBLICAS,ASSESSORIA E PESQUISA EM POLÍTICAS PÚBLICAS
2027,1500,SECRETARIA DE ESTADO DE PLANEJAMENTO E GESTÃO - FJP,3,,2061,FUNDAÇÃO JOÃO PINHEIRO - FJP,3,3,90,39,60,1,,4,121,95,4,249,4249,1,,,1327.00,0,ASSESSORAMENTO EM POLÍTICAS PÚBLICAS,ASSESSORIA E PESQUISA EM POLÍTICAS PÚBLICAS
2027,1500,SECRETARIA DE ESTADO DE PLANEJAMENTO E GESTÃO - FJP,3,,2061,FUNDAÇÃO JOÃO PINHEIRO - FJP,3,3,90,14,60,1,,4,121,95,4,250,4250,1,,,60329.00,0,FOMENTO À AVALIAÇÃO DE POLÍTICAS PÚBLICAS,ASSESSORIA E PESQUISA EM POLÍTICAS PÚBLICAS
2027,1500,SECRETARIA DE ESTADO DE PLANEJAMENTO E GESTÃO - FJP,3,,2061,FUNDAÇÃO JOÃO PINHEIRO - FJP,3,3,90,30,60,1,,4,121,95,4,250,4250,1,,,2500.00,0,FOMENTO À AVALIAÇÃO DE POLÍTICAS PÚBLICAS,ASSESSORIA E PESQUISA EM POLÍTICAS PÚBLICAS
2027,1500,SECRETARIA DE ESTADO DE PLANEJAMENTO E GESTÃO - FJP,3,,2061,FUNDAÇÃO JOÃO PINHEIRO - FJP,3,3,90,37,10,1,,4,121,95,4,250,4250,1,,,254456.00,0,FOMENTO À AVALIAÇÃO DE POLÍTICAS PÚBLICAS,ASSESSORIA E PESQUISA EM POLÍTICAS PÚBLICAS
2027,1500,SECRETARIA DE ESTADO DE PLANEJAMENTO E GESTÃO - FJP,3,,2061,FUNDAÇÃO JOÃO PINHEIRO - FJP,3,3,90,39,10,1,,4,121,95,4,250,4250,1,,,415533.00,0,FOMENTO À AVALIAÇÃO DE POLÍTICAS PÚBLICAS,ASSESSORIA E PESQUISA EM POLÍTICAS PÚBLICAS
2027,1500,SECRETARIA DE ESTADO DE PLANEJAMENTO E GESTÃO - FJP,3,,2061,FUNDAÇÃO JOÃO PINHEIRO - FJP,3,3,90,47,10,1,,4,121,95,4,250,4250,1,,,441462.00,0,FOMENTO À AVALIAÇÃO DE POLÍTICAS PÚBLICAS,ASSESSORIA E PESQUISA EM POLÍTICAS PÚBLICAS
2027,1500,SECRETARIA DE ESTADO DE PLANEJAMENTO E GESTÃO - FJP,3,,2061,FUNDAÇÃO JOÃO PINHEIRO - FJP,3,3,90,37,10,1,,4,121,95,4,251,4251,1,,,150064.00,0,PESQUISAS EM POLÍTICAS PÚBLICAS,ASSESSORIA E PESQUISA EM POLÍTICAS PÚBLICAS
2027,1500,SECRETARIA DE ESTADO DE PLANEJAMENTO E GESTÃO - FJP,3,,2061,FUNDAÇÃO JOÃO PINHEIRO - FJP,3,3,90,39,10,1,,4,121,95,4,251,4251,1,,,165240.00,0,PESQUISAS EM POLÍTICAS PÚBLICAS,ASSESSORIA E PESQUISA EM POLÍTICAS PÚBLICAS
2027,1500,SECRETARIA DE ESTADO DE PLANEJAMENTO E GESTÃO - FJP,3,,2061,FUNDAÇÃO JOÃO PINHEIRO - FJP,3,3,90,39,60,1,,4,121,95,4,251,4251,1,,,24183.00,0,PESQUISAS EM POLÍTICAS PÚBLICAS,ASSESSORIA E PESQUISA EM POLÍTICAS PÚBLICAS
2027,1500,SECRETARIA DE ESTADO DE PLANEJAMENTO E GESTÃO - FJP,3,,2061,FUNDAÇÃO JOÃO PINHEIRO - FJP,3,3,90,40,10,1,,4,121,95,4,251,4251,1,,,185742.00,0,PESQUISAS EM POLÍTICAS PÚBLICAS,ASSESSORIA E PESQUISA EM POLÍTICAS PÚBLICAS
2027,1500,SECRETARIA DE ESTADO DE PLANEJAMENTO E GESTÃO - FJP,3,,2061,FUNDAÇÃO JOÃO PINHEIRO - FJP,3,3,90,47,10,1,,4,121,95,4,251,4251,1,,,899.00,0,PESQUISAS EM POLÍTICAS PÚBLICAS,ASSESSORIA E PESQUISA EM POLÍTICAS PÚBLICAS
2027,1500,SECRETARIA DE ESTADO DE PLANEJAMENTO E GESTÃO - FJP,3,,2061,FUNDAÇÃO JOÃO PINHEIRO - FJP,3,3,90,30,60,1,,4,121,96,4,254,4254,1,,,2000.00,0,"MANUTENÇÃO DA DIVISÃO TERRITORIAL, CONSTRUÇÃO DE MAPEAMENTO DE MINAS GERAIS E GESTÃO DA IEDE",PRODUÇÃO DE ESTATÍSTICAS E INFORMAÇÕES
2027,1500,SECRETARIA DE ESTADO DE PLANEJAMENTO E GESTÃO - FJP,3,,2061,FUNDAÇÃO JOÃO PINHEIRO - FJP,3,3,90,37,10,1,,4,121,96,4,254,4254,1,,,645358.00,0,"MANUTENÇÃO DA DIVISÃO TERRITORIAL, CONSTRUÇÃO DE MAPEAMENTO DE MINAS GERAIS E GESTÃO DA IEDE",PRODUÇÃO DE ESTATÍSTICAS E INFORMAÇÕES
2027,1500,SECRETARIA DE ESTADO DE PLANEJAMENTO E GESTÃO - FJP,3,,2061,FUNDAÇÃO JOÃO PINHEIRO - FJP,3,3,90,39,60,1,,4,121,96,4,254,4254,1,,,8500.00,0,"MANUTENÇÃO DA DIVISÃO TERRITORIAL, CONSTRUÇÃO DE MAPEAMENTO DE MINAS GERAIS E GESTÃO DA IEDE",PRODUÇÃO DE ESTATÍSTICAS E INFORMAÇÕES
2027,1500,SECRETARIA DE ESTADO DE PLANEJAMENTO E GESTÃO - FJP,3,,2061,FUNDAÇÃO JOÃO PINHEIRO - FJP,3,3,90,14,24,1,,4,121,96,4,255,4255,1,,,5000.00,0,SISTEMATIZAÇÃO DAS INFORMAÇÕES ESTATÍSTICAS E GEOINFORMAÇÕES DE MG,PRODUÇÃO DE ESTATÍSTICAS E INFORMAÇÕES
2027,1500,SECRETARIA DE ESTADO DE PLANEJAMENTO E GESTÃO - FJP,3,,2061,FUNDAÇÃO JOÃO PINHEIRO - FJP,3,3,90,14,60,1,,4,121,96,4,255,4255,1,,,10697.00,0,SISTEMATIZAÇÃO DAS INFORMAÇÕES ESTATÍSTICAS E GEOINFORMAÇÕES DE MG,PRODUÇÃO DE ESTATÍSTICAS E INFORMAÇÕES
2027,1500,SECRETARIA DE ESTADO DE PLANEJAMENTO E GESTÃO - FJP,3,,2061,FUNDAÇÃO JOÃO PINHEIRO - FJP,3,3,90,33,24,1,,4,121,96,4,255,4255,1,,,10000.00,0,SISTEMATIZAÇÃO DAS INFORMAÇÕES ESTATÍSTICAS E GEOINFORMAÇÕES DE MG,PRODUÇÃO DE ESTATÍSTICAS E INFORMAÇÕES
2027,1500,SECRETARIA DE ESTADO DE PLANEJAMENTO E GESTÃO - FJP,3,,2061,FUNDAÇÃO JOÃO PINHEIRO - FJP,3,3,90,33,60,1,,4,121,96,4,255,4255,1,,,7111.00,0,SISTEMATIZAÇÃO DAS INFORMAÇÕES ESTATÍSTICAS E GEOINFORMAÇÕES DE MG,PRODUÇÃO DE ESTATÍSTICAS E INFORMAÇÕES
2027,1500,SECRETARIA DE ESTADO DE PLANEJAMENTO E GESTÃO - FJP,3,,2061,FUNDAÇÃO JOÃO PINHEIRO - FJP,3,3,90,36,24,1,,4,121,96,4,255,4255,1,,,246000.00,0,SISTEMATIZAÇÃO DAS INFORMAÇÕES ESTATÍSTICAS E GEOINFORMAÇÕES DE MG,PRODUÇÃO DE ESTATÍSTICAS E INFORMAÇÕES
2027,1500,SECRETARIA DE ESTADO DE PLANEJAMENTO E GESTÃO - FJP,3,,2061,FUNDAÇÃO JOÃO PINHEIRO - FJP,3,3,90,37,10,1,,4,121,96,4,255,4255,1,,,790717.00,0,SISTEMATIZAÇÃO DAS INFORMAÇÕES ESTATÍSTICAS E GEOINFORMAÇÕES DE MG,PRODUÇÃO DE ESTATÍSTICAS E INFORMAÇÕES
2027,1500,SECRETARIA DE ESTADO DE PLANEJAMENTO E GESTÃO - FJP,3,,2061,FUNDAÇÃO JOÃO PINHEIRO - FJP,3,3,90,37,60,1,,4,121,96,4,255,4255,1,,,500000.00,0,SISTEMATIZAÇÃO DAS INFORMAÇÕES ESTATÍSTICAS E GEOINFORMAÇÕES DE MG,PRODUÇÃO DE ESTATÍSTICAS E INFORMAÇÕES
2027,1500,SECRETARIA DE ESTADO DE PLANEJAMENTO E GESTÃO - FJP,3,,2061,FUNDAÇÃO JOÃO PINHEIRO - FJP,3,3,90,14,60,1,,4,121,96,4,257,4257,1,,,2037.00,0,TRANSFORMAÇÃO DIGITAL,PRODUÇÃO DE ESTATÍSTICAS E INFORMAÇÕES
2027,1500,SECRETARIA DE ESTADO DE PLANEJAMENTO E GESTÃO - FJP,3,,2061,FUNDAÇÃO JOÃO PINHEIRO - FJP,3,3,90,30,10,1,,4,121,96,4,257,4257,1,,,19403.00,0,TRANSFORMAÇÃO DIGITAL,PRODUÇÃO DE ESTATÍSTICAS E INFORMAÇÕES
2027,1500,SECRETARIA DE ESTADO DE PLANEJAMENTO E GESTÃO - FJP,3,,2061,FUNDAÇÃO JOÃO PINHEIRO - FJP,3,3,90,30,60,1,,4,121,96,4,257,4257,1,,,397.00,0,TRANSFORMAÇÃO DIGITAL,PRODUÇÃO DE ESTATÍSTICAS E INFORMAÇÕES
2027,1500,SECRETARIA DE ESTADO DE PLANEJAMENTO E GESTÃO - FJP,3,,2061,FUNDAÇÃO JOÃO PINHEIRO - FJP,3,3,90,33,60,1,,4,121,96,4,257,4257,1,,,3308.00,0,TRANSFORMAÇÃO DIGITAL,PRODUÇÃO DE ESTATÍSTICAS E INFORMAÇÕES
2027,1500,SECRETARIA DE ESTADO DE PLANEJAMENTO E GESTÃO - FJP,3,,2061,FUNDAÇÃO JOÃO PINHEIRO - FJP,3,3,90,37,10,1,,4,121,96,4,257,4257,1,,,325409.00,0,TRANSFORMAÇÃO DIGITAL,PRODUÇÃO DE ESTATÍSTICAS E INFORMAÇÕES
2027,1500,SECRETARIA DE ESTADO DE PLANEJAMENTO E GESTÃO - FJP,3,,2061,FUNDAÇÃO JOÃO PINHEIRO - FJP,3,3,90,37,60,1,,4,121,96,4,257,4257,1,,,200000.00,0,TRANSFORMAÇÃO DIGITAL,PRODUÇÃO DE ESTATÍSTICAS E INFORMAÇÕES
2027,1500,SECRETARIA DE ESTADO DE PLANEJAMENTO E GESTÃO - FJP,3,,2061,FUNDAÇÃO JOÃO PINHEIRO - FJP,3,3,90,39,10,1,,4,121,96,4,257,4257,1,,,18570.00,0,TRANSFORMAÇÃO DIGITAL,PRODUÇÃO DE ESTATÍSTICAS E INFORMAÇÕES
2027,1500,SECRETARIA DE ESTADO DE PLANEJAMENTO E GESTÃO - FJP,3,,2061,FUNDAÇÃO JOÃO PINHEIRO - FJP,3,3,90,40,10,1,,4,121,96,4,257,4257,1,,,117829.00,0,TRANSFORMAÇÃO DIGITAL,PRODUÇÃO DE ESTATÍSTICAS E INFORMAÇÕES
2027,1500,SECRETARIA DE ESTADO DE PLANEJAMENTO E GESTÃO - IPEMMG,3,,2331,INSTITUTO DE METROLOGIA E QUALIDADE DO ESTADO DE MINAS GERAIS - IPEMMG,3,1,90,11,10,1,,23,122,705,2,417,2417,1,,,250000.00,0,REMUNERAÇÃO DE PESSOAL ATIVO E ENCARGOS SOCIAIS,APOIO ÀS POLÍTICAS PÚBLICAS
2027,1500,SECRETARIA DE ESTADO DE PLANEJAMENTO E GESTÃO - IPEMMG,3,,2331,INSTITUTO DE METROLOGIA E QUALIDADE DO ESTADO DE MINAS GERAIS - IPEMMG,3,1,90,11,73,1,,23,122,705,2,417,2417,1,,,11854717.00,0,REMUNERAÇÃO DE PESSOAL ATIVO E ENCARGOS SOCIAIS,APOIO ÀS POLÍTICAS PÚBLICAS
2027,1500,SECRETARIA DE ESTADO DE PLANEJAMENTO E GESTÃO - IPEMMG,3,,2331,INSTITUTO DE METROLOGIA E QUALIDADE DO ESTADO DE MINAS GERAIS - IPEMMG,3,1,90,13,73,1,,23,122,705,2,417,2417,1,,,119000.00,0,REMUNERAÇÃO DE PESSOAL ATIVO E ENCARGOS SOCIAIS,APOIO ÀS POLÍTICAS PÚBLICAS
2027,1500,SECRETARIA DE ESTADO DE PLANEJAMENTO E GESTÃO - IPEMMG,3,,2331,INSTITUTO DE METROLOGIA E QUALIDADE DO ESTADO DE MINAS GERAIS - IPEMMG,3,1,91,13,73,1,,23,122,705,2,417,2417,1,,,5968468.00,0,REMUNERAÇÃO DE PESSOAL ATIVO E ENCARGOS SOCIAIS,APOIO ÀS POLÍTICAS PÚBLICAS
2027,1500,SECRETARIA DE ESTADO DE PLANEJAMENTO E GESTÃO - IPEMMG,3,,2331,INSTITUTO DE METROLOGIA E QUALIDADE DO ESTADO DE MINAS GERAIS - IPEMMG,3,3,90,46,73,7,,23,122,705,2,417,2417,1,,,5923157.00,0,REMUNERAÇÃO DE PESSOAL ATIVO E ENCARGOS SOCIAIS,APOIO ÀS POLÍTICAS PÚBLICAS
2027,1500,SECRETARIA DE ESTADO DE PLANEJAMENTO E GESTÃO - IPEMMG,3,,2331,INSTITUTO DE METROLOGIA E QUALIDADE DO ESTADO DE MINAS GERAIS - IPEMMG,3,3,90,49,73,7,,23,122,705,2,417,2417,1,,,594969.00,0,REMUNERAÇÃO DE PESSOAL ATIVO E ENCARGOS SOCIAIS,APOIO ÀS POLÍTICAS PÚBLICAS
2027,1500,SECRETARIA DE ESTADO DE PLANEJAMENTO E GESTÃO - IPEMMG,3,,2331,INSTITUTO DE METROLOGIA E QUALIDADE DO ESTADO DE MINAS GERAIS - IPEMMG,3,3,90,93,73,7,,23,122,705,2,417,2417,1,,,4000000.00,0,REMUNERAÇÃO DE PESSOAL ATIVO E ENCARGOS SOCIAIS,APOIO ÀS POLÍTICAS PÚBLICAS
2027,1500,SECRETARIA DE ESTADO DE PLANEJAMENTO E GESTÃO - IPEMMG,3,,2331,INSTITUTO DE METROLOGIA E QUALIDADE DO ESTADO DE MINAS GERAIS - IPEMMG,3,3,90,14,73,1,,23,122,705,2,500,2500,1,,,40000.00,0,ASSESSORAMENTO E GERENCIAMENTO DE POLÍTICAS PÚBLICAS,APOIO ÀS POLÍTICAS PÚBLICAS
2027,1500,SECRETARIA DE ESTADO DE PLANEJAMENTO E GESTÃO - IPEMMG,3,,2331,INSTITUTO DE METROLOGIA E QUALIDADE DO ESTADO DE MINAS GERAIS - IPEMMG,3,3,90,30,73,1,,23,122,705,2,500,2500,1,,,448000.00,0,ASSESSORAMENTO E GERENCIAMENTO DE POLÍTICAS PÚBLICAS,APOIO ÀS POLÍTICAS PÚBLICAS
2027,1500,SECRETARIA DE ESTADO DE PLANEJAMENTO E GESTÃO - IPEMMG,3,,2331,INSTITUTO DE METROLOGIA E QUALIDADE DO ESTADO DE MINAS GERAIS - IPEMMG,3,3,90,33,73,1,,23,122,705,2,500,2500,1,,,83500.00,0,ASSESSORAMENTO E GERENCIAMENTO DE POLÍTICAS PÚBLICAS,APOIO ÀS POLÍTICAS PÚBLICAS
2027,1500,SECRETARIA DE ESTADO DE PLANEJAMENTO E GESTÃO - IPEMMG,3,,2331,INSTITUTO DE METROLOGIA E QUALIDADE DO ESTADO DE MINAS GERAIS - IPEMMG,3,3,90,36,73,1,,23,122,705,2,500,2500,1,,,9400.00,0,ASSESSORAMENTO E GERENCIAMENTO DE POLÍTICAS PÚBLICAS,APOIO ÀS POLÍTICAS PÚBLICAS
2027,1500,SECRETARIA DE ESTADO DE PLANEJAMENTO E GESTÃO - IPEMMG,3,,2331,INSTITUTO DE METROLOGIA E QUALIDADE DO ESTADO DE MINAS GERAIS - IPEMMG,3,3,90,37,73,1,,23,122,705,2,500,2500,1,,,3783343.00,0,ASSESSORAMENTO E GERENCIAMENTO DE POLÍTICAS PÚBLICAS,APOIO ÀS POLÍTICAS PÚBLICAS
2027,1500,SECRETARIA DE ESTADO DE PLANEJAMENTO E GESTÃO - IPEMMG,3,,2331,INSTITUTO DE METROLOGIA E QUALIDADE DO ESTADO DE MINAS GERAIS - IPEMMG,3,3,90,39,73,1,,23,122,705,2,500,2500,1,,,710500.00,0,ASSESSORAMENTO E GERENCIAMENTO DE POLÍTICAS PÚBLICAS,APOIO ÀS POLÍTICAS PÚBLICAS
2027,1500,SECRETARIA DE ESTADO DE PLANEJAMENTO E GESTÃO - IPEMMG,3,,2331,INSTITUTO DE METROLOGIA E QUALIDADE DO ESTADO DE MINAS GERAIS - IPEMMG,3,3,90,40,73,1,,23,122,705,2,500,2500,1,,,196000.00,0,ASSESSORAMENTO E GERENCIAMENTO DE POLÍTICAS PÚBLICAS,APOIO ÀS POLÍTICAS PÚBLICAS
2027,1500,SECRETARIA DE ESTADO DE PLANEJAMENTO E GESTÃO - IPEMMG,3,,2331,INSTITUTO DE METROLOGIA E QUALIDADE DO ESTADO DE MINAS GERAIS - IPEMMG,3,3,90,47,73,1,,23,122,705,2,500,2500,1,,,23000.00,0,ASSESSORAMENTO E GERENCIAMENTO DE POLÍTICAS PÚBLICAS,APOIO ÀS POLÍTICAS PÚBLICAS
2027,1500,SECRETARIA DE ESTADO DE PLANEJAMENTO E GESTÃO - IPEMMG,3,,2331,INSTITUTO DE METROLOGIA E QUALIDADE DO ESTADO DE MINAS GERAIS - IPEMMG,3,3,90,91,73,9,,23,122,705,2,500,2500,1,,,37943.00,0,ASSESSORAMENTO E GERENCIAMENTO DE POLÍTICAS PÚBLICAS,APOIO ÀS POLÍTICAS PÚBLICAS
2027,1500,SECRETARIA DE ESTADO DE PLANEJAMENTO E GESTÃO - IPEMMG,3,,2331,INSTITUTO DE METROLOGIA E QUALIDADE DO ESTADO DE MINAS GERAIS - IPEMMG,3,3,90,93,73,1,,23,122,705,2,500,2500,1,,,35000.00,0,ASSESSORAMENTO E GERENCIAMENTO DE POLÍTICAS PÚBLICAS,APOIO ÀS POLÍTICAS PÚBLICAS
2027,1500,SECRETARIA DE ESTADO DE PLANEJAMENTO E GESTÃO - IPEMMG,3,,2331,INSTITUTO DE METROLOGIA E QUALIDADE DO ESTADO DE MINAS GERAIS - IPEMMG,3,3,91,40,73,1,,23,122,705,2,500,2500,1,,,20000.00,0,ASSESSORAMENTO E GERENCIAMENTO DE POLÍTICAS PÚBLICAS,APOIO ÀS POLÍTICAS PÚBLICAS
2027,1500,SECRETARIA DE ESTADO DE PLANEJAMENTO E GESTÃO - IPEMMG,3,,2331,INSTITUTO DE METROLOGIA E QUALIDADE DO ESTADO DE MINAS GERAIS - IPEMMG,4,4,90,52,73,1,,23,122,705,2,500,2500,1,,,450000.00,0,ASSESSORAMENTO E GERENCIAMENTO DE POLÍTICAS PÚBLICAS,APOIO ÀS POLÍTICAS PÚBLICAS
2027,1500,SECRETARIA DE ESTADO DE PLANEJAMENTO E GESTÃO - IPEMMG,3,,2331,INSTITUTO DE METROLOGIA E QUALIDADE DO ESTADO DE MINAS GERAIS - IPEMMG,3,3,90,14,73,1,,23,125,12,4,24,4024,1,,,950000.00,0,EXECUÇÃO DO CONTROLE METROLÓGICO NO ESTADO DE MINAS GERAIS,POLÍTICA PÚBLICA DE METROLOGIA E AVALIAÇÃO DA CONFORMIDADE
2027,1500,SECRETARIA DE ESTADO DE PLANEJAMENTO E GESTÃO - IPEMMG,3,,2331,INSTITUTO DE METROLOGIA E QUALIDADE DO ESTADO DE MINAS GERAIS - IPEMMG,3,3,90,30,73,1,,23,125,12,4,24,4024,1,,,250000.00,0,EXECUÇÃO DO CONTROLE METROLÓGICO NO ESTADO DE MINAS GERAIS,POLÍTICA PÚBLICA DE METROLOGIA E AVALIAÇÃO DA CONFORMIDADE
2027,1500,SECRETARIA DE ESTADO DE PLANEJAMENTO E GESTÃO - IPEMMG,3,,2331,INSTITUTO DE METROLOGIA E QUALIDADE DO ESTADO DE MINAS GERAIS - IPEMMG,3,3,90,33,73,1,,23,125,12,4,24,4024,1,,,20000.00,0,EXECUÇÃO DO CONTROLE METROLÓGICO NO ESTADO DE MINAS GERAIS,POLÍTICA PÚBLICA DE METROLOGIA E AVALIAÇÃO DA CONFORMIDADE
2027,1500,SECRETARIA DE ESTADO DE PLANEJAMENTO E GESTÃO - IPEMMG,3,,2331,INSTITUTO DE METROLOGIA E QUALIDADE DO ESTADO DE MINAS GERAIS - IPEMMG,3,3,90,36,73,1,,23,125,12,4,24,4024,1,,,45000.00,0,EXECUÇÃO DO CONTROLE METROLÓGICO NO ESTADO DE MINAS GERAIS,POLÍTICA PÚBLICA DE METROLOGIA E AVALIAÇÃO DA CONFORMIDADE
2027,1500,SECRETARIA DE ESTADO DE PLANEJAMENTO E GESTÃO - IPEMMG,3,,2331,INSTITUTO DE METROLOGIA E QUALIDADE DO ESTADO DE MINAS GERAIS - IPEMMG,3,3,90,37,73,1,,23,125,12,4,24,4024,1,,,2190000.00,0,EXECUÇÃO DO CONTROLE METROLÓGICO NO ESTADO DE MINAS GERAIS,POLÍTICA PÚBLICA DE METROLOGIA E AVALIAÇÃO DA CONFORMIDADE
2027,1500,SECRETARIA DE ESTADO DE PLANEJAMENTO E GESTÃO - IPEMMG,3,,2331,INSTITUTO DE METROLOGIA E QUALIDADE DO ESTADO DE MINAS GERAIS - IPEMMG,3,3,90,39,73,1,,23,125,12,4,24,4024,1,,,4881498.00,0,EXECUÇÃO DO CONTROLE METROLÓGICO NO ESTADO DE MINAS GERAIS,POLÍTICA PÚBLICA DE METROLOGIA E AVALIAÇÃO DA CONFORMIDADE
2027,1500,SECRETARIA DE ESTADO DE PLANEJAMENTO E GESTÃO - IPEMMG,3,,2331,INSTITUTO DE METROLOGIA E QUALIDADE DO ESTADO DE MINAS GERAIS - IPEMMG,3,3,90,40,73,1,,23,125,12,4,24,4024,1,,,230000.00,0,EXECUÇÃO DO CONTROLE METROLÓGICO NO ESTADO DE MINAS GERAIS,POLÍTICA PÚBLICA DE METROLOGIA E AVALIAÇÃO DA CONFORMIDADE
2027,1500,SECRETARIA DE ESTADO DE PLANEJAMENTO E GESTÃO - IPEMMG,3,,2331,INSTITUTO DE METROLOGIA E QUALIDADE DO ESTADO DE MINAS GERAIS - IPEMMG,3,3,90,93,73,1,,23,125,12,4,24,4024,1,,,10000.00,0,EXECUÇÃO DO CONTROLE METROLÓGICO NO ESTADO DE MINAS GERAIS,POLÍTICA PÚBLICA DE METROLOGIA E AVALIAÇÃO DA CONFORMIDADE
2027,1500,SECRETARIA DE ESTADO DE PLANEJAMENTO E GESTÃO - IPEMMG,3,,2331,INSTITUTO DE METROLOGIA E QUALIDADE DO ESTADO DE MINAS GERAIS - IPEMMG,4,4,90,52,73,1,,23,125,12,4,24,4024,1,,,600000.00,0,EXECUÇÃO DO CONTROLE METROLÓGICO NO ESTADO DE MINAS GERAIS,POLÍTICA PÚBLICA DE METROLOGIA E AVALIAÇÃO DA CONFORMIDADE
2027,1500,SECRETARIA DE ESTADO DE PLANEJAMENTO E GESTÃO - IPEMMG,3,,2331,INSTITUTO DE METROLOGIA E QUALIDADE DO ESTADO DE MINAS GERAIS - IPEMMG,3,3,90,14,73,1,,23,665,12,4,26,4026,1,,,100000.00,0,AVALIAÇÃO DA CONFORMIDADE DE PRODUTOS E SERVIÇOS NO MERCADO MINEIRO (VISITAS),POLÍTICA PÚBLICA DE METROLOGIA E AVALIAÇÃO DA CONFORMIDADE
2027,1500,SECRETARIA DE ESTADO DE PLANEJAMENTO E GESTÃO - IPEMMG,3,,2331,INSTITUTO DE METROLOGIA E QUALIDADE DO ESTADO DE MINAS GERAIS - IPEMMG,3,3,90,30,73,1,,23,665,12,4,26,4026,1,,,75000.00,0,AVALIAÇÃO DA CONFORMIDADE DE PRODUTOS E SERVIÇOS NO MERCADO MINEIRO (VISITAS),POLÍTICA PÚBLICA DE METROLOGIA E AVALIAÇÃO DA CONFORMIDADE
2027,1500,SECRETARIA DE ESTADO DE PLANEJAMENTO E GESTÃO - IPEMMG,3,,2331,INSTITUTO DE METROLOGIA E QUALIDADE DO ESTADO DE MINAS GERAIS - IPEMMG,3,3,90,33,73,1,,23,665,12,4,26,4026,1,,,1500.00,0,AVALIAÇÃO DA CONFORMIDADE DE PRODUTOS E SERVIÇOS NO MERCADO MINEIRO (VISITAS),POLÍTICA PÚBLICA DE METROLOGIA E AVALIAÇÃO DA CONFORMIDADE
2027,1500,SECRETARIA DE ESTADO DE PLANEJAMENTO E GESTÃO - IPEMMG,3,,2331,INSTITUTO DE METROLOGIA E QUALIDADE DO ESTADO DE MINAS GERAIS - IPEMMG,3,3,90,37,73,1,,23,665,12,4,26,4026,1,,,118750.00,0,AVALIAÇÃO DA CONFORMIDADE DE PRODUTOS E SERVIÇOS NO MERCADO MINEIRO (VISITAS),POLÍTICA PÚBLICA DE METROLOGIA E AVALIAÇÃO DA CONFORMIDADE
2027,1500,SECRETARIA DE ESTADO DE PLANEJAMENTO E GESTÃO - IPEMMG,3,,2331,INSTITUTO DE METROLOGIA E QUALIDADE DO ESTADO DE MINAS GERAIS - IPEMMG,3,3,90,39,73,1,,23,665,12,4,26,4026,1,,,42500.00,0,AVALIAÇÃO DA CONFORMIDADE DE PRODUTOS E SERVIÇOS NO MERCADO MINEIRO (VISITAS),POLÍTICA PÚBLICA DE METROLOGIA E AVALIAÇÃO DA CONFORMIDADE
2027,1500,SECRETARIA DE ESTADO DE PLANEJAMENTO E GESTÃO - IPEMMG,3,,2331,INSTITUTO DE METROLOGIA E QUALIDADE DO ESTADO DE MINAS GERAIS - IPEMMG,3,3,90,40,73,1,,23,665,12,4,26,4026,1,,,10000.00,0,AVALIAÇÃO DA CONFORMIDADE DE PRODUTOS E SERVIÇOS NO MERCADO MINEIRO (VISITAS),POLÍTICA PÚBLICA DE METROLOGIA E AVALIAÇÃO DA CONFORMIDADE
2027,1500,SECRETARIA DE ESTADO DE PLANEJAMENTO E GESTÃO - IPEMMG,3,,2331,INSTITUTO DE METROLOGIA E QUALIDADE DO ESTADO DE MINAS GERAIS - IPEMMG,4,4,90,52,73,1,,23,665,12,4,26,4026,1,,,50000.00,0,AVALIAÇÃO DA CONFORMIDADE DE PRODUTOS E SERVIÇOS NO MERCADO MINEIRO (VISITAS),POLÍTICA PÚBLICA DE METROLOGIA E AVALIAÇÃO DA CONFORMIDADE
2027,1500,SECRETARIA DE ESTADO DE PLANEJAMENTO E GESTÃO - IPEMMG,3,,2331,INSTITUTO DE METROLOGIA E QUALIDADE DO ESTADO DE MINAS GERAIS - IPEMMG,3,1,90,91,73,9,,28,846,705,7,4,7004,1,,,129755.00,0,PRECATÓRIOS E SENTENÇAS JUDICIÁRIAS,APOIO ÀS POLÍTICAS PÚBLICAS
2027,1500,SECRETARIA DE ESTADO DE PLANEJAMENTO E GESTÃO - DETRANMG,3,,2481,DEPARTAMENTO ESTADUAL DE TRÂNSITO DE MINAS GERAIS - DETRANMG,3,1,90,91,10,9,,28,846,705,7,4,7004,1,,,1000.00,0,PRECATÓRIOS E SENTENÇAS JUDICIÁRIAS,APOIO ÀS POLÍTICAS PÚBLICAS
2027,1500,SECRETARIA DE ESTADO DE PLANEJAMENTO E GESTÃO - DETRANMG,3,,2481,DEPARTAMENTO ESTADUAL DE TRÂNSITO DE MINAS GERAIS - DETRANMG,3,3,90,14,15,1,,4,122,161,4,494,4494,1,,,300000.00,0,REGISTRO DE CONDUTORES,GESTÃO DE TRÂNSITO
2027,1500,SECRETARIA DE ESTADO DE PLANEJAMENTO E GESTÃO - DETRANMG,3,,2481,DEPARTAMENTO ESTADUAL DE TRÂNSITO DE MINAS GERAIS - DETRANMG,3,3,90,30,15,1,,4,122,161,4,494,4494,1,,,45969.00,0,REGISTRO DE CONDUTORES,GESTÃO DE TRÂNSITO
2027,1500,SECRETARIA DE ESTADO DE PLANEJAMENTO E GESTÃO - DETRANMG,3,,2481,DEPARTAMENTO ESTADUAL DE TRÂNSITO DE MINAS GERAIS - DETRANMG,3,3,90,33,15,1,,4,122,161,4,494,4494,1,,,2500.00,0,REGISTRO DE CONDUTORES,GESTÃO DE TRÂNSITO
2027,1500,SECRETARIA DE ESTADO DE PLANEJAMENTO E GESTÃO - DETRANMG,3,,2481,DEPARTAMENTO ESTADUAL DE TRÂNSITO DE MINAS GERAIS - DETRANMG,3,3,90,37,15,1,,4,122,161,4,494,4494,1,,,699835.00,0,REGISTRO DE CONDUTORES,GESTÃO DE TRÂNSITO
2027,1500,SECRETARIA DE ESTADO DE PLANEJAMENTO E GESTÃO - DETRANMG,3,,2481,DEPARTAMENTO ESTADUAL DE TRÂNSITO DE MINAS GERAIS - DETRANMG,3,3,90,39,15,1,,4,122,161,4,494,4494,1,,,37854736.00,0,REGISTRO DE CONDUTORES,GESTÃO DE TRÂNSITO
2027,1500,SECRETARIA DE ESTADO DE PLANEJAMENTO E GESTÃO - DETRANMG,3,,2481,DEPARTAMENTO ESTADUAL DE TRÂNSITO DE MINAS GERAIS - DETRANMG,3,3,90,39,82,1,,4,122,161,4,494,4494,1,,,45938794.00,0,REGISTRO DE CONDUTORES,GESTÃO DE TRÂNSITO
2027,1500,SECRETARIA DE ESTADO DE PLANEJAMENTO E GESTÃO - DETRANMG,3,,2481,DEPARTAMENTO ESTADUAL DE TRÂNSITO DE MINAS GERAIS - DETRANMG,3,3,90,40,15,1,,4,122,161,4,494,4494,1,,,220018.00,0,REGISTRO DE CONDUTORES,GESTÃO DE TRÂNSITO
2027,1500,SECRETARIA DE ESTADO DE PLANEJAMENTO E GESTÃO - DETRANMG,3,,2481,DEPARTAMENTO ESTADUAL DE TRÂNSITO DE MINAS GERAIS - DETRANMG,3,3,90,40,82,1,,4,122,161,4,494,4494,1,,,5396890.00,0,REGISTRO DE CONDUTORES,GESTÃO DE TRÂNSITO
2027,1500,SECRETARIA DE ESTADO DE PLANEJAMENTO E GESTÃO - DETRANMG,3,,2481,DEPARTAMENTO ESTADUAL DE TRÂNSITO DE MINAS GERAIS - DETRANMG,3,3,90,14,15,1,,4,122,161,4,495,4495,1,,,37600.00,0,REGISTRO DE VEÍCULOS,GESTÃO DE TRÂNSITO
2027,1500,SECRETARIA DE ESTADO DE PLANEJAMENTO E GESTÃO - DETRANMG,3,,2481,DEPARTAMENTO ESTADUAL DE TRÂNSITO DE MINAS GERAIS - DETRANMG,3,3,90,33,15,1,,4,122,161,4,495,4495,1,,,1500.00,0,REGISTRO DE VEÍCULOS,GESTÃO DE TRÂNSITO
2027,1500,SECRETARIA DE ESTADO DE PLANEJAMENTO E GESTÃO - DETRANMG,3,,2481,DEPARTAMENTO ESTADUAL DE TRÂNSITO DE MINAS GERAIS - DETRANMG,3,3,90,37,15,1,,4,122,161,4,495,4495,1,,,21349.00,0,REGISTRO DE VEÍCULOS,GESTÃO DE TRÂNSITO
2027,1500,SECRETARIA DE ESTADO DE PLANEJAMENTO E GESTÃO - DETRANMG,3,,2481,DEPARTAMENTO ESTADUAL DE TRÂNSITO DE MINAS GERAIS - DETRANMG,3,3,90,40,82,1,,4,122,161,4,495,4495,1,,,26148344.00,0,REGISTRO DE VEÍCULOS,GESTÃO DE TRÂNSITO
2027,1500,SECRETARIA DE ESTADO DE PLANEJAMENTO E GESTÃO - DETRANMG,3,,2481,DEPARTAMENTO ESTADUAL DE TRÂNSITO DE MINAS GERAIS - DETRANMG,3,3,90,30,15,1,,4,122,161,4,496,4496,1,,,390000.00,0,ATENDIMENTO AO CIDADÃO E TRANSFORMAÇÃO DOS SERVIÇOS DE TRÂNSITO,GESTÃO DE TRÂNSITO
2027,1500,SECRETARIA DE ESTADO DE PLANEJAMENTO E GESTÃO - DETRANMG,3,,2481,DEPARTAMENTO ESTADUAL DE TRÂNSITO DE MINAS GERAIS - DETRANMG,3,3,90,33,15,1,,4,122,161,4,496,4496,1,,,591500.00,0,ATENDIMENTO AO CIDADÃO E TRANSFORMAÇÃO DOS SERVIÇOS DE TRÂNSITO,GESTÃO DE TRÂNSITO
2027,1500,SECRETARIA DE ESTADO DE PLANEJAMENTO E GESTÃO - DETRANMG,3,,2481,DEPARTAMENTO ESTADUAL DE TRÂNSITO DE MINAS GERAIS - DETRANMG,3,3,90,37,15,1,,4,122,161,4,496,4496,1,,,50238420.00,0,ATENDIMENTO AO CIDADÃO E TRANSFORMAÇÃO DOS SERVIÇOS DE TRÂNSITO,GESTÃO DE TRÂNSITO
2027,1500,SECRETARIA DE ESTADO DE PLANEJAMENTO E GESTÃO - DETRANMG,3,,2481,DEPARTAMENTO ESTADUAL DE TRÂNSITO DE MINAS GERAIS - DETRANMG,3,3,90,39,15,1,,4,122,161,4,496,4496,1,,,9599943.00,0,ATENDIMENTO AO CIDADÃO E TRANSFORMAÇÃO DOS SERVIÇOS DE TRÂNSITO,GESTÃO DE TRÂNSITO
2027,1500,SECRETARIA DE ESTADO DE PLANEJAMENTO E GESTÃO - DETRANMG,3,,2481,DEPARTAMENTO ESTADUAL DE TRÂNSITO DE MINAS GERAIS - DETRANMG,3,3,90,39,82,1,,4,122,161,4,496,4496,1,,,320040.00,0,ATENDIMENTO AO CIDADÃO E TRANSFORMAÇÃO DOS SERVIÇOS DE TRÂNSITO,GESTÃO DE TRÂNSITO
2027,1500,SECRETARIA DE ESTADO DE PLANEJAMENTO E GESTÃO - DETRANMG,3,,2481,DEPARTAMENTO ESTADUAL DE TRÂNSITO DE MINAS GERAIS - DETRANMG,3,3,90,40,15,1,,4,122,161,4,496,4496,1,,,854860.00,0,ATENDIMENTO AO CIDADÃO E TRANSFORMAÇÃO DOS SERVIÇOS DE TRÂNSITO,GESTÃO DE TRÂNSITO
2027,1500,SECRETARIA DE ESTADO DE PLANEJAMENTO E GESTÃO - DETRANMG,3,,2481,DEPARTAMENTO ESTADUAL DE TRÂNSITO DE MINAS GERAIS - DETRANMG,3,3,90,40,82,1,,4,122,161,4,496,4496,1,,,26724213.00,0,ATENDIMENTO AO CIDADÃO E TRANSFORMAÇÃO DOS SERVIÇOS DE TRÂNSITO,GESTÃO DE TRÂNSITO
2027,1500,SECRETARIA DE ESTADO DE PLANEJAMENTO E GESTÃO - DETRANMG,3,,2481,DEPARTAMENTO ESTADUAL DE TRÂNSITO DE MINAS GERAIS - DETRANMG,3,3,90,47,15,1,,4,122,161,4,496,4496,1,,,1500.00,0,ATENDIMENTO AO CIDADÃO E TRANSFORMAÇÃO DOS SERVIÇOS DE TRÂNSITO,GESTÃO DE TRÂNSITO
2027,1500,SECRETARIA DE ESTADO DE PLANEJAMENTO E GESTÃO - DETRANMG,3,,2481,DEPARTAMENTO ESTADUAL DE TRÂNSITO DE MINAS GERAIS - DETRANMG,4,4,90,40,82,1,,4,122,161,4,496,4496,1,,,8126200.00,0,ATENDIMENTO AO CIDADÃO E TRANSFORMAÇÃO DOS SERVIÇOS DE TRÂNSITO,GESTÃO DE TRÂNSITO
2027,1500,SECRETARIA DE ESTADO DE PLANEJAMENTO E GESTÃO - DETRANMG,3,,2481,DEPARTAMENTO ESTADUAL DE TRÂNSITO DE MINAS GERAIS - DETRANMG,3,3,90,14,15,1,,4,122,161,4,790,4790,1,,,5000.00,0,FORTALECIMENTO DA GESTÃO MUNICIPAL E DA GOVERNANÇA DO TRÂNSITO,GESTÃO DE TRÂNSITO
2027,1500,SECRETARIA DE ESTADO DE PLANEJAMENTO E GESTÃO - DETRANMG,3,,2481,DEPARTAMENTO ESTADUAL DE TRÂNSITO DE MINAS GERAIS - DETRANMG,3,3,90,33,15,1,,4,122,161,4,790,4790,1,,,1000.00,0,FORTALECIMENTO DA GESTÃO MUNICIPAL E DA GOVERNANÇA DO TRÂNSITO,GESTÃO DE TRÂNSITO
2027,1500,SECRETARIA DE ESTADO DE PLANEJAMENTO E GESTÃO - DETRANMG,3,,2481,DEPARTAMENTO ESTADUAL DE TRÂNSITO DE MINAS GERAIS - DETRANMG,3,1,90,11,10,1,,4,122,705,2,417,2417,1,,,67378280.00,0,REMUNERAÇÃO DE PESSOAL ATIVO E ENCARGOS SOCIAIS,APOIO ÀS POLÍTICAS PÚBLICAS
2027,1500,SECRETARIA DE ESTADO DE PLANEJAMENTO E GESTÃO - DETRANMG,3,,2481,DEPARTAMENTO ESTADUAL DE TRÂNSITO DE MINAS GERAIS - DETRANMG,3,1,90,13,10,1,,4,122,705,2,417,2417,1,,,505488.00,0,REMUNERAÇÃO DE PESSOAL ATIVO E ENCARGOS SOCIAIS,APOIO ÀS POLÍTICAS PÚBLICAS
2027,1500,SECRETARIA DE ESTADO DE PLANEJAMENTO E GESTÃO - DETRANMG,3,,2481,DEPARTAMENTO ESTADUAL DE TRÂNSITO DE MINAS GERAIS - DETRANMG,3,1,90,4,10,1,,4,122,705,2,417,2417,1,,,28705.00,0,REMUNERAÇÃO DE PESSOAL ATIVO E ENCARGOS SOCIAIS,APOIO ÀS POLÍTICAS PÚBLICAS
2027,1500,SECRETARIA DE ESTADO DE PLANEJAMENTO E GESTÃO - DETRANMG,3,,2481,DEPARTAMENTO ESTADUAL DE TRÂNSITO DE MINAS GERAIS - DETRANMG,3,1,90,7,10,1,,4,122,705,2,417,2417,1,,,57915.00,0,REMUNERAÇÃO DE PESSOAL ATIVO E ENCARGOS SOCIAIS,APOIO ÀS POLÍTICAS PÚBLICAS
2027,1500,SECRETARIA DE ESTADO DE PLANEJAMENTO E GESTÃO - DETRANMG,3,,2481,DEPARTAMENTO ESTADUAL DE TRÂNSITO DE MINAS GERAIS - DETRANMG,3,1,91,13,10,1,,4,122,705,2,417,2417,1,,,6383038.00,0,REMUNERAÇÃO DE PESSOAL ATIVO E ENCARGOS SOCIAIS,APOIO ÀS POLÍTICAS PÚBLICAS
2027,1500,SECRETARIA DE ESTADO DE PLANEJAMENTO E GESTÃO - DETRANMG,3,,2481,DEPARTAMENTO ESTADUAL DE TRÂNSITO DE MINAS GERAIS - DETRANMG,3,1,91,4,10,1,,4,122,705,2,417,2417,1,,,255.00,0,REMUNERAÇÃO DE PESSOAL ATIVO E ENCARGOS SOCIAIS,APOIO ÀS POLÍTICAS PÚBLICAS
2027,1500,SECRETARIA DE ESTADO DE PLANEJAMENTO E GESTÃO - DETRANMG,3,,2481,DEPARTAMENTO ESTADUAL DE TRÂNSITO DE MINAS GERAIS - DETRANMG,3,3,90,19,10,7,,4,122,705,2,417,2417,1,,,1327886.00,0,REMUNERAÇÃO DE PESSOAL ATIVO E ENCARGOS SOCIAIS,APOIO ÀS POLÍTICAS PÚBLICAS
2027,1500,SECRETARIA DE ESTADO DE PLANEJAMENTO E GESTÃO - DETRANMG,3,,2481,DEPARTAMENTO ESTADUAL DE TRÂNSITO DE MINAS GERAIS - DETRANMG,3,3,90,46,10,7,,4,122,705,2,417,2417,1,,,3427454.00,0,REMUNERAÇÃO DE PESSOAL ATIVO E ENCARGOS SOCIAIS,APOIO ÀS POLÍTICAS PÚBLICAS
2027,1500,SECRETARIA DE ESTADO DE PLANEJAMENTO E GESTÃO - DETRANMG,3,,2481,DEPARTAMENTO ESTADUAL DE TRÂNSITO DE MINAS GERAIS - DETRANMG,3,3,90,49,10,7,,4,122,705,2,417,2417,1,,,310010.00,0,REMUNERAÇÃO DE PESSOAL ATIVO E ENCARGOS SOCIAIS,APOIO ÀS POLÍTICAS PÚBLICAS
2027,1500,SECRETARIA DE ESTADO DE PLANEJAMENTO E GESTÃO - DETRANMG,3,,2481,DEPARTAMENTO ESTADUAL DE TRÂNSITO DE MINAS GERAIS - DETRANMG,3,3,90,14,15,1,,4,125,161,4,288,4288,1,,,10000.00,0,EDUCAÇÃO PARA O TRÂNSITO E PROMOÇÃO DA SEGURANÇA VIÁRIA,GESTÃO DE TRÂNSITO
2027,1500,SECRETARIA DE ESTADO DE PLANEJAMENTO E GESTÃO - DETRANMG,3,,2481,DEPARTAMENTO ESTADUAL DE TRÂNSITO DE MINAS GERAIS - DETRANMG,3,3,90,30,15,1,,4,125,161,4,288,4288,1,,,12190.00,0,EDUCAÇÃO PARA O TRÂNSITO E PROMOÇÃO DA SEGURANÇA VIÁRIA,GESTÃO DE TRÂNSITO
2027,1500,SECRETARIA DE ESTADO DE PLANEJAMENTO E GESTÃO - DETRANMG,3,,2481,DEPARTAMENTO ESTADUAL DE TRÂNSITO DE MINAS GERAIS - DETRANMG,3,3,90,31,15,1,,4,125,161,4,288,4288,1,,,3675.00,0,EDUCAÇÃO PARA O TRÂNSITO E PROMOÇÃO DA SEGURANÇA VIÁRIA,GESTÃO DE TRÂNSITO
2027,1500,SECRETARIA DE ESTADO DE PLANEJAMENTO E GESTÃO - DETRANMG,3,,2481,DEPARTAMENTO ESTADUAL DE TRÂNSITO DE MINAS GERAIS - DETRANMG,3,3,90,33,15,1,,4,125,161,4,288,4288,1,,,2000.00,0,EDUCAÇÃO PARA O TRÂNSITO E PROMOÇÃO DA SEGURANÇA VIÁRIA,GESTÃO DE TRÂNSITO
2027,1500,SECRETARIA DE ESTADO DE PLANEJAMENTO E GESTÃO - DETRANMG,3,,2481,DEPARTAMENTO ESTADUAL DE TRÂNSITO DE MINAS GERAIS - DETRANMG,3,3,90,36,15,1,,4,125,161,4,288,4288,1,,,30000.00,0,EDUCAÇÃO PARA O TRÂNSITO E PROMOÇÃO DA SEGURANÇA VIÁRIA,GESTÃO DE TRÂNSITO
2027,1500,SECRETARIA DE ESTADO DE PLANEJAMENTO E GESTÃO - DETRANMG,3,,2481,DEPARTAMENTO ESTADUAL DE TRÂNSITO DE MINAS GERAIS - DETRANMG,3,3,90,39,15,1,,4,125,161,4,288,4288,1,,,50000.00,0,EDUCAÇÃO PARA O TRÂNSITO E PROMOÇÃO DA SEGURANÇA VIÁRIA,GESTÃO DE TRÂNSITO
2027,1500,SECRETARIA DE ESTADO DE PLANEJAMENTO E GESTÃO - DETRANMG,3,,2481,DEPARTAMENTO ESTADUAL DE TRÂNSITO DE MINAS GERAIS - DETRANMG,3,3,90,39,15,1,,4,125,161,4,491,4491,1,,,165993531.00,0,LIBERAÇÃO DE VEÍCULOS APREENDIDOS,GESTÃO DE TRÂNSITO
2027,1500,SECRETARIA DE ESTADO DE PLANEJAMENTO E GESTÃO - DETRANMG,3,,2481,DEPARTAMENTO ESTADUAL DE TRÂNSITO DE MINAS GERAIS - DETRANMG,3,3,90,39,82,1,,4,125,161,4,491,4491,1,,,880320.00,0,LIBERAÇÃO DE VEÍCULOS APREENDIDOS,GESTÃO DE TRÂNSITO
2027,1500,SECRETARIA DE ESTADO DE PLANEJAMENTO E GESTÃO - DETRANMG,3,,2481,DEPARTAMENTO ESTADUAL DE TRÂNSITO DE MINAS GERAIS - DETRANMG,3,3,90,40,82,1,,4,125,161,4,491,4491,1,,,666936.00,0,LIBERAÇÃO DE VEÍCULOS APREENDIDOS,GESTÃO DE TRÂNSITO
2027,1500,SECRETARIA DE ESTADO DE PLANEJAMENTO E GESTÃO - DETRANMG,3,,2481,DEPARTAMENTO ESTADUAL DE TRÂNSITO DE MINAS GERAIS - DETRANMG,3,3,90,14,15,1,,4,125,161,4,492,4492,1,,,35551.00,0,"FISCALIZAÇÃO, GESTÃO DE INFRAÇÕES DE TRÂNSITO E CONTROLE DO CONDUTOR",GESTÃO DE TRÂNSITO
2027,1500,SECRETARIA DE ESTADO DE PLANEJAMENTO E GESTÃO - DETRANMG,3,,2481,DEPARTAMENTO ESTADUAL DE TRÂNSITO DE MINAS GERAIS - DETRANMG,3,3,90,30,15,1,,4,125,161,4,492,4492,1,,,114880.00,0,"FISCALIZAÇÃO, GESTÃO DE INFRAÇÕES DE TRÂNSITO E CONTROLE DO CONDUTOR",GESTÃO DE TRÂNSITO
2027,1500,SECRETARIA DE ESTADO DE PLANEJAMENTO E GESTÃO - DETRANMG,3,,2481,DEPARTAMENTO ESTADUAL DE TRÂNSITO DE MINAS GERAIS - DETRANMG,3,3,90,33,15,1,,4,125,161,4,492,4492,1,,,782.00,0,"FISCALIZAÇÃO, GESTÃO DE INFRAÇÕES DE TRÂNSITO E CONTROLE DO CONDUTOR",GESTÃO DE TRÂNSITO
2027,1500,SECRETARIA DE ESTADO DE PLANEJAMENTO E GESTÃO - DETRANMG,3,,2481,DEPARTAMENTO ESTADUAL DE TRÂNSITO DE MINAS GERAIS - DETRANMG,3,3,90,37,15,1,,4,125,161,4,492,4492,1,,,564336.00,0,"FISCALIZAÇÃO, GESTÃO DE INFRAÇÕES DE TRÂNSITO E CONTROLE DO CONDUTOR",GESTÃO DE TRÂNSITO
2027,1500,SECRETARIA DE ESTADO DE PLANEJAMENTO E GESTÃO - DETRANMG,3,,2481,DEPARTAMENTO ESTADUAL DE TRÂNSITO DE MINAS GERAIS - DETRANMG,3,3,90,39,15,1,,4,125,161,4,492,4492,1,,,50000.00,0,"FISCALIZAÇÃO, GESTÃO DE INFRAÇÕES DE TRÂNSITO E CONTROLE DO CONDUTOR",GESTÃO DE TRÂNSITO
2027,1500,SECRETARIA DE ESTADO DE PLANEJAMENTO E GESTÃO - DETRANMG,3,,2481,DEPARTAMENTO ESTADUAL DE TRÂNSITO DE MINAS GERAIS - DETRANMG,3,3,90,39,82,1,,4,125,161,4,492,4492,1,,,10178700.00,0,"FISCALIZAÇÃO, GESTÃO DE INFRAÇÕES DE TRÂNSITO E CONTROLE DO CONDUTOR",GESTÃO DE TRÂNSITO
2027,1500,SECRETARIA DE ESTADO DE PLANEJAMENTO E GESTÃO - DETRANMG,3,,2481,DEPARTAMENTO ESTADUAL DE TRÂNSITO DE MINAS GERAIS - DETRANMG,3,3,90,40,82,1,,4,125,161,4,492,4492,1,,,14266976.00,0,"FISCALIZAÇÃO, GESTÃO DE INFRAÇÕES DE TRÂNSITO E CONTROLE DO CONDUTOR",GESTÃO DE TRÂNSITO
2027,1500,SECRETARIA DE ESTADO DE PLANEJAMENTO E GESTÃO - FUNAPEC,3,,4551,FUNDO DE ASSISTÊNCIA AO PECÚLIO DOS SERVIDORES DO ESTADO DE MINAS GERAIS - FUNAPEC,3,3,90,91,59,9,,28,846,705,7,4,7004,1,,,250000.00,0,PRECATÓRIOS E SENTENÇAS JUDICIÁRIAS,APOIO ÀS POLÍTICAS PÚBLICAS
2027,1500,SECRETARIA DE ESTADO DE PLANEJAMENTO E GESTÃO - FUNAPEC,3,,4551,FUNDO DE ASSISTÊNCIA AO PECÚLIO DOS SERVIDORES DO ESTADO DE MINAS GERAIS - FUNAPEC,3,3,90,8,10,1,,9,272,138,4,404,4404,1,,,44477455.00,0,ASSISTÊNCIA AO SEGURO E PECÚLIO DOS SERVIDORES DO ESTADO DE MINAS GERAIS,"CONCESSÃO DE AUXÍLIO FINANCEIRO, SEGURO E PECÚLIO"
2027,1500,SECRETARIA DE ESTADO DE PLANEJAMENTO E GESTÃO - FUNAPEC,3,,4551,FUNDO DE ASSISTÊNCIA AO PECÚLIO DOS SERVIDORES DO ESTADO DE MINAS GERAIS - FUNAPEC,3,3,90,8,59,1,,9,272,138,4,404,4404,1,,,86477590.00,0,ASSISTÊNCIA AO SEGURO E PECÚLIO DOS SERVIDORES DO ESTADO DE MINAS GERAIS,"CONCESSÃO DE AUXÍLIO FINANCEIRO, SEGURO E PECÚLIO"
2027,1500,SECRETARIA DE ESTADO DE PLANEJAMENTO E GESTÃO - FFP - MG,3,,4711,FUNDO FINANCEIRO DE PREVIDÊNCIA DO ESTADO DE MINAS GERAIS - FFP - MG,3,1,90,91,10,9,,28,846,705,7,4,7004,1,,,9000000.00,0,PRECATÓRIOS E SENTENÇAS JUDICIÁRIAS,APOIO ÀS POLÍTICAS PÚBLICAS
2027,1500,SECRETARIA DE ESTADO DE PLANEJAMENTO E GESTÃO - FFP - MG,3,,4711,FUNDO FINANCEIRO DE PREVIDÊNCIA DO ESTADO DE MINAS GERAIS - FFP - MG,3,1,90,1,10,1,,9,272,705,7,5,7005,1,,,1000.00,0,BENEFÍCIOS PREVIDENCIÁRIOS - SECOM,APOIO ÀS POLÍTICAS PÚBLICAS
2027,1500,SECRETARIA DE ESTADO DE PLANEJAMENTO E GESTÃO - FFP - MG,3,,4711,FUNDO FINANCEIRO DE PREVIDÊNCIA DO ESTADO DE MINAS GERAIS - FFP - MG,3,1,90,3,42,1,,9,272,705,7,8,7008,1,,,3087457585.00,0,BENEFÍCIO PREVIDENCIÁRIO DE PENSÃO,APOIO ÀS POLÍTICAS PÚBLICAS
2027,1500,SECRETARIA DE ESTADO DE PLANEJAMENTO E GESTÃO - FFP - MG,3,,4711,FUNDO FINANCEIRO DE PREVIDÊNCIA DO ESTADO DE MINAS GERAIS - FFP - MG,3,1,91,13,10,1,,9,272,705,7,8,7008,1,,,26313427.00,0,BENEFÍCIO PREVIDENCIÁRIO DE PENSÃO,APOIO ÀS POLÍTICAS PÚBLICAS
2027,1500,SECRETARIA DE ESTADO DE PLANEJAMENTO E GESTÃO - FFP - MG,3,,4711,FUNDO FINANCEIRO DE PREVIDÊNCIA DO ESTADO DE MINAS GERAIS - FFP - MG,3,1,90,1,10,1,,9,272,705,7,9,7009,1,,,1000.00,0,BENEFÍCIOS PREVIDENCIÁRIOS - CASA CIVIL,APOIO ÀS POLÍTICAS PÚBLICAS
2027,1500,SECRETARIA DE ESTADO DE PLANEJAMENTO E GESTÃO - FFP - MG,3,,4711,FUNDO FINANCEIRO DE PREVIDÊNCIA DO ESTADO DE MINAS GERAIS - FFP - MG,3,1,90,1,10,1,,9,272,705,7,11,7011,1,,,1000.00,0,BENEFÍCIOS PREVIDENCIÁRIOS - ARMBH,APOIO ÀS POLÍTICAS PÚBLICAS
2027,1500,SECRETARIA DE ESTADO DE PLANEJAMENTO E GESTÃO - FFP - MG,3,,4711,FUNDO FINANCEIRO DE PREVIDÊNCIA DO ESTADO DE MINAS GERAIS - FFP - MG,3,1,90,1,10,1,,9,272,705,7,12,7012,1,,,1578171.00,0,BENEFÍCIOS PREVIDENCIÁRIOS - ESP-MG,APOIO ÀS POLÍTICAS PÚBLICAS
2027,1500,SECRETARIA DE ESTADO DE PLANEJAMENTO E GESTÃO - FFP - MG,3,,4711,FUNDO FINANCEIRO DE PREVIDÊNCIA DO ESTADO DE MINAS GERAIS - FFP - MG,3,1,91,13,10,1,,9,272,705,7,12,7012,1,,,12587.00,0,BENEFÍCIOS PREVIDENCIÁRIOS - ESP-MG,APOIO ÀS POLÍTICAS PÚBLICAS
2027,1500,SECRETARIA DE ESTADO DE PLANEJAMENTO E GESTÃO - FFP - MG,3,,4711,FUNDO FINANCEIRO DE PREVIDÊNCIA DO ESTADO DE MINAS GERAIS - FFP - MG,3,1,90,1,10,1,,9,272,705,7,14,7014,1,,,95656889.00,0,BENEFÍCIOS PREVIDENCIÁRIOS - SEJUSP,APOIO ÀS POLÍTICAS PÚBLICAS
2027,1500,SECRETARIA DE ESTADO DE PLANEJAMENTO E GESTÃO - FFP - MG,3,,4711,FUNDO FINANCEIRO DE PREVIDÊNCIA DO ESTADO DE MINAS GERAIS - FFP - MG,3,1,91,13,10,1,,9,272,705,7,14,7014,1,,,2280660.00,0,BENEFÍCIOS PREVIDENCIÁRIOS - SEJUSP,APOIO ÀS POLÍTICAS PÚBLICAS
2027,1500,SECRETARIA DE ESTADO DE PLANEJAMENTO E GESTÃO - FFP - MG,3,,4711,FUNDO FINANCEIRO DE PREVIDÊNCIA DO ESTADO DE MINAS GERAIS - FFP - MG,3,1,90,1,10,1,,9,272,705,7,15,7015,1,,,1000.00,0,BENEFÍCIOS PREVIDENCIÁRIOS - ARSAE-MG,APOIO ÀS POLÍTICAS PÚBLICAS
2027,1500,SECRETARIA DE ESTADO DE PLANEJAMENTO E GESTÃO - FFP - MG,3,,4711,FUNDO FINANCEIRO DE PREVIDÊNCIA DO ESTADO DE MINAS GERAIS - FFP - MG,3,3,90,86,10,1,,9,272,705,7,16,7016,1,,,25000000.00,0,COMPENSAÇÃO PREVIDENCIÁRIA FINANCEIRA ENTRE REGIMES DE PREVIDÊNCIA,APOIO ÀS POLÍTICAS PÚBLICAS
2027,1500,SECRETARIA DE ESTADO DE PLANEJAMENTO E GESTÃO - FFP - MG,3,,4711,FUNDO FINANCEIRO DE PREVIDÊNCIA DO ESTADO DE MINAS GERAIS - FFP - MG,3,1,90,1,10,1,,9,272,705,7,17,7017,1,,,4340363.00,0,BENEFÍCIOS PREVIDENCIÁRIOS - GABINETE MILITAR,APOIO ÀS POLÍTICAS PÚBLICAS
2027,1500,SECRETARIA DE ESTADO DE PLANEJAMENTO E GESTÃO - FFP - MG,3,,4711,FUNDO FINANCEIRO DE PREVIDÊNCIA DO ESTADO DE MINAS GERAIS - FFP - MG,3,1,91,13,10,1,,9,272,705,7,17,7017,1,,,57633.00,0,BENEFÍCIOS PREVIDENCIÁRIOS - GABINETE MILITAR,APOIO ÀS POLÍTICAS PÚBLICAS
2027,1500,SECRETARIA DE ESTADO DE PLANEJAMENTO E GESTÃO - FFP - MG,3,,4711,FUNDO FINANCEIRO DE PREVIDÊNCIA DO ESTADO DE MINAS GERAIS - FFP - MG,3,1,90,1,10,1,,9,272,705,7,18,7018,1,,,90275603.00,0,BENEFÍCIOS PREVIDENCIÁRIOS - AGE,APOIO ÀS POLÍTICAS PÚBLICAS
2027,1500,SECRETARIA DE ESTADO DE PLANEJAMENTO E GESTÃO - FFP - MG,3,,4711,FUNDO FINANCEIRO DE PREVIDÊNCIA DO ESTADO DE MINAS GERAIS - FFP - MG,3,1,91,13,10,1,,9,272,705,7,18,7018,1,,,230514.00,0,BENEFÍCIOS PREVIDENCIÁRIOS - AGE,APOIO ÀS POLÍTICAS PÚBLICAS
2027,1500,SECRETARIA DE ESTADO DE PLANEJAMENTO E GESTÃO - FFP - MG,3,,4711,FUNDO FINANCEIRO DE PREVIDÊNCIA DO ESTADO DE MINAS GERAIS - FFP - MG,3,1,90,1,10,1,,9,272,705,7,20,7020,1,,,1000.00,0,BENEFÍCIOS PREVIDENCIÁRIOS - ARTEMIG,APOIO ÀS POLÍTICAS PÚBLICAS
2027,1500,SECRETARIA DE ESTADO DE PLANEJAMENTO E GESTÃO - FFP - MG,3,,4711,FUNDO FINANCEIRO DE PREVIDÊNCIA DO ESTADO DE MINAS GERAIS - FFP - MG,3,1,90,1,42,1,,9,272,705,7,22,7022,1,,,627253.00,0,BENEFÍCIOS PREVIDENCIÁRIOS - FAPEMIG,APOIO ÀS POLÍTICAS PÚBLICAS
2027,1500,SECRETARIA DE ESTADO DE PLANEJAMENTO E GESTÃO - FFP - MG,3,,4711,FUNDO FINANCEIRO DE PREVIDÊNCIA DO ESTADO DE MINAS GERAIS - FFP - MG,3,1,90,1,43,1,,9,272,705,7,22,7022,1,,,713423.00,0,BENEFÍCIOS PREVIDENCIÁRIOS - FAPEMIG,APOIO ÀS POLÍTICAS PÚBLICAS
2027,1500,SECRETARIA DE ESTADO DE PLANEJAMENTO E GESTÃO - FFP - MG,3,,4711,FUNDO FINANCEIRO DE PREVIDÊNCIA DO ESTADO DE MINAS GERAIS - FFP - MG,3,1,91,13,60,2,,9,272,705,7,22,7022,1,,,18603.00,0,BENEFÍCIOS PREVIDENCIÁRIOS - FAPEMIG,APOIO ÀS POLÍTICAS PÚBLICAS
2027,1500,SECRETARIA DE ESTADO DE PLANEJAMENTO E GESTÃO - FFP - MG,3,,4711,FUNDO FINANCEIRO DE PREVIDÊNCIA DO ESTADO DE MINAS GERAIS - FFP - MG,3,1,90,1,10,1,,9,272,705,7,23,7023,1,,,16287637.00,0,PROVENTOS DE APOSENTADORIA E PENSÃO DE EXTINTOS CONVÊNIOS,APOIO ÀS POLÍTICAS PÚBLICAS
2027,1500,SECRETARIA DE ESTADO DE PLANEJAMENTO E GESTÃO - FFP - MG,3,,4711,FUNDO FINANCEIRO DE PREVIDÊNCIA DO ESTADO DE MINAS GERAIS - FFP - MG,3,1,90,3,10,1,,9,272,705,7,23,7023,1,,,10211394.00,0,PROVENTOS DE APOSENTADORIA E PENSÃO DE EXTINTOS CONVÊNIOS,APOIO ÀS POLÍTICAS PÚBLICAS
2027,1500,SECRETARIA DE ESTADO DE PLANEJAMENTO E GESTÃO - FFP - MG,3,,4711,FUNDO FINANCEIRO DE PREVIDÊNCIA DO ESTADO DE MINAS GERAIS - FFP - MG,3,1,90,3,61,1,,9,272,705,7,23,7023,1,,,71912016.00,0,PROVENTOS DE APOSENTADORIA E PENSÃO DE EXTINTOS CONVÊNIOS,APOIO ÀS POLÍTICAS PÚBLICAS
2027,1500,SECRETARIA DE ESTADO DE PLANEJAMENTO E GESTÃO - FFP - MG,3,,4711,FUNDO FINANCEIRO DE PREVIDÊNCIA DO ESTADO DE MINAS GERAIS - FFP - MG,3,1,91,13,10,1,,9,272,705,7,23,7023,1,,,1234064.00,0,PROVENTOS DE APOSENTADORIA E PENSÃO DE EXTINTOS CONVÊNIOS,APOIO ÀS POLÍTICAS PÚBLICAS
2027,1500,SECRETARIA DE ESTADO DE PLANEJAMENTO E GESTÃO - FFP - MG,3,,4711,FUNDO FINANCEIRO DE PREVIDÊNCIA DO ESTADO DE MINAS GERAIS - FFP - MG,3,1,90,1,10,1,,9,272,705,7,27,7027,1,,,1000.00,0,BENEFÍCIOS PREVIDENCIÁRIOS - ALMG,APOIO ÀS POLÍTICAS PÚBLICAS
2027,1500,SECRETARIA DE ESTADO DE PLANEJAMENTO E GESTÃO - FFP - MG,3,,4711,FUNDO FINANCEIRO DE PREVIDÊNCIA DO ESTADO DE MINAS GERAIS - FFP - MG,3,1,90,1,10,1,,9,272,705,7,28,7028,1,,,1000.00,0,BENEFÍCIOS PREVIDENCIÁRIOS - TJMG,APOIO ÀS POLÍTICAS PÚBLICAS
2027,1500,SECRETARIA DE ESTADO DE PLANEJAMENTO E GESTÃO - FFP - MG,3,,4711,FUNDO FINANCEIRO DE PREVIDÊNCIA DO ESTADO DE MINAS GERAIS - FFP - MG,3,1,90,1,10,1,,9,272,705,7,31,7031,1,,,1000.00,0,BENEFÍCIOS PREVIDENCIÁRIOS - MPMG,APOIO ÀS POLÍTICAS PÚBLICAS
2027,1500,SECRETARIA DE ESTADO DE PLANEJAMENTO E GESTÃO - FFP - MG,3,,4711,FUNDO FINANCEIRO DE PREVIDÊNCIA DO ESTADO DE MINAS GERAIS - FFP - MG,3,1,90,1,10,1,,9,272,705,7,32,7032,1,,,1000.00,0,BENEFÍCIOS PREVIDENCIÁRIOS - TJMMG,APOIO ÀS POLÍTICAS PÚBLICAS
2027,1500,SECRETARIA DE ESTADO DE PLANEJAMENTO E GESTÃO - FFP - MG,3,,4711,FUNDO FINANCEIRO DE PREVIDÊNCIA DO ESTADO DE MINAS GERAIS - FFP - MG,3,1,90,1,10,1,,9,272,705,7,33,7033,1,,,1000.00,0,BENEFÍCIOS PREVIDENCIÁRIOS - TCEMG,APOIO ÀS POLÍTICAS PÚBLICAS
2027,1500,SECRETARIA DE ESTADO DE PLANEJAMENTO E GESTÃO - FFP - MG,3,,4711,FUNDO FINANCEIRO DE PREVIDÊNCIA DO ESTADO DE MINAS GERAIS - FFP - MG,3,1,90,1,10,1,,9,272,705,7,34,7034,1,,,1000.00,0,BENEFÍCIOS PREVIDENCIÁRIOS - DEF PUB,APOIO ÀS POLÍTICAS PÚBLICAS
2027,1500,SECRETARIA DE ESTADO DE PLANEJAMENTO E GESTÃO - FFP - MG,3,,4711,FUNDO FINANCEIRO DE PREVIDÊNCIA DO ESTADO DE MINAS GERAIS - FFP - MG,3,1,90,1,43,1,,9,272,705,7,37,7037,1,,,1485702897.00,0,BENEFÍCIOS PREVIDENCIÁRIOS - SEF,APOIO ÀS POLÍTICAS PÚBLICAS
2027,1500,SECRETARIA DE ESTADO DE PLANEJAMENTO E GESTÃO - FFP - MG,3,,4711,FUNDO FINANCEIRO DE PREVIDÊNCIA DO ESTADO DE MINAS GERAIS - FFP - MG,3,1,91,13,10,1,,9,272,705,7,37,7037,1,,,5662274.00,0,BENEFÍCIOS PREVIDENCIÁRIOS - SEF,APOIO ÀS POLÍTICAS PÚBLICAS
2027,1500,SECRETARIA DE ESTADO DE PLANEJAMENTO E GESTÃO - FFP - MG,3,,4711,FUNDO FINANCEIRO DE PREVIDÊNCIA DO ESTADO DE MINAS GERAIS - FFP - MG,3,1,90,1,10,1,,9,272,705,7,39,7039,1,,,1000.00,0,BENEFÍCIOS PREVIDENCIÁRIOS - ARMVA,APOIO ÀS POLÍTICAS PÚBLICAS
2027,1500,SECRETARIA DE ESTADO DE PLANEJAMENTO E GESTÃO - FFP - MG,3,,4711,FUNDO FINANCEIRO DE PREVIDÊNCIA DO ESTADO DE MINAS GERAIS - FFP - MG,3,1,90,1,10,1,,9,272,705,7,40,7040,1,,,1000.00,0,BENEFÍCIOS PREVIDENCIÁRIOS - SEC GERAL,APOIO ÀS POLÍTICAS PÚBLICAS
2027,1500,SECRETARIA DE ESTADO DE PLANEJAMENTO E GESTÃO - FFP - MG,3,,4711,FUNDO FINANCEIRO DE PREVIDÊNCIA DO ESTADO DE MINAS GERAIS - FFP - MG,3,1,90,1,10,1,,9,272,705,7,44,7044,1,,,2465338.00,0,BENEFÍCIOS PREVIDENCIÁRIOS - CGE,APOIO ÀS POLÍTICAS PÚBLICAS
2027,1500,SECRETARIA DE ESTADO DE PLANEJAMENTO E GESTÃO - FFP - MG,3,,4711,FUNDO FINANCEIRO DE PREVIDÊNCIA DO ESTADO DE MINAS GERAIS - FFP - MG,3,1,91,13,10,1,,9,272,705,7,44,7044,1,,,35891.00,0,BENEFÍCIOS PREVIDENCIÁRIOS - CGE,APOIO ÀS POLÍTICAS PÚBLICAS
2027,1500,SECRETARIA DE ESTADO DE PLANEJAMENTO E GESTÃO - FFP - MG,3,,4711,FUNDO FINANCEIRO DE PREVIDÊNCIA DO ESTADO DE MINAS GERAIS - FFP - MG,3,1,90,1,10,1,,9,272,705,7,46,7046,1,,,54699430.00,0,BENEFÍCIOS PREVIDENCIÁRIOS - UNIMONTES,APOIO ÀS POLÍTICAS PÚBLICAS
2027,1500,SECRETARIA DE ESTADO DE PLANEJAMENTO E GESTÃO - FFP - MG,3,,4711,FUNDO FINANCEIRO DE PREVIDÊNCIA DO ESTADO DE MINAS GERAIS - FFP - MG,3,1,91,13,10,1,,9,272,705,7,46,7046,1,,,747934.00,0,BENEFÍCIOS PREVIDENCIÁRIOS - UNIMONTES,APOIO ÀS POLÍTICAS PÚBLICAS
2027,1500,SECRETARIA DE ESTADO DE PLANEJAMENTO E GESTÃO - FFP - MG,3,,4711,FUNDO FINANCEIRO DE PREVIDÊNCIA DO ESTADO DE MINAS GERAIS - FFP - MG,3,1,90,1,10,1,,9,272,705,7,47,7047,1,,,10560646.00,0,BENEFÍCIOS PREVIDENCIÁRIOS - IPEM/MG,APOIO ÀS POLÍTICAS PÚBLICAS
2027,1500,SECRETARIA DE ESTADO DE PLANEJAMENTO E GESTÃO - FFP - MG,3,,4711,FUNDO FINANCEIRO DE PREVIDÊNCIA DO ESTADO DE MINAS GERAIS - FFP - MG,3,1,91,13,10,1,,9,272,705,7,47,7047,1,,,173748.00,0,BENEFÍCIOS PREVIDENCIÁRIOS - IPEM/MG,APOIO ÀS POLÍTICAS PÚBLICAS
2027,1500,SECRETARIA DE ESTADO DE PLANEJAMENTO E GESTÃO - FFP - MG,3,,4711,FUNDO FINANCEIRO DE PREVIDÊNCIA DO ESTADO DE MINAS GERAIS - FFP - MG,3,1,90,1,10,1,,9,272,705,7,48,7048,1,,,2024396268.00,0,BENEFÍCIOS PREVIDENCIÁRIOS - PCMG,APOIO ÀS POLÍTICAS PÚBLICAS
2027,1500,SECRETARIA DE ESTADO DE PLANEJAMENTO E GESTÃO - FFP - MG,3,,4711,FUNDO FINANCEIRO DE PREVIDÊNCIA DO ESTADO DE MINAS GERAIS - FFP - MG,3,1,91,13,10,1,,9,272,705,7,48,7048,1,,,27646100.00,0,BENEFÍCIOS PREVIDENCIÁRIOS - PCMG,APOIO ÀS POLÍTICAS PÚBLICAS
2027,1500,SECRETARIA DE ESTADO DE PLANEJAMENTO E GESTÃO - FFP - MG,3,,4711,FUNDO FINANCEIRO DE PREVIDÊNCIA DO ESTADO DE MINAS GERAIS - FFP - MG,3,1,90,1,10,1,,9,272,705,7,49,7049,1,,,125525028.00,0,BENEFÍCIOS PREVIDENCIÁRIOS - SEPLAG,APOIO ÀS POLÍTICAS PÚBLICAS
2027,1500,SECRETARIA DE ESTADO DE PLANEJAMENTO E GESTÃO - FFP - MG,3,,4711,FUNDO FINANCEIRO DE PREVIDÊNCIA DO ESTADO DE MINAS GERAIS - FFP - MG,3,1,91,13,10,1,,9,272,705,7,49,7049,1,,,1706001.00,0,BENEFÍCIOS PREVIDENCIÁRIOS - SEPLAG,APOIO ÀS POLÍTICAS PÚBLICAS
2027,1500,SECRETARIA DE ESTADO DE PLANEJAMENTO E GESTÃO - FFP - MG,3,,4711,FUNDO FINANCEIRO DE PREVIDÊNCIA DO ESTADO DE MINAS GERAIS - FFP - MG,3,1,90,1,10,1,,9,272,705,7,51,7051,1,,,69554555.00,0,BENEFÍCIOS PREVIDENCIÁRIOS - SEGOV,APOIO ÀS POLÍTICAS PÚBLICAS
2027,1500,SECRETARIA DE ESTADO DE PLANEJAMENTO E GESTÃO - FFP - MG,3,,4711,FUNDO FINANCEIRO DE PREVIDÊNCIA DO ESTADO DE MINAS GERAIS - FFP - MG,3,1,91,13,10,1,,9,272,705,7,51,7051,1,,,1111692.00,0,BENEFÍCIOS PREVIDENCIÁRIOS - SEGOV,APOIO ÀS POLÍTICAS PÚBLICAS
2027,1500,SECRETARIA DE ESTADO DE PLANEJAMENTO E GESTÃO - FFP - MG,3,,4711,FUNDO FINANCEIRO DE PREVIDÊNCIA DO ESTADO DE MINAS GERAIS - FFP - MG,3,1,90,1,10,1,,9,272,705,7,52,7052,1,,,50002817.00,0,BENEFÍCIOS PREVIDENCIÁRIOS - SEDESE,APOIO ÀS POLÍTICAS PÚBLICAS
2027,1500,SECRETARIA DE ESTADO DE PLANEJAMENTO E GESTÃO - FFP - MG,3,,4711,FUNDO FINANCEIRO DE PREVIDÊNCIA DO ESTADO DE MINAS GERAIS - FFP - MG,3,1,91,13,10,1,,9,272,705,7,52,7052,1,,,961236.00,0,BENEFÍCIOS PREVIDENCIÁRIOS - SEDESE,APOIO ÀS POLÍTICAS PÚBLICAS
2027,1500,SECRETARIA DE ESTADO DE PLANEJAMENTO E GESTÃO - FFP - MG,3,,4711,FUNDO FINANCEIRO DE PREVIDÊNCIA DO ESTADO DE MINAS GERAIS - FFP - MG,3,1,90,1,10,1,,9,272,705,7,55,7055,1,,,125073.00,0,BENEFÍCIOS PREVIDENCIÁRIOS - OGE,APOIO ÀS POLÍTICAS PÚBLICAS
2027,1500,SECRETARIA DE ESTADO DE PLANEJAMENTO E GESTÃO - FFP - MG,3,,4711,FUNDO FINANCEIRO DE PREVIDÊNCIA DO ESTADO DE MINAS GERAIS - FFP - MG,3,1,91,13,10,1,,9,272,705,7,55,7055,1,,,2001.00,0,BENEFÍCIOS PREVIDENCIÁRIOS - OGE,APOIO ÀS POLÍTICAS PÚBLICAS
2027,1500,SECRETARIA DE ESTADO DE PLANEJAMENTO E GESTÃO - FFP - MG,3,,4711,FUNDO FINANCEIRO DE PREVIDÊNCIA DO ESTADO DE MINAS GERAIS - FFP - MG,3,1,90,1,10,1,,9,272,705,7,56,7056,1,,,30956486.00,0,BENEFÍCIOS PREVIDENCIÁRIOS - SEDE,APOIO ÀS POLÍTICAS PÚBLICAS
2027,1500,SECRETARIA DE ESTADO DE PLANEJAMENTO E GESTÃO - FFP - MG,3,,4711,FUNDO FINANCEIRO DE PREVIDÊNCIA DO ESTADO DE MINAS GERAIS - FFP - MG,3,1,91,13,10,1,,9,272,705,7,56,7056,1,,,434913.00,0,BENEFÍCIOS PREVIDENCIÁRIOS - SEDE,APOIO ÀS POLÍTICAS PÚBLICAS
2027,1500,SECRETARIA DE ESTADO DE PLANEJAMENTO E GESTÃO - FFP - MG,3,,4711,FUNDO FINANCEIRO DE PREVIDÊNCIA DO ESTADO DE MINAS GERAIS - FFP - MG,3,1,90,1,10,1,,9,272,705,7,58,7058,1,,,27486642.00,0,BENEFÍCIOS PREVIDENCIÁRIOS - SEAPA,APOIO ÀS POLÍTICAS PÚBLICAS
2027,1500,SECRETARIA DE ESTADO DE PLANEJAMENTO E GESTÃO - FFP - MG,3,,4711,FUNDO FINANCEIRO DE PREVIDÊNCIA DO ESTADO DE MINAS GERAIS - FFP - MG,3,1,91,13,10,1,,9,272,705,7,58,7058,1,,,543830.00,0,BENEFÍCIOS PREVIDENCIÁRIOS - SEAPA,APOIO ÀS POLÍTICAS PÚBLICAS
2027,1500,SECRETARIA DE ESTADO DE PLANEJAMENTO E GESTÃO - FFP - MG,3,,4711,FUNDO FINANCEIRO DE PREVIDÊNCIA DO ESTADO DE MINAS GERAIS - FFP - MG,3,1,90,1,10,1,,9,272,705,7,59,7059,1,,,14271784.00,0,BENEFÍCIOS PREVIDENCIÁRIOS - SECULT,APOIO ÀS POLÍTICAS PÚBLICAS
2027,1500,SECRETARIA DE ESTADO DE PLANEJAMENTO E GESTÃO - FFP - MG,3,,4711,FUNDO FINANCEIRO DE PREVIDÊNCIA DO ESTADO DE MINAS GERAIS - FFP - MG,3,1,91,13,10,1,,9,272,705,7,59,7059,1,,,193705.00,0,BENEFÍCIOS PREVIDENCIÁRIOS - SECULT,APOIO ÀS POLÍTICAS PÚBLICAS
2027,1500,SECRETARIA DE ESTADO DE PLANEJAMENTO E GESTÃO - FFP - MG,3,,4711,FUNDO FINANCEIRO DE PREVIDÊNCIA DO ESTADO DE MINAS GERAIS - FFP - MG,3,1,90,1,10,1,,9,272,705,7,60,7060,1,,,26218127.00,0,BENEFÍCIOS PREVIDENCIÁRIOS - UEMG,APOIO ÀS POLÍTICAS PÚBLICAS
2027,1500,SECRETARIA DE ESTADO DE PLANEJAMENTO E GESTÃO - FFP - MG,3,,4711,FUNDO FINANCEIRO DE PREVIDÊNCIA DO ESTADO DE MINAS GERAIS - FFP - MG,3,1,91,13,10,1,,9,272,705,7,60,7060,1,,,306949.00,0,BENEFÍCIOS PREVIDENCIÁRIOS - UEMG,APOIO ÀS POLÍTICAS PÚBLICAS
2027,1500,SECRETARIA DE ESTADO DE PLANEJAMENTO E GESTÃO - FFP - MG,3,,4711,FUNDO FINANCEIRO DE PREVIDÊNCIA DO ESTADO DE MINAS GERAIS - FFP - MG,3,1,90,1,10,1,,9,272,705,7,61,7061,1,,,4276549.00,0,BENEFÍCIOS PREVIDENCIÁRIOS - SEINFRA,APOIO ÀS POLÍTICAS PÚBLICAS
2027,1500,SECRETARIA DE ESTADO DE PLANEJAMENTO E GESTÃO - FFP - MG,3,,4711,FUNDO FINANCEIRO DE PREVIDÊNCIA DO ESTADO DE MINAS GERAIS - FFP - MG,3,1,91,13,10,1,,9,272,705,7,61,7061,1,,,77252.00,0,BENEFÍCIOS PREVIDENCIÁRIOS - SEINFRA,APOIO ÀS POLÍTICAS PÚBLICAS
2027,1500,SECRETARIA DE ESTADO DE PLANEJAMENTO E GESTÃO - FFP - MG,3,,4711,FUNDO FINANCEIRO DE PREVIDÊNCIA DO ESTADO DE MINAS GERAIS - FFP - MG,3,1,90,1,10,1,,9,272,705,7,63,7063,1,,,1293484.00,0,BENEFÍCIOS PREVIDENCIÁRIOS - SEMAD,APOIO ÀS POLÍTICAS PÚBLICAS
2027,1500,SECRETARIA DE ESTADO DE PLANEJAMENTO E GESTÃO - FFP - MG,3,,4711,FUNDO FINANCEIRO DE PREVIDÊNCIA DO ESTADO DE MINAS GERAIS - FFP - MG,3,1,91,13,10,1,,9,272,705,7,63,7063,1,,,20625.00,0,BENEFÍCIOS PREVIDENCIÁRIOS - SEMAD,APOIO ÀS POLÍTICAS PÚBLICAS
2027,1500,SECRETARIA DE ESTADO DE PLANEJAMENTO E GESTÃO - FFP - MG,3,,4711,FUNDO FINANCEIRO DE PREVIDÊNCIA DO ESTADO DE MINAS GERAIS - FFP - MG,3,1,90,1,10,1,,9,272,705,7,64,7064,1,,,23310158.00,0,BENEFÍCIOS PREVIDENCIÁRIOS - PMMG,APOIO ÀS POLÍTICAS PÚBLICAS
2027,1500,SECRETARIA DE ESTADO DE PLANEJAMENTO E GESTÃO - FFP - MG,3,,4711,FUNDO FINANCEIRO DE PREVIDÊNCIA DO ESTADO DE MINAS GERAIS - FFP - MG,3,1,91,13,10,1,,9,272,705,7,64,7064,1,,,544327.00,0,BENEFÍCIOS PREVIDENCIÁRIOS - PMMG,APOIO ÀS POLÍTICAS PÚBLICAS
2027,1500,SECRETARIA DE ESTADO DE PLANEJAMENTO E GESTÃO - FFP - MG,3,,4711,FUNDO FINANCEIRO DE PREVIDÊNCIA DO ESTADO DE MINAS GERAIS - FFP - MG,3,1,90,1,10,1,,9,272,705,7,65,7065,1,,,1000.00,0,BENEFÍCIOS PREVIDENCIÁRIOS - CBMMG,APOIO ÀS POLÍTICAS PÚBLICAS
2027,1500,SECRETARIA DE ESTADO DE PLANEJAMENTO E GESTÃO - FFP - MG,3,,4711,FUNDO FINANCEIRO DE PREVIDÊNCIA DO ESTADO DE MINAS GERAIS - FFP - MG,3,1,90,1,10,1,,9,272,705,7,88,7088,1,,,69664551.00,0,BENEFÍCIOS PREVIDENCIÁRIOS - IMA,APOIO ÀS POLÍTICAS PÚBLICAS
2027,1500,SECRETARIA DE ESTADO DE PLANEJAMENTO E GESTÃO - FFP - MG,3,,4711,FUNDO FINANCEIRO DE PREVIDÊNCIA DO ESTADO DE MINAS GERAIS - FFP - MG,3,1,91,13,10,1,,9,272,705,7,88,7088,1,,,961862.00,0,BENEFÍCIOS PREVIDENCIÁRIOS - IMA,APOIO ÀS POLÍTICAS PÚBLICAS
2027,1500,SECRETARIA DE ESTADO DE PLANEJAMENTO E GESTÃO - FFP - MG,3,,4711,FUNDO FINANCEIRO DE PREVIDÊNCIA DO ESTADO DE MINAS GERAIS - FFP - MG,3,1,90,1,10,1,,9,272,705,7,89,7089,1,,,2672201.00,0,BENEFÍCIOS PREVIDENCIÁRIOS - FHA,APOIO ÀS POLÍTICAS PÚBLICAS
2027,1500,SECRETARIA DE ESTADO DE PLANEJAMENTO E GESTÃO - FFP - MG,3,,4711,FUNDO FINANCEIRO DE PREVIDÊNCIA DO ESTADO DE MINAS GERAIS - FFP - MG,3,1,91,13,10,1,,9,272,705,7,89,7089,1,,,52255.00,0,BENEFÍCIOS PREVIDENCIÁRIOS - FHA,APOIO ÀS POLÍTICAS PÚBLICAS
2027,1500,SECRETARIA DE ESTADO DE PLANEJAMENTO E GESTÃO - FFP - MG,3,,4711,FUNDO FINANCEIRO DE PREVIDÊNCIA DO ESTADO DE MINAS GERAIS - FFP - MG,3,1,90,1,10,1,,9,272,705,7,91,7091,1,,,3768577.00,0,BENEFÍCIOS PREVIDENCIÁRIOS - FUCAM,APOIO ÀS POLÍTICAS PÚBLICAS
2027,1500,SECRETARIA DE ESTADO DE PLANEJAMENTO E GESTÃO - FFP - MG,3,,4711,FUNDO FINANCEIRO DE PREVIDÊNCIA DO ESTADO DE MINAS GERAIS - FFP - MG,3,1,91,13,10,1,,9,272,705,7,91,7091,1,,,89084.00,0,BENEFÍCIOS PREVIDENCIÁRIOS - FUCAM,APOIO ÀS POLÍTICAS PÚBLICAS
2027,1500,SECRETARIA DE ESTADO DE PLANEJAMENTO E GESTÃO - FFP - MG,3,,4711,FUNDO FINANCEIRO DE PREVIDÊNCIA DO ESTADO DE MINAS GERAIS - FFP - MG,3,1,90,1,10,1,,9,272,705,7,94,7094,1,,,85510.00,0,BENEFÍCIOS PREVIDENCIÁRIOS - FAOP,APOIO ÀS POLÍTICAS PÚBLICAS
2027,1500,SECRETARIA DE ESTADO DE PLANEJAMENTO E GESTÃO - FFP - MG,3,,4711,FUNDO FINANCEIRO DE PREVIDÊNCIA DO ESTADO DE MINAS GERAIS - FFP - MG,3,1,91,13,10,1,,9,272,705,7,94,7094,1,,,1824.00,0,BENEFÍCIOS PREVIDENCIÁRIOS - FAOP,APOIO ÀS POLÍTICAS PÚBLICAS
2027,1500,SECRETARIA DE ESTADO DE PLANEJAMENTO E GESTÃO - FFP - MG,3,,4711,FUNDO FINANCEIRO DE PREVIDÊNCIA DO ESTADO DE MINAS GERAIS - FFP - MG,3,1,90,1,10,1,,9,272,705,7,96,7096,1,,,7996239.00,0,BENEFÍCIOS PREVIDENCIÁRIOS - FCS,APOIO ÀS POLÍTICAS PÚBLICAS
2027,1500,SECRETARIA DE ESTADO DE PLANEJAMENTO E GESTÃO - FFP - MG,3,,4711,FUNDO FINANCEIRO DE PREVIDÊNCIA DO ESTADO DE MINAS GERAIS - FFP - MG,3,1,91,13,10,1,,9,272,705,7,96,7096,1,,,120491.00,0,BENEFÍCIOS PREVIDENCIÁRIOS - FCS,APOIO ÀS POLÍTICAS PÚBLICAS
2027,1500,SECRETARIA DE ESTADO DE PLANEJAMENTO E GESTÃO - FFP - MG,3,,4711,FUNDO FINANCEIRO DE PREVIDÊNCIA DO ESTADO DE MINAS GERAIS - FFP - MG,3,1,90,1,10,1,,9,272,705,7,104,7104,1,,,5139861.00,0,BENEFÍCIOS PREVIDENCIÁRIOS - IEPHA,APOIO ÀS POLÍTICAS PÚBLICAS
2027,1500,SECRETARIA DE ESTADO DE PLANEJAMENTO E GESTÃO - FFP - MG,3,,4711,FUNDO FINANCEIRO DE PREVIDÊNCIA DO ESTADO DE MINAS GERAIS - FFP - MG,3,1,91,13,10,1,,9,272,705,7,104,7104,1,,,82849.00,0,BENEFÍCIOS PREVIDENCIÁRIOS - IEPHA,APOIO ÀS POLÍTICAS PÚBLICAS
2027,1500,SECRETARIA DE ESTADO DE PLANEJAMENTO E GESTÃO - FFP - MG,3,,4711,FUNDO FINANCEIRO DE PREVIDÊNCIA DO ESTADO DE MINAS GERAIS - FFP - MG,3,1,90,1,10,1,,9,272,705,7,105,7105,1,,,1000.00,0,BENEFÍCIOS PREVIDENCIÁRIOS - TV MINAS,APOIO ÀS POLÍTICAS PÚBLICAS
2027,1500,SECRETARIA DE ESTADO DE PLANEJAMENTO E GESTÃO - FFP - MG,3,,4711,FUNDO FINANCEIRO DE PREVIDÊNCIA DO ESTADO DE MINAS GERAIS - FFP - MG,3,1,90,1,10,1,,9,272,705,7,205,7205,1,,,334625606.00,0,BENEFÍCIOS PREVIDENCIÁRIOS - DEER,APOIO ÀS POLÍTICAS PÚBLICAS
2027,1500,SECRETARIA DE ESTADO DE PLANEJAMENTO E GESTÃO - FFP - MG,3,,4711,FUNDO FINANCEIRO DE PREVIDÊNCIA DO ESTADO DE MINAS GERAIS - FFP - MG,3,1,91,13,10,1,,9,272,705,7,205,7205,1,,,6621439.00,0,BENEFÍCIOS PREVIDENCIÁRIOS - DEER,APOIO ÀS POLÍTICAS PÚBLICAS
2027,1500,SECRETARIA DE ESTADO DE PLANEJAMENTO E GESTÃO - FFP - MG,3,,4711,FUNDO FINANCEIRO DE PREVIDÊNCIA DO ESTADO DE MINAS GERAIS - FFP - MG,3,1,90,1,60,2,,9,272,705,7,209,7209,1,,,34344808.00,0,BENEFÍCIOS PREVIDENCIÁRIOS - FUNED,APOIO ÀS POLÍTICAS PÚBLICAS
2027,1500,SECRETARIA DE ESTADO DE PLANEJAMENTO E GESTÃO - FFP - MG,3,,4711,FUNDO FINANCEIRO DE PREVIDÊNCIA DO ESTADO DE MINAS GERAIS - FFP - MG,3,1,91,13,60,2,,9,272,705,7,209,7209,1,,,395086.00,0,BENEFÍCIOS PREVIDENCIÁRIOS - FUNED,APOIO ÀS POLÍTICAS PÚBLICAS
2027,1500,SECRETARIA DE ESTADO DE PLANEJAMENTO E GESTÃO - FFP - MG,3,,4711,FUNDO FINANCEIRO DE PREVIDÊNCIA DO ESTADO DE MINAS GERAIS - FFP - MG,3,1,90,1,10,1,,9,272,705,7,225,7225,1,,,378680801.00,0,BENEFÍCIOS PREVIDENCIÁRIOS - FHEMIG,APOIO ÀS POLÍTICAS PÚBLICAS
2027,1500,SECRETARIA DE ESTADO DE PLANEJAMENTO E GESTÃO - FFP - MG,3,,4711,FUNDO FINANCEIRO DE PREVIDÊNCIA DO ESTADO DE MINAS GERAIS - FFP - MG,3,1,91,13,10,1,,9,272,705,7,225,7225,1,,,4561534.00,0,BENEFÍCIOS PREVIDENCIÁRIOS - FHEMIG,APOIO ÀS POLÍTICAS PÚBLICAS
2027,1500,SECRETARIA DE ESTADO DE PLANEJAMENTO E GESTÃO - FFP - MG,3,,4711,FUNDO FINANCEIRO DE PREVIDÊNCIA DO ESTADO DE MINAS GERAIS - FFP - MG,3,1,90,1,60,2,,9,272,705,7,312,7312,1,,,31575954.00,0,BENEFÍCIOS PREVIDENCIÁRIOS - HEMOMINAS,APOIO ÀS POLÍTICAS PÚBLICAS
2027,1500,SECRETARIA DE ESTADO DE PLANEJAMENTO E GESTÃO - FFP - MG,3,,4711,FUNDO FINANCEIRO DE PREVIDÊNCIA DO ESTADO DE MINAS GERAIS - FFP - MG,3,1,91,13,60,2,,9,272,705,7,312,7312,1,,,260320.00,0,BENEFÍCIOS PREVIDENCIÁRIOS - HEMOMINAS,APOIO ÀS POLÍTICAS PÚBLICAS
2027,1500,SECRETARIA DE ESTADO DE PLANEJAMENTO E GESTÃO - FFP - MG,3,,4711,FUNDO FINANCEIRO DE PREVIDÊNCIA DO ESTADO DE MINAS GERAIS - FFP - MG,3,1,90,1,42,1,,9,272,705,7,428,7428,1,,,11244441.00,0,BENEFÍCIOS PREVIDENCIÁRIOS - FEAM,APOIO ÀS POLÍTICAS PÚBLICAS
2027,1500,SECRETARIA DE ESTADO DE PLANEJAMENTO E GESTÃO - FFP - MG,3,,4711,FUNDO FINANCEIRO DE PREVIDÊNCIA DO ESTADO DE MINAS GERAIS - FFP - MG,3,1,90,1,43,1,,9,272,705,7,428,7428,1,,,5417770.00,0,BENEFÍCIOS PREVIDENCIÁRIOS - FEAM,APOIO ÀS POLÍTICAS PÚBLICAS
2027,1500,SECRETARIA DE ESTADO DE PLANEJAMENTO E GESTÃO - FFP - MG,3,,4711,FUNDO FINANCEIRO DE PREVIDÊNCIA DO ESTADO DE MINAS GERAIS - FFP - MG,3,1,91,13,60,2,,9,272,705,7,428,7428,1,,,155090.00,0,BENEFÍCIOS PREVIDENCIÁRIOS - FEAM,APOIO ÀS POLÍTICAS PÚBLICAS
2027,1500,SECRETARIA DE ESTADO DE PLANEJAMENTO E GESTÃO - FFP - MG,3,,4711,FUNDO FINANCEIRO DE PREVIDÊNCIA DO ESTADO DE MINAS GERAIS - FFP - MG,3,1,90,1,10,1,,9,272,705,7,473,7473,1,,,38878638.00,0,BENEFÍCIOS PREVIDENCIÁRIOS - IEF,APOIO ÀS POLÍTICAS PÚBLICAS
2027,1500,SECRETARIA DE ESTADO DE PLANEJAMENTO E GESTÃO - FFP - MG,3,,4711,FUNDO FINANCEIRO DE PREVIDÊNCIA DO ESTADO DE MINAS GERAIS - FFP - MG,3,1,91,13,10,1,,9,272,705,7,473,7473,1,,,690229.00,0,BENEFÍCIOS PREVIDENCIÁRIOS - IEF,APOIO ÀS POLÍTICAS PÚBLICAS
2027,1500,SECRETARIA DE ESTADO DE PLANEJAMENTO E GESTÃO - FFP - MG,3,,4711,FUNDO FINANCEIRO DE PREVIDÊNCIA DO ESTADO DE MINAS GERAIS - FFP - MG,3,1,90,1,10,1,,9,272,705,7,484,7484,1,,,4908873.00,0,BENEFÍCIOS PREVIDENCIÁRIOS - IGAM,APOIO ÀS POLÍTICAS PÚBLICAS
2027,1500,SECRETARIA DE ESTADO DE PLANEJAMENTO E GESTÃO - FFP - MG,3,,4711,FUNDO FINANCEIRO DE PREVIDÊNCIA DO ESTADO DE MINAS GERAIS - FFP - MG,3,1,91,13,10,1,,9,272,705,7,484,7484,1,,,63291.00,0,BENEFÍCIOS PREVIDENCIÁRIOS - IGAM,APOIO ÀS POLÍTICAS PÚBLICAS
2027,1500,SECRETARIA DE ESTADO DE PLANEJAMENTO E GESTÃO - FFP - MG,3,,4711,FUNDO FINANCEIRO DE PREVIDÊNCIA DO ESTADO DE MINAS GERAIS - FFP - MG,3,1,90,1,42,1,,9,272,705,7,529,7529,1,,,4115362.00,0,BENEFÍCIOS PREVIDENCIÁRIOS - JUCEMG,APOIO ÀS POLÍTICAS PÚBLICAS
2027,1500,SECRETARIA DE ESTADO DE PLANEJAMENTO E GESTÃO - FFP - MG,3,,4711,FUNDO FINANCEIRO DE PREVIDÊNCIA DO ESTADO DE MINAS GERAIS - FFP - MG,3,1,90,1,43,1,,9,272,705,7,529,7529,1,,,1451663.00,0,BENEFÍCIOS PREVIDENCIÁRIOS - JUCEMG,APOIO ÀS POLÍTICAS PÚBLICAS
2027,1500,SECRETARIA DE ESTADO DE PLANEJAMENTO E GESTÃO - FFP - MG,3,,4711,FUNDO FINANCEIRO DE PREVIDÊNCIA DO ESTADO DE MINAS GERAIS - FFP - MG,3,1,90,1,60,2,,9,272,705,7,529,7529,1,,,4318532.00,0,BENEFÍCIOS PREVIDENCIÁRIOS - JUCEMG,APOIO ÀS POLÍTICAS PÚBLICAS
2027,1500,SECRETARIA DE ESTADO DE PLANEJAMENTO E GESTÃO - FFP - MG,3,,4711,FUNDO FINANCEIRO DE PREVIDÊNCIA DO ESTADO DE MINAS GERAIS - FFP - MG,3,1,91,13,60,2,,9,272,705,7,529,7529,1,,,126313.00,0,BENEFÍCIOS PREVIDENCIÁRIOS - JUCEMG,APOIO ÀS POLÍTICAS PÚBLICAS
2027,1500,SECRETARIA DE ESTADO DE PLANEJAMENTO E GESTÃO - FFP - MG,3,,4711,FUNDO FINANCEIRO DE PREVIDÊNCIA DO ESTADO DE MINAS GERAIS - FFP - MG,3,1,90,1,10,1,,9,272,705,7,586,7586,1,,,1273729.00,0,BENEFÍCIOS PREVIDENCIÁRIOS - UTRAMIG,APOIO ÀS POLÍTICAS PÚBLICAS
2027,1500,SECRETARIA DE ESTADO DE PLANEJAMENTO E GESTÃO - FFP - MG,3,,4711,FUNDO FINANCEIRO DE PREVIDÊNCIA DO ESTADO DE MINAS GERAIS - FFP - MG,3,1,91,13,10,1,,9,272,705,7,586,7586,1,,,25074.00,0,BENEFÍCIOS PREVIDENCIÁRIOS - UTRAMIG,APOIO ÀS POLÍTICAS PÚBLICAS
2027,1500,SECRETARIA DE ESTADO DE PLANEJAMENTO E GESTÃO - FFP - MG,3,,4711,FUNDO FINANCEIRO DE PREVIDÊNCIA DO ESTADO DE MINAS GERAIS - FFP - MG,3,1,90,1,42,1,,9,272,705,7,617,7617,1,,,516943.00,0,BENEFÍCIOS PREVIDENCIÁRIOS - LEMG,APOIO ÀS POLÍTICAS PÚBLICAS
2027,1500,SECRETARIA DE ESTADO DE PLANEJAMENTO E GESTÃO - FFP - MG,3,,4711,FUNDO FINANCEIRO DE PREVIDÊNCIA DO ESTADO DE MINAS GERAIS - FFP - MG,3,1,90,1,43,1,,9,272,705,7,617,7617,1,,,229846.00,0,BENEFÍCIOS PREVIDENCIÁRIOS - LEMG,APOIO ÀS POLÍTICAS PÚBLICAS
2027,1500,SECRETARIA DE ESTADO DE PLANEJAMENTO E GESTÃO - FFP - MG,3,,4711,FUNDO FINANCEIRO DE PREVIDÊNCIA DO ESTADO DE MINAS GERAIS - FFP - MG,3,1,90,1,60,2,,9,272,705,7,617,7617,1,,,1656779.00,0,BENEFÍCIOS PREVIDENCIÁRIOS - LEMG,APOIO ÀS POLÍTICAS PÚBLICAS
2027,1500,SECRETARIA DE ESTADO DE PLANEJAMENTO E GESTÃO - FFP - MG,3,,4711,FUNDO FINANCEIRO DE PREVIDÊNCIA DO ESTADO DE MINAS GERAIS - FFP - MG,3,1,91,13,60,2,,9,272,705,7,617,7617,1,,,29221.00,0,BENEFÍCIOS PREVIDENCIÁRIOS - LEMG,APOIO ÀS POLÍTICAS PÚBLICAS
2027,1500,SECRETARIA DE ESTADO DE PLANEJAMENTO E GESTÃO - FFP - MG,3,,4711,FUNDO FINANCEIRO DE PREVIDÊNCIA DO ESTADO DE MINAS GERAIS - FFP - MG,3,1,90,1,10,1,,9,272,705,7,722,7722,1,,,29375255.00,0,BENEFÍCIOS PREVIDENCIÁRIOS - FJP,APOIO ÀS POLÍTICAS PÚBLICAS
2027,1500,SECRETARIA DE ESTADO DE PLANEJAMENTO E GESTÃO - FFP - MG,3,,4711,FUNDO FINANCEIRO DE PREVIDÊNCIA DO ESTADO DE MINAS GERAIS - FFP - MG,3,1,91,13,10,1,,9,272,705,7,722,7722,1,,,295202.00,0,BENEFÍCIOS PREVIDENCIÁRIOS - FJP,APOIO ÀS POLÍTICAS PÚBLICAS
2027,1500,SECRETARIA DE ESTADO DE PLANEJAMENTO E GESTÃO - FFP - MG,3,,4711,FUNDO FINANCEIRO DE PREVIDÊNCIA DO ESTADO DE MINAS GERAIS - FFP - MG,3,1,90,1,10,1,,9,272,705,7,725,7725,1,,,231904601.00,0,BENEFÍCIOS PREVIDENCIÁRIOS - IPSEMG,APOIO ÀS POLÍTICAS PÚBLICAS
2027,1500,SECRETARIA DE ESTADO DE PLANEJAMENTO E GESTÃO - FFP - MG,3,,4711,FUNDO FINANCEIRO DE PREVIDÊNCIA DO ESTADO DE MINAS GERAIS - FFP - MG,3,1,91,13,10,1,,9,272,705,7,725,7725,1,,,3570805.00,0,BENEFÍCIOS PREVIDENCIÁRIOS - IPSEMG,APOIO ÀS POLÍTICAS PÚBLICAS
2027,1500,SECRETARIA DE ESTADO DE PLANEJAMENTO E GESTÃO - FFP - MG,3,,4711,FUNDO FINANCEIRO DE PREVIDÊNCIA DO ESTADO DE MINAS GERAIS - FFP - MG,3,1,90,1,42,1,,9,272,705,7,840,7840,1,,,2721984.00,0,BENEFÍCIOS PREVIDENCIÁRIOS - IPSM,APOIO ÀS POLÍTICAS PÚBLICAS
2027,1500,SECRETARIA DE ESTADO DE PLANEJAMENTO E GESTÃO - FFP - MG,3,,4711,FUNDO FINANCEIRO DE PREVIDÊNCIA DO ESTADO DE MINAS GERAIS - FFP - MG,3,1,90,1,43,1,,9,272,705,7,840,7840,1,,,702153.00,0,BENEFÍCIOS PREVIDENCIÁRIOS - IPSM,APOIO ÀS POLÍTICAS PÚBLICAS
2027,1500,SECRETARIA DE ESTADO DE PLANEJAMENTO E GESTÃO - FFP - MG,3,,4711,FUNDO FINANCEIRO DE PREVIDÊNCIA DO ESTADO DE MINAS GERAIS - FFP - MG,3,1,91,13,60,2,,9,272,705,7,840,7840,1,,,7723.00,0,BENEFÍCIOS PREVIDENCIÁRIOS - IPSM,APOIO ÀS POLÍTICAS PÚBLICAS
2027,1500,SECRETARIA DE ESTADO DE PLANEJAMENTO E GESTÃO - FFP - MG,3,,4711,FUNDO FINANCEIRO DE PREVIDÊNCIA DO ESTADO DE MINAS GERAIS - FFP - MG,3,1,90,1,10,1,,9,272,705,7,939,7939,1,,,2671066.00,0,BENEFÍCIOS PREVIDENCIÁRIOS - IDENE,APOIO ÀS POLÍTICAS PÚBLICAS
2027,1500,SECRETARIA DE ESTADO DE PLANEJAMENTO E GESTÃO - FFP - MG,3,,4711,FUNDO FINANCEIRO DE PREVIDÊNCIA DO ESTADO DE MINAS GERAIS - FFP - MG,3,1,91,13,10,1,,9,272,705,7,939,7939,1,,,47093.00,0,BENEFÍCIOS PREVIDENCIÁRIOS - IDENE,APOIO ÀS POLÍTICAS PÚBLICAS
2027,1500,SECRETARIA DE ESTADO DE PLANEJAMENTO E GESTÃO - FFP - MG,3,,4711,FUNDO FINANCEIRO DE PREVIDÊNCIA DO ESTADO DE MINAS GERAIS - FFP - MG,3,1,90,1,10,1,,9,272,705,7,957,7957,1,,,5902275878.00,0,BENEFÍCIOS PREVIDENCIÁRIOS - SEE,APOIO ÀS POLÍTICAS PÚBLICAS
2027,1500,SECRETARIA DE ESTADO DE PLANEJAMENTO E GESTÃO - FFP - MG,3,,4711,FUNDO FINANCEIRO DE PREVIDÊNCIA DO ESTADO DE MINAS GERAIS - FFP - MG,3,1,90,1,15,1,,9,272,705,7,957,7957,1,,,2097088741.00,0,BENEFÍCIOS PREVIDENCIÁRIOS - SEE,APOIO ÀS POLÍTICAS PÚBLICAS
2027,1500,SECRETARIA DE ESTADO DE PLANEJAMENTO E GESTÃO - FFP - MG,3,,4711,FUNDO FINANCEIRO DE PREVIDÊNCIA DO ESTADO DE MINAS GERAIS - FFP - MG,3,1,90,1,42,1,,9,272,705,7,957,7957,1,,,2743685099.00,0,BENEFÍCIOS PREVIDENCIÁRIOS - SEE,APOIO ÀS POLÍTICAS PÚBLICAS
2027,1500,SECRETARIA DE ESTADO DE PLANEJAMENTO E GESTÃO - FFP - MG,3,,4711,FUNDO FINANCEIRO DE PREVIDÊNCIA DO ESTADO DE MINAS GERAIS - FFP - MG,3,1,90,1,43,1,,9,272,705,7,957,7957,1,,,1144215503.00,0,BENEFÍCIOS PREVIDENCIÁRIOS - SEE,APOIO ÀS POLÍTICAS PÚBLICAS
2027,1500,SECRETARIA DE ESTADO DE PLANEJAMENTO E GESTÃO - FFP - MG,3,,4711,FUNDO FINANCEIRO DE PREVIDÊNCIA DO ESTADO DE MINAS GERAIS - FFP - MG,3,1,90,1,44,1,,9,272,705,7,957,7957,1,,,81033031.00,0,BENEFÍCIOS PREVIDENCIÁRIOS - SEE,APOIO ÀS POLÍTICAS PÚBLICAS
2027,1500,SECRETARIA DE ESTADO DE PLANEJAMENTO E GESTÃO - FFP - MG,3,,4711,FUNDO FINANCEIRO DE PREVIDÊNCIA DO ESTADO DE MINAS GERAIS - FFP - MG,3,1,91,13,10,1,,9,272,705,7,957,7957,1,,,205494054.00,0,BENEFÍCIOS PREVIDENCIÁRIOS - SEE,APOIO ÀS POLÍTICAS PÚBLICAS
2027,1500,SECRETARIA DE ESTADO DE PLANEJAMENTO E GESTÃO - FFP - MG,3,,4711,FUNDO FINANCEIRO DE PREVIDÊNCIA DO ESTADO DE MINAS GERAIS - FFP - MG,3,1,90,1,10,1,,9,272,705,7,959,7959,1,,,463428553.00,0,BENEFÍCIOS PREVIDENCIÁRIOS - SES,APOIO ÀS POLÍTICAS PÚBLICAS
2027,1500,SECRETARIA DE ESTADO DE PLANEJAMENTO E GESTÃO - FFP - MG,3,,4711,FUNDO FINANCEIRO DE PREVIDÊNCIA DO ESTADO DE MINAS GERAIS - FFP - MG,3,1,91,13,10,1,,9,272,705,7,959,7959,1,,,8421540.00,0,BENEFÍCIOS PREVIDENCIÁRIOS - SES,APOIO ÀS POLÍTICAS PÚBLICAS
2027,1510,POLÍCIA CIVIL DO ESTADO DE MINAS GERAIS - PCMG,3,,1511,POLÍCIA CIVIL DO ESTADO DE MINAS GERAIS - PCMG,3,3,90,14,10,1,,10,302,37,2,8,2008,1,,,74156.00,0,SAÚDE DOS SERVIDORES,VALORIZAÇÃO E SAÚDE DO SERVIDOR
2027,1510,POLÍCIA CIVIL DO ESTADO DE MINAS GERAIS - PCMG,3,,1511,POLÍCIA CIVIL DO ESTADO DE MINAS GERAIS - PCMG,3,3,90,30,10,1,,10,302,37,2,8,2008,1,,,262692.00,0,SAÚDE DOS SERVIDORES,VALORIZAÇÃO E SAÚDE DO SERVIDOR
2027,1510,POLÍCIA CIVIL DO ESTADO DE MINAS GERAIS - PCMG,3,,1511,POLÍCIA CIVIL DO ESTADO DE MINAS GERAIS - PCMG,3,3,90,37,10,1,,10,302,37,2,8,2008,1,,,726203.00,0,SAÚDE DOS SERVIDORES,VALORIZAÇÃO E SAÚDE DO SERVIDOR
2027,1510,POLÍCIA CIVIL DO ESTADO DE MINAS GERAIS - PCMG,3,,1511,POLÍCIA CIVIL DO ESTADO DE MINAS GERAIS - PCMG,3,3,90,39,10,1,,10,302,37,2,8,2008,1,,,850737.00,0,SAÚDE DOS SERVIDORES,VALORIZAÇÃO E SAÚDE DO SERVIDOR
2027,1510,POLÍCIA CIVIL DO ESTADO DE MINAS GERAIS - PCMG,3,,1511,POLÍCIA CIVIL DO ESTADO DE MINAS GERAIS - PCMG,3,3,90,40,10,1,,10,302,37,2,8,2008,1,,,36223.00,0,SAÚDE DOS SERVIDORES,VALORIZAÇÃO E SAÚDE DO SERVIDOR
2027,1510,POLÍCIA CIVIL DO ESTADO DE MINAS GERAIS - PCMG,3,,1511,POLÍCIA CIVIL DO ESTADO DE MINAS GERAIS - PCMG,4,4,90,40,10,1,,10,302,37,2,8,2008,1,,,65408.00,0,SAÚDE DOS SERVIDORES,VALORIZAÇÃO E SAÚDE DO SERVIDOR
2027,1510,POLÍCIA CIVIL DO ESTADO DE MINAS GERAIS - PCMG,3,,1511,POLÍCIA CIVIL DO ESTADO DE MINAS GERAIS - PCMG,3,3,90,19,10,7,,12,368,37,2,11,2011,1,,,330643.00,0,COLÉGIO ORDEM E PROGRESSO,VALORIZAÇÃO E SAÚDE DO SERVIDOR
2027,1510,POLÍCIA CIVIL DO ESTADO DE MINAS GERAIS - PCMG,3,,1511,POLÍCIA CIVIL DO ESTADO DE MINAS GERAIS - PCMG,3,3,90,30,10,1,,12,368,37,2,11,2011,1,,,310280.00,0,COLÉGIO ORDEM E PROGRESSO,VALORIZAÇÃO E SAÚDE DO SERVIDOR
2027,1510,POLÍCIA CIVIL DO ESTADO DE MINAS GERAIS - PCMG,3,,1511,POLÍCIA CIVIL DO ESTADO DE MINAS GERAIS - PCMG,3,3,90,37,10,1,,12,368,37,2,11,2011,1,,,302585.00,0,COLÉGIO ORDEM E PROGRESSO,VALORIZAÇÃO E SAÚDE DO SERVIDOR
2027,1510,POLÍCIA CIVIL DO ESTADO DE MINAS GERAIS - PCMG,3,,1511,POLÍCIA CIVIL DO ESTADO DE MINAS GERAIS - PCMG,3,3,90,39,10,1,,12,368,37,2,11,2011,1,,,376957.00,0,COLÉGIO ORDEM E PROGRESSO,VALORIZAÇÃO E SAÚDE DO SERVIDOR
2027,1510,POLÍCIA CIVIL DO ESTADO DE MINAS GERAIS - PCMG,3,,1511,POLÍCIA CIVIL DO ESTADO DE MINAS GERAIS - PCMG,3,3,90,40,10,1,,12,368,37,2,11,2011,1,,,7969.00,0,COLÉGIO ORDEM E PROGRESSO,VALORIZAÇÃO E SAÚDE DO SERVIDOR
2027,1510,POLÍCIA CIVIL DO ESTADO DE MINAS GERAIS - PCMG,3,,1511,POLÍCIA CIVIL DO ESTADO DE MINAS GERAIS - PCMG,3,3,90,46,10,7,,12,368,37,2,11,2011,1,,,532428.00,0,COLÉGIO ORDEM E PROGRESSO,VALORIZAÇÃO E SAÚDE DO SERVIDOR
2027,1510,POLÍCIA CIVIL DO ESTADO DE MINAS GERAIS - PCMG,3,,1511,POLÍCIA CIVIL DO ESTADO DE MINAS GERAIS - PCMG,3,3,90,49,10,7,,12,368,37,2,11,2011,1,,,40414.00,0,COLÉGIO ORDEM E PROGRESSO,VALORIZAÇÃO E SAÚDE DO SERVIDOR
2027,1510,POLÍCIA CIVIL DO ESTADO DE MINAS GERAIS - PCMG,3,,1511,POLÍCIA CIVIL DO ESTADO DE MINAS GERAIS - PCMG,4,4,90,40,10,1,,12,368,37,2,11,2011,1,,,16304.00,0,COLÉGIO ORDEM E PROGRESSO,VALORIZAÇÃO E SAÚDE DO SERVIDOR
2027,1510,POLÍCIA CIVIL DO ESTADO DE MINAS GERAIS - PCMG,3,,1511,POLÍCIA CIVIL DO ESTADO DE MINAS GERAIS - PCMG,3,1,90,11,10,1,,6,122,705,2,417,2417,1,,,1072305499.00,0,REMUNERAÇÃO DE PESSOAL ATIVO E ENCARGOS SOCIAIS,APOIO ÀS POLÍTICAS PÚBLICAS
2027,1510,POLÍCIA CIVIL DO ESTADO DE MINAS GERAIS - PCMG,3,,1511,POLÍCIA CIVIL DO ESTADO DE MINAS GERAIS - PCMG,3,1,90,11,11,1,,6,122,705,2,417,2417,1,,,987600951.00,0,REMUNERAÇÃO DE PESSOAL ATIVO E ENCARGOS SOCIAIS,APOIO ÀS POLÍTICAS PÚBLICAS
2027,1510,POLÍCIA CIVIL DO ESTADO DE MINAS GERAIS - PCMG,3,,1511,POLÍCIA CIVIL DO ESTADO DE MINAS GERAIS - PCMG,3,1,90,13,10,1,,6,122,705,2,417,2417,1,,,420879.00,0,REMUNERAÇÃO DE PESSOAL ATIVO E ENCARGOS SOCIAIS,APOIO ÀS POLÍTICAS PÚBLICAS
2027,1510,POLÍCIA CIVIL DO ESTADO DE MINAS GERAIS - PCMG,3,,1511,POLÍCIA CIVIL DO ESTADO DE MINAS GERAIS - PCMG,3,1,90,16,10,1,,6,122,705,2,417,2417,1,,,73340591.00,0,REMUNERAÇÃO DE PESSOAL ATIVO E ENCARGOS SOCIAIS,APOIO ÀS POLÍTICAS PÚBLICAS
2027,1510,POLÍCIA CIVIL DO ESTADO DE MINAS GERAIS - PCMG,3,,1511,POLÍCIA CIVIL DO ESTADO DE MINAS GERAIS - PCMG,3,1,90,7,10,1,,6,122,705,2,417,2417,1,,,809161.00,0,REMUNERAÇÃO DE PESSOAL ATIVO E ENCARGOS SOCIAIS,APOIO ÀS POLÍTICAS PÚBLICAS
2027,1510,POLÍCIA CIVIL DO ESTADO DE MINAS GERAIS - PCMG,3,,1511,POLÍCIA CIVIL DO ESTADO DE MINAS GERAIS - PCMG,3,1,90,7,11,1,,6,122,705,2,417,2417,1,,,610922.00,0,REMUNERAÇÃO DE PESSOAL ATIVO E ENCARGOS SOCIAIS,APOIO ÀS POLÍTICAS PÚBLICAS
2027,1510,POLÍCIA CIVIL DO ESTADO DE MINAS GERAIS - PCMG,3,,1511,POLÍCIA CIVIL DO ESTADO DE MINAS GERAIS - PCMG,3,1,91,13,10,1,,6,122,705,2,417,2417,1,,,477753613.00,0,REMUNERAÇÃO DE PESSOAL ATIVO E ENCARGOS SOCIAIS,APOIO ÀS POLÍTICAS PÚBLICAS
2027,1510,POLÍCIA CIVIL DO ESTADO DE MINAS GERAIS - PCMG,3,,1511,POLÍCIA CIVIL DO ESTADO DE MINAS GERAIS - PCMG,3,1,91,13,11,1,,6,122,705,2,417,2417,1,,,433298988.00,0,REMUNERAÇÃO DE PESSOAL ATIVO E ENCARGOS SOCIAIS,APOIO ÀS POLÍTICAS PÚBLICAS
2027,1510,POLÍCIA CIVIL DO ESTADO DE MINAS GERAIS - PCMG,3,,1511,POLÍCIA CIVIL DO ESTADO DE MINAS GERAIS - PCMG,3,3,90,19,10,7,,6,122,705,2,417,2417,1,,,228718397.00,0,REMUNERAÇÃO DE PESSOAL ATIVO E ENCARGOS SOCIAIS,APOIO ÀS POLÍTICAS PÚBLICAS
2027,1510,POLÍCIA CIVIL DO ESTADO DE MINAS GERAIS - PCMG,3,,1511,POLÍCIA CIVIL DO ESTADO DE MINAS GERAIS - PCMG,3,3,90,46,10,7,,6,122,705,2,417,2417,1,,,48474547.00,0,REMUNERAÇÃO DE PESSOAL ATIVO E ENCARGOS SOCIAIS,APOIO ÀS POLÍTICAS PÚBLICAS
2027,1510,POLÍCIA CIVIL DO ESTADO DE MINAS GERAIS - PCMG,3,,1511,POLÍCIA CIVIL DO ESTADO DE MINAS GERAIS - PCMG,3,3,90,49,10,7,,6,122,705,2,417,2417,1,,,4089791.00,0,REMUNERAÇÃO DE PESSOAL ATIVO E ENCARGOS SOCIAIS,APOIO ÀS POLÍTICAS PÚBLICAS
2027,1510,POLÍCIA CIVIL DO ESTADO DE MINAS GERAIS - PCMG,3,,1511,POLÍCIA CIVIL DO ESTADO DE MINAS GERAIS - PCMG,3,3,90,8,10,7,,6,122,705,2,417,2417,1,,,10936056.00,0,REMUNERAÇÃO DE PESSOAL ATIVO E ENCARGOS SOCIAIS,APOIO ÀS POLÍTICAS PÚBLICAS
2027,1510,POLÍCIA CIVIL DO ESTADO DE MINAS GERAIS - PCMG,3,,1511,POLÍCIA CIVIL DO ESTADO DE MINAS GERAIS - PCMG,3,3,90,14,10,1,,6,122,705,2,500,2500,1,,,247188.00,0,ASSESSORAMENTO E GERENCIAMENTO DE POLÍTICAS PÚBLICAS,APOIO ÀS POLÍTICAS PÚBLICAS
2027,1510,POLÍCIA CIVIL DO ESTADO DE MINAS GERAIS - PCMG,3,,1511,POLÍCIA CIVIL DO ESTADO DE MINAS GERAIS - PCMG,3,3,90,30,10,1,,6,122,705,2,500,2500,1,,,1767718.00,0,ASSESSORAMENTO E GERENCIAMENTO DE POLÍTICAS PÚBLICAS,APOIO ÀS POLÍTICAS PÚBLICAS
2027,1510,POLÍCIA CIVIL DO ESTADO DE MINAS GERAIS - PCMG,3,,1511,POLÍCIA CIVIL DO ESTADO DE MINAS GERAIS - PCMG,3,3,90,33,10,1,,6,122,705,2,500,2500,1,,,336000.00,0,ASSESSORAMENTO E GERENCIAMENTO DE POLÍTICAS PÚBLICAS,APOIO ÀS POLÍTICAS PÚBLICAS
2027,1510,POLÍCIA CIVIL DO ESTADO DE MINAS GERAIS - PCMG,3,,1511,POLÍCIA CIVIL DO ESTADO DE MINAS GERAIS - PCMG,3,3,90,37,10,1,,6,122,705,2,500,2500,1,,,5143933.00,0,ASSESSORAMENTO E GERENCIAMENTO DE POLÍTICAS PÚBLICAS,APOIO ÀS POLÍTICAS PÚBLICAS
2027,1510,POLÍCIA CIVIL DO ESTADO DE MINAS GERAIS - PCMG,3,,1511,POLÍCIA CIVIL DO ESTADO DE MINAS GERAIS - PCMG,3,3,90,39,10,1,,6,122,705,2,500,2500,1,,,2032799.00,0,ASSESSORAMENTO E GERENCIAMENTO DE POLÍTICAS PÚBLICAS,APOIO ÀS POLÍTICAS PÚBLICAS
2027,1510,POLÍCIA CIVIL DO ESTADO DE MINAS GERAIS - PCMG,3,,1511,POLÍCIA CIVIL DO ESTADO DE MINAS GERAIS - PCMG,3,3,90,40,10,1,,6,122,705,2,500,2500,1,,,36223.00,0,ASSESSORAMENTO E GERENCIAMENTO DE POLÍTICAS PÚBLICAS,APOIO ÀS POLÍTICAS PÚBLICAS
2027,1510,POLÍCIA CIVIL DO ESTADO DE MINAS GERAIS - PCMG,3,,1511,POLÍCIA CIVIL DO ESTADO DE MINAS GERAIS - PCMG,3,3,90,93,10,1,,6,122,705,2,500,2500,1,,,133475.00,0,ASSESSORAMENTO E GERENCIAMENTO DE POLÍTICAS PÚBLICAS,APOIO ÀS POLÍTICAS PÚBLICAS
2027,1510,POLÍCIA CIVIL DO ESTADO DE MINAS GERAIS - PCMG,3,,1511,POLÍCIA CIVIL DO ESTADO DE MINAS GERAIS - PCMG,4,4,90,40,10,1,,6,122,705,2,500,2500,1,,,880809.00,0,ASSESSORAMENTO E GERENCIAMENTO DE POLÍTICAS PÚBLICAS,APOIO ÀS POLÍTICAS PÚBLICAS
2027,1510,POLÍCIA CIVIL DO ESTADO DE MINAS GERAIS - PCMG,3,,1511,POLÍCIA CIVIL DO ESTADO DE MINAS GERAIS - PCMG,3,3,90,8,10,7,,6,122,705,7,10,7010,1,,,31075864.00,0,BENEFÍCIOS ASSISTENCIAIS,APOIO ÀS POLÍTICAS PÚBLICAS
2027,1510,POLÍCIA CIVIL DO ESTADO DE MINAS GERAIS - PCMG,3,,1511,POLÍCIA CIVIL DO ESTADO DE MINAS GERAIS - PCMG,3,3,90,14,10,1,,6,128,37,4,66,4066,1,,,177974.00,0,FORMAÇÃO E CAPACITAÇÃO,VALORIZAÇÃO E SAÚDE DO SERVIDOR
2027,1510,POLÍCIA CIVIL DO ESTADO DE MINAS GERAIS - PCMG,3,,1511,POLÍCIA CIVIL DO ESTADO DE MINAS GERAIS - PCMG,3,3,90,30,10,1,,6,128,37,4,66,4066,1,,,350371.00,0,FORMAÇÃO E CAPACITAÇÃO,VALORIZAÇÃO E SAÚDE DO SERVIDOR
2027,1510,POLÍCIA CIVIL DO ESTADO DE MINAS GERAIS - PCMG,3,,1511,POLÍCIA CIVIL DO ESTADO DE MINAS GERAIS - PCMG,3,3,90,31,10,1,,6,128,37,4,66,4066,1,,,11123.00,0,FORMAÇÃO E CAPACITAÇÃO,VALORIZAÇÃO E SAÚDE DO SERVIDOR
2027,1510,POLÍCIA CIVIL DO ESTADO DE MINAS GERAIS - PCMG,3,,1511,POLÍCIA CIVIL DO ESTADO DE MINAS GERAIS - PCMG,3,3,90,36,10,1,,6,128,37,4,66,4066,1,,,157704.00,0,FORMAÇÃO E CAPACITAÇÃO,VALORIZAÇÃO E SAÚDE DO SERVIDOR
2027,1510,POLÍCIA CIVIL DO ESTADO DE MINAS GERAIS - PCMG,3,,1511,POLÍCIA CIVIL DO ESTADO DE MINAS GERAIS - PCMG,3,3,90,37,10,1,,6,128,37,4,66,4066,1,,,971746.00,0,FORMAÇÃO E CAPACITAÇÃO,VALORIZAÇÃO E SAÚDE DO SERVIDOR
2027,1510,POLÍCIA CIVIL DO ESTADO DE MINAS GERAIS - PCMG,3,,1511,POLÍCIA CIVIL DO ESTADO DE MINAS GERAIS - PCMG,3,3,90,39,10,1,,6,128,37,4,66,4066,1,,,1511888.00,0,FORMAÇÃO E CAPACITAÇÃO,VALORIZAÇÃO E SAÚDE DO SERVIDOR
2027,1510,POLÍCIA CIVIL DO ESTADO DE MINAS GERAIS - PCMG,3,,1511,POLÍCIA CIVIL DO ESTADO DE MINAS GERAIS - PCMG,3,3,90,39,98,1,,6,128,37,4,66,4066,1,,,99500.00,0,FORMAÇÃO E CAPACITAÇÃO,VALORIZAÇÃO E SAÚDE DO SERVIDOR
2027,1510,POLÍCIA CIVIL DO ESTADO DE MINAS GERAIS - PCMG,3,,1511,POLÍCIA CIVIL DO ESTADO DE MINAS GERAIS - PCMG,3,3,90,40,10,1,,6,128,37,4,66,4066,1,,,12074.00,0,FORMAÇÃO E CAPACITAÇÃO,VALORIZAÇÃO E SAÚDE DO SERVIDOR
2027,1510,POLÍCIA CIVIL DO ESTADO DE MINAS GERAIS - PCMG,3,,1511,POLÍCIA CIVIL DO ESTADO DE MINAS GERAIS - PCMG,4,4,90,40,10,1,,6,128,37,4,66,4066,1,,,620325.00,0,FORMAÇÃO E CAPACITAÇÃO,VALORIZAÇÃO E SAÚDE DO SERVIDOR
2027,1510,POLÍCIA CIVIL DO ESTADO DE MINAS GERAIS - PCMG,3,,1511,POLÍCIA CIVIL DO ESTADO DE MINAS GERAIS - PCMG,4,4,90,52,10,1,,6,128,37,4,66,4066,1,,,401083.00,0,FORMAÇÃO E CAPACITAÇÃO,VALORIZAÇÃO E SAÚDE DO SERVIDOR
2027,1510,POLÍCIA CIVIL DO ESTADO DE MINAS GERAIS - PCMG,3,,1511,POLÍCIA CIVIL DO ESTADO DE MINAS GERAIS - PCMG,4,4,90,52,98,1,,6,128,37,4,66,4066,1,,,1203950.00,0,FORMAÇÃO E CAPACITAÇÃO,VALORIZAÇÃO E SAÚDE DO SERVIDOR
2027,1510,POLÍCIA CIVIL DO ESTADO DE MINAS GERAIS - PCMG,3,,1511,POLÍCIA CIVIL DO ESTADO DE MINAS GERAIS - PCMG,3,3,90,39,10,1,,6,181,32,1,3,1003,1,,,318.00,0,PROCEDIMENTO DE POLÍCIA JUDICIÁRIA ELETRÔNICO - PPJ-E,INVESTIGAÇÃO
2027,1510,POLÍCIA CIVIL DO ESTADO DE MINAS GERAIS - PCMG,3,,1511,POLÍCIA CIVIL DO ESTADO DE MINAS GERAIS - PCMG,3,3,90,39,10,1,,6,181,32,1,5,1005,1,,,318.00,0,PROJETO DELEGACIA RURAL,INVESTIGAÇÃO
2027,1510,POLÍCIA CIVIL DO ESTADO DE MINAS GERAIS - PCMG,3,,1511,POLÍCIA CIVIL DO ESTADO DE MINAS GERAIS - PCMG,3,3,90,39,10,1,,6,181,32,1,6,1006,1,,,1177120.00,0,ENFRENTAMENTO À VIOLÊNCIA CONTRA A MULHER,INVESTIGAÇÃO
2027,1510,POLÍCIA CIVIL DO ESTADO DE MINAS GERAIS - PCMG,3,,1511,POLÍCIA CIVIL DO ESTADO DE MINAS GERAIS - PCMG,4,4,90,51,80,1,,6,181,32,1,6,1006,1,,,1000000.00,0,ENFRENTAMENTO À VIOLÊNCIA CONTRA A MULHER,INVESTIGAÇÃO
2027,1510,POLÍCIA CIVIL DO ESTADO DE MINAS GERAIS - PCMG,3,,1511,POLÍCIA CIVIL DO ESTADO DE MINAS GERAIS - PCMG,4,4,90,52,98,0,,6,181,32,1,6,1006,1,,,497500.00,0,ENFRENTAMENTO À VIOLÊNCIA CONTRA A MULHER,INVESTIGAÇÃO
2027,1510,POLÍCIA CIVIL DO ESTADO DE MINAS GERAIS - PCMG,3,,1511,POLÍCIA CIVIL DO ESTADO DE MINAS GERAIS - PCMG,3,3,90,39,10,1,,6,181,32,1,7,1007,1,,,1000.00,1,MODERNIZAÇÃO DA POLÍCIA JUDICIÁRIA,INVESTIGAÇÃO
2027,1510,POLÍCIA CIVIL DO ESTADO DE MINAS GERAIS - PCMG,3,,1511,POLÍCIA CIVIL DO ESTADO DE MINAS GERAIS - PCMG,3,3,90,39,24,0,,6,181,32,1,7,1007,1,,,800000.00,1,MODERNIZAÇÃO DA POLÍCIA JUDICIÁRIA,INVESTIGAÇÃO
2027,1510,POLÍCIA CIVIL DO ESTADO DE MINAS GERAIS - PCMG,3,,1511,POLÍCIA CIVIL DO ESTADO DE MINAS GERAIS - PCMG,3,3,90,30,10,1,,6,181,32,1,51,1051,1,,,215044.00,0,IMPLEMENTAÇÃO DA CADEIA DE CUSTÓDIA DA PROVA EM MINAS GERAIS,INVESTIGAÇÃO
2027,1510,POLÍCIA CIVIL DO ESTADO DE MINAS GERAIS - PCMG,3,,1511,POLÍCIA CIVIL DO ESTADO DE MINAS GERAIS - PCMG,3,3,90,39,10,1,,6,181,32,1,51,1051,1,,,2077518.00,0,IMPLEMENTAÇÃO DA CADEIA DE CUSTÓDIA DA PROVA EM MINAS GERAIS,INVESTIGAÇÃO
2027,1510,POLÍCIA CIVIL DO ESTADO DE MINAS GERAIS - PCMG,3,,1511,POLÍCIA CIVIL DO ESTADO DE MINAS GERAIS - PCMG,4,4,90,52,10,1,,6,181,32,1,51,1051,1,,,653265.00,0,IMPLEMENTAÇÃO DA CADEIA DE CUSTÓDIA DA PROVA EM MINAS GERAIS,INVESTIGAÇÃO
2027,1510,POLÍCIA CIVIL DO ESTADO DE MINAS GERAIS - PCMG,3,,1511,POLÍCIA CIVIL DO ESTADO DE MINAS GERAIS - PCMG,3,3,90,39,10,1,,6,181,32,1,52,1052,1,,,318.00,0,APRIMORAMENTO DA INVESTIGAÇÃO DE HOMICÍDIOS,INVESTIGAÇÃO
2027,1510,POLÍCIA CIVIL DO ESTADO DE MINAS GERAIS - PCMG,3,,1511,POLÍCIA CIVIL DO ESTADO DE MINAS GERAIS - PCMG,3,3,90,14,10,1,,6,181,32,4,60,4060,1,,,5501284.00,0,GESTÃO DAS UNIDADES POLICIAIS,INVESTIGAÇÃO
2027,1510,POLÍCIA CIVIL DO ESTADO DE MINAS GERAIS - PCMG,3,,1511,POLÍCIA CIVIL DO ESTADO DE MINAS GERAIS - PCMG,3,3,90,30,10,1,,6,181,32,4,60,4060,1,,,13079550.00,0,GESTÃO DAS UNIDADES POLICIAIS,INVESTIGAÇÃO
2027,1510,POLÍCIA CIVIL DO ESTADO DE MINAS GERAIS - PCMG,3,,1511,POLÍCIA CIVIL DO ESTADO DE MINAS GERAIS - PCMG,3,3,90,31,10,1,,6,181,32,4,60,4060,1,,,11123.00,0,GESTÃO DAS UNIDADES POLICIAIS,INVESTIGAÇÃO
2027,1510,POLÍCIA CIVIL DO ESTADO DE MINAS GERAIS - PCMG,3,,1511,POLÍCIA CIVIL DO ESTADO DE MINAS GERAIS - PCMG,3,3,90,36,10,1,,6,181,32,4,60,4060,1,,,4449586.00,0,GESTÃO DAS UNIDADES POLICIAIS,INVESTIGAÇÃO
2027,1510,POLÍCIA CIVIL DO ESTADO DE MINAS GERAIS - PCMG,3,,1511,POLÍCIA CIVIL DO ESTADO DE MINAS GERAIS - PCMG,3,3,90,37,10,1,,6,181,32,4,60,4060,1,,,19818677.00,0,GESTÃO DAS UNIDADES POLICIAIS,INVESTIGAÇÃO
2027,1510,POLÍCIA CIVIL DO ESTADO DE MINAS GERAIS - PCMG,3,,1511,POLÍCIA CIVIL DO ESTADO DE MINAS GERAIS - PCMG,3,3,90,39,10,1,,6,181,32,4,60,4060,1,,,49780363.00,0,GESTÃO DAS UNIDADES POLICIAIS,INVESTIGAÇÃO
2027,1510,POLÍCIA CIVIL DO ESTADO DE MINAS GERAIS - PCMG,3,,1511,POLÍCIA CIVIL DO ESTADO DE MINAS GERAIS - PCMG,3,3,90,40,10,1,,6,181,32,4,60,4060,1,,,10625596.00,0,GESTÃO DAS UNIDADES POLICIAIS,INVESTIGAÇÃO
2027,1510,POLÍCIA CIVIL DO ESTADO DE MINAS GERAIS - PCMG,3,,1511,POLÍCIA CIVIL DO ESTADO DE MINAS GERAIS - PCMG,3,3,90,47,10,1,,6,181,32,4,60,4060,1,,,50000.00,0,GESTÃO DAS UNIDADES POLICIAIS,INVESTIGAÇÃO
2027,1510,POLÍCIA CIVIL DO ESTADO DE MINAS GERAIS - PCMG,3,,1511,POLÍCIA CIVIL DO ESTADO DE MINAS GERAIS - PCMG,3,3,90,52,1,0,,6,181,32,4,60,4060,1,,,26707.00,0,GESTÃO DAS UNIDADES POLICIAIS,INVESTIGAÇÃO
2027,1510,POLÍCIA CIVIL DO ESTADO DE MINAS GERAIS - PCMG,3,,1511,POLÍCIA CIVIL DO ESTADO DE MINAS GERAIS - PCMG,3,3,90,52,2,0,,6,181,32,4,60,4060,1,,,697543.00,0,GESTÃO DAS UNIDADES POLICIAIS,INVESTIGAÇÃO
2027,1510,POLÍCIA CIVIL DO ESTADO DE MINAS GERAIS - PCMG,3,,1511,POLÍCIA CIVIL DO ESTADO DE MINAS GERAIS - PCMG,3,3,90,52,24,0,,6,181,32,4,60,4060,1,,,11127769.00,0,GESTÃO DAS UNIDADES POLICIAIS,INVESTIGAÇÃO
2027,1510,POLÍCIA CIVIL DO ESTADO DE MINAS GERAIS - PCMG,3,,1511,POLÍCIA CIVIL DO ESTADO DE MINAS GERAIS - PCMG,3,3,90,52,70,0,,6,181,32,4,60,4060,1,,,1496027.00,0,GESTÃO DAS UNIDADES POLICIAIS,INVESTIGAÇÃO
2027,1510,POLÍCIA CIVIL DO ESTADO DE MINAS GERAIS - PCMG,3,,1511,POLÍCIA CIVIL DO ESTADO DE MINAS GERAIS - PCMG,3,3,90,52,98,0,,6,181,32,4,60,4060,1,,,3532210.00,0,GESTÃO DAS UNIDADES POLICIAIS,INVESTIGAÇÃO
2027,1510,POLÍCIA CIVIL DO ESTADO DE MINAS GERAIS - PCMG,3,,1511,POLÍCIA CIVIL DO ESTADO DE MINAS GERAIS - PCMG,3,3,90,93,10,1,,6,181,32,4,60,4060,1,,,116738.00,0,GESTÃO DAS UNIDADES POLICIAIS,INVESTIGAÇÃO
2027,1510,POLÍCIA CIVIL DO ESTADO DE MINAS GERAIS - PCMG,3,,1511,POLÍCIA CIVIL DO ESTADO DE MINAS GERAIS - PCMG,4,4,90,40,10,1,,6,181,32,4,60,4060,1,,,25288050.00,0,GESTÃO DAS UNIDADES POLICIAIS,INVESTIGAÇÃO
2027,1510,POLÍCIA CIVIL DO ESTADO DE MINAS GERAIS - PCMG,3,,1511,POLÍCIA CIVIL DO ESTADO DE MINAS GERAIS - PCMG,4,4,90,52,10,1,,6,181,32,4,60,4060,1,,,432129.00,0,GESTÃO DAS UNIDADES POLICIAIS,INVESTIGAÇÃO
2027,1510,POLÍCIA CIVIL DO ESTADO DE MINAS GERAIS - PCMG,3,,1511,POLÍCIA CIVIL DO ESTADO DE MINAS GERAIS - PCMG,3,3,90,14,10,1,,6,181,32,4,61,4061,1,,,450000.00,0,PERÍCIAS TÉCNICO-CIENTÍFICAS,INVESTIGAÇÃO
2027,1510,POLÍCIA CIVIL DO ESTADO DE MINAS GERAIS - PCMG,3,,1511,POLÍCIA CIVIL DO ESTADO DE MINAS GERAIS - PCMG,3,3,90,30,10,1,,6,181,32,4,61,4061,1,,,2614880.00,0,PERÍCIAS TÉCNICO-CIENTÍFICAS,INVESTIGAÇÃO
2027,1510,POLÍCIA CIVIL DO ESTADO DE MINAS GERAIS - PCMG,3,,1511,POLÍCIA CIVIL DO ESTADO DE MINAS GERAIS - PCMG,3,3,90,37,10,1,,6,181,32,4,61,4061,1,,,2330354.00,0,PERÍCIAS TÉCNICO-CIENTÍFICAS,INVESTIGAÇÃO
2027,1510,POLÍCIA CIVIL DO ESTADO DE MINAS GERAIS - PCMG,3,,1511,POLÍCIA CIVIL DO ESTADO DE MINAS GERAIS - PCMG,3,3,90,39,10,1,,6,181,32,4,61,4061,1,,,7696649.00,0,PERÍCIAS TÉCNICO-CIENTÍFICAS,INVESTIGAÇÃO
2027,1510,POLÍCIA CIVIL DO ESTADO DE MINAS GERAIS - PCMG,3,,1511,POLÍCIA CIVIL DO ESTADO DE MINAS GERAIS - PCMG,3,3,90,40,10,1,,6,181,32,4,61,4061,1,,,63391.00,0,PERÍCIAS TÉCNICO-CIENTÍFICAS,INVESTIGAÇÃO
2027,1510,POLÍCIA CIVIL DO ESTADO DE MINAS GERAIS - PCMG,3,,1511,POLÍCIA CIVIL DO ESTADO DE MINAS GERAIS - PCMG,4,4,90,40,10,1,,6,181,32,4,61,4061,1,,,59740.00,0,PERÍCIAS TÉCNICO-CIENTÍFICAS,INVESTIGAÇÃO
2027,1510,POLÍCIA CIVIL DO ESTADO DE MINAS GERAIS - PCMG,3,,1511,POLÍCIA CIVIL DO ESTADO DE MINAS GERAIS - PCMG,3,3,90,30,10,1,,6,181,32,4,62,4062,1,,,658298.00,0,MODERNIZAÇÃO E AMPLIAÇÃO DO BANCO DE PERFIS GENÉTICOS,INVESTIGAÇÃO
2027,1510,POLÍCIA CIVIL DO ESTADO DE MINAS GERAIS - PCMG,3,,1511,POLÍCIA CIVIL DO ESTADO DE MINAS GERAIS - PCMG,3,3,90,39,10,1,,6,181,32,4,62,4062,1,,,1065986.00,0,MODERNIZAÇÃO E AMPLIAÇÃO DO BANCO DE PERFIS GENÉTICOS,INVESTIGAÇÃO
2027,1510,POLÍCIA CIVIL DO ESTADO DE MINAS GERAIS - PCMG,3,,1511,POLÍCIA CIVIL DO ESTADO DE MINAS GERAIS - PCMG,3,3,90,39,10,1,,6,181,32,4,63,4063,1,,,150000.00,0,CONSTRUÇÃO NÚCLEO INTEGRADO DE PERÍCIAS,INVESTIGAÇÃO
2027,1510,POLÍCIA CIVIL DO ESTADO DE MINAS GERAIS - PCMG,3,,1511,POLÍCIA CIVIL DO ESTADO DE MINAS GERAIS - PCMG,4,4,90,51,80,1,,6,181,32,4,63,4063,1,,,20000000.00,0,CONSTRUÇÃO NÚCLEO INTEGRADO DE PERÍCIAS,INVESTIGAÇÃO
2027,1510,POLÍCIA CIVIL DO ESTADO DE MINAS GERAIS - PCMG,3,,1511,POLÍCIA CIVIL DO ESTADO DE MINAS GERAIS - PCMG,3,3,90,39,10,1,,6,181,32,4,67,4067,1,,,318.00,0,IMPLANTAÇÃO DO PLANTÃO DIGITAL,INVESTIGAÇÃO
2027,1510,POLÍCIA CIVIL DO ESTADO DE MINAS GERAIS - PCMG,3,,1511,POLÍCIA CIVIL DO ESTADO DE MINAS GERAIS - PCMG,3,3,90,39,10,1,,6,183,36,1,4,1004,1,,,48000000.00,0,MODERNIZAÇÃO DA IDENTIFICAÇÃO CIVIL E CRIMINAL,IDENTIFICAÇÃO CIVIL E CRIMINAL
2027,1510,POLÍCIA CIVIL DO ESTADO DE MINAS GERAIS - PCMG,3,,1511,POLÍCIA CIVIL DO ESTADO DE MINAS GERAIS - PCMG,3,3,90,14,10,1,,6,422,36,4,65,4065,1,,,494376.00,0,IDENTIFICAÇÃO CIVIL E CRIMINAL,IDENTIFICAÇÃO CIVIL E CRIMINAL
2027,1510,POLÍCIA CIVIL DO ESTADO DE MINAS GERAIS - PCMG,3,,1511,POLÍCIA CIVIL DO ESTADO DE MINAS GERAIS - PCMG,3,3,90,30,10,1,,6,422,36,4,65,4065,1,,,280567.00,0,IDENTIFICAÇÃO CIVIL E CRIMINAL,IDENTIFICAÇÃO CIVIL E CRIMINAL
2027,1510,POLÍCIA CIVIL DO ESTADO DE MINAS GERAIS - PCMG,3,,1511,POLÍCIA CIVIL DO ESTADO DE MINAS GERAIS - PCMG,3,3,90,37,10,1,,6,422,36,4,65,4065,1,,,1815354.00,0,IDENTIFICAÇÃO CIVIL E CRIMINAL,IDENTIFICAÇÃO CIVIL E CRIMINAL
2027,1510,POLÍCIA CIVIL DO ESTADO DE MINAS GERAIS - PCMG,3,,1511,POLÍCIA CIVIL DO ESTADO DE MINAS GERAIS - PCMG,3,3,90,39,10,1,,6,422,36,4,65,4065,1,,,60074259.00,0,IDENTIFICAÇÃO CIVIL E CRIMINAL,IDENTIFICAÇÃO CIVIL E CRIMINAL
2027,1510,POLÍCIA CIVIL DO ESTADO DE MINAS GERAIS - PCMG,3,,1511,POLÍCIA CIVIL DO ESTADO DE MINAS GERAIS - PCMG,3,3,90,39,24,0,,6,422,36,4,65,4065,1,,,3500000.00,0,IDENTIFICAÇÃO CIVIL E CRIMINAL,IDENTIFICAÇÃO CIVIL E CRIMINAL
2027,1510,POLÍCIA CIVIL DO ESTADO DE MINAS GERAIS - PCMG,3,,1511,POLÍCIA CIVIL DO ESTADO DE MINAS GERAIS - PCMG,3,3,90,40,10,1,,6,422,36,4,65,4065,1,,,254522.00,0,IDENTIFICAÇÃO CIVIL E CRIMINAL,IDENTIFICAÇÃO CIVIL E CRIMINAL
2027,1510,POLÍCIA CIVIL DO ESTADO DE MINAS GERAIS - PCMG,3,,1511,POLÍCIA CIVIL DO ESTADO DE MINAS GERAIS - PCMG,4,4,90,40,10,1,,6,422,36,4,65,4065,1,,,302011.00,0,IDENTIFICAÇÃO CIVIL E CRIMINAL,IDENTIFICAÇÃO CIVIL E CRIMINAL
2027,1510,POLÍCIA CIVIL DO ESTADO DE MINAS GERAIS - PCMG,3,,1511,POLÍCIA CIVIL DO ESTADO DE MINAS GERAIS - PCMG,4,4,90,52,10,1,,6,422,36,4,65,4065,1,,,153066.00,0,IDENTIFICAÇÃO CIVIL E CRIMINAL,IDENTIFICAÇÃO CIVIL E CRIMINAL
2027,1520,CONTROLADORIA-GERAL DO ESTADO - CGE,3,,1521,CONTROLADORIA-GERAL DO ESTADO - CGE,3,1,90,11,10,1,,4,122,705,2,417,2417,1,,,50423066.00,0,REMUNERAÇÃO DE PESSOAL ATIVO E ENCARGOS SOCIAIS,APOIO ÀS POLÍTICAS PÚBLICAS
2027,1520,CONTROLADORIA-GERAL DO ESTADO - CGE,3,,1521,CONTROLADORIA-GERAL DO ESTADO - CGE,3,1,90,13,10,1,,4,122,705,2,417,2417,1,,,350000.00,0,REMUNERAÇÃO DE PESSOAL ATIVO E ENCARGOS SOCIAIS,APOIO ÀS POLÍTICAS PÚBLICAS
2027,1520,CONTROLADORIA-GERAL DO ESTADO - CGE,3,,1521,CONTROLADORIA-GERAL DO ESTADO - CGE,3,1,90,7,10,1,,4,122,705,2,417,2417,1,,,95000.00,0,REMUNERAÇÃO DE PESSOAL ATIVO E ENCARGOS SOCIAIS,APOIO ÀS POLÍTICAS PÚBLICAS
2027,1520,CONTROLADORIA-GERAL DO ESTADO - CGE,3,,1521,CONTROLADORIA-GERAL DO ESTADO - CGE,3,1,90,92,10,1,,4,122,705,2,417,2417,1,,,40000.00,0,REMUNERAÇÃO DE PESSOAL ATIVO E ENCARGOS SOCIAIS,APOIO ÀS POLÍTICAS PÚBLICAS
2027,1520,CONTROLADORIA-GERAL DO ESTADO - CGE,3,,1521,CONTROLADORIA-GERAL DO ESTADO - CGE,3,1,90,96,10,1,,4,122,705,2,417,2417,1,,,250000.00,0,REMUNERAÇÃO DE PESSOAL ATIVO E ENCARGOS SOCIAIS,APOIO ÀS POLÍTICAS PÚBLICAS
2027,1520,CONTROLADORIA-GERAL DO ESTADO - CGE,3,,1521,CONTROLADORIA-GERAL DO ESTADO - CGE,3,1,91,13,10,1,,4,122,705,2,417,2417,1,,,20097253.00,0,REMUNERAÇÃO DE PESSOAL ATIVO E ENCARGOS SOCIAIS,APOIO ÀS POLÍTICAS PÚBLICAS
2027,1520,CONTROLADORIA-GERAL DO ESTADO - CGE,3,,1521,CONTROLADORIA-GERAL DO ESTADO - CGE,3,3,90,19,10,7,,4,122,705,2,417,2417,1,,,155000.00,0,REMUNERAÇÃO DE PESSOAL ATIVO E ENCARGOS SOCIAIS,APOIO ÀS POLÍTICAS PÚBLICAS
2027,1520,CONTROLADORIA-GERAL DO ESTADO - CGE,3,,1521,CONTROLADORIA-GERAL DO ESTADO - CGE,3,3,90,36,10,1,,4,122,705,2,417,2417,1,,,226361.00,0,REMUNERAÇÃO DE PESSOAL ATIVO E ENCARGOS SOCIAIS,APOIO ÀS POLÍTICAS PÚBLICAS
2027,1520,CONTROLADORIA-GERAL DO ESTADO - CGE,3,,1521,CONTROLADORIA-GERAL DO ESTADO - CGE,3,3,90,46,10,7,,4,122,705,2,417,2417,1,,,3500000.00,0,REMUNERAÇÃO DE PESSOAL ATIVO E ENCARGOS SOCIAIS,APOIO ÀS POLÍTICAS PÚBLICAS
2027,1520,CONTROLADORIA-GERAL DO ESTADO - CGE,3,,1521,CONTROLADORIA-GERAL DO ESTADO - CGE,3,3,90,49,10,7,,4,122,705,2,417,2417,1,,,139089.00,0,REMUNERAÇÃO DE PESSOAL ATIVO E ENCARGOS SOCIAIS,APOIO ÀS POLÍTICAS PÚBLICAS
2027,1520,CONTROLADORIA-GERAL DO ESTADO - CGE,3,,1521,CONTROLADORIA-GERAL DO ESTADO - CGE,3,3,90,30,10,1,,4,122,705,2,500,2500,1,,,33848.00,0,ASSESSORAMENTO E GERENCIAMENTO DE POLÍTICAS PÚBLICAS,APOIO ÀS POLÍTICAS PÚBLICAS
2027,1520,CONTROLADORIA-GERAL DO ESTADO - CGE,3,,1521,CONTROLADORIA-GERAL DO ESTADO - CGE,3,3,90,31,10,1,,4,122,705,2,500,2500,1,,,3904.00,0,ASSESSORAMENTO E GERENCIAMENTO DE POLÍTICAS PÚBLICAS,APOIO ÀS POLÍTICAS PÚBLICAS
2027,1520,CONTROLADORIA-GERAL DO ESTADO - CGE,3,,1521,CONTROLADORIA-GERAL DO ESTADO - CGE,3,3,90,36,10,1,,4,122,705,2,500,2500,1,,,1000.00,0,ASSESSORAMENTO E GERENCIAMENTO DE POLÍTICAS PÚBLICAS,APOIO ÀS POLÍTICAS PÚBLICAS
2027,1520,CONTROLADORIA-GERAL DO ESTADO - CGE,3,,1521,CONTROLADORIA-GERAL DO ESTADO - CGE,3,3,90,37,10,1,,4,122,705,2,500,2500,1,,,1271797.00,0,ASSESSORAMENTO E GERENCIAMENTO DE POLÍTICAS PÚBLICAS,APOIO ÀS POLÍTICAS PÚBLICAS
2027,1520,CONTROLADORIA-GERAL DO ESTADO - CGE,3,,1521,CONTROLADORIA-GERAL DO ESTADO - CGE,3,3,90,39,10,1,,4,122,705,2,500,2500,1,,,86874.00,0,ASSESSORAMENTO E GERENCIAMENTO DE POLÍTICAS PÚBLICAS,APOIO ÀS POLÍTICAS PÚBLICAS
2027,1520,CONTROLADORIA-GERAL DO ESTADO - CGE,3,,1521,CONTROLADORIA-GERAL DO ESTADO - CGE,3,3,90,40,10,1,,4,122,705,2,500,2500,1,,,30561.00,0,ASSESSORAMENTO E GERENCIAMENTO DE POLÍTICAS PÚBLICAS,APOIO ÀS POLÍTICAS PÚBLICAS
2027,1520,CONTROLADORIA-GERAL DO ESTADO - CGE,3,,1521,CONTROLADORIA-GERAL DO ESTADO - CGE,3,3,90,40,10,1,,4,124,1,4,304,4304,1,,,482787.00,0,PROMOÇÃO DO ACESSO À INFORMAÇÃO E DA TRANSPARÊNCIA,MINAS ÍNTEGRA E TRANSPARENTE
2027,1520,CONTROLADORIA-GERAL DO ESTADO - CGE,3,,1521,CONTROLADORIA-GERAL DO ESTADO - CGE,4,4,90,40,10,1,,4,124,1,4,304,4304,1,,,1523797.00,0,PROMOÇÃO DO ACESSO À INFORMAÇÃO E DA TRANSPARÊNCIA,MINAS ÍNTEGRA E TRANSPARENTE
2027,1520,CONTROLADORIA-GERAL DO ESTADO - CGE,3,,1521,CONTROLADORIA-GERAL DO ESTADO - CGE,3,3,90,14,10,1,,4,124,1,4,305,4305,1,,,14720.00,0,FORTALECIMENTO DA INTEGRIDADE PÚBLICA E PRIVADA,MINAS ÍNTEGRA E TRANSPARENTE
2027,1520,CONTROLADORIA-GERAL DO ESTADO - CGE,3,,1521,CONTROLADORIA-GERAL DO ESTADO - CGE,3,3,90,33,10,1,,4,124,1,4,305,4305,1,,,9500.00,0,FORTALECIMENTO DA INTEGRIDADE PÚBLICA E PRIVADA,MINAS ÍNTEGRA E TRANSPARENTE
2027,1520,CONTROLADORIA-GERAL DO ESTADO - CGE,3,,1521,CONTROLADORIA-GERAL DO ESTADO - CGE,3,3,90,14,10,1,,4,124,2,4,307,4307,1,,,11320.00,0,FORTALECIMENTO DE SERVIÇOS DE AUDITORIA INTERNA PARA AGREGAR VALOR À GESTÃO PÚBLICA ESTADUAL,AUDITORIA INTERNA PARA O FUTURO
2027,1520,CONTROLADORIA-GERAL DO ESTADO - CGE,3,,1521,CONTROLADORIA-GERAL DO ESTADO - CGE,3,3,90,33,10,1,,4,124,2,4,307,4307,1,,,14300.00,0,FORTALECIMENTO DE SERVIÇOS DE AUDITORIA INTERNA PARA AGREGAR VALOR À GESTÃO PÚBLICA ESTADUAL,AUDITORIA INTERNA PARA O FUTURO
2027,1520,CONTROLADORIA-GERAL DO ESTADO - CGE,3,,1521,CONTROLADORIA-GERAL DO ESTADO - CGE,3,3,90,39,10,1,,4,124,2,4,309,4309,1,,,2872.00,0,ESTRUTURAÇÃO TECNOLÓGICA E INSTITUCIONALIZAÇÃO DA AUDITORIA CONTÍNUA,AUDITORIA INTERNA PARA O FUTURO
2027,1520,CONTROLADORIA-GERAL DO ESTADO - CGE,3,,1521,CONTROLADORIA-GERAL DO ESTADO - CGE,3,3,90,40,10,1,,4,124,2,4,309,4309,1,,,160938.00,0,ESTRUTURAÇÃO TECNOLÓGICA E INSTITUCIONALIZAÇÃO DA AUDITORIA CONTÍNUA,AUDITORIA INTERNA PARA O FUTURO
2027,1520,CONTROLADORIA-GERAL DO ESTADO - CGE,3,,1521,CONTROLADORIA-GERAL DO ESTADO - CGE,3,3,90,14,10,1,,4,124,3,4,303,4303,1,,,7240.00,0,EXECUÇÃO DE AÇÕES INVESTIGATIVAS E RECUPERAÇÃO DE ATIVOS,ENFRENTAMENTO DA CORRUPÇÃO E RECUPERAÇÃO DE ATIVOS
2027,1520,CONTROLADORIA-GERAL DO ESTADO - CGE,3,,1521,CONTROLADORIA-GERAL DO ESTADO - CGE,3,3,90,33,10,1,,4,124,3,4,303,4303,1,,,9000.00,0,EXECUÇÃO DE AÇÕES INVESTIGATIVAS E RECUPERAÇÃO DE ATIVOS,ENFRENTAMENTO DA CORRUPÇÃO E RECUPERAÇÃO DE ATIVOS
2027,1520,CONTROLADORIA-GERAL DO ESTADO - CGE,3,,1521,CONTROLADORIA-GERAL DO ESTADO - CGE,3,3,90,40,10,1,,4,124,3,4,303,4303,1,,,93669.00,0,EXECUÇÃO DE AÇÕES INVESTIGATIVAS E RECUPERAÇÃO DE ATIVOS,ENFRENTAMENTO DA CORRUPÇÃO E RECUPERAÇÃO DE ATIVOS
2027,1520,CONTROLADORIA-GERAL DO ESTADO - CGE,3,,1521,CONTROLADORIA-GERAL DO ESTADO - CGE,3,3,90,14,10,1,,4,124,3,4,310,4310,1,,,14730.00,0,FORTALECIMENTO DA PREVENÇÃO A ILÍCITOS ADMINISTRATIVOS,ENFRENTAMENTO DA CORRUPÇÃO E RECUPERAÇÃO DE ATIVOS
2027,1520,CONTROLADORIA-GERAL DO ESTADO - CGE,3,,1521,CONTROLADORIA-GERAL DO ESTADO - CGE,3,3,90,33,10,1,,4,124,3,4,310,4310,1,,,30250.00,0,FORTALECIMENTO DA PREVENÇÃO A ILÍCITOS ADMINISTRATIVOS,ENFRENTAMENTO DA CORRUPÇÃO E RECUPERAÇÃO DE ATIVOS
2027,1520,CONTROLADORIA-GERAL DO ESTADO - CGE,3,,1521,CONTROLADORIA-GERAL DO ESTADO - CGE,3,3,90,36,10,1,,4,124,3,4,310,4310,1,,,7700.00,0,FORTALECIMENTO DA PREVENÇÃO A ILÍCITOS ADMINISTRATIVOS,ENFRENTAMENTO DA CORRUPÇÃO E RECUPERAÇÃO DE ATIVOS
2027,1520,CONTROLADORIA-GERAL DO ESTADO - CGE,3,,1521,CONTROLADORIA-GERAL DO ESTADO - CGE,3,3,90,40,10,1,,4,124,3,4,311,4311,1,,,6611.00,0,APURAÇÃO DE RESPONSABILIDADE DE AGENTES PÚBLICOS E PESSOAS JURÍDICAS,ENFRENTAMENTO DA CORRUPÇÃO E RECUPERAÇÃO DE ATIVOS
2027,1520,CONTROLADORIA-GERAL DO ESTADO - CGE,3,,1521,CONTROLADORIA-GERAL DO ESTADO - CGE,3,3,90,14,10,1,,4,124,4,4,312,4312,1,,,51752.00,0,FORTALECIMENTO DO CONTROLE INTERNO E DAS REDES DE CONTROLE,CGE INTEGRADA E EFICIENTE
2027,1520,CONTROLADORIA-GERAL DO ESTADO - CGE,3,,1521,CONTROLADORIA-GERAL DO ESTADO - CGE,3,3,90,15,10,1,,4,124,4,4,312,4312,1,,,10000.00,0,FORTALECIMENTO DO CONTROLE INTERNO E DAS REDES DE CONTROLE,CGE INTEGRADA E EFICIENTE
2027,1520,CONTROLADORIA-GERAL DO ESTADO - CGE,3,,1521,CONTROLADORIA-GERAL DO ESTADO - CGE,3,3,90,33,10,1,,4,124,4,4,312,4312,1,,,58000.00,0,FORTALECIMENTO DO CONTROLE INTERNO E DAS REDES DE CONTROLE,CGE INTEGRADA E EFICIENTE
2027,1520,CONTROLADORIA-GERAL DO ESTADO - CGE,3,,1521,CONTROLADORIA-GERAL DO ESTADO - CGE,3,3,90,36,10,1,,4,124,4,4,312,4312,1,,,10780.00,0,FORTALECIMENTO DO CONTROLE INTERNO E DAS REDES DE CONTROLE,CGE INTEGRADA E EFICIENTE
2027,1520,CONTROLADORIA-GERAL DO ESTADO - CGE,3,,1521,CONTROLADORIA-GERAL DO ESTADO - CGE,3,3,90,39,10,1,,4,124,4,4,312,4312,1,,,39900.00,0,FORTALECIMENTO DO CONTROLE INTERNO E DAS REDES DE CONTROLE,CGE INTEGRADA E EFICIENTE
2027,1520,CONTROLADORIA-GERAL DO ESTADO - CGE,3,,1521,CONTROLADORIA-GERAL DO ESTADO - CGE,3,3,90,40,10,1,,4,126,4,4,314,4314,1,,,429545.00,0,GOVERNANÇA TIC PARA O CONTROLE INTERNO,CGE INTEGRADA E EFICIENTE
2027,1540,ESCOLA DE SAÚDE PÚBLICA DO ESTADO DE MINAS GERAIS - ESP MG,3,,1541,ESCOLA DE SAÚDE PÚBLICA DO ESTADO DE MINAS GERAIS - ESP MG,3,1,90,13,10,1,,10,122,705,2,417,2417,1,,,12497644.00,0,REMUNERAÇÃO DE PESSOAL ATIVO E ENCARGOS SOCIAIS,APOIO ÀS POLÍTICAS PÚBLICAS
2027,1540,ESCOLA DE SAÚDE PÚBLICA DO ESTADO DE MINAS GERAIS - ESP MG,3,,1541,ESCOLA DE SAÚDE PÚBLICA DO ESTADO DE MINAS GERAIS - ESP MG,3,1,91,13,10,1,,10,122,705,2,417,2417,1,,,4980370.00,0,REMUNERAÇÃO DE PESSOAL ATIVO E ENCARGOS SOCIAIS,APOIO ÀS POLÍTICAS PÚBLICAS
2027,1540,ESCOLA DE SAÚDE PÚBLICA DO ESTADO DE MINAS GERAIS - ESP MG,3,,1541,ESCOLA DE SAÚDE PÚBLICA DO ESTADO DE MINAS GERAIS - ESP MG,3,3,90,13,10,7,,10,122,705,2,417,2417,1,,,1378117.00,0,REMUNERAÇÃO DE PESSOAL ATIVO E ENCARGOS SOCIAIS,APOIO ÀS POLÍTICAS PÚBLICAS
2027,1540,ESCOLA DE SAÚDE PÚBLICA DO ESTADO DE MINAS GERAIS - ESP MG,3,,1541,ESCOLA DE SAÚDE PÚBLICA DO ESTADO DE MINAS GERAIS - ESP MG,3,3,90,14,10,1,,10,122,705,2,500,2500,1,,,5170.00,0,ASSESSORAMENTO E GERENCIAMENTO DE POLÍTICAS PÚBLICAS,APOIO ÀS POLÍTICAS PÚBLICAS
2027,1540,ESCOLA DE SAÚDE PÚBLICA DO ESTADO DE MINAS GERAIS - ESP MG,3,,1541,ESCOLA DE SAÚDE PÚBLICA DO ESTADO DE MINAS GERAIS - ESP MG,3,3,90,30,10,1,,10,122,705,2,500,2500,1,,,154000.00,0,ASSESSORAMENTO E GERENCIAMENTO DE POLÍTICAS PÚBLICAS,APOIO ÀS POLÍTICAS PÚBLICAS
2027,1540,ESCOLA DE SAÚDE PÚBLICA DO ESTADO DE MINAS GERAIS - ESP MG,3,,1541,ESCOLA DE SAÚDE PÚBLICA DO ESTADO DE MINAS GERAIS - ESP MG,3,3,90,33,10,1,,10,122,705,2,500,2500,1,,,100925.00,0,ASSESSORAMENTO E GERENCIAMENTO DE POLÍTICAS PÚBLICAS,APOIO ÀS POLÍTICAS PÚBLICAS
2027,1540,ESCOLA DE SAÚDE PÚBLICA DO ESTADO DE MINAS GERAIS - ESP MG,3,,1541,ESCOLA DE SAÚDE PÚBLICA DO ESTADO DE MINAS GERAIS - ESP MG,3,3,90,36,10,1,,10,122,705,2,500,2500,1,,,990.00,0,ASSESSORAMENTO E GERENCIAMENTO DE POLÍTICAS PÚBLICAS,APOIO ÀS POLÍTICAS PÚBLICAS
2027,1540,ESCOLA DE SAÚDE PÚBLICA DO ESTADO DE MINAS GERAIS - ESP MG,3,,1541,ESCOLA DE SAÚDE PÚBLICA DO ESTADO DE MINAS GERAIS - ESP MG,3,3,90,37,10,1,,10,122,705,2,500,2500,1,,,1224960.00,0,ASSESSORAMENTO E GERENCIAMENTO DE POLÍTICAS PÚBLICAS,APOIO ÀS POLÍTICAS PÚBLICAS
2027,1540,ESCOLA DE SAÚDE PÚBLICA DO ESTADO DE MINAS GERAIS - ESP MG,3,,1541,ESCOLA DE SAÚDE PÚBLICA DO ESTADO DE MINAS GERAIS - ESP MG,3,3,90,39,10,1,,10,122,705,2,500,2500,1,,,1450064.00,0,ASSESSORAMENTO E GERENCIAMENTO DE POLÍTICAS PÚBLICAS,APOIO ÀS POLÍTICAS PÚBLICAS
2027,1540,ESCOLA DE SAÚDE PÚBLICA DO ESTADO DE MINAS GERAIS - ESP MG,3,,1541,ESCOLA DE SAÚDE PÚBLICA DO ESTADO DE MINAS GERAIS - ESP MG,3,3,90,40,10,1,,10,122,705,2,500,2500,1,,,2450619.00,0,ASSESSORAMENTO E GERENCIAMENTO DE POLÍTICAS PÚBLICAS,APOIO ÀS POLÍTICAS PÚBLICAS
2027,1540,ESCOLA DE SAÚDE PÚBLICA DO ESTADO DE MINAS GERAIS - ESP MG,3,,1541,ESCOLA DE SAÚDE PÚBLICA DO ESTADO DE MINAS GERAIS - ESP MG,4,4,90,51,10,1,,10,122,705,2,500,2500,1,,,2896100.00,0,ASSESSORAMENTO E GERENCIAMENTO DE POLÍTICAS PÚBLICAS,APOIO ÀS POLÍTICAS PÚBLICAS
2027,1540,ESCOLA DE SAÚDE PÚBLICA DO ESTADO DE MINAS GERAIS - ESP MG,3,,1541,ESCOLA DE SAÚDE PÚBLICA DO ESTADO DE MINAS GERAIS - ESP MG,4,4,90,52,10,1,,10,122,705,2,500,2500,1,,,694597.00,0,ASSESSORAMENTO E GERENCIAMENTO DE POLÍTICAS PÚBLICAS,APOIO ÀS POLÍTICAS PÚBLICAS
2027,1540,ESCOLA DE SAÚDE PÚBLICA DO ESTADO DE MINAS GERAIS - ESP MG,3,,1541,ESCOLA DE SAÚDE PÚBLICA DO ESTADO DE MINAS GERAIS - ESP MG,3,3,90,14,10,1,,10,128,28,4,49,4049,1,,,90745.00,0,AÇÕES EDUCACIONAIS NA ÁREA DA SAÚDE,DESENVOLVIMENTO DE AÇÕES DE EDUCAÇÃO E PESQUISA PARA O SISTEMA ÚNICO DE SAÚDE
2027,1540,ESCOLA DE SAÚDE PÚBLICA DO ESTADO DE MINAS GERAIS - ESP MG,3,,1541,ESCOLA DE SAÚDE PÚBLICA DO ESTADO DE MINAS GERAIS - ESP MG,3,3,90,30,10,1,,10,128,28,4,49,4049,1,,,4800.00,0,AÇÕES EDUCACIONAIS NA ÁREA DA SAÚDE,DESENVOLVIMENTO DE AÇÕES DE EDUCAÇÃO E PESQUISA PARA O SISTEMA ÚNICO DE SAÚDE
2027,1540,ESCOLA DE SAÚDE PÚBLICA DO ESTADO DE MINAS GERAIS - ESP MG,3,,1541,ESCOLA DE SAÚDE PÚBLICA DO ESTADO DE MINAS GERAIS - ESP MG,3,3,90,33,10,1,,10,128,28,4,49,4049,1,,,102600.00,0,AÇÕES EDUCACIONAIS NA ÁREA DA SAÚDE,DESENVOLVIMENTO DE AÇÕES DE EDUCAÇÃO E PESQUISA PARA O SISTEMA ÚNICO DE SAÚDE
2027,1540,ESCOLA DE SAÚDE PÚBLICA DO ESTADO DE MINAS GERAIS - ESP MG,3,,1541,ESCOLA DE SAÚDE PÚBLICA DO ESTADO DE MINAS GERAIS - ESP MG,3,3,90,36,10,1,,10,128,28,4,49,4049,1,,,401142.00,0,AÇÕES EDUCACIONAIS NA ÁREA DA SAÚDE,DESENVOLVIMENTO DE AÇÕES DE EDUCAÇÃO E PESQUISA PARA O SISTEMA ÚNICO DE SAÚDE
2027,1540,ESCOLA DE SAÚDE PÚBLICA DO ESTADO DE MINAS GERAIS - ESP MG,3,,1541,ESCOLA DE SAÚDE PÚBLICA DO ESTADO DE MINAS GERAIS - ESP MG,3,3,90,37,10,1,,10,128,28,4,49,4049,1,,,594000.00,0,AÇÕES EDUCACIONAIS NA ÁREA DA SAÚDE,DESENVOLVIMENTO DE AÇÕES DE EDUCAÇÃO E PESQUISA PARA O SISTEMA ÚNICO DE SAÚDE
2027,1540,ESCOLA DE SAÚDE PÚBLICA DO ESTADO DE MINAS GERAIS - ESP MG,3,,1541,ESCOLA DE SAÚDE PÚBLICA DO ESTADO DE MINAS GERAIS - ESP MG,3,3,90,39,10,1,,10,128,28,4,49,4049,1,,,177825.00,0,AÇÕES EDUCACIONAIS NA ÁREA DA SAÚDE,DESENVOLVIMENTO DE AÇÕES DE EDUCAÇÃO E PESQUISA PARA O SISTEMA ÚNICO DE SAÚDE
2027,1540,ESCOLA DE SAÚDE PÚBLICA DO ESTADO DE MINAS GERAIS - ESP MG,3,,1541,ESCOLA DE SAÚDE PÚBLICA DO ESTADO DE MINAS GERAIS - ESP MG,3,3,90,8,10,1,,10,128,28,4,49,4049,1,,,990.00,0,AÇÕES EDUCACIONAIS NA ÁREA DA SAÚDE,DESENVOLVIMENTO DE AÇÕES DE EDUCAÇÃO E PESQUISA PARA O SISTEMA ÚNICO DE SAÚDE
2027,1540,ESCOLA DE SAÚDE PÚBLICA DO ESTADO DE MINAS GERAIS - ESP MG,3,,1541,ESCOLA DE SAÚDE PÚBLICA DO ESTADO DE MINAS GERAIS - ESP MG,4,4,90,40,10,1,,10,128,28,4,49,4049,1,,,2186138.00,0,AÇÕES EDUCACIONAIS NA ÁREA DA SAÚDE,DESENVOLVIMENTO DE AÇÕES DE EDUCAÇÃO E PESQUISA PARA O SISTEMA ÚNICO DE SAÚDE
2027,1540,ESCOLA DE SAÚDE PÚBLICA DO ESTADO DE MINAS GERAIS - ESP MG,3,,1541,ESCOLA DE SAÚDE PÚBLICA DO ESTADO DE MINAS GERAIS - ESP MG,3,3,90,14,10,1,,10,128,28,4,50,4050,1,,,121670.00,0,PRODUÇÃO CIENTÍFICA NO CAMPO DA SAÚDE,DESENVOLVIMENTO DE AÇÕES DE EDUCAÇÃO E PESQUISA PARA O SISTEMA ÚNICO DE SAÚDE
2027,1540,ESCOLA DE SAÚDE PÚBLICA DO ESTADO DE MINAS GERAIS - ESP MG,3,,1541,ESCOLA DE SAÚDE PÚBLICA DO ESTADO DE MINAS GERAIS - ESP MG,3,3,90,20,10,1,,10,128,28,4,50,4050,1,,,7000.00,0,PRODUÇÃO CIENTÍFICA NO CAMPO DA SAÚDE,DESENVOLVIMENTO DE AÇÕES DE EDUCAÇÃO E PESQUISA PARA O SISTEMA ÚNICO DE SAÚDE
2027,1540,ESCOLA DE SAÚDE PÚBLICA DO ESTADO DE MINAS GERAIS - ESP MG,3,,1541,ESCOLA DE SAÚDE PÚBLICA DO ESTADO DE MINAS GERAIS - ESP MG,3,3,90,33,10,1,,10,128,28,4,50,4050,1,,,103100.00,0,PRODUÇÃO CIENTÍFICA NO CAMPO DA SAÚDE,DESENVOLVIMENTO DE AÇÕES DE EDUCAÇÃO E PESQUISA PARA O SISTEMA ÚNICO DE SAÚDE
2027,1540,ESCOLA DE SAÚDE PÚBLICA DO ESTADO DE MINAS GERAIS - ESP MG,3,,1541,ESCOLA DE SAÚDE PÚBLICA DO ESTADO DE MINAS GERAIS - ESP MG,3,3,90,37,10,1,,10,128,28,4,50,4050,1,,,543211.00,0,PRODUÇÃO CIENTÍFICA NO CAMPO DA SAÚDE,DESENVOLVIMENTO DE AÇÕES DE EDUCAÇÃO E PESQUISA PARA O SISTEMA ÚNICO DE SAÚDE
2027,1540,ESCOLA DE SAÚDE PÚBLICA DO ESTADO DE MINAS GERAIS - ESP MG,3,,1541,ESCOLA DE SAÚDE PÚBLICA DO ESTADO DE MINAS GERAIS - ESP MG,3,3,90,39,10,1,,10,128,28,4,50,4050,1,,,285354.00,0,PRODUÇÃO CIENTÍFICA NO CAMPO DA SAÚDE,DESENVOLVIMENTO DE AÇÕES DE EDUCAÇÃO E PESQUISA PARA O SISTEMA ÚNICO DE SAÚDE
2027,1540,ESCOLA DE SAÚDE PÚBLICA DO ESTADO DE MINAS GERAIS - ESP MG,3,,1541,ESCOLA DE SAÚDE PÚBLICA DO ESTADO DE MINAS GERAIS - ESP MG,3,3,90,40,10,1,,10,128,28,4,50,4050,1,,,4000.00,0,PRODUÇÃO CIENTÍFICA NO CAMPO DA SAÚDE,DESENVOLVIMENTO DE AÇÕES DE EDUCAÇÃO E PESQUISA PARA O SISTEMA ÚNICO DE SAÚDE
2027,1630,GOVERNADORIA DO ESTADO - SEC. GERAL,3,,1631,SECRETARIA-GERAL - SEC. GERAL,3,3,90,14,10,1,,4,121,131,2,70,2070,1,,,66225.00,0,"COORDENAÇÃO DO PROCESSO DE CAPTAÇÃO DE RECURSOS E PARCERIAS, MONITORAMENTO DE CONVÊNIOS DE ENTRADA, INSTRUMENTOS CONGÊNERES E OPERAÇÕES DE CRÉDITO","ARTICULAÇÃO INTERFEDERATIVA,  ATRAÇÃO DE INVESTIMENTOS, CAPTAÇÃO E TRANSFERÊNCIA DE RECURSOS E PARCERIAS"
2027,1630,GOVERNADORIA DO ESTADO - SEC. GERAL,3,,1631,SECRETARIA-GERAL - SEC. GERAL,3,3,90,33,10,1,,4,121,131,2,70,2070,1,,,78300.00,0,"COORDENAÇÃO DO PROCESSO DE CAPTAÇÃO DE RECURSOS E PARCERIAS, MONITORAMENTO DE CONVÊNIOS DE ENTRADA, INSTRUMENTOS CONGÊNERES E OPERAÇÕES DE CRÉDITO","ARTICULAÇÃO INTERFEDERATIVA,  ATRAÇÃO DE INVESTIMENTOS, CAPTAÇÃO E TRANSFERÊNCIA DE RECURSOS E PARCERIAS"
2027,1630,GOVERNADORIA DO ESTADO - SEC. GERAL,3,,1631,SECRETARIA-GERAL - SEC. GERAL,3,3,90,37,10,1,,4,121,131,2,70,2070,1,,,735992.00,0,"COORDENAÇÃO DO PROCESSO DE CAPTAÇÃO DE RECURSOS E PARCERIAS, MONITORAMENTO DE CONVÊNIOS DE ENTRADA, INSTRUMENTOS CONGÊNERES E OPERAÇÕES DE CRÉDITO","ARTICULAÇÃO INTERFEDERATIVA,  ATRAÇÃO DE INVESTIMENTOS, CAPTAÇÃO E TRANSFERÊNCIA DE RECURSOS E PARCERIAS"
2027,1630,GOVERNADORIA DO ESTADO - SEC. GERAL,3,,1631,SECRETARIA-GERAL - SEC. GERAL,3,3,90,39,10,1,,4,121,131,2,70,2070,1,,,98359.00,0,"COORDENAÇÃO DO PROCESSO DE CAPTAÇÃO DE RECURSOS E PARCERIAS, MONITORAMENTO DE CONVÊNIOS DE ENTRADA, INSTRUMENTOS CONGÊNERES E OPERAÇÕES DE CRÉDITO","ARTICULAÇÃO INTERFEDERATIVA,  ATRAÇÃO DE INVESTIMENTOS, CAPTAÇÃO E TRANSFERÊNCIA DE RECURSOS E PARCERIAS"
2027,1630,GOVERNADORIA DO ESTADO - SEC. GERAL,3,,1631,SECRETARIA-GERAL - SEC. GERAL,3,3,90,40,10,1,,4,121,131,2,70,2070,1,,,524886.00,0,"COORDENAÇÃO DO PROCESSO DE CAPTAÇÃO DE RECURSOS E PARCERIAS, MONITORAMENTO DE CONVÊNIOS DE ENTRADA, INSTRUMENTOS CONGÊNERES E OPERAÇÕES DE CRÉDITO","ARTICULAÇÃO INTERFEDERATIVA,  ATRAÇÃO DE INVESTIMENTOS, CAPTAÇÃO E TRANSFERÊNCIA DE RECURSOS E PARCERIAS"
2027,1630,GOVERNADORIA DO ESTADO - SEC. GERAL,3,,1631,SECRETARIA-GERAL - SEC. GERAL,4,4,90,40,10,1,,4,121,131,2,70,2070,1,,,71672.00,0,"COORDENAÇÃO DO PROCESSO DE CAPTAÇÃO DE RECURSOS E PARCERIAS, MONITORAMENTO DE CONVÊNIOS DE ENTRADA, INSTRUMENTOS CONGÊNERES E OPERAÇÕES DE CRÉDITO","ARTICULAÇÃO INTERFEDERATIVA,  ATRAÇÃO DE INVESTIMENTOS, CAPTAÇÃO E TRANSFERÊNCIA DE RECURSOS E PARCERIAS"
2027,1630,GOVERNADORIA DO ESTADO - SEC. GERAL,3,,1631,SECRETARIA-GERAL - SEC. GERAL,3,3,90,14,10,1,,4,122,131,2,62,2062,1,,,18432.00,0,REPRESENTAÇÃO E DEFESA DOS INTERESSES DO ESTADO DE MINAS GERAIS EM BRASILIA,"ARTICULAÇÃO INTERFEDERATIVA,  ATRAÇÃO DE INVESTIMENTOS, CAPTAÇÃO E TRANSFERÊNCIA DE RECURSOS E PARCERIAS"
2027,1630,GOVERNADORIA DO ESTADO - SEC. GERAL,3,,1631,SECRETARIA-GERAL - SEC. GERAL,3,3,90,33,10,1,,4,122,131,2,62,2062,1,,,21360.00,0,REPRESENTAÇÃO E DEFESA DOS INTERESSES DO ESTADO DE MINAS GERAIS EM BRASILIA,"ARTICULAÇÃO INTERFEDERATIVA,  ATRAÇÃO DE INVESTIMENTOS, CAPTAÇÃO E TRANSFERÊNCIA DE RECURSOS E PARCERIAS"
2027,1630,GOVERNADORIA DO ESTADO - SEC. GERAL,3,,1631,SECRETARIA-GERAL - SEC. GERAL,3,3,90,36,10,1,,4,122,131,2,62,2062,1,,,1200.00,0,REPRESENTAÇÃO E DEFESA DOS INTERESSES DO ESTADO DE MINAS GERAIS EM BRASILIA,"ARTICULAÇÃO INTERFEDERATIVA,  ATRAÇÃO DE INVESTIMENTOS, CAPTAÇÃO E TRANSFERÊNCIA DE RECURSOS E PARCERIAS"
2027,1630,GOVERNADORIA DO ESTADO - SEC. GERAL,3,,1631,SECRETARIA-GERAL - SEC. GERAL,3,3,90,37,10,1,,4,122,131,2,62,2062,1,,,536888.00,0,REPRESENTAÇÃO E DEFESA DOS INTERESSES DO ESTADO DE MINAS GERAIS EM BRASILIA,"ARTICULAÇÃO INTERFEDERATIVA,  ATRAÇÃO DE INVESTIMENTOS, CAPTAÇÃO E TRANSFERÊNCIA DE RECURSOS E PARCERIAS"
2027,1630,GOVERNADORIA DO ESTADO - SEC. GERAL,3,,1631,SECRETARIA-GERAL - SEC. GERAL,3,3,90,39,10,1,,4,122,131,2,62,2062,1,,,318440.00,0,REPRESENTAÇÃO E DEFESA DOS INTERESSES DO ESTADO DE MINAS GERAIS EM BRASILIA,"ARTICULAÇÃO INTERFEDERATIVA,  ATRAÇÃO DE INVESTIMENTOS, CAPTAÇÃO E TRANSFERÊNCIA DE RECURSOS E PARCERIAS"
2027,1630,GOVERNADORIA DO ESTADO - SEC. GERAL,3,,1631,SECRETARIA-GERAL - SEC. GERAL,3,3,90,40,10,1,,4,122,131,2,62,2062,1,,,18630.00,0,REPRESENTAÇÃO E DEFESA DOS INTERESSES DO ESTADO DE MINAS GERAIS EM BRASILIA,"ARTICULAÇÃO INTERFEDERATIVA,  ATRAÇÃO DE INVESTIMENTOS, CAPTAÇÃO E TRANSFERÊNCIA DE RECURSOS E PARCERIAS"
2027,1630,GOVERNADORIA DO ESTADO - SEC. GERAL,3,,1631,SECRETARIA-GERAL - SEC. GERAL,3,3,90,14,10,1,,4,122,5,4,111,4111,1,,,6160.00,0,"COORDENAÇÃO, GOVERNANÇA E COMUNICAÇÃO DO PROMAIS","PROGRAMA MINEIRO DE ACESSIBILIDADE, INCLUSÃO E SAÚDE (PROMAIS)"
2027,1630,GOVERNADORIA DO ESTADO - SEC. GERAL,3,,1631,SECRETARIA-GERAL - SEC. GERAL,3,3,90,30,10,1,,4,122,5,4,111,4111,1,,,1740.00,0,"COORDENAÇÃO, GOVERNANÇA E COMUNICAÇÃO DO PROMAIS","PROGRAMA MINEIRO DE ACESSIBILIDADE, INCLUSÃO E SAÚDE (PROMAIS)"
2027,1630,GOVERNADORIA DO ESTADO - SEC. GERAL,3,,1631,SECRETARIA-GERAL - SEC. GERAL,3,3,90,33,10,1,,4,122,5,4,111,4111,1,,,4000.00,0,"COORDENAÇÃO, GOVERNANÇA E COMUNICAÇÃO DO PROMAIS","PROGRAMA MINEIRO DE ACESSIBILIDADE, INCLUSÃO E SAÚDE (PROMAIS)"
2027,1630,GOVERNADORIA DO ESTADO - SEC. GERAL,3,,1631,SECRETARIA-GERAL - SEC. GERAL,3,1,90,11,10,1,,4,122,705,2,417,2417,1,,,8415265.00,0,REMUNERAÇÃO DE PESSOAL ATIVO E ENCARGOS SOCIAIS,APOIO ÀS POLÍTICAS PÚBLICAS
2027,1630,GOVERNADORIA DO ESTADO - SEC. GERAL,3,,1631,SECRETARIA-GERAL - SEC. GERAL,3,1,90,13,10,1,,4,122,705,2,417,2417,1,,,808003.00,0,REMUNERAÇÃO DE PESSOAL ATIVO E ENCARGOS SOCIAIS,APOIO ÀS POLÍTICAS PÚBLICAS
2027,1630,GOVERNADORIA DO ESTADO - SEC. GERAL,3,,1631,SECRETARIA-GERAL - SEC. GERAL,3,1,91,13,10,1,,4,122,705,2,417,2417,1,,,1083285.00,0,REMUNERAÇÃO DE PESSOAL ATIVO E ENCARGOS SOCIAIS,APOIO ÀS POLÍTICAS PÚBLICAS
2027,1630,GOVERNADORIA DO ESTADO - SEC. GERAL,3,,1631,SECRETARIA-GERAL - SEC. GERAL,3,3,90,46,10,7,,4,122,705,2,417,2417,1,,,1014600.00,0,REMUNERAÇÃO DE PESSOAL ATIVO E ENCARGOS SOCIAIS,APOIO ÀS POLÍTICAS PÚBLICAS
2027,1630,GOVERNADORIA DO ESTADO - SEC. GERAL,3,,1631,SECRETARIA-GERAL - SEC. GERAL,3,3,90,49,10,7,,4,122,705,2,417,2417,1,,,32166.00,0,REMUNERAÇÃO DE PESSOAL ATIVO E ENCARGOS SOCIAIS,APOIO ÀS POLÍTICAS PÚBLICAS
2027,1630,GOVERNADORIA DO ESTADO - SEC. GERAL,3,,1631,SECRETARIA-GERAL - SEC. GERAL,3,3,90,14,10,1,,4,122,705,2,500,2500,1,,,445033.00,0,ASSESSORAMENTO E GERENCIAMENTO DE POLÍTICAS PÚBLICAS,APOIO ÀS POLÍTICAS PÚBLICAS
2027,1630,GOVERNADORIA DO ESTADO - SEC. GERAL,3,,1631,SECRETARIA-GERAL - SEC. GERAL,3,3,90,30,10,1,,4,122,705,2,500,2500,1,,,81298.00,0,ASSESSORAMENTO E GERENCIAMENTO DE POLÍTICAS PÚBLICAS,APOIO ÀS POLÍTICAS PÚBLICAS
2027,1630,GOVERNADORIA DO ESTADO - SEC. GERAL,3,,1631,SECRETARIA-GERAL - SEC. GERAL,3,3,90,33,10,1,,4,122,705,2,500,2500,1,,,289842.00,0,ASSESSORAMENTO E GERENCIAMENTO DE POLÍTICAS PÚBLICAS,APOIO ÀS POLÍTICAS PÚBLICAS
2027,1630,GOVERNADORIA DO ESTADO - SEC. GERAL,3,,1631,SECRETARIA-GERAL - SEC. GERAL,3,3,90,36,10,1,,4,122,705,2,500,2500,1,,,24000.00,0,ASSESSORAMENTO E GERENCIAMENTO DE POLÍTICAS PÚBLICAS,APOIO ÀS POLÍTICAS PÚBLICAS
2027,1630,GOVERNADORIA DO ESTADO - SEC. GERAL,3,,1631,SECRETARIA-GERAL - SEC. GERAL,3,3,90,37,10,1,,4,122,705,2,500,2500,1,,,927887.00,0,ASSESSORAMENTO E GERENCIAMENTO DE POLÍTICAS PÚBLICAS,APOIO ÀS POLÍTICAS PÚBLICAS
2027,1630,GOVERNADORIA DO ESTADO - SEC. GERAL,3,,1631,SECRETARIA-GERAL - SEC. GERAL,3,3,90,39,10,1,,4,122,705,2,500,2500,1,,,324250.00,0,ASSESSORAMENTO E GERENCIAMENTO DE POLÍTICAS PÚBLICAS,APOIO ÀS POLÍTICAS PÚBLICAS
2027,1630,GOVERNADORIA DO ESTADO - SEC. GERAL,3,,1631,SECRETARIA-GERAL - SEC. GERAL,3,3,90,40,10,1,,4,122,705,2,500,2500,1,,,2731.00,0,ASSESSORAMENTO E GERENCIAMENTO DE POLÍTICAS PÚBLICAS,APOIO ÀS POLÍTICAS PÚBLICAS
2027,1630,GOVERNADORIA DO ESTADO - SEC. GERAL,3,,1631,SECRETARIA-GERAL - SEC. GERAL,3,3,90,14,10,1,,7,212,131,2,66,2066,1,,,64516.00,0,MINAS INTERNACIONAL,"ARTICULAÇÃO INTERFEDERATIVA,  ATRAÇÃO DE INVESTIMENTOS, CAPTAÇÃO E TRANSFERÊNCIA DE RECURSOS E PARCERIAS"
2027,1630,GOVERNADORIA DO ESTADO - SEC. GERAL,3,,1631,SECRETARIA-GERAL - SEC. GERAL,3,3,90,33,10,1,,7,212,131,2,66,2066,1,,,68200.00,0,MINAS INTERNACIONAL,"ARTICULAÇÃO INTERFEDERATIVA,  ATRAÇÃO DE INVESTIMENTOS, CAPTAÇÃO E TRANSFERÊNCIA DE RECURSOS E PARCERIAS"
2027,1630,GOVERNADORIA DO ESTADO - SEC. GERAL,3,,1631,SECRETARIA-GERAL - SEC. GERAL,3,3,90,36,10,1,,7,212,131,2,66,2066,1,,,480.00,0,MINAS INTERNACIONAL,"ARTICULAÇÃO INTERFEDERATIVA,  ATRAÇÃO DE INVESTIMENTOS, CAPTAÇÃO E TRANSFERÊNCIA DE RECURSOS E PARCERIAS"
2027,1630,GOVERNADORIA DO ESTADO - SEC. GERAL,3,,1631,SECRETARIA-GERAL - SEC. GERAL,3,3,90,39,10,1,,7,212,131,2,66,2066,1,,,520507.00,0,MINAS INTERNACIONAL,"ARTICULAÇÃO INTERFEDERATIVA,  ATRAÇÃO DE INVESTIMENTOS, CAPTAÇÃO E TRANSFERÊNCIA DE RECURSOS E PARCERIAS"
2027,1710,SECRETARIA DE ESTADO DE COMUNICAÇÃO SOCIAL - SECOM,3,,1711,SECRETARIA DE ESTADO DE COMUNICAÇÃO SOCIAL - SECOM,3,1,90,11,10,1,,4,122,705,2,417,2417,1,,,9887898.00,0,REMUNERAÇÃO DE PESSOAL ATIVO E ENCARGOS SOCIAIS,APOIO ÀS POLÍTICAS PÚBLICAS
2027,1710,SECRETARIA DE ESTADO DE COMUNICAÇÃO SOCIAL - SECOM,3,,1711,SECRETARIA DE ESTADO DE COMUNICAÇÃO SOCIAL - SECOM,3,1,90,13,10,1,,4,122,705,2,417,2417,1,,,1350000.00,0,REMUNERAÇÃO DE PESSOAL ATIVO E ENCARGOS SOCIAIS,APOIO ÀS POLÍTICAS PÚBLICAS
2027,1710,SECRETARIA DE ESTADO DE COMUNICAÇÃO SOCIAL - SECOM,3,,1711,SECRETARIA DE ESTADO DE COMUNICAÇÃO SOCIAL - SECOM,3,1,91,13,10,1,,4,122,705,2,417,2417,1,,,1108204.00,0,REMUNERAÇÃO DE PESSOAL ATIVO E ENCARGOS SOCIAIS,APOIO ÀS POLÍTICAS PÚBLICAS
2027,1710,SECRETARIA DE ESTADO DE COMUNICAÇÃO SOCIAL - SECOM,3,,1711,SECRETARIA DE ESTADO DE COMUNICAÇÃO SOCIAL - SECOM,3,3,90,46,10,7,,4,122,705,2,417,2417,1,,,1707635.00,0,REMUNERAÇÃO DE PESSOAL ATIVO E ENCARGOS SOCIAIS,APOIO ÀS POLÍTICAS PÚBLICAS
2027,1710,SECRETARIA DE ESTADO DE COMUNICAÇÃO SOCIAL - SECOM,3,,1711,SECRETARIA DE ESTADO DE COMUNICAÇÃO SOCIAL - SECOM,3,3,90,49,10,7,,4,122,705,2,417,2417,1,,,43500.00,0,REMUNERAÇÃO DE PESSOAL ATIVO E ENCARGOS SOCIAIS,APOIO ÀS POLÍTICAS PÚBLICAS
2027,1710,SECRETARIA DE ESTADO DE COMUNICAÇÃO SOCIAL - SECOM,3,,1711,SECRETARIA DE ESTADO DE COMUNICAÇÃO SOCIAL - SECOM,3,3,90,14,10,1,,4,122,705,2,500,2500,1,,,241680.00,0,ASSESSORAMENTO E GERENCIAMENTO DE POLÍTICAS PÚBLICAS,APOIO ÀS POLÍTICAS PÚBLICAS
2027,1710,SECRETARIA DE ESTADO DE COMUNICAÇÃO SOCIAL - SECOM,3,,1711,SECRETARIA DE ESTADO DE COMUNICAÇÃO SOCIAL - SECOM,3,3,90,30,10,1,,4,122,705,2,500,2500,1,,,101400.00,0,ASSESSORAMENTO E GERENCIAMENTO DE POLÍTICAS PÚBLICAS,APOIO ÀS POLÍTICAS PÚBLICAS
2027,1710,SECRETARIA DE ESTADO DE COMUNICAÇÃO SOCIAL - SECOM,3,,1711,SECRETARIA DE ESTADO DE COMUNICAÇÃO SOCIAL - SECOM,3,3,90,33,10,1,,4,122,705,2,500,2500,1,,,425000.00,0,ASSESSORAMENTO E GERENCIAMENTO DE POLÍTICAS PÚBLICAS,APOIO ÀS POLÍTICAS PÚBLICAS
2027,1710,SECRETARIA DE ESTADO DE COMUNICAÇÃO SOCIAL - SECOM,3,,1711,SECRETARIA DE ESTADO DE COMUNICAÇÃO SOCIAL - SECOM,3,3,90,36,10,1,,4,122,705,2,500,2500,1,,,24000.00,0,ASSESSORAMENTO E GERENCIAMENTO DE POLÍTICAS PÚBLICAS,APOIO ÀS POLÍTICAS PÚBLICAS
2027,1710,SECRETARIA DE ESTADO DE COMUNICAÇÃO SOCIAL - SECOM,3,,1711,SECRETARIA DE ESTADO DE COMUNICAÇÃO SOCIAL - SECOM,3,3,90,37,10,1,,4,122,705,2,500,2500,1,,,928608.00,0,ASSESSORAMENTO E GERENCIAMENTO DE POLÍTICAS PÚBLICAS,APOIO ÀS POLÍTICAS PÚBLICAS
2027,1710,SECRETARIA DE ESTADO DE COMUNICAÇÃO SOCIAL - SECOM,3,,1711,SECRETARIA DE ESTADO DE COMUNICAÇÃO SOCIAL - SECOM,3,3,90,39,10,1,,4,122,705,2,500,2500,1,,,683222.00,0,ASSESSORAMENTO E GERENCIAMENTO DE POLÍTICAS PÚBLICAS,APOIO ÀS POLÍTICAS PÚBLICAS
2027,1710,SECRETARIA DE ESTADO DE COMUNICAÇÃO SOCIAL - SECOM,3,,1711,SECRETARIA DE ESTADO DE COMUNICAÇÃO SOCIAL - SECOM,3,3,90,40,10,1,,4,122,705,2,500,2500,1,,,39414.00,0,ASSESSORAMENTO E GERENCIAMENTO DE POLÍTICAS PÚBLICAS,APOIO ÀS POLÍTICAS PÚBLICAS
2027,1710,SECRETARIA DE ESTADO DE COMUNICAÇÃO SOCIAL - SECOM,3,,1711,SECRETARIA DE ESTADO DE COMUNICAÇÃO SOCIAL - SECOM,3,3,90,14,10,1,,4,131,18,2,1,2001,1,,,80000.00,0,ASSESSORIA DE PUBLICIDADE,COMUNICAÇÃO INSTITUCIONAL E DE UTILIDADE PÚBLICA
2027,1710,SECRETARIA DE ESTADO DE COMUNICAÇÃO SOCIAL - SECOM,3,,1711,SECRETARIA DE ESTADO DE COMUNICAÇÃO SOCIAL - SECOM,3,3,90,33,10,1,,4,131,18,2,1,2001,1,,,96000.00,0,ASSESSORIA DE PUBLICIDADE,COMUNICAÇÃO INSTITUCIONAL E DE UTILIDADE PÚBLICA
2027,1710,SECRETARIA DE ESTADO DE COMUNICAÇÃO SOCIAL - SECOM,3,,1711,SECRETARIA DE ESTADO DE COMUNICAÇÃO SOCIAL - SECOM,3,3,90,37,10,1,,4,131,18,2,1,2001,1,,,1706376.00,0,ASSESSORIA DE PUBLICIDADE,COMUNICAÇÃO INSTITUCIONAL E DE UTILIDADE PÚBLICA
2027,1710,SECRETARIA DE ESTADO DE COMUNICAÇÃO SOCIAL - SECOM,3,,1711,SECRETARIA DE ESTADO DE COMUNICAÇÃO SOCIAL - SECOM,3,3,90,39,10,1,,4,131,18,2,1,2001,1,,,164809001.00,0,ASSESSORIA DE PUBLICIDADE,COMUNICAÇÃO INSTITUCIONAL E DE UTILIDADE PÚBLICA
2027,1710,SECRETARIA DE ESTADO DE COMUNICAÇÃO SOCIAL - SECOM,3,,1711,SECRETARIA DE ESTADO DE COMUNICAÇÃO SOCIAL - SECOM,3,3,90,14,10,1,,4,131,18,2,2,2002,1,,,523500.00,0,ASSESSORIA DE IMPRENSA,COMUNICAÇÃO INSTITUCIONAL E DE UTILIDADE PÚBLICA
2027,1710,SECRETARIA DE ESTADO DE COMUNICAÇÃO SOCIAL - SECOM,3,,1711,SECRETARIA DE ESTADO DE COMUNICAÇÃO SOCIAL - SECOM,3,3,90,30,10,1,,4,131,18,2,2,2002,1,,,120000.00,0,ASSESSORIA DE IMPRENSA,COMUNICAÇÃO INSTITUCIONAL E DE UTILIDADE PÚBLICA
2027,1710,SECRETARIA DE ESTADO DE COMUNICAÇÃO SOCIAL - SECOM,3,,1711,SECRETARIA DE ESTADO DE COMUNICAÇÃO SOCIAL - SECOM,3,3,90,33,10,1,,4,131,18,2,2,2002,1,,,114000.00,0,ASSESSORIA DE IMPRENSA,COMUNICAÇÃO INSTITUCIONAL E DE UTILIDADE PÚBLICA
2027,1710,SECRETARIA DE ESTADO DE COMUNICAÇÃO SOCIAL - SECOM,3,,1711,SECRETARIA DE ESTADO DE COMUNICAÇÃO SOCIAL - SECOM,3,3,90,36,10,1,,4,131,18,2,2,2002,1,,,2400.00,0,ASSESSORIA DE IMPRENSA,COMUNICAÇÃO INSTITUCIONAL E DE UTILIDADE PÚBLICA
2027,1710,SECRETARIA DE ESTADO DE COMUNICAÇÃO SOCIAL - SECOM,3,,1711,SECRETARIA DE ESTADO DE COMUNICAÇÃO SOCIAL - SECOM,3,3,90,37,10,1,,4,131,18,2,2,2002,1,,,2718060.00,0,ASSESSORIA DE IMPRENSA,COMUNICAÇÃO INSTITUCIONAL E DE UTILIDADE PÚBLICA
2027,1710,SECRETARIA DE ESTADO DE COMUNICAÇÃO SOCIAL - SECOM,3,,1711,SECRETARIA DE ESTADO DE COMUNICAÇÃO SOCIAL - SECOM,3,3,90,39,10,1,,4,131,18,2,2,2002,1,,,351536.00,0,ASSESSORIA DE IMPRENSA,COMUNICAÇÃO INSTITUCIONAL E DE UTILIDADE PÚBLICA
2027,1710,SECRETARIA DE ESTADO DE COMUNICAÇÃO SOCIAL - SECOM,3,,1711,SECRETARIA DE ESTADO DE COMUNICAÇÃO SOCIAL - SECOM,3,3,90,40,10,1,,4,131,18,2,2,2002,1,,,130846.00,0,ASSESSORIA DE IMPRENSA,COMUNICAÇÃO INSTITUCIONAL E DE UTILIDADE PÚBLICA
2027,1710,SECRETARIA DE ESTADO DE COMUNICAÇÃO SOCIAL - SECOM,3,,1711,SECRETARIA DE ESTADO DE COMUNICAÇÃO SOCIAL - SECOM,3,3,90,14,10,1,,4,131,18,2,3,2003,1,,,267500.00,0,ASSESSORIA DE COMUNICAÇÃO DIGITAL,COMUNICAÇÃO INSTITUCIONAL E DE UTILIDADE PÚBLICA
2027,1710,SECRETARIA DE ESTADO DE COMUNICAÇÃO SOCIAL - SECOM,3,,1711,SECRETARIA DE ESTADO DE COMUNICAÇÃO SOCIAL - SECOM,3,3,90,30,10,1,,4,131,18,2,3,2003,1,,,14667.00,0,ASSESSORIA DE COMUNICAÇÃO DIGITAL,COMUNICAÇÃO INSTITUCIONAL E DE UTILIDADE PÚBLICA
2027,1710,SECRETARIA DE ESTADO DE COMUNICAÇÃO SOCIAL - SECOM,3,,1711,SECRETARIA DE ESTADO DE COMUNICAÇÃO SOCIAL - SECOM,3,3,90,33,10,1,,4,131,18,2,3,2003,1,,,108000.00,0,ASSESSORIA DE COMUNICAÇÃO DIGITAL,COMUNICAÇÃO INSTITUCIONAL E DE UTILIDADE PÚBLICA
2027,1710,SECRETARIA DE ESTADO DE COMUNICAÇÃO SOCIAL - SECOM,3,,1711,SECRETARIA DE ESTADO DE COMUNICAÇÃO SOCIAL - SECOM,3,3,90,36,10,1,,4,131,18,2,3,2003,1,,,2400.00,0,ASSESSORIA DE COMUNICAÇÃO DIGITAL,COMUNICAÇÃO INSTITUCIONAL E DE UTILIDADE PÚBLICA
2027,1710,SECRETARIA DE ESTADO DE COMUNICAÇÃO SOCIAL - SECOM,3,,1711,SECRETARIA DE ESTADO DE COMUNICAÇÃO SOCIAL - SECOM,3,3,90,37,10,1,,4,131,18,2,3,2003,1,,,137958.00,0,ASSESSORIA DE COMUNICAÇÃO DIGITAL,COMUNICAÇÃO INSTITUCIONAL E DE UTILIDADE PÚBLICA
2027,1710,SECRETARIA DE ESTADO DE COMUNICAÇÃO SOCIAL - SECOM,3,,1711,SECRETARIA DE ESTADO DE COMUNICAÇÃO SOCIAL - SECOM,3,3,90,39,10,1,,4,131,18,2,3,2003,1,,,88153.00,0,ASSESSORIA DE COMUNICAÇÃO DIGITAL,COMUNICAÇÃO INSTITUCIONAL E DE UTILIDADE PÚBLICA
2027,1710,SECRETARIA DE ESTADO DE COMUNICAÇÃO SOCIAL - SECOM,3,,1711,SECRETARIA DE ESTADO DE COMUNICAÇÃO SOCIAL - SECOM,3,3,90,40,10,1,,4,131,18,2,3,2003,1,,,149000.00,0,ASSESSORIA DE COMUNICAÇÃO DIGITAL,COMUNICAÇÃO INSTITUCIONAL E DE UTILIDADE PÚBLICA
2027,1710,SECRETARIA DE ESTADO DE COMUNICAÇÃO SOCIAL - TV MINAS,3,,2211,FUNDAÇÃO TV MINAS CULTURAL E EDUCATIVA - TV MINAS,3,3,90,14,60,1,,13,122,705,2,500,2500,1,,,62000.00,0,ASSESSORAMENTO E GERENCIAMENTO DE POLÍTICAS PÚBLICAS,APOIO ÀS POLÍTICAS PÚBLICAS
2027,1710,SECRETARIA DE ESTADO DE COMUNICAÇÃO SOCIAL - TV MINAS,3,,2211,FUNDAÇÃO TV MINAS CULTURAL E EDUCATIVA - TV MINAS,3,3,90,30,10,1,,13,122,705,2,500,2500,1,,,227400.00,0,ASSESSORAMENTO E GERENCIAMENTO DE POLÍTICAS PÚBLICAS,APOIO ÀS POLÍTICAS PÚBLICAS
2027,1710,SECRETARIA DE ESTADO DE COMUNICAÇÃO SOCIAL - TV MINAS,3,,2211,FUNDAÇÃO TV MINAS CULTURAL E EDUCATIVA - TV MINAS,3,3,90,33,10,1,,13,122,705,2,500,2500,1,,,56123.00,0,ASSESSORAMENTO E GERENCIAMENTO DE POLÍTICAS PÚBLICAS,APOIO ÀS POLÍTICAS PÚBLICAS
2027,1710,SECRETARIA DE ESTADO DE COMUNICAÇÃO SOCIAL - TV MINAS,3,,2211,FUNDAÇÃO TV MINAS CULTURAL E EDUCATIVA - TV MINAS,3,3,90,37,60,1,,13,122,705,2,500,2500,1,,,4608000.00,0,ASSESSORAMENTO E GERENCIAMENTO DE POLÍTICAS PÚBLICAS,APOIO ÀS POLÍTICAS PÚBLICAS
2027,1710,SECRETARIA DE ESTADO DE COMUNICAÇÃO SOCIAL - TV MINAS,3,,2211,FUNDAÇÃO TV MINAS CULTURAL E EDUCATIVA - TV MINAS,3,3,90,39,10,1,,13,122,705,2,500,2500,1,,,871353.00,0,ASSESSORAMENTO E GERENCIAMENTO DE POLÍTICAS PÚBLICAS,APOIO ÀS POLÍTICAS PÚBLICAS
2027,1710,SECRETARIA DE ESTADO DE COMUNICAÇÃO SOCIAL - TV MINAS,3,,2211,FUNDAÇÃO TV MINAS CULTURAL E EDUCATIVA - TV MINAS,3,3,90,40,10,1,,13,122,705,2,500,2500,1,,,652977.00,0,ASSESSORAMENTO E GERENCIAMENTO DE POLÍTICAS PÚBLICAS,APOIO ÀS POLÍTICAS PÚBLICAS
2027,1710,SECRETARIA DE ESTADO DE COMUNICAÇÃO SOCIAL - TV MINAS,3,,2211,FUNDAÇÃO TV MINAS CULTURAL E EDUCATIVA - TV MINAS,3,3,90,47,10,1,,13,122,705,2,500,2500,1,,,78000.00,0,ASSESSORAMENTO E GERENCIAMENTO DE POLÍTICAS PÚBLICAS,APOIO ÀS POLÍTICAS PÚBLICAS
2027,1710,SECRETARIA DE ESTADO DE COMUNICAÇÃO SOCIAL - TV MINAS,3,,2211,FUNDAÇÃO TV MINAS CULTURAL E EDUCATIVA - TV MINAS,3,3,90,14,10,1,,13,131,121,4,302,4302,1,,,240000.00,0,"PRODUÇÃO E VEICULAÇÃO TELEVISIVA DE PROGRAMAÇÃO DE CARÁTER CULTURAL, INFORMATIVO, EDUCATIVO E DE ENTRETENIMENTO.",ACESSO E ALCANCE À COMUNICAÇÃO DE INTERESSE PÚBLICO
2027,1710,SECRETARIA DE ESTADO DE COMUNICAÇÃO SOCIAL - TV MINAS,3,,2211,FUNDAÇÃO TV MINAS CULTURAL E EDUCATIVA - TV MINAS,3,3,90,39,10,1,,13,131,121,4,302,4302,1,,,136000.00,0,"PRODUÇÃO E VEICULAÇÃO TELEVISIVA DE PROGRAMAÇÃO DE CARÁTER CULTURAL, INFORMATIVO, EDUCATIVO E DE ENTRETENIMENTO.",ACESSO E ALCANCE À COMUNICAÇÃO DE INTERESSE PÚBLICO
2027,1710,SECRETARIA DE ESTADO DE COMUNICAÇÃO SOCIAL - TV MINAS,3,,2211,FUNDAÇÃO TV MINAS CULTURAL E EDUCATIVA - TV MINAS,3,3,90,40,10,1,,13,131,121,4,302,4302,1,,,12639.00,0,"PRODUÇÃO E VEICULAÇÃO TELEVISIVA DE PROGRAMAÇÃO DE CARÁTER CULTURAL, INFORMATIVO, EDUCATIVO E DE ENTRETENIMENTO.",ACESSO E ALCANCE À COMUNICAÇÃO DE INTERESSE PÚBLICO
2027,1710,SECRETARIA DE ESTADO DE COMUNICAÇÃO SOCIAL - TV MINAS,3,,2211,FUNDAÇÃO TV MINAS CULTURAL E EDUCATIVA - TV MINAS,3,3,90,93,10,1,,13,131,121,4,302,4302,1,,,1090.00,0,"PRODUÇÃO E VEICULAÇÃO TELEVISIVA DE PROGRAMAÇÃO DE CARÁTER CULTURAL, INFORMATIVO, EDUCATIVO E DE ENTRETENIMENTO.",ACESSO E ALCANCE À COMUNICAÇÃO DE INTERESSE PÚBLICO
2027,1710,SECRETARIA DE ESTADO DE COMUNICAÇÃO SOCIAL - TV MINAS,3,,2211,FUNDAÇÃO TV MINAS CULTURAL E EDUCATIVA - TV MINAS,3,1,90,11,10,1,,13,131,705,2,417,2417,1,,,5154823.00,0,REMUNERAÇÃO DE PESSOAL ATIVO E ENCARGOS SOCIAIS,APOIO ÀS POLÍTICAS PÚBLICAS
2027,1710,SECRETARIA DE ESTADO DE COMUNICAÇÃO SOCIAL - TV MINAS,3,,2211,FUNDAÇÃO TV MINAS CULTURAL E EDUCATIVA - TV MINAS,3,1,91,13,10,1,,13,131,705,2,417,2417,1,,,1834511.00,0,REMUNERAÇÃO DE PESSOAL ATIVO E ENCARGOS SOCIAIS,APOIO ÀS POLÍTICAS PÚBLICAS
2027,1710,SECRETARIA DE ESTADO DE COMUNICAÇÃO SOCIAL - TV MINAS,3,,2211,FUNDAÇÃO TV MINAS CULTURAL E EDUCATIVA - TV MINAS,3,3,90,46,10,7,,13,131,705,2,417,2417,1,,,1460026.00,0,REMUNERAÇÃO DE PESSOAL ATIVO E ENCARGOS SOCIAIS,APOIO ÀS POLÍTICAS PÚBLICAS
2027,1710,SECRETARIA DE ESTADO DE COMUNICAÇÃO SOCIAL - TV MINAS,3,,2211,FUNDAÇÃO TV MINAS CULTURAL E EDUCATIVA - TV MINAS,3,3,90,49,10,7,,13,131,705,2,417,2417,1,,,189934.00,0,REMUNERAÇÃO DE PESSOAL ATIVO E ENCARGOS SOCIAIS,APOIO ÀS POLÍTICAS PÚBLICAS
2027,1710,SECRETARIA DE ESTADO DE COMUNICAÇÃO SOCIAL - TV MINAS,3,,2211,FUNDAÇÃO TV MINAS CULTURAL E EDUCATIVA - TV MINAS,3,3,90,30,10,1,,13,722,121,4,298,4298,1,,,100000.00,0,DISPONIBILIZAÇÃO E MANUTENÇÃO DO SINAL DE RETRANSMISSÃO DE TV NO INTERIOR DO ESTADO E REGIÃO METROPOLITANA DE BH.,ACESSO E ALCANCE À COMUNICAÇÃO DE INTERESSE PÚBLICO
2027,1710,SECRETARIA DE ESTADO DE COMUNICAÇÃO SOCIAL - TV MINAS,3,,2211,FUNDAÇÃO TV MINAS CULTURAL E EDUCATIVA - TV MINAS,3,3,90,39,10,1,,13,722,121,4,298,4298,1,,,74132.00,0,DISPONIBILIZAÇÃO E MANUTENÇÃO DO SINAL DE RETRANSMISSÃO DE TV NO INTERIOR DO ESTADO E REGIÃO METROPOLITANA DE BH.,ACESSO E ALCANCE À COMUNICAÇÃO DE INTERESSE PÚBLICO
2027,1710,SECRETARIA DE ESTADO DE COMUNICAÇÃO SOCIAL - TV MINAS,3,,2211,FUNDAÇÃO TV MINAS CULTURAL E EDUCATIVA - TV MINAS,3,3,90,47,10,1,,13,722,121,4,298,4298,1,,,144000.00,0,DISPONIBILIZAÇÃO E MANUTENÇÃO DO SINAL DE RETRANSMISSÃO DE TV NO INTERIOR DO ESTADO E REGIÃO METROPOLITANA DE BH.,ACESSO E ALCANCE À COMUNICAÇÃO DE INTERESSE PÚBLICO
2027,1710,SECRETARIA DE ESTADO DE COMUNICAÇÃO SOCIAL - TV MINAS,3,,2211,FUNDAÇÃO TV MINAS CULTURAL E EDUCATIVA - TV MINAS,3,3,90,14,10,1,,13,722,121,4,299,4299,1,,,143770.00,0,GESTÃO E MANUTENÇÃO DOS SISTEMAS DE TRANSMISSÃO VIA SATÉLITE E OPERAÇÃO DE TV.,ACESSO E ALCANCE À COMUNICAÇÃO DE INTERESSE PÚBLICO
2027,1710,SECRETARIA DE ESTADO DE COMUNICAÇÃO SOCIAL - TV MINAS,3,,2211,FUNDAÇÃO TV MINAS CULTURAL E EDUCATIVA - TV MINAS,3,3,90,30,10,1,,13,722,121,4,299,4299,1,,,100000.00,0,GESTÃO E MANUTENÇÃO DOS SISTEMAS DE TRANSMISSÃO VIA SATÉLITE E OPERAÇÃO DE TV.,ACESSO E ALCANCE À COMUNICAÇÃO DE INTERESSE PÚBLICO
2027,1710,SECRETARIA DE ESTADO DE COMUNICAÇÃO SOCIAL - TV MINAS,3,,2211,FUNDAÇÃO TV MINAS CULTURAL E EDUCATIVA - TV MINAS,3,3,90,39,10,1,,13,722,121,4,299,4299,1,,,302853.00,0,GESTÃO E MANUTENÇÃO DOS SISTEMAS DE TRANSMISSÃO VIA SATÉLITE E OPERAÇÃO DE TV.,ACESSO E ALCANCE À COMUNICAÇÃO DE INTERESSE PÚBLICO
2027,1710,SECRETARIA DE ESTADO DE COMUNICAÇÃO SOCIAL - TV MINAS,3,,2211,FUNDAÇÃO TV MINAS CULTURAL E EDUCATIVA - TV MINAS,3,3,90,40,10,1,,13,722,121,4,299,4299,1,,,105240.00,0,GESTÃO E MANUTENÇÃO DOS SISTEMAS DE TRANSMISSÃO VIA SATÉLITE E OPERAÇÃO DE TV.,ACESSO E ALCANCE À COMUNICAÇÃO DE INTERESSE PÚBLICO
2027,1710,SECRETARIA DE ESTADO DE COMUNICAÇÃO SOCIAL - TV MINAS,3,,2211,FUNDAÇÃO TV MINAS CULTURAL E EDUCATIVA - TV MINAS,3,3,90,91,60,9,,28,846,705,7,4,7004,1,,,1000.00,0,PRECATÓRIOS E SENTENÇAS JUDICIÁRIAS,APOIO ÀS POLÍTICAS PÚBLICAS
2027,1710,SECRETARIA DE ESTADO DE COMUNICAÇÃO SOCIAL - EMC,3,,3151,EMPRESA MINEIRA DE COMUNICAÇÃO - EMC,3,1,90,11,10,1,,13,122,705,2,500,2500,1,,,3254308.00,0,ASSESSORAMENTO E GERENCIAMENTO DE POLÍTICAS PÚBLICAS,APOIO ÀS POLÍTICAS PÚBLICAS
2027,1710,SECRETARIA DE ESTADO DE COMUNICAÇÃO SOCIAL - EMC,3,,3151,EMPRESA MINEIRA DE COMUNICAÇÃO - EMC,3,1,90,13,10,1,,13,122,705,2,500,2500,1,,,1602867.00,0,ASSESSORAMENTO E GERENCIAMENTO DE POLÍTICAS PÚBLICAS,APOIO ÀS POLÍTICAS PÚBLICAS
2027,1710,SECRETARIA DE ESTADO DE COMUNICAÇÃO SOCIAL - EMC,3,,3151,EMPRESA MINEIRA DE COMUNICAÇÃO - EMC,3,3,90,30,10,1,,13,122,705,2,500,2500,1,,,35675.00,0,ASSESSORAMENTO E GERENCIAMENTO DE POLÍTICAS PÚBLICAS,APOIO ÀS POLÍTICAS PÚBLICAS
2027,1710,SECRETARIA DE ESTADO DE COMUNICAÇÃO SOCIAL - EMC,3,,3151,EMPRESA MINEIRA DE COMUNICAÇÃO - EMC,3,3,90,37,10,1,,13,122,705,2,500,2500,1,,,301149.00,0,ASSESSORAMENTO E GERENCIAMENTO DE POLÍTICAS PÚBLICAS,APOIO ÀS POLÍTICAS PÚBLICAS
2027,1710,SECRETARIA DE ESTADO DE COMUNICAÇÃO SOCIAL - EMC,3,,3151,EMPRESA MINEIRA DE COMUNICAÇÃO - EMC,3,3,90,39,10,1,,13,122,705,2,500,2500,1,,,412513.00,0,ASSESSORAMENTO E GERENCIAMENTO DE POLÍTICAS PÚBLICAS,APOIO ÀS POLÍTICAS PÚBLICAS
2027,1710,SECRETARIA DE ESTADO DE COMUNICAÇÃO SOCIAL - EMC,3,,3151,EMPRESA MINEIRA DE COMUNICAÇÃO - EMC,3,3,90,39,60,1,,13,122,705,2,500,2500,1,,,356990.00,0,ASSESSORAMENTO E GERENCIAMENTO DE POLÍTICAS PÚBLICAS,APOIO ÀS POLÍTICAS PÚBLICAS
2027,1710,SECRETARIA DE ESTADO DE COMUNICAÇÃO SOCIAL - EMC,3,,3151,EMPRESA MINEIRA DE COMUNICAÇÃO - EMC,3,3,90,40,10,1,,13,122,705,2,500,2500,1,,,352974.00,0,ASSESSORAMENTO E GERENCIAMENTO DE POLÍTICAS PÚBLICAS,APOIO ÀS POLÍTICAS PÚBLICAS
2027,1710,SECRETARIA DE ESTADO DE COMUNICAÇÃO SOCIAL - EMC,3,,3151,EMPRESA MINEIRA DE COMUNICAÇÃO - EMC,3,3,90,46,10,1,,13,122,705,2,500,2500,1,,,764456.00,0,ASSESSORAMENTO E GERENCIAMENTO DE POLÍTICAS PÚBLICAS,APOIO ÀS POLÍTICAS PÚBLICAS
2027,1710,SECRETARIA DE ESTADO DE COMUNICAÇÃO SOCIAL - EMC,3,,3151,EMPRESA MINEIRA DE COMUNICAÇÃO - EMC,3,3,90,47,10,1,,13,122,705,2,500,2500,1,,,92661.00,0,ASSESSORAMENTO E GERENCIAMENTO DE POLÍTICAS PÚBLICAS,APOIO ÀS POLÍTICAS PÚBLICAS
2027,1710,SECRETARIA DE ESTADO DE COMUNICAÇÃO SOCIAL - EMC,3,,3151,EMPRESA MINEIRA DE COMUNICAÇÃO - EMC,3,3,90,49,10,1,,13,122,705,2,500,2500,1,,,50500.00,0,ASSESSORAMENTO E GERENCIAMENTO DE POLÍTICAS PÚBLICAS,APOIO ÀS POLÍTICAS PÚBLICAS
2027,1710,SECRETARIA DE ESTADO DE COMUNICAÇÃO SOCIAL - EMC,3,,3151,EMPRESA MINEIRA DE COMUNICAÇÃO - EMC,3,3,90,36,59,2,,13,131,102,4,424,4424,1,,,36.00,1,FOMENTO AO DESENVOLVIMENTO E À DIFUSÃO DO AUDIOVISUAL MINEIRO,FOMENTO À ECONOMIA DA CRIATIVIDADE
2027,1710,SECRETARIA DE ESTADO DE COMUNICAÇÃO SOCIAL - EMC,3,,3151,EMPRESA MINEIRA DE COMUNICAÇÃO - EMC,3,1,90,11,10,1,,13,131,121,2,31,2031,1,,,644104.00,0,GESTÃO DE PROJETOS E AÇÕES DE PUBLICIDADE E PROPAGANDA,ACESSO E ALCANCE À COMUNICAÇÃO DE INTERESSE PÚBLICO
2027,1710,SECRETARIA DE ESTADO DE COMUNICAÇÃO SOCIAL - EMC,3,,3151,EMPRESA MINEIRA DE COMUNICAÇÃO - EMC,3,1,90,13,10,1,,13,131,121,2,31,2031,1,,,317245.00,0,GESTÃO DE PROJETOS E AÇÕES DE PUBLICIDADE E PROPAGANDA,ACESSO E ALCANCE À COMUNICAÇÃO DE INTERESSE PÚBLICO
2027,1710,SECRETARIA DE ESTADO DE COMUNICAÇÃO SOCIAL - EMC,3,,3151,EMPRESA MINEIRA DE COMUNICAÇÃO - EMC,3,3,90,39,10,1,,13,131,121,2,31,2031,1,,,505132.00,0,GESTÃO DE PROJETOS E AÇÕES DE PUBLICIDADE E PROPAGANDA,ACESSO E ALCANCE À COMUNICAÇÃO DE INTERESSE PÚBLICO
2027,1710,SECRETARIA DE ESTADO DE COMUNICAÇÃO SOCIAL - EMC,3,,3151,EMPRESA MINEIRA DE COMUNICAÇÃO - EMC,3,3,90,39,10,1,,13,131,121,2,52,2052,1,,,5176080.00,0,GESTÃO E OPERAÇÃO DO CENTRO DE CULTURA PRESIDENTE ITAMAR FRANCO,ACESSO E ALCANCE À COMUNICAÇÃO DE INTERESSE PÚBLICO
2027,1710,SECRETARIA DE ESTADO DE COMUNICAÇÃO SOCIAL - EMC,3,,3151,EMPRESA MINEIRA DE COMUNICAÇÃO - EMC,3,1,90,11,10,1,,13,131,121,4,294,4294,1,,,303813.00,0,DISPONIBILIZAÇÃO E DISTRIBUIÇÃO DE CONTEÚDO MULTIPLATAFORMA EM PRODUTOS DIGITAIS ONLINE,ACESSO E ALCANCE À COMUNICAÇÃO DE INTERESSE PÚBLICO
2027,1710,SECRETARIA DE ESTADO DE COMUNICAÇÃO SOCIAL - EMC,3,,3151,EMPRESA MINEIRA DE COMUNICAÇÃO - EMC,3,3,90,13,10,1,,13,131,121,4,294,4294,1,,,149639.00,0,DISPONIBILIZAÇÃO E DISTRIBUIÇÃO DE CONTEÚDO MULTIPLATAFORMA EM PRODUTOS DIGITAIS ONLINE,ACESSO E ALCANCE À COMUNICAÇÃO DE INTERESSE PÚBLICO
2027,1710,SECRETARIA DE ESTADO DE COMUNICAÇÃO SOCIAL - EMC,3,,3151,EMPRESA MINEIRA DE COMUNICAÇÃO - EMC,3,3,90,39,10,1,,13,131,121,4,294,4294,1,,,68584.00,0,DISPONIBILIZAÇÃO E DISTRIBUIÇÃO DE CONTEÚDO MULTIPLATAFORMA EM PRODUTOS DIGITAIS ONLINE,ACESSO E ALCANCE À COMUNICAÇÃO DE INTERESSE PÚBLICO
2027,1710,SECRETARIA DE ESTADO DE COMUNICAÇÃO SOCIAL - EMC,3,,3151,EMPRESA MINEIRA DE COMUNICAÇÃO - EMC,3,3,90,40,10,1,,13,131,121,4,294,4294,1,,,842408.00,0,DISPONIBILIZAÇÃO E DISTRIBUIÇÃO DE CONTEÚDO MULTIPLATAFORMA EM PRODUTOS DIGITAIS ONLINE,ACESSO E ALCANCE À COMUNICAÇÃO DE INTERESSE PÚBLICO
2027,1710,SECRETARIA DE ESTADO DE COMUNICAÇÃO SOCIAL - EMC,3,,3151,EMPRESA MINEIRA DE COMUNICAÇÃO - EMC,3,3,90,46,10,1,,13,131,121,4,294,4294,1,,,76929.00,0,DISPONIBILIZAÇÃO E DISTRIBUIÇÃO DE CONTEÚDO MULTIPLATAFORMA EM PRODUTOS DIGITAIS ONLINE,ACESSO E ALCANCE À COMUNICAÇÃO DE INTERESSE PÚBLICO
2027,1710,SECRETARIA DE ESTADO DE COMUNICAÇÃO SOCIAL - EMC,3,,3151,EMPRESA MINEIRA DE COMUNICAÇÃO - EMC,3,3,90,47,10,1,,13,131,121,4,294,4294,1,,,349678.00,0,DISPONIBILIZAÇÃO E DISTRIBUIÇÃO DE CONTEÚDO MULTIPLATAFORMA EM PRODUTOS DIGITAIS ONLINE,ACESSO E ALCANCE À COMUNICAÇÃO DE INTERESSE PÚBLICO
2027,1710,SECRETARIA DE ESTADO DE COMUNICAÇÃO SOCIAL - EMC,3,,3151,EMPRESA MINEIRA DE COMUNICAÇÃO - EMC,3,3,90,49,10,1,,13,131,121,4,294,4294,1,,,5082.00,0,DISPONIBILIZAÇÃO E DISTRIBUIÇÃO DE CONTEÚDO MULTIPLATAFORMA EM PRODUTOS DIGITAIS ONLINE,ACESSO E ALCANCE À COMUNICAÇÃO DE INTERESSE PÚBLICO
2027,1710,SECRETARIA DE ESTADO DE COMUNICAÇÃO SOCIAL - EMC,3,,3151,EMPRESA MINEIRA DE COMUNICAÇÃO - EMC,3,1,90,11,10,1,,13,131,121,4,295,4295,1,,,118481.00,0,ATUALIZAÇÃO DE PLATAFORMA DE STREAMING E VOD COM CONTEÚDO INÉDITO,ACESSO E ALCANCE À COMUNICAÇÃO DE INTERESSE PÚBLICO
2027,1710,SECRETARIA DE ESTADO DE COMUNICAÇÃO SOCIAL - EMC,3,,3151,EMPRESA MINEIRA DE COMUNICAÇÃO - EMC,3,1,90,13,10,1,,13,131,121,4,295,4295,1,,,58357.00,0,ATUALIZAÇÃO DE PLATAFORMA DE STREAMING E VOD COM CONTEÚDO INÉDITO,ACESSO E ALCANCE À COMUNICAÇÃO DE INTERESSE PÚBLICO
2027,1710,SECRETARIA DE ESTADO DE COMUNICAÇÃO SOCIAL - EMC,3,,3151,EMPRESA MINEIRA DE COMUNICAÇÃO - EMC,3,3,90,47,10,1,,13,131,121,4,295,4295,1,,,590239.00,0,ATUALIZAÇÃO DE PLATAFORMA DE STREAMING E VOD COM CONTEÚDO INÉDITO,ACESSO E ALCANCE À COMUNICAÇÃO DE INTERESSE PÚBLICO
2027,1710,SECRETARIA DE ESTADO DE COMUNICAÇÃO SOCIAL - EMC,3,,3151,EMPRESA MINEIRA DE COMUNICAÇÃO - EMC,3,1,90,11,10,1,,13,131,121,4,316,4316,1,,,4395318.00,0,"PRODUÇÃO E VEICULAÇÃO DE CONTEÚDO EM ÁUDIO COM ÊNFASE NA CULTURA, EDUCAÇÃO, INFORMAÇÃO, PRESTAÇÃO DE SERVIÇO E ENTRETENIMENTO.",ACESSO E ALCANCE À COMUNICAÇÃO DE INTERESSE PÚBLICO
2027,1710,SECRETARIA DE ESTADO DE COMUNICAÇÃO SOCIAL - EMC,3,,3151,EMPRESA MINEIRA DE COMUNICAÇÃO - EMC,3,1,90,13,10,1,,13,131,121,4,316,4316,1,,,2164859.00,0,"PRODUÇÃO E VEICULAÇÃO DE CONTEÚDO EM ÁUDIO COM ÊNFASE NA CULTURA, EDUCAÇÃO, INFORMAÇÃO, PRESTAÇÃO DE SERVIÇO E ENTRETENIMENTO.",ACESSO E ALCANCE À COMUNICAÇÃO DE INTERESSE PÚBLICO
2027,1710,SECRETARIA DE ESTADO DE COMUNICAÇÃO SOCIAL - EMC,3,,3151,EMPRESA MINEIRA DE COMUNICAÇÃO - EMC,3,3,90,14,10,1,,13,131,121,4,316,4316,1,,,105281.00,0,"PRODUÇÃO E VEICULAÇÃO DE CONTEÚDO EM ÁUDIO COM ÊNFASE NA CULTURA, EDUCAÇÃO, INFORMAÇÃO, PRESTAÇÃO DE SERVIÇO E ENTRETENIMENTO.",ACESSO E ALCANCE À COMUNICAÇÃO DE INTERESSE PÚBLICO
2027,1710,SECRETARIA DE ESTADO DE COMUNICAÇÃO SOCIAL - EMC,3,,3151,EMPRESA MINEIRA DE COMUNICAÇÃO - EMC,3,3,90,33,10,1,,13,131,121,4,316,4316,1,,,1606.00,0,"PRODUÇÃO E VEICULAÇÃO DE CONTEÚDO EM ÁUDIO COM ÊNFASE NA CULTURA, EDUCAÇÃO, INFORMAÇÃO, PRESTAÇÃO DE SERVIÇO E ENTRETENIMENTO.",ACESSO E ALCANCE À COMUNICAÇÃO DE INTERESSE PÚBLICO
2027,1710,SECRETARIA DE ESTADO DE COMUNICAÇÃO SOCIAL - EMC,3,,3151,EMPRESA MINEIRA DE COMUNICAÇÃO - EMC,3,3,90,36,10,1,,13,131,121,4,316,4316,1,,,1854.00,0,"PRODUÇÃO E VEICULAÇÃO DE CONTEÚDO EM ÁUDIO COM ÊNFASE NA CULTURA, EDUCAÇÃO, INFORMAÇÃO, PRESTAÇÃO DE SERVIÇO E ENTRETENIMENTO.",ACESSO E ALCANCE À COMUNICAÇÃO DE INTERESSE PÚBLICO
2027,1710,SECRETARIA DE ESTADO DE COMUNICAÇÃO SOCIAL - EMC,3,,3151,EMPRESA MINEIRA DE COMUNICAÇÃO - EMC,3,3,90,39,10,1,,13,131,121,4,316,4316,1,,,1115867.00,0,"PRODUÇÃO E VEICULAÇÃO DE CONTEÚDO EM ÁUDIO COM ÊNFASE NA CULTURA, EDUCAÇÃO, INFORMAÇÃO, PRESTAÇÃO DE SERVIÇO E ENTRETENIMENTO.",ACESSO E ALCANCE À COMUNICAÇÃO DE INTERESSE PÚBLICO
2027,1710,SECRETARIA DE ESTADO DE COMUNICAÇÃO SOCIAL - EMC,3,,3151,EMPRESA MINEIRA DE COMUNICAÇÃO - EMC,3,3,90,40,10,1,,13,131,121,4,316,4316,1,,,992876.00,0,"PRODUÇÃO E VEICULAÇÃO DE CONTEÚDO EM ÁUDIO COM ÊNFASE NA CULTURA, EDUCAÇÃO, INFORMAÇÃO, PRESTAÇÃO DE SERVIÇO E ENTRETENIMENTO.",ACESSO E ALCANCE À COMUNICAÇÃO DE INTERESSE PÚBLICO
2027,1710,SECRETARIA DE ESTADO DE COMUNICAÇÃO SOCIAL - EMC,3,,3151,EMPRESA MINEIRA DE COMUNICAÇÃO - EMC,3,3,90,46,10,1,,13,131,121,4,316,4316,1,,,902135.00,0,"PRODUÇÃO E VEICULAÇÃO DE CONTEÚDO EM ÁUDIO COM ÊNFASE NA CULTURA, EDUCAÇÃO, INFORMAÇÃO, PRESTAÇÃO DE SERVIÇO E ENTRETENIMENTO.",ACESSO E ALCANCE À COMUNICAÇÃO DE INTERESSE PÚBLICO
2027,1710,SECRETARIA DE ESTADO DE COMUNICAÇÃO SOCIAL - EMC,3,,3151,EMPRESA MINEIRA DE COMUNICAÇÃO - EMC,3,3,90,47,10,1,,13,131,121,4,316,4316,1,,,354760.00,0,"PRODUÇÃO E VEICULAÇÃO DE CONTEÚDO EM ÁUDIO COM ÊNFASE NA CULTURA, EDUCAÇÃO, INFORMAÇÃO, PRESTAÇÃO DE SERVIÇO E ENTRETENIMENTO.",ACESSO E ALCANCE À COMUNICAÇÃO DE INTERESSE PÚBLICO
2027,1710,SECRETARIA DE ESTADO DE COMUNICAÇÃO SOCIAL - EMC,3,,3151,EMPRESA MINEIRA DE COMUNICAÇÃO - EMC,3,3,90,30,10,1,,13,131,121,4,333,4333,1,,,131379.00,0,"PRODUÇÃO E VEICULAÇÃO TELEVISIVA DE PROGRAMAÇÃO DE CARÁTER CULTURAL, INFORMATIVO, EDUCATIVO E DE ENTRETENIMENTO",ACESSO E ALCANCE À COMUNICAÇÃO DE INTERESSE PÚBLICO
2027,1710,SECRETARIA DE ESTADO DE COMUNICAÇÃO SOCIAL - EMC,3,,3151,EMPRESA MINEIRA DE COMUNICAÇÃO - EMC,3,3,90,36,10,1,,13,131,121,4,333,4333,1,,,1872.00,0,"PRODUÇÃO E VEICULAÇÃO TELEVISIVA DE PROGRAMAÇÃO DE CARÁTER CULTURAL, INFORMATIVO, EDUCATIVO E DE ENTRETENIMENTO",ACESSO E ALCANCE À COMUNICAÇÃO DE INTERESSE PÚBLICO
2027,1710,SECRETARIA DE ESTADO DE COMUNICAÇÃO SOCIAL - EMC,3,,3151,EMPRESA MINEIRA DE COMUNICAÇÃO - EMC,3,3,90,39,10,1,,13,131,121,4,333,4333,1,,,190835.00,0,"PRODUÇÃO E VEICULAÇÃO TELEVISIVA DE PROGRAMAÇÃO DE CARÁTER CULTURAL, INFORMATIVO, EDUCATIVO E DE ENTRETENIMENTO",ACESSO E ALCANCE À COMUNICAÇÃO DE INTERESSE PÚBLICO
2027,1710,SECRETARIA DE ESTADO DE COMUNICAÇÃO SOCIAL - EMC,3,,3151,EMPRESA MINEIRA DE COMUNICAÇÃO - EMC,3,3,90,39,10,1,,13,722,121,4,296,4296,1,,,50878.00,0,GESTÃO E MANUTENÇÃO DOS SISTEMAS DE TRANSMISSÃO VIA SATÉLITE E OPERAÇÃO DE TV,ACESSO E ALCANCE À COMUNICAÇÃO DE INTERESSE PÚBLICO
2027,1710,SECRETARIA DE ESTADO DE COMUNICAÇÃO SOCIAL - EMC,3,,3151,EMPRESA MINEIRA DE COMUNICAÇÃO - EMC,3,3,90,40,10,1,,13,722,121,4,296,4296,1,,,101400.00,0,GESTÃO E MANUTENÇÃO DOS SISTEMAS DE TRANSMISSÃO VIA SATÉLITE E OPERAÇÃO DE TV,ACESSO E ALCANCE À COMUNICAÇÃO DE INTERESSE PÚBLICO
2027,1710,SECRETARIA DE ESTADO DE COMUNICAÇÃO SOCIAL - EMC,3,,3151,EMPRESA MINEIRA DE COMUNICAÇÃO - EMC,3,3,90,14,10,1,,13,722,121,4,297,4297,1,,,101400.00,0,DISPONIBILIZAÇÃO E MANUTENÇÃO DO SINAL DE RETRANSMISSÃO DE TV NO INTERIOR DO ESTADO E REGIÃO METROPOLITANA DE BH,ACESSO E ALCANCE À COMUNICAÇÃO DE INTERESSE PÚBLICO
2027,1710,SECRETARIA DE ESTADO DE COMUNICAÇÃO SOCIAL - EMC,3,,3151,EMPRESA MINEIRA DE COMUNICAÇÃO - EMC,3,3,90,39,10,1,,13,722,121,4,297,4297,1,,,2496.00,0,DISPONIBILIZAÇÃO E MANUTENÇÃO DO SINAL DE RETRANSMISSÃO DE TV NO INTERIOR DO ESTADO E REGIÃO METROPOLITANA DE BH,ACESSO E ALCANCE À COMUNICAÇÃO DE INTERESSE PÚBLICO
2027,1710,SECRETARIA DE ESTADO DE COMUNICAÇÃO SOCIAL - EMC,3,,3151,EMPRESA MINEIRA DE COMUNICAÇÃO - EMC,3,3,90,39,60,1,,13,722,121,4,297,4297,1,,,602680.00,0,DISPONIBILIZAÇÃO E MANUTENÇÃO DO SINAL DE RETRANSMISSÃO DE TV NO INTERIOR DO ESTADO E REGIÃO METROPOLITANA DE BH,ACESSO E ALCANCE À COMUNICAÇÃO DE INTERESSE PÚBLICO
2027,1710,SECRETARIA DE ESTADO DE COMUNICAÇÃO SOCIAL - EMC,3,,3151,EMPRESA MINEIRA DE COMUNICAÇÃO - EMC,3,3,90,40,10,1,,13,722,121,4,297,4297,1,,,2731554.00,0,DISPONIBILIZAÇÃO E MANUTENÇÃO DO SINAL DE RETRANSMISSÃO DE TV NO INTERIOR DO ESTADO E REGIÃO METROPOLITANA DE BH,ACESSO E ALCANCE À COMUNICAÇÃO DE INTERESSE PÚBLICO
2027,1710,SECRETARIA DE ESTADO DE COMUNICAÇÃO SOCIAL - EMC,3,,3151,EMPRESA MINEIRA DE COMUNICAÇÃO - EMC,3,3,90,47,10,1,,13,722,121,4,297,4297,1,,,156000.00,0,DISPONIBILIZAÇÃO E MANUTENÇÃO DO SINAL DE RETRANSMISSÃO DE TV NO INTERIOR DO ESTADO E REGIÃO METROPOLITANA DE BH,ACESSO E ALCANCE À COMUNICAÇÃO DE INTERESSE PÚBLICO
2027,1710,SECRETARIA DE ESTADO DE COMUNICAÇÃO SOCIAL - EMC,3,,3151,EMPRESA MINEIRA DE COMUNICAÇÃO - EMC,3,1,90,11,10,1,,13,722,121,4,315,4315,1,,,2831010.00,0,GESTÃO E MANUTENÇÃO DOS SISTEMAS DE TRANSMISSÃO E OPERAÇÃO DE RÁDIO,ACESSO E ALCANCE À COMUNICAÇÃO DE INTERESSE PÚBLICO
2027,1710,SECRETARIA DE ESTADO DE COMUNICAÇÃO SOCIAL - EMC,3,,3151,EMPRESA MINEIRA DE COMUNICAÇÃO - EMC,3,3,90,13,10,1,,13,722,121,4,315,4315,1,,,1263736.00,0,GESTÃO E MANUTENÇÃO DOS SISTEMAS DE TRANSMISSÃO E OPERAÇÃO DE RÁDIO,ACESSO E ALCANCE À COMUNICAÇÃO DE INTERESSE PÚBLICO
2027,1710,SECRETARIA DE ESTADO DE COMUNICAÇÃO SOCIAL - EMC,3,,3151,EMPRESA MINEIRA DE COMUNICAÇÃO - EMC,3,3,90,30,10,1,,13,722,121,4,315,4315,1,,,1000.00,0,GESTÃO E MANUTENÇÃO DOS SISTEMAS DE TRANSMISSÃO E OPERAÇÃO DE RÁDIO,ACESSO E ALCANCE À COMUNICAÇÃO DE INTERESSE PÚBLICO
2027,1710,SECRETARIA DE ESTADO DE COMUNICAÇÃO SOCIAL - EMC,3,,3151,EMPRESA MINEIRA DE COMUNICAÇÃO - EMC,3,3,90,39,10,1,,13,722,121,4,315,4315,1,,,308716.00,0,GESTÃO E MANUTENÇÃO DOS SISTEMAS DE TRANSMISSÃO E OPERAÇÃO DE RÁDIO,ACESSO E ALCANCE À COMUNICAÇÃO DE INTERESSE PÚBLICO
2027,1710,SECRETARIA DE ESTADO DE COMUNICAÇÃO SOCIAL - EMC,3,,3151,EMPRESA MINEIRA DE COMUNICAÇÃO - EMC,3,3,90,39,60,1,,13,722,121,4,315,4315,1,,,721174.00,0,GESTÃO E MANUTENÇÃO DOS SISTEMAS DE TRANSMISSÃO E OPERAÇÃO DE RÁDIO,ACESSO E ALCANCE À COMUNICAÇÃO DE INTERESSE PÚBLICO
2027,1710,SECRETARIA DE ESTADO DE COMUNICAÇÃO SOCIAL - EMC,3,,3151,EMPRESA MINEIRA DE COMUNICAÇÃO - EMC,3,3,90,40,10,1,,13,722,121,4,315,4315,1,,,552572.00,0,GESTÃO E MANUTENÇÃO DOS SISTEMAS DE TRANSMISSÃO E OPERAÇÃO DE RÁDIO,ACESSO E ALCANCE À COMUNICAÇÃO DE INTERESSE PÚBLICO
2027,1710,SECRETARIA DE ESTADO DE COMUNICAÇÃO SOCIAL - EMC,3,,3151,EMPRESA MINEIRA DE COMUNICAÇÃO - EMC,3,3,90,46,10,1,,13,722,121,4,315,4315,1,,,668464.00,0,GESTÃO E MANUTENÇÃO DOS SISTEMAS DE TRANSMISSÃO E OPERAÇÃO DE RÁDIO,ACESSO E ALCANCE À COMUNICAÇÃO DE INTERESSE PÚBLICO
2027,1710,SECRETARIA DE ESTADO DE COMUNICAÇÃO SOCIAL - EMC,3,,3151,EMPRESA MINEIRA DE COMUNICAÇÃO - EMC,3,3,90,47,10,1,,13,722,121,4,315,4315,1,,,291046.00,0,GESTÃO E MANUTENÇÃO DOS SISTEMAS DE TRANSMISSÃO E OPERAÇÃO DE RÁDIO,ACESSO E ALCANCE À COMUNICAÇÃO DE INTERESSE PÚBLICO
2027,1710,SECRETARIA DE ESTADO DE COMUNICAÇÃO SOCIAL - EMC,3,,3151,EMPRESA MINEIRA DE COMUNICAÇÃO - EMC,3,3,90,49,10,1,,13,722,121,4,315,4315,1,,,45480.00,0,GESTÃO E MANUTENÇÃO DOS SISTEMAS DE TRANSMISSÃO E OPERAÇÃO DE RÁDIO,ACESSO E ALCANCE À COMUNICAÇÃO DE INTERESSE PÚBLICO
2027,1710,SECRETARIA DE ESTADO DE COMUNICAÇÃO SOCIAL - EMC,3,,3151,EMPRESA MINEIRA DE COMUNICAÇÃO - EMC,4,4,90,30,10,1,,13,722,121,4,315,4315,1,,,38407.00,0,GESTÃO E MANUTENÇÃO DOS SISTEMAS DE TRANSMISSÃO E OPERAÇÃO DE RÁDIO,ACESSO E ALCANCE À COMUNICAÇÃO DE INTERESSE PÚBLICO
2027,1710,SECRETARIA DE ESTADO DE COMUNICAÇÃO SOCIAL - EMC,3,,3151,EMPRESA MINEIRA DE COMUNICAÇÃO - EMC,3,3,90,91,10,9,,28,846,705,7,4,7004,1,,,1000.00,0,PRECATÓRIOS E SENTENÇAS JUDICIÁRIAS,APOIO ÀS POLÍTICAS PÚBLICAS
2027,1720,SECRETARIA DE ESTADO DA CASA CIVIL - SCC,3,,1721,SECRETARIA DE ESTADO DA CASA CIVIL - SCC,3,1,90,11,10,1,,4,122,705,2,417,2417,1,,,5596094.00,0,REMUNERAÇÃO DE PESSOAL ATIVO E ENCARGOS SOCIAIS,APOIO ÀS POLÍTICAS PÚBLICAS
2027,1720,SECRETARIA DE ESTADO DA CASA CIVIL - SCC,3,,1721,SECRETARIA DE ESTADO DA CASA CIVIL - SCC,3,1,90,13,10,1,,4,122,705,2,417,2417,1,,,314200.00,0,REMUNERAÇÃO DE PESSOAL ATIVO E ENCARGOS SOCIAIS,APOIO ÀS POLÍTICAS PÚBLICAS
2027,1720,SECRETARIA DE ESTADO DA CASA CIVIL - SCC,3,,1721,SECRETARIA DE ESTADO DA CASA CIVIL - SCC,3,1,91,13,10,1,,4,122,705,2,417,2417,1,,,1014998.00,0,REMUNERAÇÃO DE PESSOAL ATIVO E ENCARGOS SOCIAIS,APOIO ÀS POLÍTICAS PÚBLICAS
2027,1720,SECRETARIA DE ESTADO DA CASA CIVIL - SCC,3,,1721,SECRETARIA DE ESTADO DA CASA CIVIL - SCC,3,3,90,46,10,7,,4,122,705,2,417,2417,1,,,574965.00,0,REMUNERAÇÃO DE PESSOAL ATIVO E ENCARGOS SOCIAIS,APOIO ÀS POLÍTICAS PÚBLICAS
2027,1720,SECRETARIA DE ESTADO DA CASA CIVIL - SCC,3,,1721,SECRETARIA DE ESTADO DA CASA CIVIL - SCC,3,3,90,49,10,7,,4,122,705,2,417,2417,1,,,25000.00,0,REMUNERAÇÃO DE PESSOAL ATIVO E ENCARGOS SOCIAIS,APOIO ÀS POLÍTICAS PÚBLICAS
2027,1720,SECRETARIA DE ESTADO DA CASA CIVIL - SCC,3,,1721,SECRETARIA DE ESTADO DA CASA CIVIL - SCC,3,3,71,70,10,1,,4,122,705,2,500,2500,1,,,1500000.00,0,ASSESSORAMENTO E GERENCIAMENTO DE POLÍTICAS PÚBLICAS,APOIO ÀS POLÍTICAS PÚBLICAS
2027,1720,SECRETARIA DE ESTADO DA CASA CIVIL - SCC,3,,1721,SECRETARIA DE ESTADO DA CASA CIVIL - SCC,3,3,90,14,10,1,,4,122,705,2,500,2500,1,,,80000.00,0,ASSESSORAMENTO E GERENCIAMENTO DE POLÍTICAS PÚBLICAS,APOIO ÀS POLÍTICAS PÚBLICAS
2027,1720,SECRETARIA DE ESTADO DA CASA CIVIL - SCC,3,,1721,SECRETARIA DE ESTADO DA CASA CIVIL - SCC,3,3,90,30,10,1,,4,122,705,2,500,2500,1,,,4000.00,0,ASSESSORAMENTO E GERENCIAMENTO DE POLÍTICAS PÚBLICAS,APOIO ÀS POLÍTICAS PÚBLICAS
2027,1720,SECRETARIA DE ESTADO DA CASA CIVIL - SCC,3,,1721,SECRETARIA DE ESTADO DA CASA CIVIL - SCC,3,3,90,33,10,1,,4,122,705,2,500,2500,1,,,202250.00,0,ASSESSORAMENTO E GERENCIAMENTO DE POLÍTICAS PÚBLICAS,APOIO ÀS POLÍTICAS PÚBLICAS
2027,1720,SECRETARIA DE ESTADO DA CASA CIVIL - SCC,3,,1721,SECRETARIA DE ESTADO DA CASA CIVIL - SCC,3,3,90,36,10,1,,4,122,705,2,500,2500,1,,,31200.00,0,ASSESSORAMENTO E GERENCIAMENTO DE POLÍTICAS PÚBLICAS,APOIO ÀS POLÍTICAS PÚBLICAS
2027,1720,SECRETARIA DE ESTADO DA CASA CIVIL - SCC,3,,1721,SECRETARIA DE ESTADO DA CASA CIVIL - SCC,3,3,90,37,10,1,,4,122,705,2,500,2500,1,,,651717.00,0,ASSESSORAMENTO E GERENCIAMENTO DE POLÍTICAS PÚBLICAS,APOIO ÀS POLÍTICAS PÚBLICAS
2027,1720,SECRETARIA DE ESTADO DA CASA CIVIL - SCC,3,,1721,SECRETARIA DE ESTADO DA CASA CIVIL - SCC,3,3,90,39,10,1,,4,122,705,2,500,2500,1,,,76732.00,0,ASSESSORAMENTO E GERENCIAMENTO DE POLÍTICAS PÚBLICAS,APOIO ÀS POLÍTICAS PÚBLICAS
2027,1720,SECRETARIA DE ESTADO DA CASA CIVIL - SCC,3,,1721,SECRETARIA DE ESTADO DA CASA CIVIL - SCC,4,4,90,52,10,1,,4,122,705,2,500,2500,1,,,18000.00,0,ASSESSORAMENTO E GERENCIAMENTO DE POLÍTICAS PÚBLICAS,APOIO ÀS POLÍTICAS PÚBLICAS
2027,1910,ENCARGOS GERAIS DO ESTADO - SECRETARIA DE ESTADO DE FAZENDA - EGE - SEF,3,,1911,EGE SEC.FAZENDA-ENCARGOS DIVERSOS - EGE - SEF,3,3,90,39,10,1,,4,123,705,2,49,2049,1,,,9616685.00,0,ENCARGOS DA ADMINISTRAÇÃO FINANCEIRA CENTRAL,APOIO ÀS POLÍTICAS PÚBLICAS
2027,1910,ENCARGOS GERAIS DO ESTADO - SECRETARIA DE ESTADO DE FAZENDA - PARTICIPAÇÃO EMPRESAS,3,,1915,PARTICIPAÇÃO NO AUMENTO DO CAPITAL SOCIAL DE EMPRESAS - PARTICIPAÇÃO EMPRESAS,4,5,90,65,10,1,,16,482,705,7,734,7734,1,,,1000.00,0,PROGRAMAÇÃO A CARGO DO ESTADO PARA COMPANHIA DE HABITAÇÃO DO ESTADO DE MINAS GERAIS (COHAB),APOIO ÀS POLÍTICAS PÚBLICAS
2027,1910,ENCARGOS GERAIS DO ESTADO - SECRETARIA DE ESTADO DE FAZENDA - PARTICIPAÇÃO EMPRESAS,3,,1915,PARTICIPAÇÃO NO AUMENTO DO CAPITAL SOCIAL DE EMPRESAS - PARTICIPAÇÃO EMPRESAS,4,5,90,65,10,1,,22,662,705,7,54,7054,1,,,1000.00,0,PROGRAMAÇÃO A CARGO DO ESTADO PARA A COMPANHIA DE DESENVOLVIMENTO DE MINAS GERAIS (CODEMGE),APOIO ÀS POLÍTICAS PÚBLICAS
2027,1910,ENCARGOS GERAIS DO ESTADO - SECRETARIA DE ESTADO DE FAZENDA - PARTICIPAÇÃO EMPRESAS,3,,1915,PARTICIPAÇÃO NO AUMENTO DO CAPITAL SOCIAL DE EMPRESAS - PARTICIPAÇÃO EMPRESAS,4,5,90,65,10,1,,22,662,705,7,541,7541,1,,,1000.00,0,PROGRAMAÇÃO A CARGO DO ESTADO PARA A COMPANHIA DE DESENVOLVIMENTO DO ESTADO DE MINAS GERAIS (CODEMIG),APOIO ÀS POLÍTICAS PÚBLICAS
2027,1910,ENCARGOS GERAIS DO ESTADO - SECRETARIA DE ESTADO DE FAZENDA - PARTICIPAÇÃO EMPRESAS,3,,1915,PARTICIPAÇÃO NO AUMENTO DO CAPITAL SOCIAL DE EMPRESAS - PARTICIPAÇÃO EMPRESAS,4,5,90,65,61,2,,23,694,705,7,752,7752,1,,,98000.00,0,PROGRAMAÇÃO A CARGO DO ESTADO PARA O BANCO DE DESENVOLVIMENTO DE MINAS GERAIS (BDMG),APOIO ÀS POLÍTICAS PÚBLICAS
2027,1910,ENCARGOS GERAIS DO ESTADO - SECRETARIA DE ESTADO DE FAZENDA - PARTICIPAÇÃO EMPRESAS,3,,1915,PARTICIPAÇÃO NO AUMENTO DO CAPITAL SOCIAL DE EMPRESAS - PARTICIPAÇÃO EMPRESAS,4,5,90,65,10,1,,25,752,705,7,758,7758,1,,,1000.00,0,PROGRAMAÇÃO A CARGO DO ESTADO PARA A COMPANHIA ENEGÉTICA DE MINAS GERAIS (CEMIG),APOIO ÀS POLÍTICAS PÚBLICAS
2027,1910,ENCARGOS GERAIS DO ESTADO - SECRETARIA DE ESTADO DE FAZENDA - PARTICIPAÇÃO EMPRESAS,3,,1915,PARTICIPAÇÃO NO AUMENTO DO CAPITAL SOCIAL DE EMPRESAS - PARTICIPAÇÃO EMPRESAS,4,5,90,65,10,1,,26,783,705,7,759,7759,1,,,1000.00,0,PROGRAMAÇÃO A CARGO DO ESTADO PARA TREM METROPOLITANO DE BELO HORIZONTE (METROMINAS),APOIO ÀS POLÍTICAS PÚBLICAS
2027,1910,ENCARGOS GERAIS DO ESTADO - SECRETARIA DE ESTADO DE FAZENDA - PARTICIPAÇÃO EMPRESAS,3,,1915,PARTICIPAÇÃO NO AUMENTO DO CAPITAL SOCIAL DE EMPRESAS - PARTICIPAÇÃO EMPRESAS,4,5,90,65,10,1,,4,122,705,7,707,7707,1,,,1000.00,0,PROGRAMAÇÃO A CARGO DO ESTADO PARA A MINAS GERAIS ADMINISTRAÇÃO E SERVIÇOS (MGS),APOIO ÀS POLÍTICAS PÚBLICAS
2027,1910,ENCARGOS GERAIS DO ESTADO - SECRETARIA DE ESTADO DE FAZENDA - PARTICIPAÇÃO EMPRESAS,3,,1915,PARTICIPAÇÃO NO AUMENTO DO CAPITAL SOCIAL DE EMPRESAS - PARTICIPAÇÃO EMPRESAS,4,5,90,65,10,1,,4,123,705,7,700,7700,1,,,1000.00,0,PROGRAMAÇÃO A CARGO DO ESTADO PARA A MINAS GERAIS PARTICIPAÇÕES (MGI),APOIO ÀS POLÍTICAS PÚBLICAS
2027,1910,ENCARGOS GERAIS DO ESTADO - SECRETARIA DE ESTADO DE FAZENDA - PARTICIPAÇÃO EMPRESAS,3,,1915,PARTICIPAÇÃO NO AUMENTO DO CAPITAL SOCIAL DE EMPRESAS - PARTICIPAÇÃO EMPRESAS,4,5,90,65,10,1,,4,126,705,7,723,7723,1,,,1000.00,0,PROGRAMAÇÃO A CARGO DO ESTADO PARA A COMPANHIA DE TECNOLOGIA DA INFORMAÇÃO DO ESTADO DE MINAS GERAIS (PRODEMGE),APOIO ÀS POLÍTICAS PÚBLICAS
2027,1940,ENCARGOS GERAIS DO ESTADO - SECRETARIA DE ESTADO DE PLANEJAMENTO E GESTÃO - EGE-SEPLAG,3,,1941,EGE-SECRETARIA DE ESTADO DE PLANEJAMENTO E GESTÃO - EGE-SEPLAG,3,3,90,39,10,1,,4,122,160,4,488,4488,1,,,2882256.00,0,IMPLANTAÇÃO E OPERAÇÃO DO ALMOXARIFADO VIRTUAL,MELHORIA DA GESTÃO LOGÍSTICA E PATRIMONIAL
2027,1940,ENCARGOS GERAIS DO ESTADO - SECRETARIA DE ESTADO DE PLANEJAMENTO E GESTÃO - EGE-SEPLAG,3,,1941,EGE-SECRETARIA DE ESTADO DE PLANEJAMENTO E GESTÃO - EGE-SEPLAG,3,3,90,39,60,2,,4,122,160,4,488,4488,1,,,150000.00,0,IMPLANTAÇÃO E OPERAÇÃO DO ALMOXARIFADO VIRTUAL,MELHORIA DA GESTÃO LOGÍSTICA E PATRIMONIAL
2027,1940,ENCARGOS GERAIS DO ESTADO - SECRETARIA DE ESTADO DE PLANEJAMENTO E GESTÃO - EGE-SEPLAG,3,,1941,EGE-SECRETARIA DE ESTADO DE PLANEJAMENTO E GESTÃO - EGE-SEPLAG,3,3,90,39,10,1,,4,122,160,4,489,4489,1,,,2703315.00,0,APRIMORAMENTO DA REDE DE POSTOS PRÓPRIOS QUE ATENDE A FROTA ESTADUAL,MELHORIA DA GESTÃO LOGÍSTICA E PATRIMONIAL
2027,1940,ENCARGOS GERAIS DO ESTADO - SECRETARIA DE ESTADO DE PLANEJAMENTO E GESTÃO - EGE-SEPLAG,3,,1941,EGE-SECRETARIA DE ESTADO DE PLANEJAMENTO E GESTÃO - EGE-SEPLAG,3,1,90,59,10,1,,4,274,705,7,24,7024,1,,,21755833.00,0,PAGAMENTOS MENSAIS DE PROVENTOS  AOS ASSISTIDOS E PENSIONISTAS DO PLANO DE PREVIDÊNCIA COMPLEMENTAR MINASCAIXA RP-2,APOIO ÀS POLÍTICAS PÚBLICAS
2027,1940,ENCARGOS GERAIS DO ESTADO - SECRETARIA DE ESTADO DE PLANEJAMENTO E GESTÃO - EGE-SEPLAG,3,,1941,EGE-SECRETARIA DE ESTADO DE PLANEJAMENTO E GESTÃO - EGE-SEPLAG,3,1,91,13,10,1,,4,274,705,7,24,7024,1,,,157848.00,0,PAGAMENTOS MENSAIS DE PROVENTOS  AOS ASSISTIDOS E PENSIONISTAS DO PLANO DE PREVIDÊNCIA COMPLEMENTAR MINASCAIXA RP-2,APOIO ÀS POLÍTICAS PÚBLICAS
2027,1940,ENCARGOS GERAIS DO ESTADO - SECRETARIA DE ESTADO DE PLANEJAMENTO E GESTÃO - EGE-SEPLAG,3,,1941,EGE-SECRETARIA DE ESTADO DE PLANEJAMENTO E GESTÃO - EGE-SEPLAG,3,1,90,59,10,1,,4,274,705,7,441,7441,1,,,177237724.00,0,PENSÕES ESPECIAIS DE RESPONSABILIDADE DO PODER EXECUTIVO ESTADUAL,APOIO ÀS POLÍTICAS PÚBLICAS
2027,1940,ENCARGOS GERAIS DO ESTADO - SECRETARIA DE ESTADO DE PLANEJAMENTO E GESTÃO - EGE-SEPLAG,3,,1941,EGE-SECRETARIA DE ESTADO DE PLANEJAMENTO E GESTÃO - EGE-SEPLAG,3,1,91,13,10,1,,4,274,705,7,441,7441,1,,,1534624.00,0,PENSÕES ESPECIAIS DE RESPONSABILIDADE DO PODER EXECUTIVO ESTADUAL,APOIO ÀS POLÍTICAS PÚBLICAS
2027,1090,MINISTÉRIO PÚBLICO DO ESTADO DE MINAS GERAIS - PGJ,4,,1091,PROCURADORIA GERAL DE JUSTIÇA - PGJ,3,1,90,91,10,9,,28,846,705,7,4,7004,1,,,1000.00,0,PRECATÓRIOS E SENTENÇAS JUDICIÁRIAS,APOIO ÀS POLÍTICAS PÚBLICAS
2027,1090,MINISTÉRIO PÚBLICO DO ESTADO DE MINAS GERAIS - PGJ,4,,1091,PROCURADORIA GERAL DE JUSTIÇA - PGJ,3,3,90,48,24,1,,3,62,703,4,493,4493,1,,,1396086.00,0,OPERACIONALIZAÇÃO DAS ATRIBUIÇÕES INSTITUCIONAIS DO MINISTÉRIO PÚBLICO - PROCURADORIA E PROMOTORIA DE JUSTIÇA,PROCESSO JUDICIÁRIO
2027,1090,MINISTÉRIO PÚBLICO DO ESTADO DE MINAS GERAIS - PGJ,4,,1091,PROCURADORIA GERAL DE JUSTIÇA - PGJ,4,4,90,40,24,1,,3,62,703,4,493,4493,1,,,260975.00,0,OPERACIONALIZAÇÃO DAS ATRIBUIÇÕES INSTITUCIONAIS DO MINISTÉRIO PÚBLICO - PROCURADORIA E PROMOTORIA DE JUSTIÇA,PROCESSO JUDICIÁRIO
2027,1090,MINISTÉRIO PÚBLICO DO ESTADO DE MINAS GERAIS - PGJ,4,,1091,PROCURADORIA GERAL DE JUSTIÇA - PGJ,4,4,90,52,24,1,,3,62,703,4,493,4493,1,,,257939.00,0,OPERACIONALIZAÇÃO DAS ATRIBUIÇÕES INSTITUCIONAIS DO MINISTÉRIO PÚBLICO - PROCURADORIA E PROMOTORIA DE JUSTIÇA,PROCESSO JUDICIÁRIO
2027,1090,MINISTÉRIO PÚBLICO DO ESTADO DE MINAS GERAIS - PGJ,4,,1091,PROCURADORIA GERAL DE JUSTIÇA - PGJ,4,4,90,52,47,1,,3,62,703,4,493,4493,1,,,645000.00,0,OPERACIONALIZAÇÃO DAS ATRIBUIÇÕES INSTITUCIONAIS DO MINISTÉRIO PÚBLICO - PROCURADORIA E PROMOTORIA DE JUSTIÇA,PROCESSO JUDICIÁRIO
2027,1090,MINISTÉRIO PÚBLICO DO ESTADO DE MINAS GERAIS - PGJ,4,,1091,PROCURADORIA GERAL DE JUSTIÇA - PGJ,4,4,90,51,70,1,,3,62,714,1,64,1064,1,,,6500000.00,0,"CONSTRUÇÃO, AMPLIAÇÃO E REFORMA DE SEDES PRÓPRIAS","AQUISIÇÃO, CONSTRUÇÃO, REPAROS DE BENS IMÓVEIS"
2027,1090,MINISTÉRIO PÚBLICO DO ESTADO DE MINAS GERAIS - FUNEMP,4,,4441,FUNDO ESPECIAL DO MINISTÉRIO PÚBLICO DO ESTADO DE MINAS GERAIS - FUNEMP,3,3,40,41,60,1,,3,122,737,1,9,1009,1,,,2200000.00,0,REAPARELHAMENTO E APERFEIÇOAMENTO INSTITUICIONAL,MODERNIZAÇÃO  INSTITUCIONAL
2027,1090,MINISTÉRIO PÚBLICO DO ESTADO DE MINAS GERAIS - FUNEMP,4,,4441,FUNDO ESPECIAL DO MINISTÉRIO PÚBLICO DO ESTADO DE MINAS GERAIS - FUNEMP,3,3,90,13,60,1,,3,122,737,1,9,1009,1,,,3465450.00,0,REAPARELHAMENTO E APERFEIÇOAMENTO INSTITUICIONAL,MODERNIZAÇÃO  INSTITUCIONAL
2027,1090,MINISTÉRIO PÚBLICO DO ESTADO DE MINAS GERAIS - FUNEMP,4,,4441,FUNDO ESPECIAL DO MINISTÉRIO PÚBLICO DO ESTADO DE MINAS GERAIS - FUNEMP,3,3,90,35,60,1,,3,122,737,1,9,1009,1,,,5000000.00,0,REAPARELHAMENTO E APERFEIÇOAMENTO INSTITUICIONAL,MODERNIZAÇÃO  INSTITUCIONAL
2027,1090,MINISTÉRIO PÚBLICO DO ESTADO DE MINAS GERAIS - FUNEMP,4,,4441,FUNDO ESPECIAL DO MINISTÉRIO PÚBLICO DO ESTADO DE MINAS GERAIS - FUNEMP,3,3,90,36,60,1,,3,122,737,1,9,1009,1,,,5000000.00,0,REAPARELHAMENTO E APERFEIÇOAMENTO INSTITUICIONAL,MODERNIZAÇÃO  INSTITUCIONAL
2027,1090,MINISTÉRIO PÚBLICO DO ESTADO DE MINAS GERAIS - FUNEMP,4,,4441,FUNDO ESPECIAL DO MINISTÉRIO PÚBLICO DO ESTADO DE MINAS GERAIS - FUNEMP,3,3,90,39,60,1,,3,122,737,1,9,1009,1,,,15000000.00,0,REAPARELHAMENTO E APERFEIÇOAMENTO INSTITUICIONAL,MODERNIZAÇÃO  INSTITUCIONAL
2027,1090,MINISTÉRIO PÚBLICO DO ESTADO DE MINAS GERAIS - FUNEMP,4,,4441,FUNDO ESPECIAL DO MINISTÉRIO PÚBLICO DO ESTADO DE MINAS GERAIS - FUNEMP,4,4,40,41,60,1,,3,122,737,1,9,1009,1,,,10000000.00,0,REAPARELHAMENTO E APERFEIÇOAMENTO INSTITUICIONAL,MODERNIZAÇÃO  INSTITUCIONAL
2027,1090,MINISTÉRIO PÚBLICO DO ESTADO DE MINAS GERAIS - FUNEMP,4,,4441,FUNDO ESPECIAL DO MINISTÉRIO PÚBLICO DO ESTADO DE MINAS GERAIS - FUNEMP,4,4,70,41,60,1,,3,122,737,1,9,1009,1,,,3000000.00,0,REAPARELHAMENTO E APERFEIÇOAMENTO INSTITUICIONAL,MODERNIZAÇÃO  INSTITUCIONAL
2027,1090,MINISTÉRIO PÚBLICO DO ESTADO DE MINAS GERAIS - FUNEMP,4,,4441,FUNDO ESPECIAL DO MINISTÉRIO PÚBLICO DO ESTADO DE MINAS GERAIS - FUNEMP,4,4,90,40,60,1,,3,122,737,1,9,1009,1,,,700000.00,0,REAPARELHAMENTO E APERFEIÇOAMENTO INSTITUICIONAL,MODERNIZAÇÃO  INSTITUCIONAL
2027,1090,MINISTÉRIO PÚBLICO DO ESTADO DE MINAS GERAIS - FUNEMP,4,,4441,FUNDO ESPECIAL DO MINISTÉRIO PÚBLICO DO ESTADO DE MINAS GERAIS - FUNEMP,4,4,90,52,60,1,,3,122,737,1,9,1009,1,,,23535550.00,0,REAPARELHAMENTO E APERFEIÇOAMENTO INSTITUICIONAL,MODERNIZAÇÃO  INSTITUCIONAL
2027,1090,MINISTÉRIO PÚBLICO DO ESTADO DE MINAS GERAIS - FEPDC,4,,4451,FUNDO ESTADUAL DE PROTEÇÃO E DEFESA DO CONSUMIDOR - FEPDC,3,3,70,41,60,1,,3,61,738,4,256,4256,1,,,290140.00,0,APOIO ÀS AÇÕES DE PROTEÇÃO E DEFESA AO CONSUMIDOR,PROTEÇÃO E DEFESA DO CONSUMIDOR
2027,1090,MINISTÉRIO PÚBLICO DO ESTADO DE MINAS GERAIS - FEPDC,4,,4451,FUNDO ESTADUAL DE PROTEÇÃO E DEFESA DO CONSUMIDOR - FEPDC,3,3,90,14,60,1,,3,61,738,4,256,4256,1,,,3200000.00,0,APOIO ÀS AÇÕES DE PROTEÇÃO E DEFESA AO CONSUMIDOR,PROTEÇÃO E DEFESA DO CONSUMIDOR
2027,1090,MINISTÉRIO PÚBLICO DO ESTADO DE MINAS GERAIS - FEPDC,4,,4451,FUNDO ESTADUAL DE PROTEÇÃO E DEFESA DO CONSUMIDOR - FEPDC,3,3,90,30,60,1,,3,61,738,4,256,4256,1,,,1000000.00,0,APOIO ÀS AÇÕES DE PROTEÇÃO E DEFESA AO CONSUMIDOR,PROTEÇÃO E DEFESA DO CONSUMIDOR
2027,1090,MINISTÉRIO PÚBLICO DO ESTADO DE MINAS GERAIS - FEPDC,4,,4451,FUNDO ESTADUAL DE PROTEÇÃO E DEFESA DO CONSUMIDOR - FEPDC,3,3,90,33,60,1,,3,61,738,4,256,4256,1,,,2000000.00,0,APOIO ÀS AÇÕES DE PROTEÇÃO E DEFESA AO CONSUMIDOR,PROTEÇÃO E DEFESA DO CONSUMIDOR
2027,1090,MINISTÉRIO PÚBLICO DO ESTADO DE MINAS GERAIS - FEPDC,4,,4451,FUNDO ESTADUAL DE PROTEÇÃO E DEFESA DO CONSUMIDOR - FEPDC,3,3,90,35,60,1,,3,61,738,4,256,4256,1,,,2000000.00,0,APOIO ÀS AÇÕES DE PROTEÇÃO E DEFESA AO CONSUMIDOR,PROTEÇÃO E DEFESA DO CONSUMIDOR
2027,1090,MINISTÉRIO PÚBLICO DO ESTADO DE MINAS GERAIS - FEPDC,4,,4451,FUNDO ESTADUAL DE PROTEÇÃO E DEFESA DO CONSUMIDOR - FEPDC,3,3,90,36,60,1,,3,61,738,4,256,4256,1,,,13500000.00,0,APOIO ÀS AÇÕES DE PROTEÇÃO E DEFESA AO CONSUMIDOR,PROTEÇÃO E DEFESA DO CONSUMIDOR
2027,1090,MINISTÉRIO PÚBLICO DO ESTADO DE MINAS GERAIS - FEPDC,4,,4451,FUNDO ESTADUAL DE PROTEÇÃO E DEFESA DO CONSUMIDOR - FEPDC,3,3,90,37,60,1,,3,61,738,4,256,4256,1,,,12000000.00,0,APOIO ÀS AÇÕES DE PROTEÇÃO E DEFESA AO CONSUMIDOR,PROTEÇÃO E DEFESA DO CONSUMIDOR
2027,1090,MINISTÉRIO PÚBLICO DO ESTADO DE MINAS GERAIS - FEPDC,4,,4451,FUNDO ESTADUAL DE PROTEÇÃO E DEFESA DO CONSUMIDOR - FEPDC,3,3,90,41,60,1,,3,61,738,4,256,4256,1,,,3400000.00,0,APOIO ÀS AÇÕES DE PROTEÇÃO E DEFESA AO CONSUMIDOR,PROTEÇÃO E DEFESA DO CONSUMIDOR
2027,1090,MINISTÉRIO PÚBLICO DO ESTADO DE MINAS GERAIS - FEPDC,4,,4451,FUNDO ESTADUAL DE PROTEÇÃO E DEFESA DO CONSUMIDOR - FEPDC,4,4,40,41,60,1,,3,61,738,4,256,4256,1,,,634860.00,0,APOIO ÀS AÇÕES DE PROTEÇÃO E DEFESA AO CONSUMIDOR,PROTEÇÃO E DEFESA DO CONSUMIDOR
2027,1090,MINISTÉRIO PÚBLICO DO ESTADO DE MINAS GERAIS - FEPDC,4,,4451,FUNDO ESTADUAL DE PROTEÇÃO E DEFESA DO CONSUMIDOR - FEPDC,4,4,70,41,60,1,,3,61,738,4,256,4256,1,,,10000000.00,0,APOIO ÀS AÇÕES DE PROTEÇÃO E DEFESA AO CONSUMIDOR,PROTEÇÃO E DEFESA DO CONSUMIDOR
2027,1090,MINISTÉRIO PÚBLICO DO ESTADO DE MINAS GERAIS - FEPDC,4,,4451,FUNDO ESTADUAL DE PROTEÇÃO E DEFESA DO CONSUMIDOR - FEPDC,4,4,90,52,60,1,,3,61,738,4,256,4256,1,,,25028000.00,0,APOIO ÀS AÇÕES DE PROTEÇÃO E DEFESA AO CONSUMIDOR,PROTEÇÃO E DEFESA DO CONSUMIDOR
2027,1090,MINISTÉRIO PÚBLICO DO ESTADO DE MINAS GERAIS - FDMP,4,,4731,FUNDO DE DESENVOLVIMENTO DO MINISTÉRIO PÚBLICO - FDMP,3,3,90,36,59,1,,3,122,703,2,72,2072,1,,,6000000.00,0,APRIMORAMENTO INSTITUCIONAL,PROCESSO JUDICIÁRIO
2027,1090,MINISTÉRIO PÚBLICO DO ESTADO DE MINAS GERAIS - FDMP,4,,4731,FUNDO DE DESENVOLVIMENTO DO MINISTÉRIO PÚBLICO - FDMP,3,3,90,37,59,1,,3,122,703,2,72,2072,1,,,75000000.00,0,APRIMORAMENTO INSTITUCIONAL,PROCESSO JUDICIÁRIO
2027,1090,MINISTÉRIO PÚBLICO DO ESTADO DE MINAS GERAIS - FDMP,4,,4731,FUNDO DE DESENVOLVIMENTO DO MINISTÉRIO PÚBLICO - FDMP,3,3,90,39,59,1,,3,122,703,2,72,2072,1,,,5000000.00,0,APRIMORAMENTO INSTITUCIONAL,PROCESSO JUDICIÁRIO
2027,1090,MINISTÉRIO PÚBLICO DO ESTADO DE MINAS GERAIS - FDMP,4,,4731,FUNDO DE DESENVOLVIMENTO DO MINISTÉRIO PÚBLICO - FDMP,4,4,90,52,59,1,,3,122,703,2,72,2072,1,,,30000000.00,0,APRIMORAMENTO INSTITUCIONAL,PROCESSO JUDICIÁRIO
