programa_cod,programa_nome,is_deleted_programa,indicador,is_deleted_indicador,unidade_de_medida,indice_de_referencia,is_em_apuracao_indice_de_referencia,dt_apuracao,previsao_para_ano0,is_em_apuracao_ano0,previsao_para_ano1,is_em_apuracao_ano1,previsao_para_ano2,is_em_apuracao_ano2,previsao_para_ano3,is_em_apuracao_ano3,fonte,periodicidade,base_geografica,formula_de_calculo,justificativa_status_apuracao_previsoes,justificativa_status_apuracao_indice_ref,updated_at,is_indicador_new,polaridade
2,AUDITORIA INTERNA PARA O FUTURO,False,PERCENTUAL DE INSTITUCIONALIZAÇÃO DO NÍVEL 3 IA-CM (MODELO DE CAPACIDADE DE AUDITORIA INTERNA PARA O SETOR PÚBLICO),False,Percentual,100,False,30/05/2025,100,False,100,False,100,False,100,False,AUDITORIA-GERAL DO ESTADO DE MINAS GERAIS ,Bianual,Estadual       ,(NÚMERO DE ÁREAS DE PROCESSOS-CHAVES DO NÍVEL 3 IA-CM INSTITUCIONALIZADOS NA AUGE/QUANTIDADE DE ÁREAS DE PROCESSOS-CHAVES DO NÍVEL 3 IA-CM)*100,"A METODOLOGIA DO IACM PRESSUPÕE AVALIAÇÕES PERIÓDICAS A CADA 2 ANOS, CONFORME PREVISTO ATUALMENTE.",,,False,MAIOR
101,PROGRAMA ENCONTRO DAS ÁGUAS,False,PROJETOS MULTISSETORIAIS DE RESILIÊNCIA HÍDRICA,False,UNIDADE,,True,,,True,,True,,True,,False,GABINETE MILITAR DO GOVERNADOR,Semestral,Municipal      ,NÚMERO DE MUNICÍPIOS ATENDIDOS /TOTAL DE MUNICÍPIOS A SEREM ATENDIDOS ×100,"PROJETOS EM EXECUÇÃO POR SECRETARIAS ESTADUAIS DADOS SERÃO RECEBIDOS, ADVINDOS DAS SECRETARIAS DE ESTADO ","PROJETOS EM EXECUÇÃO POR SECRETARIAS ESTADUAIS DADOS SERÃO RECEBIDOS, ADVINDOS DAS SECRETARIAS DE ESTADO",,True,MAIOR
139,PROGRAMA CAMINHO NAS CHUVAS,False,Projetos multissetoriais de resiliência hidrológica,False,município (acumulado),,True,,,True,,True,,True,,True,gabinete militar do governador,Anual,Municipal      ,NÚMERO DE MUNICÍPIOS ATENDIDOS/TOTAL DE MUNICÍPIOS A SEREM ATENDIDOS X 100,"Dados sendo recebidos, advindos de outras secretarias de Estado.","DADOS SENDO RECEBIDOS, ADVINDOS DE OUTRAS SECRETARIAS DE ESTADO.",,True,MAIOR
133,MINAS GERAÇÃO DE VALOR,False,VARIAÇÃO ANUAL DAS EXPORTAÇÕES DE MINAS GERAIS,False,%,4.72,False,31/12/2024,2,False,3,False,25,False,35,False,COMEX VIS / MDIC ,Anual,Estadual       ,VALOR DAS EXPORTAÇÕES DE UM ANO DIVIDO PELO VALOR DAS EXPORTAÇÕES DO ANO IMEDIATAMENTE ANTERIOR. ,,,,False,MAIOR
121,ACESSO E ALCANCE À COMUNICAÇÃO DE INTERESSE PÚBLICO,False,PERCENTUAL DE MUNICÍPIOS COM COBERTURA DE SINAL BROADCASTING E CONSUMO DE PRODUTOS ONLINE E VOD,False,%,39,False,30/06/2023,80,False,90,False,90,False,,False,EMPRESA MINEIRA DE COMUNICAÇÃO,Semestral,Estadual       ,"PERCENTUAL DE COBERTURA DE SINAL BROADCASTING (BANDAS DE FREQUÊNCIA AM E FM, SINAL DE TV), VOD-ONLINE (SITE, MINASPLAY E APLICATIVO DE ÁUDIO, VÍDEO, TELEVISÃO E INTERNET) = NÚMERO DE MUNICÍPIOS MINEIROS COM ACESSO DE SINAL BROADCASTING (BANDAS DE FREQUÊNCIA AM E FM E TV) + NÚMERO DE MUNICÍPIOS COM ALCANCE VOD-ONLINE)   NÚMERO DE MUNICÍPIOS IGUAIS EM ALCANCE E ACESSO / POR 853 X 100",,,,False,MAIOR
19,ATENÇÃO HOSPITALAR ESPECIALIZADA,False,PERCENTUAL EXECUTADO DA PRODUÇÃO ASSISTENCIAL NAS UNIDADES DA REDE FHEMIG,False,%,100,False,30/06/2023,100,False,100,False,100,False,100,False,FHEMIG,Anual,Estadual       ,TAXA DE DESEMPENHO (TD) = (EXECUTADO/PLANEJADO) X 100 AÇÃO / IDENTIFICADOR COMPLEXO HOSPITALAR DE URGÊNCIA E EMERGÊNCIA 1 COMPLEXO HOSPITALAR DE BARBACENA 2 COMPLEXO HOSPITALAR DE ESPECIALIDADES 3 UNIDADES ASSISTENCIAIS DE SAÚDE MENTAL 4 UNIDADES ASSISTENCIAIS DE REABILITAÇÃO E CUIDADOS INTEGRADOS 5 UNIDADES ASSISTENCIAIS DE REFERÊNCIA 6 SISTEMA ESTADUAL DE TRANSPLANTES 7 RESULTADO = [(TD1 X 13) + (TD2 X 13) + (TD3 X 13) + (TD4 X 7) + (TD5 X 20) + (TD6 X 27) + (TD7 X 7)] / 100,,,,False,MAIOR
85,PROMOÇÃO DE CONCESSÕES E PARCERIAS,False,CONTRATOS DE CONCESSÕES E PARCERIAS PÚBLICO-PRIVADOS VIGENTES,False,UNIDADE,18,False,24/07/2023,30,False,32,False,34,False,,True,"SECRETARIA DE ESTADO DE INFRAESTRUTURA, MOBILIDADE E PARCERIAS - SEINFRA",Anual,Estadual       ,QUANTIDADE DE CONTRATOS CONCESSÕES E PARCERIAS PÚBLICO-PRIVADAS VIGENTES NO ANO DE APURAÇÃO,A ÁREA GESTORA ESTÁ EM PROCESSO DE REVISÃO DO NÚMERO DE CONTRATOS ,,,False,MAIOR
7,EDUCAÇÃO SUPERIOR,False,PERCENTUAL DE CURSOS DE MESTRADO E DOUTORADO COM CONCEITO CAPES MAIOR QUE 3,False,%,71,False,31/07/2024,74,False,87,False,87,False,87,False,PRÓ-REITORIA DE PÓS-GRADUAÇÃO,Anual,Regional       ,"X/Y*100, X: NÚMERO DE CURSOS DE MESTRADO E DOUTORADO COM CONCEITO CAPES MAIOR QUE 3; Y: NÚMERO TOTAL DE CURSOS DE MESTRADO E DOUTORADO.",,,,False,MAIOR
91,APRIMORAMENTO DA GESTÃO PÚBLICA POR MEIO DE ENSINO DE EXCELÊNCIA,False,DISCENTES FORMADOS E CAPACITADOS,False,número absoluto,,True,,1274,False,1281,False,1306,False,1330,False,ESCOLA DE GOVERNO PROFESSOR PAULO NEVES DE CARVALHO,Anual,Estadual       ,"NÚMERO DE ALUNOS/DISCENTES MATRICULADOS/ATENDIDOS NOS CURSOS DA ESCOLA DE GOVERNO - GRADUAÇÃO, ESPECIALIZAÇÃO, MESTRADO, FORMAÇÃO EXECUTIVA E CONTINUADA - QUE EFETIVAMENTE CONCLUEM OS CURSOS. ",,"QUANTO À INEXISTÊNCIA DOS ÍNDICES DE REFERÊNCIA, OS MESMOS ESTÃO EM APURAÇÃO. TRATAM-SE DE INDICADORES NOVOS E NÃO CONSEGUIMOS APURAR O ""PARA TRÁS"" A TEMPO.",,True,MAIOR
90,ASSISTÊNCIA TECNICA E EXTENSÃO RURAL PARA O ESTADO DE MINAS GERAIS,False,ATENDIMENTOS REALIZADOS EM COMERCIALIZAÇÃO E GESTÃO,False, Nº de Atendimentos Realizados,300000,False,31/12/2022,300000,False,300000,False,300000,False,,False,EMATER MG/DEPGE,Anual,Estadual       ,NÃO SE APLICA. VALOR ABSOLUTO.,,,,False,MAIOR
60,ATENÇÃO PRIMÁRIA À SAÚDE,False,PERCENTUAL DE INTERNAÇÕES POR CONDIÇÕES SENSÍVEIS À ATENÇÃO PRIMÁRIA,False,%,35.74,False,31/12/2025,3656,False,3656,False,3656,False,3656,False,SIH/SUS ,Anual,Estadual       ,"Nº DE INTERNAÇÕES POR CAUSAS SENSÍVEIS A ATENÇÃO BÁSICA DEFINIDA PELA SESMG, EM DETERMINADO LOCAL E PERÍODO  ------------------------------------------------------------------------------------------------------------------ X 100  TOTAL DE INTERNAÇÕES CLÍNICAS, EM DETERMINADO LOCAL E PERÍODO    NUMERADOR:  CIDS: A15.0-A19.9, A33.0-A37.9, A50.0-A53.9, A95.0-A95.9, B05.0-B06.9, B16.0-B16.9, B26.0-B26.9, B50.0-B54.9, B77.0-B77.9, G00.0, I00-I02.9, A00.0-A09.9, E86.0-E86.9, D50.0-D50.9, E40-E46, E50.0-E64.9, H66.0-H66.9, J00, J01.0-J03.9, J06.0-J06.9, J31.0-J31.9, J13, J14, J15.3-J15.4, J15.8-J15.9,J18.1, J45.0-J45.9, J20.0-J21.9,J40-J42, I10, I11.0-I11.9, I20.0-I20.9, I50.0-I50.9, E10.0-E14.9, G40.0-G40.9, N30.0-N30.9, N34.0-N34.3, N39.0, A46, L01.0-L04.9, L08.0-L08.9, N70.0-N73.9, N75.0-N76.8, P35.0    DENOMINADOR:  PROCEDIMENTOS OBSTÉTRICOS CLÍNICOS: DO CÓDIGO 0303100010 AO 0303109999   TRATAMENTOS CLÍNICOS: DO CÓDIGO 0303010010 AO 0303099999, DO CÓDIGO 0303110010 AO 0303169999, DO CÓDIGO 0303180010 AO 0305029999, DO CÓDIGO 0306020010 AO 0306029999, DO CÓDIGO 0308010010 AO 0309069999   DIAGNÓSTICOS E/OU ATENDIMENTOS DE URGÊNCIA: DO CÓDIGO 0301060010 AO 0301069999",,,,False,MENOR
91,APRIMORAMENTO DA GESTÃO PÚBLICA POR MEIO DE ENSINO DE EXCELÊNCIA,False,GRAU DE SATISFAÇÃO DOS ESTUDANTES (NPS) NOS CURSOS DE FORMAÇÃO EXECUTIVA E CONTINUADA,False,%,,True,,75,False,75,False,75,False,75,False,ESCOLA DE GOVERNO PROFESSOR PAULO NEVES DE CARVALHO,Anual,Estadual       ,"MÉDIA DO GRAU DE SATISFAÇÃO DOS ALUNOS DOS CURSOS DE FORMAÇÃO CONTINUADA E EXECUTIVA DA ESCOLA DE GOVERNO. SERÁ MEDIDO POR MEIO DO NPS (NET PROMOTER SOCORE), MÉTRICA QUE MEDE A SATISFAÇÃO DOS ALUNOS, INDICANDO A PROBABILIDADE DE RECOMENDAREM O CURSO A OUTRAS PESSOAS. É UMA FERRAMENTA USADA PARA AVALIAR A EXPERIÊNCIA DO ALUNO E IDENTIFICAR ÁREAS DE MELHORIA.  O ÍNDICE VARIA ENTRE -100% E 100%. UTILIZA-SE A SEGUINTE ESCALA PARA MENSURAR O RESULTADO OBTIDO: ENTRE 75% E 100%: EXCELENTE ENTRE 50% E 74%: MUITO BOM ENTRE 0% E 49%: RAZOÁVEL ENTRE -100% E -1%: RUIM",,"QUANTO À INEXISTÊNCIA DOS ÍNDICES DE REFERÊNCIA, OS MESMOS ESTÃO EM APURAÇÃO. TRATAM-SE DE INDICADORES NOVOS E NÃO CONSEGUIMOS APURAR O ""PARA TRÁS"" A TEMPO.",,True,MAIOR
27,GESTÃO AMBIENTAL.,False,CAPACITAÇÃO EM INSTRUMENTOS ECONÔMICOS,False,percentual de municípios,15.94,False,31/12/2025,15,False,17,False,19,False,21,False,DPAI - DIRETORIA DE PROJETOS AMBIENTAIS E INSTRUMENTOS ECONÔMICOS,Anual,Municipal      ,INDICADOR: (SOMATÓRIO DOS MUNICÍPIOS QUE PARTICIPARAM DE EVENTOS EM QUE HOUVER CAPACITAÇÃO REALIZADA PELA DPAI NO ANO DE REFERÊNCIA/NÚMERO DE MUNICÍPIOS MINEIROS) X 100,,,,False,MAIOR
103,"ESPAÇOS CULTURAIS, CORPOS ARTÍSTICOS E ÓRGÃOS COLEGIADOS",False,"NÚMERO DE ATIVIDADES CULTURAIS DA ORQUESTRA FILARMÔNICA, ORQUESTRA SINFÔNICA, CORAL LÍRICO DA CIA DE DANÇA, DO CINE HUMBERTO MAURO, ARTES VISUAIS ",False,Atividade,7433,False,31/12/2025,6195,False,6304,False,6409,False,6512,False,FUNDAÇÃO CLÓVIS SALGADO E SECULT (COMISSÃO SUPERVISORA DO CONTRATO DE GESTÃO DA ORQUESTRA FILARMÔNICA),Anual,Estadual       ,"SOMATÓRIO DAS ATIVIDADES DESENVOLVIDAS PELA ORQUESTRA FILARMÔNICA, ORQUESTRA SINFÔNICA, CORAL LÍRICO, CIA DE DANÇA, CINE HUMBERTO MAURO, ARTES VISUAIS ",,,,False,MAIOR
47,SUPORTE ÀS AÇÕES DE COMBATE E RESPOSTA AOS DANOS CAUSADOS PELAS CHUVAS,True,ÍNDICE DE ATENDIMENTO REFERENTE A CHUVAS AOS MUNICÍPIOS ,False,Percentual,100,False,01/03/2025,100,False,100,False,100,False,,False,GABINETE MILITAR DO GOVERNADOR,Anual,Estadual       ,TOTAL DE MUNICÍPIOS ATENDIDOS X 100 / TOTAL DE MUNICÍPIOS QUE SOLICITARAM APOIO,,,,False,MAIOR
3,ENFRENTAMENTO DA CORRUPÇÃO E RECUPERAÇÃO DE ATIVOS,False,PERCENTUAL DE ELIMINAÇÃO DO PASSIVO DE PROCESSOS ADMINISTRATIVOS DISCIPLINARES,False,Percentual,100,False,31/12/2024,85,False,90,False,90,False,95,False,CONTROLADORIA-GERAL DO ESTADO,Anual,Estadual       ,"ELIMINAÇÃO DO PASSIVO DE PROCESSOS ADMINISTRATIVOS DISCIPLINARES COM MAIS DE 24 MESES DE INSTAURAÇÃO = (NÚMERO DE PROCESSOS CONCLUÍDOS COM PERÍODO DE INSTAURAÇÃO MAIOR QUE 24 MESES NO ANO DE CÔMPUTO / NÚMERO DE PROCESSOS EXISTENTES, NO DIA DA APURAÇÃO, COM PERÍODO DE INSTAURAÇÃO MAIOR QUE 24 MESES) * 100",,,,False,MAIOR
129,PREVENÇÃO À CRIMINALIDADE,False,MÉDIA TRIMESTRAL DE ARTICULAÇÃO DE REDE DO PROGRAMA SELO PREVENÇÃO MINAS,False,Média,173,False,30/06/2026,250,False,300,False,350,False,400,False,SUBSECRETARIA DE PREVENÇÃO SOCIAL À CRIMINALIDADE,Trimestral,Estadual       ,SOMA DO NÚMERO DE ARTICULAÇÕES DE REDE DO PROGRAMA SELO PREVENÇÃO MINAS POR TRIMESTRE / Nº DE TRIMESTRES CONSIDERADOS,,,,False,MAIOR
2,AUDITORIA INTERNA PARA O FUTURO,False,PERCENTUAL DE EXECUÇÃO DO PLANO ANUAL DE AUDITORIA INTERNA ,False,Percentual,100,False,31/01/2025,75,False,80,False,85,False,90,False,CONTROLADORIA-GERAL DO ESTADO,Anual,Estadual       ,[NÚMERO DE AÇÕES CONCLUÍDAS/(TOTAL DE AÇÕES PLANEJADAS NO PLANO ANUAL DE AUDITORIA INTERNA)*100 ,,,,False,MAIOR
65,FORTALECIMENTO DA POLÍTICA ESTADUAL DE RECURSOS HÍDRICOS,False,EXPANSÃO E FORTALECIMENTO DA POLÍTICA ESTADUAL DE RECURSOS HÍDRICOS,False,%,7.62,False,27/08/2025,9,False,16,False,26,False,35,False,INSTITUTO MINEIRO DE GESTÃO DAS ÁGUAS,Anual,Estadual       ,(SOMA DO STATUS ATUAL  + SOMA CUMULATIVA DO IMPLEMENTADO NO PERÍODO AVALIADO (INSTRUMENTOS IMPLEMENTADOS (2) + SOMA FERRAMENTA DE GESTÃO (3) + SOMA DE ENTES DO SISTEMA DE GERENCIAMENTO INSTITUIDOS (1)) / 210,,,,False,MAIOR
172,PROGRAMA ESTADUAL DE COOPERACAO ESTADO-MUNICIPIO NA AREA EDUCACIONAL,False,PERCENTUAL DE EXECUÇÃO DE CONVÊNIOS FIRMADOS COM OS MUNICÍPIO CUJO OJBETO SEJA AQUISIÇÃO DE BENS PERMANENTES,False,%,80,False,21/08/2026,80,False,90,False,100,False,100,False,SIGCON,Anual,Municipal      ,NÚMERO DE CONVÊNIOS ENCERRADOS COM OBJETO CONCLUÍDO DIVIDO PELO NÚMERO TOTAL DE CONVÊNIOS FIRMADOS.,,,,True,MAIOR
1,MINAS ÍNTEGRA E TRANSPARENTE,False,PERCENTUAL DE PEDIDOS DA LEI DE ACESSO À INFORMAÇÃO RESPONDIDOS NO PRAZO,False,Percentual,95,False,31/12/2025,95,False,95,False,95,False,95,False,CONTROLADORIA-GERAL DO ESTADO DE MINAS GERAIS,Anual,Regional       ,(QUANTIDADE DE MANIFESTAÇÕES RESPONDIDAS NO PRAZO/QUANTIDADE TOTAL DE MANIFESTAÇÕES RECEBIDAS - QUANTIDADE DE MANIFESTAÇÕES EM TRAMITAÇÃO NO PRAZO) * 100.,,,,False,MAIOR
172,PROGRAMA ESTADUAL DE COOPERACAO ESTADO-MUNICIPIO NA AREA EDUCACIONAL,False,PERCENTUAL DE OBRAS CONCLUÍDAS COM RECURSOS DO PROGRAMA,False,%,80,False,21/08/2026,80,False,85,False,90,False,95,False,PERCENTUAL DE PAGAMENTOS REALIZADOS - CONTROLE PRÓPRIO,Anual,Municipal      ,VALOR TOTAL DO RECURSO EXECUTADO DIVIDIDO PELO VALOR TOTAL DO RECURSO DISPONIBILIZADO NO ANO,,,,True,MAIOR
42,DESENVOLVIMENTO DA EDUCAÇÃO BÁSICA,False,NÚMERO DE CERTIFICADO EXPEDIDO PELO NÚCLEO DE FORMAÇÃO PRESENCIAL E A DISTÂNCIA AOS PROFISSIONAIS DO QUADRO DE MAGISTÉRIO,False,UNIDADE,1150,False,25/07/2025,1200,False,1230,False,1260,False,1260,False,RELATÓRIO EXPEDIDO PELO NEAD,Anual,Estadual       ,SOMÁTÓRIO DE CERTIFICADOS EXPEDIDOS AOS PROFISSIONAIS DO QUADRO DE MAGISTÉRIO DA FUNDAÇÃO HELENA ANTIPOFF QUE COMPREENDE: PROFESSOR E ESPECIALISTA EM EDUCAÇÃO BÁSICA E ANALISTA EM EDUCAÇÃO BÁSICA.,,,,False,MAIOR
7,EDUCAÇÃO SUPERIOR,False,TAXA DE ALUNO FORMADO NOS CURSOS DE EDUCAÇÃO PROFISSIONAL E TECNOLÓGICO DE NÍVEL MÉDIO.,False,Percentual,74,False,31/12/2025,83,False,85,False,85,False,85,False,CENTRO DE EDUCAÇÃO PROFISSIONAL E TECNOLÓGICO,Anual,Regional       ,SOMATÓRIA DO N° DE ALUNOS FORMADOS NOS CURSOS TÉCNICOS X 100 = TOTAL DE ALUNOS MATRICULADOS EM CURSOS TÉCNICOS,,,,False,MAIOR
146,PROMOÇÃO DA POLÍTICA SOCIOEDUCATIVA PARA ATENDIMENTO AOS ADOLESCENTES EM CONFLITO COM A LEI,False,ÍNDICE ESPORTE E CULTURA,False,%,92.52,False,16/07/2026,95,False,95,False,95,False,95,False,PAINEL SUASE ,Anual,Estadual       ,(MÉDIA ANUAL DO INDICADOR DE ESPORTE + MÉDIA ANUAL DO INDICADOR DE CULTURA) / 2.,,,,False,MAIOR
156,GESTÃO DA CIDADE ADMINISTRATIVA,False,ÍNDICE DE SOLICITAÇÕES DE TIC RESOLVIDAS NO PRAZO ,False,%,93.01,False,31/12/2024,93,False,94,False,95,False,96,False,SOLUÇÃO INFORMATIZADA DE ATENDIMENTO (SOLUÇÃO INFORMATIZADA DE ATENDIMENTO ASSYST) ,Anual,Estadual       ,(TOTAL DE SOLICITAÇÕES ATENDIDAS NO PRAZO / TOTAL DE SOLICITAÇÕES RECEBIDAS) X 100 ,,,,False,MAIOR
26,DESENVOLVIMENTO DO ENSINO SUPERIOR NA UEMG,False,POPULAÇÃO BENEFICIADA PELAS AÇÕES DESENVOLVIDAS PELA UEMG,False,Pessoa beneficiada,862539,False,31/12/2024,1235404,False,1297174,False,1362033,False,,False,PRÓ-REITORIA DE EXTENSÃO ,Anual,Estadual       ,SOMATÓRIO DAS PESSOAS BENEFICIADAS PELAS AÇÕES DESENVOLVIDAS PELA UEMG,,,,False,MAIOR
156,GESTÃO DA CIDADE ADMINISTRATIVA,False,"ÍNDICE DE QUALIDADE DOS SERVIÇOS PRESTADOS DE LIMPEZA, E SEUS ASPECTOS TÉCNICOS E DE SEGURANÇA ",False,Nota média 1/10,9.99,False,31/12/2024,97,False,975,False,98,False,98,False,SOLUÇÃO INFORMATIZADA DE FISCALIZAÇÃO (FISCWEB/MG) ,Anual,Estadual       ,"APLICAÇÃO DE QUESTIONÁRIOS ESPECÍFICOS PARA AVALIAR OS SERVIÇOS PRESTADOS NAS DIFERENTES ÁREAS DA CIDADE ADMINISTRATIVA, CONFORME PREVISTO EM CONTRATO. FÓRMULA: SOMATÓRIO NOTAS OBTIDAS / NÚMERO DE QUESTIONÁRIOS APLICADOS ",,,,False,MAIOR
132,MINAS EMPREENDEDORA: ESTADO MAIS SIMPLES E LIVRE PARA SE EMPREENDER,False,SALDO DE EMPREGOS GERADOS PELAS MICRO E PEQUENAS EMPRESAS (MPE),False,UNIDADE,113356,False,31/12/2024,40000,False,40000,False,40000,False,40000,False,SEBRAE / CAGED / MINISTÉRIO DO TRABALHO E EMPREGO,Anual,Estadual       ,SOMA TOTAL DO SALDO DE EMPREGOS FORMAIS GERADOS POR MICRO E PEQUENAS EMPRESAS NO ANO,,,,False,MAIOR
105,FORMAÇÃO E CAPACITAÇÃO TÉCNICO-CULTURAL,False,Nº DE PESSOAS INSCRITAS/MATRICULADAS NO CEFART E ESCOLAS E CURSOS DA FAOP,False,PESSOA INSCRITA/MATRICULADA,3326,False,31/12/2025,2370,False,2420,False,2470,False,2520,False,FUNDAÇÃO DE ARTE DE OURO PRETO E FUNDAÇÃO CLÓVIS SALGADO,Anual,Estadual       ,SOMATÓRIO DAS PESSOAS MATRICULADAS/INSCRITAS NOS CURSOS OFERTADOS PELO CEFART E NAS ESCOLAS E CURSOS DA FAOP,,,,False,MAIOR
746,CONTROLE EXTERNO DA GESTÃO DOS RECURSOS PÚBLICOS,False,PERCENTUAL DE MUNICÍPIOS ABRANGIDOS PELAS AÇÕES DE FISCALIZAÇÃO PRESENCIAIS OU MEDIANTE TRILHAS ELETRÔNICAS,False,%,100,False,31/12/2024,100,False,100,False,100,False,100,False,TRIBUNAL DE CONTAS DO ESTADO DE MINAS GERAIS,Anual,Estadual       ,(NÚMERO DE MUNICÍPIOS ABRANGIDOS PELAS AÇÕES DE FISCALIZAÇÃO PRESENCAIS OU MEDIANTE TRILHAS ELETRÔNICAS / NÚMERO DE MUNICÍPIOS DO ESTADO) *100,,,,False,MAIOR
760,CAPACITAÇÃO E ORIENTAÇÃO PARA MELHORAR A GESTÃO DOS RECURSOS PÚBLICOS,False,ÍNDICE DE APROVEITAMENTO DE PARTICIPANTES CERTIFICADOS COM TÍTULO DE PÓS-GRADUAÇÃO REALIZADA PELA ESCOLA DE CONTAS (EAD),False,%,58.14,False,31/12/2024,55,False,55,False,55,False,55,False,ESCOLA DE CONTAS E CAPACITAÇÃO PROFESSOR PEDRO ALEIXO,Anual,Estadual       ,(NÚMERO DE PARTICIPANTES CERTIFICADOS COM TÍTULO DE PÓS-GRADUAÇÃO REALIZADA PELA ESCOLA DE CONTAS EAD / TOTAL DE PARTICIPANTES INSCRITOS EM PÓS-GRADUAÇÃO REALIZADA PELA ESCOLA DE CONTAS EAD ) * 100,,,,False,MAIOR
149,TRANSFORMAÇÃO DIGITAL E ATENDIMENTO AO CIDADÃO,False,EXPANSÃO DO SEI PARA OS MUNICÍPIOS DE MINAS GERAIS,False,número de municípios,4,False,01/12/2024,20,False,25,False,30,False,35,False,SECRETARIA DE ESTADO DE PLANEJAMENTO E GESTÃO,Anual,Municipal      ,NÚMEROS DE MUNICÍPIOS QUE UTILIZAM O SISTEMA ,,,,True,MAIOR
165,"ORGANIZAÇÃO, AVALIAÇÃO E GESTÃO ESCOLAR",False,PROFICIÊNCIA MÉDIA DOS ALUNOS DO 3° ANO DO ENSINO MÉDIO EM LÍNGUA PORTUGUESA (SIMAVE) ,False,número absoluto,273.2,False,08/06/2026,25723,False,25772,False,25821,False,2587,False,SISTEMA MINEIRO DE AVALIAÇÃO E EQUIDADE DA EDUCAÇÃO PÚBLICA - SIMAVE,Anual,Estadual       ,MÉDIA DA PROFICIÊNCIA DOS ESTUDANTES AVALIADOS EM LÍNGUA PORTUGUESA,,,,False,MAIOR
129,PREVENÇÃO À CRIMINALIDADE,False,PERCENTUAL DE ADESÃO DOS EGRESSOS ATENDIDOS AO PRESP,False,%,86.4,False,30/06/2025,8575,False,86,False,8625,False,865,False,SUBSECRETARIA DE PREVENÇÃO SOCIAL À CRIMINALIDADE,Anual,Estadual       ,(Nº DE ATENDIMENTOS DE RETORNO / Nº DE ATENDIMENTOS TOTAIS DE EGRESSOS NO PERÍODO) X 100%,,,,False,MAIOR
146,PROMOÇÃO DA POLÍTICA SOCIOEDUCATIVA PARA ATENDIMENTO AOS ADOLESCENTES EM CONFLITO COM A LEI,False,ÍNDICE DE ATENDIMENTO TÉCNICO,False,%,89.82,False,16/07/2026,92,False,94,False,95,False,95,False,PAINEL SUASE,Anual,Estadual       ,(MÉDIA ANUAL DO INDICADOR ATENDIMENTO COM PSICÓLOGO + MÉDIA ANUAL DO INDICADOR ATENDIMENTO COM SERVIÇO SOCIAL + MÉDIA ANUAL DO INDICADOR ATENDIMENTO COM PEDAGOGO + MÉDIA ANUAL DO INDICADOR ATENDIMENTO COM TERAPEUTA OCUPACIONAL + MÉDIA ANUAL DO INDICADOR ATENDIMENTO COM ASSISTENTE JURÍDICO) / 5,,,,False,MAIOR
41,REGULARIZAÇÃO AMBIENTAL,False,REDUÇÃO DO TEMPO MÉDIO DE TRAMITAÇÃO DOS PROCESSOS DE LICENCIAMENTO AMBIENTAL CONVENCIONAL,False,UNIDADE,270,False,31/12/2019,200,False,200,False,100,False,100,False,DIRETORIA DE APOIO A REGULARIZAÇÃO AMBIENTAL ,Anual,Estadual       ,"ESSE INDICADOR SERÁ OBTIDO PELA MODALIDADE DE LICENCIAMENTO CONVENCIONAL, PELA SEGUINTE FÓRMULA DE CÁLCULO: SOMATÓRIO (DATA DA FINALIZAÇÃO DO PROCESSO NO ANO DE REFERÊNCIA - DATA DE FORMALIZAÇÃO)   (PERÍODO DE SUSPENSÃO DE PRAZO)/TOTAL DE PROCESSOS FINALIZADOS NO ANO DE REFERÊNCIA.",,,,False,MENOR
22,"CONSTRUINDO O FUTURO POR MEIO DA CIÊNCIA, DA TECNOLOGIA E DA INOVAÇÃO",False,NÚMERO DE BOLSAS DE COTA DE MESTRADO E DOUTORADO CONCEDIDAS ,False,Número,2700,False,31/12/2022,2700,False,2700,False,2700,False,2700,False,RELATÓRIOS DOS SETORES RESPONSÁVEIS; RELATÓRIO EVEREST DE BOLSAS PAPG,Anual,Estadual       ,NÚMERO DE BOLSAS DE COTA DE MESTRADO E DOUTORADO CONCEDIDAS NO ANO,,,,False,MAIOR
706,PRESTAÇÃO JURISDICIONAL,False,TAXA DE CONGESTIONAMENTO,False,%,67.48,False,31/12/2018,6114,False,665,False,6616,False,,False,CENTRO DE INFORMAÇÕES PARA GESTÃO INSTITUCIONAL,Anual,Estadual       ,TXC=CASOS PENDENTES / ((BAIXADOS EM 12 MESES) + CASOS PENDENTES),,,,False,MENOR
136,EDUCAÇÃO ESCOLAR,False,DESEMPENHO NAS AVALIAÇÕES ESCOLARES DO ENSINO FUNDAMENTAL I E II E DO ENSINO MÉDIO.,False,Média,75.92,False,27/06/2025,7897,False,7897,False,7977,False,7977,False,DEE3/SIEA,Anual,Estadual       ,(MÉDIA EF I + MÉDIA EF II + MÉDIA EM)/3 1) ENSINO FUNDAMENTAL I (EF I)  1º ANO: 1ª ETAPA (AP1 + AP2); 2ª ETAPA (AP1 + AV2+ TE); 3ª ETAPA (AP1 + AV2+ TE)  2º ANO:  1ª ETAPA (AP1 + AV2 + TE) ; 2ª ETAPA (AP1 + AV2+ TE); 3ª ETAPA (AP1 + AV2 + TE).  3º ANO AO 5º ANO EF1:  1ª ETAPA (AV1 + AV2 + TE); 2ª ETAPA (AV1 + AV2 + TE); 3ª ETAPA (AV1 + AV2 + TE).  2) ENSINO FUNDAMENTAL II (EF II) 6º ANO DO EF II ATÉ 9º ANO EF II:  1ª ETAPA (AV1 + AV2 OU AS + TE); 2ª ETAPA (AV1 + AV2 OU AS + TE); 3ª ETAPA (AV1 + AV2 OU AS + TE). 3) ENSINO MÉDIO (EM) 1º ANO DO EM ATÉ 3º ANO EM:  1ª ETAPA (AV1 + AV2 OU AS + TE); 2ª ETAPA (AV1 + AV OU AS + TE); 3ª ETAPA (AV1 + AV OU AS + TE).,,,,False,MAIOR
133,MINAS GERAÇÃO DE VALOR,False,TAXA DE CRESCIMENTO DO PIB DE MINAS GERAIS,False,%,3.1,False,31/12/2024,28,False,31,False,3,False,31,False,INSTITUTO BRASILEIRO DE GEOGRAFIA E ESTATÍSTICA - IBGE / FUNDAÇÃO JOÃO PINHEIRO - FJP  ,Anual,Estadual       ,PERCENTUAL DA TAXA DE CRESCIMENTO DO PIB DE MINAS GERAIS MEDIDO PELA IBGE E FJP ,,,,False,MAIOR
133,MINAS GERAÇÃO DE VALOR,False,TAXA DE CONVERSÃO DE INVESTIMENTOS ATRAÍDOS,False,%,60.58,False,31/12/2024,60,False,60,False,60,False,60,False,AGÊNCIA DE PROMOÇÃO DE INVESTIMENTO E COMÉRCIO EXTERIOR DE MINAS GERAIS (INVEST MINAS) ,Anual,Estadual       ,TAXA DE CONVERSÃO DE INVESTIMENTOS ATRAÍDOS = (Nº DE PROJETOS DOS ÚLTIMOS CINCO ANOS EM ESTÁGIO   EM IMPLANTAÇÃO INICIADA  OU  EM OPERAÇÃO  OU  COMPROMISSO CUMPRIDO  OU  CONCLUÍDOS ) / Nº TOTAL DE PROJETOS ATRAÍDOS [DECISÃO FORMALIZADA] NOS ÚLTIMOS 5 ANOS. ,,,,False,MAIOR
89,"MEMÓRIA VIVA: DIFUSÃO CULTURAL, PATRIMÔNIO MATERIAL E IMATERIAL",False,PARTICIPAÇÃO EM EXPOSIÇÕES TEMPORÁRIAS ,False,UNIDADE,6,False,06/08/2024,10,False,10,False,10,False,10,False,RELATÓRIO EXPEDIDO PELO MUSEU HELENA ANTIPOFF ,Anual,Nacional ,SOMA DE PARTICIPAÇÃO EM EXPOSIÇÕES. ,,,,False,MAIOR
726,ACESSO À JUSTIÇA,False,NÚMERO DE PRESTAÇÕES JURÍDICAS POR 100.000 HABITANTES,False,prestação jurídica por 100 mil habitantes,15859.09,False,31/07/2026,3758435,False,3748073,False,3738363,False,3729285,False,DEFENSORIA PÚBLICA DO ESTADO DE  MINAS GERAIS,Anual,Estadual       ,(NÚMERO DE PRESTAÇÕES JURÍDICAS/POPULAÇÃO DO ESTADO DE MINAS GERAIS)*100.000.,,,,False,MAIOR
99,"DESENVOLVIMENTO DA INFRAESTRUTURA ESTADUAL, MUNICIPAL E REGIONAL",False,ÍNDICE ACUMULADO DE MUNICÍPIOS MINEIROS ATENDIDOS PELAS AÇÕES DE DESENVOLVIMENTO DA INFRAESTRUTURA,False,%,,True,,12,False,15,False,15,False,,False,"SECRETARIA DE ESTADO DE INFRAESTRUTURA, MOBILIDADE E PARCERIAS - SEINFRA",Anual,Estadual       ,"(SOMATÓRIO DO Nº DE MUNICÍPIOS ATENDIDOS COM A CELEBRAÇÃO DE CONVÊNIOS E/OU A DOAÇÃO DE MATERIAIS EM 2025, 2026, 2027 E 2028 / 853) * 100%",,"NECESSIDADE DE REVISÃO DO ÍNDICE DE REFERÊNCIA TENDO EM VISTA FATORES EXTERNOS QUE COMPROMETEM A CELEBRAÇÃO DE NOVOS INSTRUMENTOS JURÍDICOS, TAIS COMO RESTRIÇÃO DE RECURSOS E NECESSIDADE DE AUTORIZAÇÃO PRÉVIA DE OUTRO ÓRGÃO.",,False,MAIOR
151,PROMOÇÃO DA INOVAÇÃO E DA GESTÃO ESTRATÉGICA,False,EXPERIÊNCIA DA EQUIPE DEMANDANTE EM RELAÇÃO À ATUAÇÃO DO ECIA,False,Nota,9.6,False,30/06/2023,96,False,96,False,96,False,96,False,SEPLAG,Anual,Estadual       ,MÉDIA SIMPLES DAS RESPOSTAS COMPUTADAS PARA AS SEGUINTES PERGUNTAS FEITAS NOS FORMULÁRIOS DE AVALIAÇÃO DO LAB.MG E DO AUTOMATIZA.MG:  COMO VOCÊ AVALIA A SUA EXPERIÊNCIA JUNTO AO LAB.MG?  E  COMO VOCÊ AVALIA A SUA EXPERIÊNCIA JUNTO AO AUTOMATIZA.MG? ,,,,False,MAIOR
90,ASSISTÊNCIA TECNICA E EXTENSÃO RURAL PARA O ESTADO DE MINAS GERAIS,False,ATENDIMENTOS REALIZADOS EM BOVINOCULTURA,False, Nº de Atendimentos Realizados,220000,False,31/12/2022,220000,False,220000,False,220000,False,,False,EMATER MG/DEPGE,Anual,Estadual       ,NÃO SE APLICA. VALOR ABSOLUTO.,,,,False,MAIOR
27,GESTÃO AMBIENTAL.,False,"ABRANGÊNCIA DOS PROGRAMAS, PROJETOS E AÇÕES PARA PROMOÇÃO DAS POLÍTICAS PÚBLICAS DE PROTEÇÃO À FAUNA DOMÉSTICA",False,município,256,False,31/12/2025,120,False,140,False,160,False,180,False,DIRETORIA DE FAUNA DOMÉSTICA,Anual,Estadual       ,NÚMERO DE MUNICÍPIOS BENEFICIADOS COM POLÍTICAS PÚBLICAS DE FAUNA DOMÉSTICA PROMOVIDAS PELA SEMAD,,,,False,MAIOR
134,GESTÃO INTEGRADA DE SEGURANÇA PÚBLICA,False,ÍNDICE DE SATISFAÇÃO DOS DISCENTES COM OS CURSOS OFERECIDOS PELA ACADEMIA ESTADUAL DE SEGURANÇA PÚBLICA,False,Percentual %                  ,89.35,False,16/07/2026,90,False,90,False,90,False,90,False,ACADEMIA ESTADUAL DE SEGURANÇA PÚBLICA - AESP,Anual,Estadual       ,[(SOMA DAS AVALIAÇÕES DOS DISCENTES DOS CURSOS OFERECIDOS PELA AESP / NÚMERO DE ALUNOS PARTICIPANTES DOS CURSOS DA AESP)   VALOR MÍNIMO DA ESCALA] ÷ (VALOR MÁXIMO DA ESCALA   VALOR MÍNIMO DA ESCALA) X 100 ,,,,False,MAIOR
129,PREVENÇÃO À CRIMINALIDADE,False,MÉDIA MENSAL DE JOVENS EM OFICINAS DO PROGRAMA FICA VIVO!,False,JOVEM,9076,False,30/06/2026,9750,False,10000,False,10250,False,10500,False,SUBSECRETARIA DE PREVENÇÃO SOCIAL À CRIMINALIDADE,Anual,Estadual       ,(SOMATÓRIO DO NÚMERO ABSOLUTO DE JOVENS QUE FREQUENTARAM AS OFICINAS DO PROGRAMA EM CADA MÊS) / (NÚMERO DE MESES DO ANO),,,,False,MAIOR
27,GESTÃO AMBIENTAL.,False,CAPACITAÇÃO EM GEOTECNOLOGIAS,False,Percentual,133.33,False,31/12/2025,15,False,16,False,17,False,18,False,DIRETORIA DE ESTRATÉGIAS EM GEOTECNOLOGIAS E INFORMAÇÃO GEOGRÁFICA,Anual,Estadual       ,ÍNDICE = 100 X (NÚMERO DE PRODUTOS DO ANO ATUAL - NÚMERO DE PRODUTOS DO ANO ANTERIOR)/ NÚMERO DE PRODUTOS DO ANO ANTERIOR,,,,False,MAIOR
168,GESTÃO DA REDE FÍSICA ESTADUAL DE ENSINO,False,PERCENTUAL DE UNIDADES ESCOLARES COM INFRAESTRUTURA DA SUA REDE FÍSICA AVALIADA COMO BOA OU MUITO BOA,False,Porcentagem,54.15,False,31/01/2025,75,False,80,False,81,False,82,False,DIAGNÓSTICO DA INFRAESTRUTURA ESCOLAR,Anual,Estadual       ,(NÚMERO DE UNIDADES ESCOLARES (ENDEREÇOS) COM INFRAESTRUTURA AVALIADA COMO BOA OU MUITO BOA /NÚMERO TOTAL DE ESCOLAS ESTADUAIS) X 100,,,,False,MAIOR
132,MINAS EMPREENDEDORA: ESTADO MAIS SIMPLES E LIVRE PARA SE EMPREENDER,False,NÍVEL DE MATURIDADE DOS APLS,False,Número,2.23,False,31/07/2024,24,False,25,False,245,False,255,False,SECRETARIA DE ESTADO DE DESENVOLVIMENTO ECONÔMICO - DIRETORIA DE ARRANJOS PRODUTIVOS LOCAIS E COOPERATIVISMO,Anual,Estadual       ,MÉDIA ARITMÉTICA: SOMA DO NÍVEL DE MATURIDADE DE TODOS OS APLS DO EXERCÍCIO ANTERIOR / NÚMERO TOTAL DE APLS DO EXERCÍCIO ANTERIOR.,,,,False,MAIOR
50,SEGURANÇA E INTELIGÊNCIA GOVERNAMENTAL,False,ÍNDICE DE DIAS SEM INCIDENTES CONSUMADOS,False,Total de Dias Sem Incidentes Consumados,100,False,31/12/2022,100,False,100,False,100,False,100,False,SUPERINTENDÊNCIA DE SEGURANÇA E INTELIGÊNCIA,Anual,Estadual       ,ÍNDICE DIAS SEM INCIDENTES CONSUMADOS = NÚMERO TOTAL DE DIAS SEM INCIDENTES CONSUMADOS X 100 / NÚMERO DE DIAS DO ANO,,,,False,MAIOR
160,MELHORIA DA GESTÃO LOGÍSTICA E PATRIMONIAL,False,EFICÁCIA DA GESTÃO DE IMÓVEIS DO ESTADO DE MINAS GERAIS,False,%,,True,,85,False,90,False,90,False,90,False,SECRETARIA DE ESTADO DE PLANEJAMENTO E GESTÃO ,Anual,Estadual       ,"MÉDIA DAS FAIXAS DE ATENDIMENTO DAS ENTREGAS DA DESTINAÇÃO DE IMÓVEIS E DO INVENTÁRIO DE IMÓVEIS.   AS FAIXAS SÃO DEFINIDAS A PARTIR DO CÁLCULO DA RAZÃO ENTRE O QUANTITATIVO REALIZADO E O ESTIMADO PARA CADA ENTREGA.   VALORES INFERIORES A 50% CORRESPONDEM À FAIXA 0%. JÁ OS VALORES IGUAIS OU SUPERIORES A 50% CORRESPONDEM À FAIXA DE DEZENA SEGUINTE AO SEU VALOR. POR FIM, OS VALORES SUPERIORES A 100% CORRESPONDEM À FAIXA DE 100%.  POSTERIORMENTE SERÁ CALCULADA A MÉDIA DAS FAIXAS DE ATENDIMENTO REFERENTES AOS IMÓVEIS INVENTARIADOS E IMÓVEIS DESTINADOS. ",,"O indicador está sendo calculado pela primeira vez para o exercício de 2026. Como a contratação da empresa responsável pelo inventário do primeiro lote de imóveis foi concluída, o índice será calculado em dezembro. ",,False,MAIOR
76,DESENVOLVIMENTO DA EDUCAÇÃO PROFISSIONAL TÉCNICA,False,ALUNO ATENDIDO,False,UNIDADE,880,False,24/07/2024,1360,False,1360,False,1360,False,1360,False,FUNDAÇÃO HELENA ANTIPOFF,Mensal,Estadual       ,NUMERO DE ALUNOS ATENDIDOS DA EP + Nº DE ALUNOS ATENDIDOS NO EMTI PROFISSIONAL,,,,False,MAIOR
134,GESTÃO INTEGRADA DE SEGURANÇA PÚBLICA,False,NÍVEL DE SERVIÇO DO CENTRO INTEGRADO DE ATENDIMENTO E DESPACHO (CIAD),False,Percentual %                  ,96.65,False,18/07/2025,90,False,90,False,90,False,90,False,PROGRAMA DE GERENCIAMENTO DAS LIGAÇÕES,Anual,Regional       ,"[(NS ANUAL CICOP*8,0) + (NS ANUAL COBOM*1,5) + (NS ANUAL CEPOLC*0,5)]/10 NS ANUAL DE CADA CENTRO = MÉDIA LIGAÇÕES ANUAIS ATENDIDAS EM 10 SEGUNDOS/MÉDIA LIGAÇÕES ANUAIS RECEBIDAS ",,,,False,MAIOR
132,MINAS EMPREENDEDORA: ESTADO MAIS SIMPLES E LIVRE PARA SE EMPREENDER,False,MUNICÍPIOS MINEIROS DE GRAU DE MATURIDADE EM NÍVEL INTERMEDIÁRIO OU SUPERIOR EM LIBERDADE ECONÔMICA ,False,UNIDADE,43,False,31/12/2024,250,False,400,False,310,False,420,False,JUNTA COMERCIAL DO ESTADO DE MINAS GERAIS - JUCEMG / SUBSECRETARIA DE LIBERDADE ECONÔMICAE EMPREENDEDORISMO - SEDE,Anual,Estadual       ,"NÚMERO DE MUNICÍPIOS QUE SE ENCAIXEM NO GRAU INTERMEDIÁRIO OU SUPERIOR. PARA FINS DE CÁLCULOS CONSIDERA-SE:  INICIANTE: MUNICÍPIO QUE APRESENTA LEGISLAÇÃO DE LIBERDADE ECONÔMICA PUBLICADA (DECRETO OU LEI) E ALGUM INSTRUMENTO DE PUBLICIDADE DESSA PUBLICAÇÃO (COMUNICAÇÃO VIA PÁGINAS GOVERNAMENTAIS, EVENTOS DE ASSINATURA, ENTRE OUTROS).  INTERMEDIÁRIO: MUNICÍPIO QUE ADERIU AO PACOTE DE ATIVIDADES DE BAIXO RISCO COM DISPENSA DE ALVARÁ SEGUNDO A RESOLUÇÃO CGSIM N° 52/2020 OU COM NÚMERO DE ATIVIDADES SUPERIOR, E APRESENTA SISTEMA DA REDESIM AUTOMATIZADO E INTEGRADO.  AVANÇADO: MUNICÍPIO QUE APRESENTA IMPLEMENTAÇÃO EFETIVA DA APROVAÇÃO TÁCITA, ADESÃO DE AO MENOS UMA NORMATIVA DO PACOTE LEGISLATIVO (NORMATIVAS ESPECÍFICAS), REALIZAÇÃO DE MUNICIPALIZAÇÃO DE UMA ATIVIDADE (VIGILÂNCIA SANITÁRIA, LICENCIAMENTO AMBIENTAL OU INSPEÇÃO SANITÁRIA) E LEI DE LIBERDADE ECONÔMICA PUBLICADA (AQUI NÃO É CONTABILIZADO DECRETO).  PLENO: MUNICÍPIO QUE APRESENTA IMPLEMENTAÇÃO EFETIVA DA VINCULAÇÃO DAS DECISÕES ADMINISTRATIVAS E ADESÃO A 100% DOS SERVIÇOS DO PACOTE LEGISLATIVOS (NORMATIVAS ESPECÍFICAS). ",,,,False,MAIOR
167,PROGRAMA ESTADUAL DE DESENVOLVIMENTO DA EDUCAÇÃO BÁSICA,False,PROFICIÊNCIA MÉDIA DOS ESTUDANTES DA REDE ESTADUAL DO 9° ANO DO ENSINO FUNDAMENTAL EM LÍNGUA PORTUGUESA (SIMAVE),False,número absoluto,252.7,False,08/06/2026,25856,False,26242,False,26627,False,27013,False,SISTEMA MINEIRO DE AVALIAÇÃO E EQUIDADE DA EDUCAÇÃO PÚBLICA - SIMAVE,Anual,Estadual       ,MÉDIA DA PROFICIÊNCIA DOS ESTUDANTES AVALIADOS EM LÍNGUA PORTUGUESA.,,,,False,MAIOR
58,POLÍTICAS DE ATENÇÃO HOSPITALAR,False,RESOLUBILIDADE NA MÉDIA COMPLEXIDADE HOSPITALAR,False,%,49.43,False,31/12/2025,69,False,69,False,69,False,69,False,SISTEMA DE INFORMAÇÃO HOSPITALAR (SIH) ,Anual,Regional       ,(NÚMERO DE MICRORREGIÕES DE SAÚDE COM RESOLUBILIDADE >= A 80% / TOTAL DE MICRORREGIÕES DE SAÚDE)*100,,,,False,MAIOR
88,SERVIÇOS DE SAÚDE PRESTADOS PELO IPSEMG NA REDE PRÓPRIA,False,MÉDIA DE PERMANÊNCIA - HGIP    ,False,dias,5.8,False,30/06/2026,58,False,575,False,57,False,565,False,RELATÓRIO DO SISTEMA DRG SIGCLINIC (DIAGNOSIS RELATED GROUP),Mensal,Municipal      ,SOMA DOS TEMPOS DE ESTADIA DOS PACIENTES-DIA / TOTAL DE SAÍDAS    ,,,,False,MENOR
746,CONTROLE EXTERNO DA GESTÃO DOS RECURSOS PÚBLICOS,False,ÍNDICE DE CUMPRIMENTO DO PLANO ANUAL DE FISCALIZAÇÃO.,False,%,93.71,False,31/12/2024,80,False,80,False,80,False,80,False,SUPERINTENDÊNCIA DE CONTROLE EXTERNO,Anual,Estadual       ,(PONTOS TOTAIS OBTIDOS / PONTOS TOTAIS POSSÍVEIS DE OBTER) X 100.,,,,False,MAIOR
143,"MG TECH - POLÍTICAS DE CIÊNCIA, TECNOLOGIA E INOVAÇÃO",False,PARTICIPAÇÃO DE MINAS GERAIS NO PIB BRASILEIRO,False,%,9.5,False,07/12/2023,91,False,92,False,915,False,925,False,FUNDAÇÃO JOÃO PINHEIRO (FJP),Anual,Estadual       ,PIB DE MINAS GERAIS DIVIDIDO PELO PIB DO BRASIL ,,,,False,MAIOR
88,SERVIÇOS DE SAÚDE PRESTADOS PELO IPSEMG NA REDE PRÓPRIA,False,TAXA DE MORTALIDADE INSTITUCIONAL - HGIP    ,False,Percentual,3.18,False,30/06/2026,36,False,355,False,35,False,345,False,RELATÓRIO DO SISTEMA DRG SIGCLINIC (DIAGNOSIS RELATED GROUP),Mensal,Municipal      ,(NÚMERO DE ÓBITOS APÓS 24 HORAS DE INTERNAÇÃO / TOTAL DE SAÍDAS) X 100    ,,,,False,MENOR
22,"CONSTRUINDO O FUTURO POR MEIO DA CIÊNCIA, DA TECNOLOGIA E DA INOVAÇÃO",False,EXECUÇÃO INTEGRAL DO 1% CONSTITUCIONAL DE CT&I,False,%,99.85,False,31/12/2022,100,False,100,False,100,False,100,False,SISTEMA DE INTEGRADO DE ADMINISTRAÇÃO FINANCEIRA   SIAFI E FUNDAÇÃO DE AMPARO À PESQUISA DE MINAS GERAIS - FAPEMIG ,Anual,Estadual       ,TOTAL DA DESPESA EMPENHADA EM FONTE 10 (RECURSOS DO TESOURO ESTADUAL) NA U.O. FAPEMIG DIVIDIDO POR UM POR CENTO DA RECEITA ORÇAMENTÁRIA CORRENTE ORDINÁRIA (ART 212 CONSTITUIÇÃO ESTADUAL MINEIRA) ,,,,False,MAIOR
109,Gestão de Cerimonial e Eventos ,False,Índice de eventos realizados nas 13 regiões geográficas intermediárias mineiras.,False,Percentual %                  ,100,False,31/12/2025,80,False,80,False,80,False,80,False,Subsecretaria de Cerimonial e Eventos ,Anual,Estadual       ,Quantidade de regiões geográficas que tiveram eventos x 100/ Quantidade total de regiões geográficas intermediárias. ,,,,False,MAIOR
157,GESTÃO DO PLANEJAMENTO ORÇAMENTÁRIO GOVERNAMENTAL ,False,PERCENTUAL DE PROGRAMAS DO GOVERNO ESTADUAL COM INDICADORES DE MONITORAMENTO,False,%,51.7,False,07/07/2025,523,False,526,False,529,False,532,False,SEPLAG   DCPPN ,Anual,Estadual       ,NÚMERO DE PROGRAMAS COM INDICADORES VINCULADOS / NÚMERO DE PROGRAMAS NA BASE DO PLANO PLURIANUAL DE AÇÃO GOVERNAMENTAL,,,,False,MAIOR
130,INFRAESTRUTURA DO SISTEMA PRISIONAL,False,NÚMERO DE INDIVÍDUOS PRIVADOS DE LIBERDADE CUSTODIADOS EM UNIDADES PRISIONAIS POR VAGA DISPONÍVEL EM UNIDADES PRISIONAIS,True,TAXA DE OCUPAÇÃO,1.63,False,30/06/2025,168,False,171,False,174,False,,False,SUPERINTENDÊNCIA DE GESTÃO DE VAGAS,Anual,Estadual       ,SOMA DA POPULAÇÃO CARCERÁRIA EM UNIDADES PRISIONAIS DO ESTADO / SOMA DAS VAGAS DISPONÍVEIS NAS UNIDADES PRISIONAIS DO ESTADO,,,,False,MENOR
746,CONTROLE EXTERNO DA GESTÃO DOS RECURSOS PÚBLICOS,False,QUANTIDADE DE INDÍCIOS DE IRREGULARIDADE EM TRILHAS DE ATOS DE PESSOAL DECORRENTES DE CRUZAMENTO DE DADOS E LEVADAS AO CONHECIMENTO DOS JURISDICIONADOS,False,UNIDADE,16314,False,31/12/2025,7000,False,7000,False,7000,False,7000,False, TRIBUNAL DE CONTAS DE MINAS GERAIS,Anual,Estadual       ,NÚMERO ABSOLUTO DE INDÍCIOS DE IRREGULARIDADE EM TRILHAS DE ATOS DE PESSOAL DECORRENTES DO CRUZAMENTO DE DADOS QUE FORAM LEVADOS AO CONHECIMENTO DOS JURISDICIONADOS,,"O INDICADOR FOI ALTERADO EM SUA REDAÇÃO PARA MAIOR QUALIFICAÇÃO DAS AÇÕES DE CONTROLE, PORTANTOO PRIMEIRO EXERCÍCIO DE REFERÊNCIA SERÁ 2026.",,False,MAIOR
58,POLÍTICAS DE ATENÇÃO HOSPITALAR,False,TAXA DE MORTALIDADE POR SUICÍDIO,True,1/100.000,1647,False,31/12/2020,1540,False,1540,False,1540,False,,False,HTTPS://SIDRA.IBGE.GOV.BR/TABELA/8183,Anual,Estadual       ,[(NÚMERO DE ÓBITOS POR SUICÍDIO NA POPULAÇÃO COM 5 ANOS OU MAIS)/(POPULAÇÃO TOTAL RESIDENTE COM 5 ANOS OU MAIS)] X 100.000,,,,False,MAIOR
120,Produção e veiculação do Diário Oficial Eletrônico Minas Gerais,False,DIÁRIOS OFICIAIS PUBLICADOS NA INTERNET (EM ANOS),False,ANO,9,False,12/01/2026,8,False,8,False,8,False,8,False,"Diretoria de Editoração e Publicação e Diretoria de Gestão e Relacionamento, ambas subordinadas a SGDOF",Anual,Estadual       ,"Va =  N-hist + N-atual, onde: Va = valor apurado N-hist = total de anos do DOMG-e compreendidos entre 1944 e 2009, digitalizados e publicados na internet N-atual = 1 ano do DOMG-e, referente ao ano corrente da apuração ",,,,False,MAIOR
49,ADMINISTRAÇÃO DOS PRÉDIOS GOVERNAMENTAIS,False,ÍNDICE DE SATISFAÇÃO DOS SERVIÇOS CONSERVAÇÃO E MANUTENÇÃO ,False,Percentual,85.7,False,31/03/2023,90,False,90,False,90,False,90,False,SUPERINTENDÊNCIA DE LOGÍSTICA,Anual,Estadual       ,FÓRMULA ISS = [(QRP-QRD)] / [(QRP + QRN + QRD)] X 100 IGSS = (ISSRC) + (ISSCZ) + (ISSCP) + (ISSLC)  / 2 LEGENDA DA FÓRMULA: IGSS = ÍNDICE GERAL DE SATISFAÇÃO DOS SERVIÇOS ISSRC = ÍNDICE DE SATISFAÇÃO DOS SERVIÇOS DE RECEPÇÃO ISSCZ = ÍNDICE DE SATISFAÇÃO DOS SERVIÇOS DE COZINHA ISSCP = ÍNDICE DE SATISFAÇÃO DOS SERVIÇOS DE COPA ISSCL = ÍNDICE DE SATISFAÇÃO DOS SERVIÇOS DE CONSERVAÇÃO E LIMPEZA QRP = QUANTITATIVO DE RESPOSTAS PROMOTORAS: 9 E 10 QRN = QUANTITATIVO DE RESPOSTAS NEUTRAS: 7 E 8 QRD = QUANTITATIVO DE RESPOSTAS DETRATORAS: 0 A 6 ISS = ÍNDICE DE SATISFAÇÃO DOS SERVIÇOS,,,,False,MAIOR
58,POLÍTICAS DE ATENÇÃO HOSPITALAR,False,"TAXA DE MORTALIDADE POR DOENÇAS DO APARELHO CIRCULATÓRIO, TUMORES MALIGNOS, DIABETES MELLITUS E DOENÇAS CRÔNICAS RESPIRATÓRIAS (30 A 69 ANOS)",False,1/100.000,31742,False,31/12/2023,29900,False,29900,False,29900,False,29900,False,HTTPS://SIDRA.IBGE.GOV.BR/TABELA/4277,Anual,Estadual       ,"(NÚMERO DE ÓBITOS ATRIBUÍDOS A DOENÇAS CARDIOVASCULARES, CÂNCER, DIABETES OU DOENÇAS RESPIRATÓRIAS CRÔNICAS NA POPULAÇÃO DE 30 A 69 ANOS",,,,False,MENOR
167,PROGRAMA ESTADUAL DE DESENVOLVIMENTO DA EDUCAÇÃO BÁSICA,False,IDEB ANOS INICIAIS DO ENSINO FUNDAMENTAL ,False,número absoluto,6.3,False,07/08/2026,688,False,1,False,706,False,,True,INEP - INSTITUTO NACIONAL DE ESTUDOS E PESQUISAS EDUCACIONAIS ANÍSIO TEIXEIRA,Bianual,Estadual       ,DESEMPENHO NAS AVALIAÇÕES DO SAEB X INDICADOR DE RENDIMENTO,"TRATA-SE DE INDICADOR BIANUAL, POR ISTO 2028 E 2030 NÃO É POSSÍVEL APRESENTAR OS ÍNDICES; BEM COMO AS METAS APRESENTADAS NÃO SÃO METAS OFICIAIS DO INEP, TRATANDO-SE DE REFERÊNCIAS TÉCNICAS PARA PLANEJAMENTO, JÁ QUE NÃO HÁ UM PLANO OFICIAL PARA 2027/2031 (BRASIL, 2026). PARA 2028, FOI LANÇADO O VALOR DE 0,01 COMO ÍNDICE, POSTO QUE O SISTEMA NÃO DEIXA SALVAR COMO 0,00.","TRATA-SE DE INDICADOR BIANUAL, POR ISTO 2028 E 2030 NÃO É POSSÍVEL APRESENTAR OS ÍNDICES; BEM COMO AS METAS APRESENTADAS NÃO SÃO METAS OFICIAIS DO INEP, TRATANDO-SE DE REFERÊNCIAS TÉCNICAS PARA PLANEJAMENTO, JÁ QUE NÃO HÁ UM PLANO OFICIAL PARA 2027/2031 (BRASIL, 2026). PARA 2028, FOI LANÇADO O VALOR DE 0,01 COMO ÍNDICE, POSTO QUE O SISTEMA NÃO DEIXA SALVAR COMO 0,00.",,False,MAIOR
88,SERVIÇOS DE SAÚDE PRESTADOS PELO IPSEMG NA REDE PRÓPRIA,False,MÉDIA MENSAL DE CIRURGIAS REALIZADAS - HGIP        ,False,Cirurgias/mês,495,False,30/06/2026,550,False,600,False,650,False,700,False,RELATÓRIO DO SISTEMA SOUL MV       ,Mensal,Municipal      ,NÚMERO DE CIRURGIAS REALIZADAS NO HGIP / NÚMERO DE MESES APURADOS        ,,,,False,MAIOR
36,IDENTIFICAÇÃO CIVIL E CRIMINAL,False,Unidade de identidade emitida,False,Número de atividades/eventos,,True,17/07/2026,3000000,False,3000000,False,3000000,False,3000000,False,,Anual,Estadual       ,"Número de identidades emitidas e enviadas ao cidadão, bem como demais identificações civis e criminais",,~´weihgf~laksndgwajodfh~aisjd~fliwahdgçkjASHDÇGKHASÇ DGJHASÇJDG~ASHDG,,True,MAIOR
39,GESTÃO DA ASSISTÊNCIA À SAÚDE,False,PROPORÇÃO DE CONSULTAS MÉDICAS EM PRONTO SOCORRO    ,False,Percentual,30.68,False,30/06/2026,20,False,20,False,20,False,20,False,SISTEMA DE AUTORIZAÇÃO E FATURAMENTO ELETRÔNICO (SAFE) DO IPSEMG    ,Mensal,Estadual       ,"[TOTAL DE CONSULTAS MÉDICAS DE URGÊNCIA E DE PRONTO SOCORRO REALIZADAS / TOTAL DE CONSULTAS MÉDICAS (ELETIVAS, DE URGÊNCIA E DE PRONTO SOCORRO) REALIZADAS] X 100    ",,,,False,MENOR
69,"FOMENTO AO ESPORTE, À ATIVIDADE FÍSICA E AO LAZER",False,PERCENTUAL DE MUNICÍPIOS MINEIROS COM BAIXO IDH-M ATENDIDOS POR AÇÕES DA SUBSECRETARIA DE ESPORTES,False,Percentual,43.84,False,28/07/2021,75,False,77,False,79,False,81,False,SUBSECRETARIA DE ESPORTES A PARTIR DO REGISTRO DE EXECUÇÃO FÍSICA NO SIGPLAN,Anual,Estadual       ,(NUMERO DE MUNICÍPIOS COM IDH-M BAIXO BENEFICIADOS POR NO MÍNIMO UMA AÇÃO DA SUBSECRETARIA DE ESPORTES NO ANO ANTERIOR / TOTAL DE MUNICIPIOS MINEIROS COM IDH-M BAIXO) *100,,,,False,MAIOR
146,PROMOÇÃO DA POLÍTICA SOCIOEDUCATIVA PARA ATENDIMENTO AOS ADOLESCENTES EM CONFLITO COM A LEI,False,ÍNDICE PROFISSIONALIZAÇÃO,False,%,82.23,False,16/07/2026,85,False,88,False,90,False,92,False,PAINEL SUASE ,Anual,Estadual       ,(MÉDIA ANUAL DO INDICADOR CURSOS PROFISSIONALIZANTES + MÉDIA ANUAL DO INDICADOR OFICINA DE ORIENTAÇÃO PROFISSIONAL) / 2,,,,False,MAIOR
147,GESTÃO DE PESSOAS,False,PERÍCIAS MÉDICAS AGENDADAS TEMPESTIVAMENTE ,False,%,10.72,False,31/12/2024,35,False,40,False,45,False,55,False,SUPERINTENDÊNCIA CENTRAL DE PERÍCIA MÉDICA E SAÚDE OCUPACIONAL ,Anual,Estadual       ,(SOMATÓRIO DO NÚMERO DE PERÍCIAS AGENDADAS DENTRO DO PRAZO DE CINCO DIAS ÚTEIS / SOMATÓRIO DO NÚMERO TOTAL DE PERÍCIAS AGENDADAS) X 100 ,,,,False,MAIOR
46,SUPORTE AÉREO AOS SERVIÇOS PÚBLICOS ESTADUAIS,False,ÍNDICE DE UTILIZAÇÃO SOCIAL DO TRANSPORTE AÉREO,False,Percentual,60,False,31/07/2023,60,False,60,False,60,False,60,False,SISTEMA INTEGRADO DE GESTÃO DE AERONAVES-SIGA,Anual,Estadual       ,IUSTA = (NHVS+NHVMA+NHVDC+NHOAS) / X 100  Nº DE HORAS VOADAS ,,,,False,MAIOR
146,PROMOÇÃO DA POLÍTICA SOCIOEDUCATIVA PARA ATENDIMENTO AOS ADOLESCENTES EM CONFLITO COM A LEI,False,ÍNDICE SAÚDE,False,%,94.53,False,16/07/2026,95,False,95,False,95,False,95,False,PAINEL SUASE ,Anual,Estadual       ,(MÉDIA ANUAL DO INDICADOR ATENDIMENTO EM SAÚDE + MÉDIA ANUAL DO INDICADOR OFICINAS DE SAÚDE + MÉDIA ANUAL DO INDICADOR ATENDIMENTO ODONTOLÓGICO) / 3,,,,False,MAIOR
172,PROGRAMA ESTADUAL DE COOPERACAO ESTADO-MUNICIPIO NA AREA EDUCACIONAL,False,NÚMERO DE MATRÍCULAS ABSORVIDAS,False,UNIDADE,16000,False,20/07/2026,16000,False,16000,False,16000,False,16000,False,PAINÉL SIMADE - SISTEMA MINEIRO DE ADMINISTRAÇÃO ESCOLAR,Anual,Estadual       ,N° GERAL DE MATRÍCULAS DA REDE ESTADUAL ABSORVIDAS PELOS MUNICÍPIOS POR ANO (SOMA).,,,,True,MAIOR
88,SERVIÇOS DE SAÚDE PRESTADOS PELO IPSEMG NA REDE PRÓPRIA,False,TAXA DE OCUPAÇÃO HOSPITALAR - HGIP    ,False,Percentual,73.37,False,30/06/2026,80,False,80,False,80,False,80,False,RELATÓRIO DO SISTEMA SOUL MV    ,Mensal,Municipal      ,(TOTAL DE PACIENTES-DIA NO PERÍODO / TOTAL DE LEITOS-DIAS OPERACIONAIS NO PERÍODO) X 100    ,,,,False,MAIOR
63,VIGILÂNCIA EM SAÚDE,False,PERCENTUAL DE CASOS DE DOENÇAS DE NOTIFICAÇÃO COMPULSÓRIA (DNC) DIGITADOS NO SINAN COM ENCERRAMENTO OPORTUNO DA INVESTIGAÇÃO,False,%,84.53,False,28/07/2023,89,False,90,False,90,False,90,False,SISTEMA DE INFORMAÇÃO DE AGRAVOS DE NOTIFICAÇÃO (SINAN),Anual,Estadual       ,"(NÚMERO DE CASOS DE DNC NOTIFICADOS E ENCERRADOS OPORTUNAMENTE, POR RESIDÊNCIA EM MINAS GERAIS/ NÚMERO DE CASOS DE DNC NOTIFICADOS, POR RESIDÊNCIA EM MINAS GERAIS) X 100 ",,,,False,MAIOR
58,POLÍTICAS DE ATENÇÃO HOSPITALAR,False,RAZÃO DE MORTALIDADE MATERNA,False,1/100.000,32.96,False,31/12/2025,30,False,30,False,30,False,30,False,SIM-SINASC,Anual,Estadual       ,[(NÚMERO DE ÓBITOS MATERNOS)/(QUANTIDADE DE NASCIDOS VIVOS)] X 100.000,,,,False,MENOR
167,PROGRAMA ESTADUAL DE DESENVOLVIMENTO DA EDUCAÇÃO BÁSICA,False,PROFICIÊNCIA MÉDIA DOS ALUNOS DO 3° ANO DO ENSINO MÉDIO EM LÍNGUA PORTUGUESA (SIMAVE) ,False,número absoluto,273.2,False,06/08/2026,25723,False,25772,False,25821,False,2587,False,SISTEMA MINEIRO DE AVALIAÇÃO E EQUIDADE DA EDUCAÇÃO PÚBLICA - SIMAVE,Anual,Estadual       ,MÉDIA DA PROFICIÊNCIA DOS ESTUDANTES AVALIADOS EM LÍNGUA PORTUGUESA,,,,False,MAIOR
746,CONTROLE EXTERNO DA GESTÃO DOS RECURSOS PÚBLICOS,False,VOLUME DE RECURSOS PÚBLICOS AFETOS A PROCESSOS LICITATÓRIOS SUBMETIDOS À FISCALIZAÇÃO POR MEIO DE TRILHAS ELETRÔNICAS,False,bilhões de Reais (R$),14.4,False,31/12/2024,15,False,15,False,15,False,15,False,TRIBUNAL DE CONTAS DO ESTADO DE MINAS GERAIS,Anual,Estadual       ,"VALOR, EM BILHÕES DE REAIS, DA SOMA DOS RECURSOS ENVOLVIDOS NOS PROCESSOS LICITATÓRIOS ANALISADOS NAS TRILHAS ELETRÔNICAS DE FISCALIZAÇÃO ",,,,False,MAIOR
42,DESENVOLVIMENTO DA EDUCAÇÃO BÁSICA,False,TAXA DE CONCLUSÃO DO 3º ANO DO ENSINO MÉDIO ,False,%,79,False,25/07/2024,87,False,87,False,87,False,87,False,RELATÓRIO EXPEDIDO PELA GERÊNCIA DE ENSINO BÁSICO ,Anual,Estadual       ,(Nº DE ALUNO DO 3º ANO DO ENSINO MÉDIO APROVADOS/ Nº TOTAL DE ALUNSO DO 3º ANO ENSINO MÉDIO)X100,,,,False,MAIOR
131,"ARTICULAÇÃO INTERFEDERATIVA,  ATRAÇÃO DE INVESTIMENTOS, CAPTAÇÃO E TRANSFERÊNCIA DE RECURSOS E PARCERIAS",False,PERCENTUAL DE PROPOSTAS DE CAPTAÇÃO DE RECURSOS APRESENTADAS COM PRÉ-QUALIFICAÇÃO REALIZADA ,False,Percentual,100,False,31/12/2025,100,False,100,False,100,False,100,False,"Secretaria-Geral, com base nos controles internos de pareceres finais emitidos e registrados  no SEI, no Painel Gerencial da DCGCE no QlikView e na base de propostas do Transferegov.br.",Anual,Estadual       ,(NÚMERO DE PROPOSTAS CADASTRADAS E ENVIADAS PELOS PROPONENTES NA PLATAFORMA  TRANSFEREGOV.BR PRÉ-QUALIFICADAS PELA DCGCE/ NÚMERO DE PROPOSTAS CADASTRADAS E ENVIADAS PELOS PROPONENTES NA PLATAFORMA  TRANSFEREGOV.BR) * 100 ,,,,False,MAIOR
129,PREVENÇÃO À CRIMINALIDADE,False,MÉDIA MENSAL DE PESSOAS ATENDIDAS PELO PROGRAMA MEDIAÇÃO DE CONFLITOS ,False,pessoas atendidas/mês,3228,False,30/06/2026,3750,False,4000,False,4250,False,4500,False,SUBSECRETARIA DE PREVENÇÃO SOCIAL À CRIMINALIDADE,Anual,Estadual       ,(SOMATÓRIO DO NÚMERO ABSOLUTO DE PESSOAS ATENDIDAS PELO PROGRAMA EM CADA MÊS / NÚMERO DE MESES DO ANO) ,,,,False,MAIOR
130,INFRAESTRUTURA DO SISTEMA PRISIONAL,False,NÚMERO DE INDIVÍDUOS PRIVADOS DE LIBERDADE CUSTODIADOS EM CUSTÓDIAS ALTERNATIVAS (APAC E CURAR) POR VAGAS DISPONÍVEIS EM CUSTÓDIAS ALTERNATIVAS (APAC E CURAR),False,TAXA DE OCUPAÇÃO,0.88,False,17/07/2026,88,False,88,False,88,False,88,False,SUPERINTENDÊNCIA DO OBSERVATÓRIO DE SEGURANÇA PÚBLICA,Anual,Estadual       ,SOMA DA POPULAÇÃO CARCERÁRIA CUSTODIADAS EM APACS NO ESTADO / SOMA DAS VAGAS DISPONÍVEIS EM APACS NO ESTADO.,,,,False,MAIOR
5,"PROGRAMA MINEIRO DE ACESSIBILIDADE, INCLUSÃO E SAÚDE (PROMAIS)",False,ALCANCE DAS CAMPANHAS DE INFORMAÇÃO E CONSCIENTIZAÇÃO ,False,Número de Visualizações,848214,False,29/05/2026,1200000,False,1200000,False,1500000,False,1500000,False,ASSCOM SCC ,Anual,Estadual       ,NÚMERO TOTAL DE VISUALIZAÇÕES EM CADA CAMPANHA (SOMADAS TODAS AS PLATAFORMAS E CONTEÚDO PUBLICADO). ,,,,False,MAIOR
43,DESJUDICIALIZA MINAS,False,TAXA DE IINCREMENTO DE NOVAS CITAÇÕES,False,Taxa,8,False,19/07/2023,5,False,5,False,5,False,5,False,AEST,Anual,Estadual       ,A TAXA DE INCREMENTO DE CITAÇÕES É ESTIMADA A PARTIR DO CRESCIMENTO ABSOLUTO EM CITAÇÕES ENTRE DOIS ANOS CONFORME A SEGUINTE FÓRMULA {[(CITAÇÕES DO A-1) - (CITAÇÕES A)/(CITAÇÕES DO A-1]*100},,,,False,MENOR
163,ALIMENTAÇÃO ESCOLAR,False,PERCENTUAL DE ALIMENTOS ADQUIRIDOS DA AGRICULTURA FAMILIAR - PNAE,False,Percentual,30,False,28/07/2026,45,False,45,False,45,False,45,False,SUPERINTENDÊNCIA DE PLANEJAMENTO E FINANÇAS ,Anual,Estadual       ,(VALOR DA AQUISIÇÃO DE ALIMENTAÇÃO ESCOLAR ADVINDA DA AGRICULTURA FAMILIAR / VALOR DE TODAS AS AQUISIÇÕES) * 100,,,,False,MAIOR
7,EDUCAÇÃO SUPERIOR,False,PERCENTUAL DE ALUNOS ENVOLVIDOS EM ATIVIDADES DE EXTENSÃO UNIVERSITÁRIA,False,%,24.45,False,31/12/2022,32,False,35,False,38,False,40,False,PRÓ-REITORIA DE EXTENSÃO,Anual,Regional       ,NAEXT/NAT   NAEXT: NÚMERO DE ALUNOS COM PARTICIPAÇÃO EFETIVA NA EXTENSÃO NAT: NÚMERO TOTAL DE ALUNOS MATRICULADOS EM CURSOS PRESENCIAIS DE GRADUAÇÃO,,,,True,MAIOR
726,ACESSO À JUSTIÇA,False,NÚMERO DE DEFENSORES PÚBLICOS POR 100.000 HABITANTES,False,Defensores por 100 mil habitantes,3.54,False,31/07/2026,353,False,352,False,351,False,35,False,DEFENSORIA PÚBLICA DO ESTADO DE MINAS GERAIS,Anual,Estadual       ,(NÚMERO DE DEFENSORES PÚBLICOS/POPULAÇÃO DO ESTADO DE MINAS GERAIS)*100.000,,,,False,MAIOR
61,ATENÇÃO ESPECIALIZADA À SAÚDE,False,"Percentual de consultas, exames e/ou procedimentos das linhas de cuidado prioritárias realizados na Atenção Ambulatorial Especializada",False,Percentual,82.13,False,31/12/2025,85,False,85,False,85,False,85,False,SUPERINTENDÊNCIA DE ATENÇÃO ESPECIALIZADA,Anual,Estadual       ,"(Número de consultas, exames e/ou procedimentos realizados nos pontos da AAE financiados ou cofinanciados com recurso estadual/Número de consultas, exames e/ou previstos nas metas pactuadas com a SES/MG pelos pontos da AAE  financiados ou cofinanciados com recurso estadual) * 100 ",,,,False,MAIOR
90,ASSISTÊNCIA TECNICA E EXTENSÃO RURAL PARA O ESTADO DE MINAS GERAIS,False,ATENDIMENTOS REALIZADOS EM SEGURANÇA HÍDRICA E SUSTENTABILIDADE AMBIENTAL,False, Nº de Atendimentos Realizados,240000,False,31/12/2022,240000,False,240000,False,240000,False,,False,EMATER MG/DEPGE,Anual,Estadual       ,NÃO SE APLICA. VALOR ABSOLUTO.,,,,False,MAIOR
132,MINAS EMPREENDEDORA: ESTADO MAIS SIMPLES E LIVRE PARA SE EMPREENDER,False,TAXA DE OCUPAÇÃO,False,%,94.8,False,31/12/2024,954,False,956,False,955,False,957,False,INSTITUTO BRASILEIRO DE GEOGRAFIA E ESTATÍSTICA - IBGE / SECRETARIA DE DE ESTADO DE DESENVOLVIMENTO SOCIAL - SEDESE ,Anual,Estadual       ,(Nº DE OCUPADOS / POPULAÇÃO ECONOMICAMENTE ATIVA) X 100 ,,,,False,MAIOR
103,"ESPAÇOS CULTURAIS, CORPOS ARTÍSTICOS E ÓRGÃOS COLEGIADOS",False,PÚBLICO DO CIRCUITO LIBERDADE,False,visitante,4050716,False,31/12/2025,2711407,False,3253688,False,3579056,False,3252688,False,FUNDAÇÃO CLÓVIS SALGADO - FCS,Anual,Municipal      ,"SOMA DO NÚMERO DE VISITANTES PRESENCIAIS E DO NÚMERO DE PARTICIPANTES DAS AÇÕES REALIZADAS NO TERRITÓRIO DEFINIDO PELO § 1º, ART. 2º DECRETO Nº 48.074/2020, DESDE QUE VINCULADAS AOS EQUIPAMENTOS CULTURAIS DO CIRCUITO LIBERDADE.",,,,True,MAIOR
69,"FOMENTO AO ESPORTE, À ATIVIDADE FÍSICA E AO LAZER",False,TAXA DE INTERIORIZAÇÃO DO PROGRAMA,False,PERCENTAGEM,86.29,False,31/12/2023,90,False,90,False,90,False,89,False,SUBSECRETARIA DE ESPORTES A PARTIR DO REGISTRO DE EXECUÇÃO ORÇAMENTÁRIA NO SIAFI/SIGPLAN,Anual,Estadual       ,"SOMATÓRIA DA DESPESA REALIZADA DO PROGRAMA EM TODAS AS REGIÕES DE PLANEJAMENTO EXCETO A REGIÃO INTERMEDIÁRIA DE BELO HORIZONTE NO ANO ANTERIOR / DESPESA TOTAL REALIZADA DE FOMENTO DO ESPORTE, DA ATIVIDADE FÍSICA E DO LAZER NO ANO ANTERIOR X100",,,,False,MAIOR
760,CAPACITAÇÃO E ORIENTAÇÃO PARA MELHORAR A GESTÃO DOS RECURSOS PÚBLICOS,False,PERCENTUAL DE SERVIDORES QUE EXERÇAM ATIVIDADES DE FISCALIZAÇÃO QUE REALIZARAM 40 HORAS DE CAPACITAÇÃO,False,%,97.27,False,31/12/2024,80,False,80,False,80,False,80,False,ESCOLA DE CONTAS PROFESSOR PEDRO ALEIXO,Semestral,Estadual       ,"(TOTAL DE SERVIDORES QUE EXERÇAM ATIVIDADES DE FISCALIZAÇÃO, QUE ALCANÇARAM 40 HORAS OU MAIS DE CAPACITAÇÃO/TOTAL DE SERVIDORES QUE EXERÇAM ATIVIDADE DE FISCALIZAÇÃO) * 100",,,,False,MAIOR
7,EDUCAÇÃO SUPERIOR,False,TAXA DE OCUPAÇÃO HOSPITALAR (TOH),False,Percentual,93.98,False,31/12/2023,96,False,96,False,96,False,96,False,HOSPITAL UNIVERSITÁRIO CLEMENTE DE FARIA - HUCF,Anual,Municipal      ,TAXA DE OCUPAÇÃO HOSPITALAR (TOH)= ((NÚMEROS DE PACIENTES POR DIA INTERNADOS NO PERÍODO) / (NÚMERO DE LEITOS/DIA DISPONÍVEL NO PERÍODO)) * 100,,,,False,MAIOR
167,PROGRAMA ESTADUAL DE DESENVOLVIMENTO DA EDUCAÇÃO BÁSICA,False,PROFICIÊNCIA MÉDIA DOS ESTUDANTES DA REDE ESTADUAL  DO 9° ANO DO ENSINO FUNDAMENTAL  EM MATEMÁTICA (SIMAVE) ,False,número absoluto,249.3,False,08/06/2026,25441,False,25653,False,25866,False,26078,False,SISTEMA MINEIRO DE AVALIAÇÃO E EQUIDADE DA EDUCAÇÃO PÚBLICA - SIMAVE,Anual,Estadual       ,MÉDIA DA PROFICIÊNCIA DOS ESTUDANTES AVALIADOS EM MATEMÁTICA. ,,,,False,MAIOR
72,DISTRIBUIÇÃO DE ENERGIA ELÉTRICA,False,TAXA DE EXPANSÃO DO SISTEMA DE DISTRIBUIÇÃO,False,%,5.96,False,12/01/2026,309,False,278,False,244,False,219,False,GERÊNCIA DE PLANEJAMENTO DA EXPANSÃO DA DISTRIBUIÇÃO (ED/PS),Anual,Estadual       ,[(POTÊNCIA ATUAL DE TRANSFORMAÇÃO INSTALADA (MVA) DO SISTEMA DE DISTRIBUIÇÃO - POTÊNCIA DE TRANSFORMAÇÃO INSTALADA (MVA) ANTERIOR) / (POTÊNCIA DE TRANSFORMAÇÃO INSTALADA (MVA) ANTERIOR)]*100.,,,,False,MAIOR
7,EDUCAÇÃO SUPERIOR,False,TAXA DE OCUPAÇÃO DE VAGAS DE RESIDENTES (R1) NOS PROGRAMAS DE RESIDÊNCIA MÉDICA,False,Percentual,100,False,31/12/2023,100,False,100,False,100,False,100,False,HOSPITAL UNIVERSITÁRIO CLEMENTE DE FARIA - HUCF,Anual,Municipal      ,TAXA DE OCUPAÇÃO DE VAGAS RESIDENTES (R1) = (NÚMEROS DE VAGAS OCUPADAS POR RESIDENTES R1 POR PERÍODO)/ (NÚMERO DE VAGAS DISPONIBILIZADAS POR PERÍODO)) *100,,,,False,MAIOR
138,"CONCESSÃO DE AUXÍLIO FINANCEIRO, SEGURO E PECÚLIO",False,PERCENTUAL DE SEGUROS E PECÚLIOS CONCEDIDOS NO PRAZO    ,False,Percentual,98.09,False,30/06/2026,95,False,95,False,95,False,95,False,SISTEMA DE CONCESSÃO E PAGAMENTO DE SEGUROS (SEGU)    ,Mensal,Estadual       ,(SOMA DOS PROCESSOS CONCEDIDOS NO PRAZO / SOMA DE PROCESSOS CONCEDIDOS) X 100    ,,,,False,MAIOR
746,CONTROLE EXTERNO DA GESTÃO DOS RECURSOS PÚBLICOS,False,PERCENTUAL DE AÇÕES DE FISCALIZAÇÃO PREVISTAS NO PLANO ANUAL DE FISCALIZAÇÃO - PAF ALINHADAS AOS OBJETIVOS DE DESENVOLVIMENTO SUSTENTÁVEL - ODS,False,%,100,False,31/12/2024,100,False,100,False,100,False,100,False,TRIBUNAL DE CONTAS DO ESTADO DE MINAS GERAIS,Anual,Estadual       ,(NÚMERO DE AÇÕES DE FISCALIZAÇÃO PREVISTAS NO PAF ALINHADAS AOS OBJETIVOS DE DESENVOLVIMENTO SUSTENTÁVEL-ODS / NÚMERO TOTAL DE AÇÕES DE FISCALIZAÇÃO PREVISTAS PAF) *100,,,,False,MAIOR
726,ACESSO À JUSTIÇA,False,PERCENTUAL DE COMARCAS QUE SE ENCONTRAM TOTALMENTE PROVIDAS DE DEFENSORES PÚBLICOS,False,%,12.42,False,31/07/2026,1242,False,1242,False,1242,False,1242,False,DEFENSORIA PÚBICA DO ESTADO DE MINAS GERAIS,Anual,Estadual       ,(SOMATÓRIO DE COMARCAS TOTALMENTE PROVIDAS DE DEFENSORES PÚBLICOS/TOTAL DE COMARCAS DO ESTADO DE MINAS GERAIS)*100,,,,False,MAIOR
133,MINAS GERAÇÃO DE VALOR,False,SALDO DE EMPREGOS FORMAIS,False,UNIDADE,139436,False,31/12/2024,50000,False,50000,False,50000,False,50000,False,CAGED/MINISTÉRIO DO TRABALHO E PREVIDÊNCIA,Anual,Estadual       ,SOMA DO SALDO DE EMPREGOS FORMAIS GERADOS POR MÊS NO ANO,,,,False,MAIOR
168,GESTÃO DA REDE FÍSICA ESTADUAL DE ENSINO,False,"PERCENTUAL DE ESCOLAS COM MANUTENÇÃO DA CONECTIVIDADE, COM VELOCIDADE MÍNIMA DE CONEXÃO DE ACORDO COM O PADRÃO SEE.",False,Percentual,99.9,False,13/08/2025,999,False,999,False,999,False,999,False,DIRETORIA DE INFRAESTRUTURA TECNOLÓGICA,Anual,Estadual       ,(TOTAL DE ESCOLAS COM O PADRÃO SEE / TOTAL DE ESCOLAS DA REDE) X 100,,,,False,MAIOR
165,"ORGANIZAÇÃO, AVALIAÇÃO E GESTÃO ESCOLAR",False,IDEB ANOS INICIAIS DO ENSINO FUNDAMENTAL ,False,número absoluto,6.3,False,07/08/2026,688,False,1,False,706,False,,True,INEP - INSTITUTO NACIONAL DE ESTUDOS E PESQUISAS EDUCACIONAIS ANÍSIO TEIXEIRA,Bianual,Estadual       ,DESEMPENHO NAS AVALIAÇÕES DO SAEB X INDICADOR DE RENDIMENTO,"Trata-se de Indicador Bianual, por isto 2028 e 2030 não é possível apresentar os índices; bem como as metas apresentadas não são metas oficiais do INEP, tratando-se de referências técnicas para planejamento, já que não há um plano oficial para 2027/2031 (BRASIL, 2026).","TRATA-SE DE INDICADOR BIANUAL, POR ISTO 2028 E 2030 NÃO É POSSÍVEL APRESENTAR OS ÍNDICES; BEM COMO AS METAS APRESENTADAS NÃO SÃO METAS OFICIAIS DO INEP, TRATANDO-SE DE REFERÊNCIAS TÉCNICAS PARA PLANEJAMENTO, JÁ QUE NÃO HÁ UM PLANO OFICIAL PARA 2027/2031 (BRASIL, 2026). PARA 2028, FOI LANÇADO O VALOR DE 0,01 COMO ÍNDICE, POSTO QUE O SISTEMA NÃO DEIXA SALVAR COMO 0,00.",,False,MAIOR
51,ATENDIMENTO COMUNITÁRIO E PSICOPEDAGOGICO NA FUNDACÃO HELENA ANTIPOFF,False,NÚMERO AÇÕES COLETIVAS E ATENDIMENTOS EM GRUPO REALIZADOS NA CLÍNICA DE PSICOLOGIA E ESCOLA SANDOVAL SOARES DE AZEVEDO.,False,UNIDADE,30,False,24/07/2025,32,False,32,False,32,False,32,False,RELATÓRIO EXPEDIDO PELA CLÍNICA DE PISCOLOGIA ÉDOUARD CLAPARÉDE ,Anual,Estadual       ,Nº DE AÇÕES COLETIVAS E ATENDIMENTOS REALIZADOS ,,,,False,MAIOR
91,APRIMORAMENTO DA GESTÃO PÚBLICA POR MEIO DE ENSINO DE EXCELÊNCIA,False,DESEMPENHO DOS DISCENTES DA GRADUAÇÃO NO ENADE - EXAME NACIONAL DE DESEMPENHO DOS ESTUDANTES,False,Nota,5,False,31/12/2022,5,False,5,False,5,False,5,False,INEP - INSTITUTO NACIONAL DE ESTUDOS E PESQUISAS EDUCACIONAIS ANÍSIO TEIXEIRA,Anual,Nacional ,"O ENADE, OU EXAME NACIONAL DE DESEMPENHO DOS ESTUDANTES, É UMA AVALIAÇÃO DO MINISTÉRIO DA EDUCAÇÃO (MEC) QUE VISA MEDIR O DESEMPENHO DOS ALUNOS CONCLUINTES DE CURSOS DE GRADUAÇÃO EM RELAÇÃO AOS CONTEÚDOS PROGRAMÁTICOS PREVISTOS NAS DIRETRIZES CURRICULARES, BEM COMO O DESENVOLVIMENTO DE COMPETÊNCIAS E HABILIDADES. O EXAME SERVE COMO UM INDICADOR DA QUALIDADE DO ENSINO SUPERIOR NO BRASIL, AUXILIANDO O MEC NA FORMULAÇÃO DE POLÍTICAS PÚBLICAS NA ÁREA DA EDUCAÇÃO E AVALIANDO A QUALIDADE DAS INSTITUIÇÕES DE ENSINO.  FÓRMULA DE CÁLCULO COMPLETA DISPONÍVEL EM: HTTPS://WWW.GOV.BR/INEP/PT-BR/AREAS-DE-ATUACAO/AVALIACAO-E-EXAMES-EDUCACIONAIS/ENADE",,,,True,MAIOR
90,ASSISTÊNCIA TECNICA E EXTENSÃO RURAL PARA O ESTADO DE MINAS GERAIS,False,ATENDIMENTOS REALIZADOS EM AGROECOLOGIA,False, Nº de Atendimentos Realizados,70000,False,31/12/2022,70000,False,70000,False,70000,False,,False,EMATER MG/DEPGE,Anual,Estadual       ,NÃO SE APLICA. VALOR ABSOLUTO.,,,,False,MAIOR
726,ACESSO À JUSTIÇA,False,PERCENTUAL DE COMARCAS QUE CONTAM COM A PRESENÇA DA DEFENSORIA PÚBLICA,False,%,39.6,False,31/07/2026,396,False,396,False,396,False,396,False,DEFENSORIA PÚBLICA DO ESTADO DE MINAS GERAIS,Anual,Estadual       ,(NÚMERO DE COMARCAS QUE CONTAM COM A PRESENÇA DA DEFENSORIA PÚBLICA/NÚMERO DE COMARCAS EXISTENTES NO ESTADO DE MINAS GERAIS)*100,,,,False,MAIOR
29,REGISTRO PÚBLICO DE EMPRESAS MERCANTIS E ATIVIDADES AFINS,False,"TEMPO MÉDIO PARA ANÁLISE DE CONSULTA DE VIABILIDADE DE CONSTITUIÇÕES - EVENTO 101, PROTOCOLADOS EM HORA ÚTIL.",False,Hora,15.2,False,31/01/2023,137,False,134,False,131,False,128,False,JUCEMG,Anual,Estadual       ,FÓRMULA DE CÁLCULO: SOMA DOS TEMPOS / TOTAL DE ENTREGAS,,,,False,MENOR
149,TRANSFORMAÇÃO DIGITAL E ATENDIMENTO AO CIDADÃO,False,ÍNDICE DE TRANSFORMAÇÃO DIGITAL DE SERVIÇOS PÚBLICOS - ITD,False,Percentual,79.71,False,31/05/2023,87,False,87,False,87,False,87,False,RELATÓRIO DO PORTAL MG.GOV.BR,Anual,Estadual       ,NÚMERO DE ETAPAS DIGITAIS + AUTOSERVIÇO / NÚMERO TOTAL DE ETAPAS ,,,,False,MAIOR
90,ASSISTÊNCIA TECNICA E EXTENSÃO RURAL PARA O ESTADO DE MINAS GERAIS,False,ATENDIMENTOS REALIZADOS EM CAFEICULTURA,False, Nº de Atendimentos Realizados,110000,False,31/12/2022,110000,False,110000,False,110000,False,,False,EMATER MG/DEPGE,Anual,Estadual       ,NÃO SE APLICA. VALOR ABSOLUTO.,,,,False,MAIOR
106,PROTEÇÃO E SALVAGUARDA DE ACERVOS E BENS CULTURAIS,False,"Nº DE BENS E ACERVOS CULTURAIS PRESERVADOS POR MEIO DE PROTEÇÃO, CONSERVAÇÃO OU RESTAURAÇÃO PELO IEPHA E PELA FAOP",False,BEM/ACERVO PRESERVADO,185,False,31/12/2025,159,False,159,False,159,False,159,False,INSTITUTO DO PATRIMÔNIO HISTÓRICO E ARTÍSTICO DE MINAS GERAIS E FUNDAÇÃO DE ARTE DE OURO PRETO,Anual,Estadual       ,"SOMATÓRIO DO N° DE BENS E ACERVOS CULTURAIS PRESERVADOS POR MEIO DE PROTEÇÃO, CONSERVAÇÃO OU RESTAURAÇÃO PELO IEPHA E PELA FAOP.",,,,False,MAIOR
172,PROGRAMA ESTADUAL DE COOPERACAO ESTADO-MUNICIPIO NA AREA EDUCACIONAL,False,PERCENTUAL DE ESTUDANTES RESIDENTES EM ÁREAS RURAIS DA EDUCAÇÃO BÁSICA DA REDE ESTADUAL DE ENSINO ATENDIDOS NO PROGRAMA DE TRANSPORTE DO ESCOLAR (PTE),False,%,100,False,20/07/2026,100,False,100,False,100,False,100,False,SEE,Anual,Estadual       ,(NÚMERO DE ESTUDANTES RESIDENTES EM ÁREAS RURAIS DA EDUCAÇÃO BÁSICA DA REDE ESTADUAL DE ENSINO ATENDIDOS / NÚMERO DE ESTUDANTES RESIDENTES EM ÁREAS RURAIS DA EDUCAÇÃO BÁSICA DA REDE ESTADUAL DE ENSINO) * 100,,,,False,MAIOR
90,ASSISTÊNCIA TECNICA E EXTENSÃO RURAL PARA O ESTADO DE MINAS GERAIS,False,ATENDIMENTOS REALIZADOS EM CRIAÇÕES,False, Nº de Atendimentos Realizados,110000,False,31/12/2022,110000,False,110000,False,110000,False,,False,EMATER MG/DEPGE,Anual,Estadual       ,NÃO SE APLICA. VALOR ABSOLUTO.,,,,False,MAIOR
27,GESTÃO AMBIENTAL.,False,EXECUÇÃO DAS METAS PREVISTAS NO PLANO DE AÇÃO CLIMÁTICA,False,Relação Percentual enrtre Metas Realizadas e Metas Previstas,30,False,31/12/2025,45,False,46,False,47,False,50,False,PLATAFORMA MRV CLIMÁTICO,Anual,Estadual       ,NÚMERO DE METAS DO PLAC COM STATUS ¿CONCLUÍDO FINALIZADO¿ OU ¿CONCLUÍDO CONTÍNUO¿ NA PLATAFORMA MRV CLIMÁTICO,,,,False,MAIOR
58,POLÍTICAS DE ATENÇÃO HOSPITALAR,False,RESOLUBILIDADE NA ALTA COMPLEXIDADE HOSPITALAR,False,%,87.9,False,31/12/2025,88,False,88,False,88,False,88,False,SISTEMA DE INFORMAÇÃO HOSPITALAR (SIH) ,Anual,Estadual       ,Soma do percentual de resolubilidade das macrorregiões de saúde/total de macrorregiões de saúde,,,,False,MAIOR
90,ASSISTÊNCIA TECNICA E EXTENSÃO RURAL PARA O ESTADO DE MINAS GERAIS,False,ATENDIMENTOS REALIZADOS EM CULTURAS,False, Nº de Atendimentos Realizados,170000,False,31/12/2022,170000,False,170000,False,170000,False,,False,EMATER MG/DEPGE,Anual,Estadual       ,NÃO SE APLICA. VALOR ABSOLUTO.,,,,False,MAIOR
27,GESTÃO AMBIENTAL.,False,"INCREMENTO DE ABRANGÊNCIA DOS PROGRAMAS, PROJETOS E AÇÕES INSTITUCIONAIS DE EDUCAÇÃO AMBIENTAL ",False,Percentual,48.23,False,31/12/2025,5,False,6,False,7,False,8,False,DIRETORIA DE EDUCAÇÃO AMBIENTAL,Anual,Estadual       ,ÍNDICE = 100 X (NÚMERO DE PRODUTOS DO ANO ATUAL - NÚMERO DE PRODUTOS DO ANO ANTERIOR)/ NÚMERO DE PRODUTOS DO ANO ANTERIOR,,,,False,MAIOR
102,FOMENTO À ECONOMIA DA CRIATIVIDADE,False,NÚMERO DE MUNICÍPIOS BENEFICIADOS PELO ICMS PATRIMÔNIO CULTURAL,False,Município Beneficiado,839,False,31/12/2025,840,False,840,False,840,False,840,False,INSTITUTO ESTADUAL DO PATRIMÔNIO HISTÓRICO E ARTÍSTICO - IEPHA,Anual,Estadual       ,"NÚMERO TOTAL DE MUNICÍPIOS PONTUADOS. APÓS ANÁLISE DOS PARÂMETROS E CRITÉRIOS ESTABELECIDOS PARA DISTRIBUIÇÃO DO ICMS PATRIMÔNIO CULTURAL, O MUNICÍPIO É PONTUADO E RECEBERÁ O REPASSE DA VERBA NO EXERCÍCIO POSTERIOR.",,,,False,MAIOR
760,CAPACITAÇÃO E ORIENTAÇÃO PARA MELHORAR A GESTÃO DOS RECURSOS PÚBLICOS,False,Número de participantes em AÇÕES DE CAPACITAÇÃO/ORIENTAÇÃO realizadas pela escola de contas,True,Número,13000,False,08/01/2026,13000,False,13000,False,,True,,True,escola de contas,Bimestral,Estadual       ,,"Os índices correspondentes aos exercícios de 2029 e 2030 ainda não foram elaborados, uma vez que dependem de definições, levantamentos e consolidação de informações que serão estabelecidas em momento oportuno, conforme o processo de planejamento institucional. Assim, até a presente data, não existem parâmetros oficialmente definidos que permitam sua apuração e registro.",,,True,
7,EDUCAÇÃO SUPERIOR,False,percentual de professores pesquisadores bolsistas de produtividade,False,PERCENTAGEM,0.5,False,31/12/2025,7,False,8,False,9,False,1,False,PRÓ-REITORIA DE PESQUISA,Anual,Regional       ,X/Y*100 X: SOMATÓRIO DOS PROFESSORES PESQUISADORES BOLSISTAS DE PRODUTIVIDADE Y: TOTAL DE PROFESSORES PESQUISADORES,,,,False,MAIOR
746,CONTROLE EXTERNO DA GESTÃO DOS RECURSOS PÚBLICOS,False,"ÍNDICE DE PROCESSOS DE AUDITORIAS DELIBERADOS NO PRAZO DE 360 DIAS DA AUTUAÇÃO, EM RELAÇÃO AO TOTAL DE AUDITORIAS AUTUADAS NO ANO ANTERIOR",False,%,42.31,False,31/12/2024,40,False,40,False,40,False,40,False,TRIBUNAL DE CONTAS DO ESTADO DE MINAS GERAIS,Anual,Estadual       ,(NÚMERO DE PROCESSOS DE AUDITORIAS DELIBERADOS NO PRAZO DE 360 DIAS DA AUTUAÇÃO / TOTAL DE PROCESSOS DE AUDITORIAS AUTUADOS EM 2026) *100,,,,False,MAIOR
167,PROGRAMA ESTADUAL DE DESENVOLVIMENTO DA EDUCAÇÃO BÁSICA,False,IDEB ENSINO MÉDIO ,False,número absoluto,4,False,07/08/2026,469,False,1,False,486,False,,True,INEP - INSTITUTO NACIONAL DE ESTUDOS E PESQUISAS EDUCACIONAIS ANÍSIO TEIXEIRA,Bianual,Estadual       ,DESEMPENHO NAS AVALIAÇÕES DO SAEB X INDICADOR DE RENDIMENTO,"TRATA-SE DE INDICADOR BIANUAL, POR ISTO 2028 E 2030 NÃO É POSSÍVEL APRESENTAR OS ÍNDICES; BEM COMO AS METAS APRESENTADAS NÃO SÃO METAS OFICIAIS DO INEP, TRATANDO-SE DE REFERÊNCIAS TÉCNICAS PARA PLANEJAMENTO, JÁ QUE NÃO HÁ UM PLANO OFICIAL PARA 2027/2031 (BRASIL, 2026). PARA 2028, FOI LANÇADO O VALOR DE 0,01 COMO ÍNDICE, POSTO QUE O SISTEMA NÃO DEIXA SALVAR COMO 0,00.","TRATA-SE DE INDICADOR BIANUAL, POR ISTO 2028 E 2030 NÃO É POSSÍVEL APRESENTAR OS ÍNDICES; BEM COMO AS METAS APRESENTADAS NÃO SÃO METAS OFICIAIS DO INEP, TRATANDO-SE DE REFERÊNCIAS TÉCNICAS PARA PLANEJAMENTO, JÁ QUE NÃO HÁ UM PLANO OFICIAL PARA 2027/2031 (BRASIL, 2026). PARA 2028, FOI LANÇADO O VALOR DE 0,01 COMO ÍNDICE, POSTO QUE O SISTEMA NÃO DEIXA SALVAR COMO 0,00.",,False,MAIOR
90,ASSISTÊNCIA TECNICA E EXTENSÃO RURAL PARA O ESTADO DE MINAS GERAIS,False,CLIENTES ASSISTIDOS,False,ASSISTÊNCIAS PRESTADAS,40000,False,22/12/2022,40000,False,40000,False,40000,False,,False,EMATER MG/DEPGE,Anual,Estadual       ,NÃO SE APLICA. VALOR ABSOLUTO,,,,False,MAIOR
165,"ORGANIZAÇÃO, AVALIAÇÃO E GESTÃO ESCOLAR",False,IDEB ANOS FINAIS DO ENSINO FUNDAMENTAL ,False,número absoluto,4.6,False,07/08/2026,556,False,1,False,578,False,,True,INEP - INSTITUTO NACIONAL DE ESTUDOS E PESQUISAS EDUCACIONAIS ANÍSIO TEIXEIRA,Bianual,Estadual       ,DESEMPENHO NAS AVALIAÇÕES DO SAEB X INDICADOR DE RENDIMENTO,"TRATA-SE DE INDICADOR BIANUAL, POR ISTO 2028 E 2030 NÃO É POSSÍVEL APRESENTAR OS ÍNDICES; BEM COMO AS METAS APRESENTADAS NÃO SÃO METAS OFICIAIS DO INEP, TRATANDO-SE DE REFERÊNCIAS TÉCNICAS PARA PLANEJAMENTO, JÁ QUE NÃO HÁ UM PLANO OFICIAL PARA 2027/2031 (BRASIL, 2026). PARA 2028, FOI LANÇADO O VALOR DE 0,01 COMO ÍNDICE, POSTO QUE O SISTEMA NÃO DEIXA SALVAR COMO 0,00.","TRATA-SE DE INDICADOR BIANUAL, POR ISTO 2028 E 2030 NÃO É POSSÍVEL APRESENTAR OS ÍNDICES; BEM COMO AS METAS APRESENTADAS NÃO SÃO METAS OFICIAIS DO INEP, TRATANDO-SE DE REFERÊNCIAS TÉCNICAS PARA PLANEJAMENTO, JÁ QUE NÃO HÁ UM PLANO OFICIAL PARA 2027/2031 (BRASIL, 2026). PARA 2028, FOI LANÇADO O VALOR DE 0,01 COMO ÍNDICE, POSTO QUE O SISTEMA NÃO DEIXA SALVAR COMO 0,00.",,False,MAIOR
21,SANEAMENTO E RESÍDUOS ESPECIAIS,False,PERCENTUAL DE POPULAÇÃO URBANA ATENDIDA POR SOLUÇÃO DE TRATAMENTO DE ESGOTO SANITÁRIO.,False,Percentual %                  ,53.7,False,31/12/2025,54,False,57,False,58,False,60,False,DIRETORIA DE ABASTECIMENTO DE ÁGUA E ESGOTAMENTO SANITÁRIO /SEMAD,Anual,Estadual       ,ÍNDICE = 100 X (POPULAÇÃO URBANA ATENDIDA / POPULAÇÃO URBANA TOTAL),,,,False,MAIOR
69,"FOMENTO AO ESPORTE, À ATIVIDADE FÍSICA E AO LAZER",False,PERCENTUAL DE MUNICÍPIOS MINEIROS COM CONSELHO MUNICIPAL DE ESPORTE ATIVO ,False,Percentual,68,False,31/12/2023,72,False,74,False,76,False,78,False,"DIRETORIA DE FOMENTO E ORGANIZAÇÃO DE POLÍTICAS ESPORTIVAS, A PARTIR DE DADOS DO SISTEMA ICMS ESPORTIVO",Anual,Estadual       ,"NÚMERO DE MUNICÍPIOS COM CONSELHO MUNICIPAL DE ESPORTES ATIVO, DIVIDIDO PELO NÚMERO TOTAL DE MUNICÍPIOS MINEIROS (853)",,,,False,MAIOR
3,ENFRENTAMENTO DA CORRUPÇÃO E RECUPERAÇÃO DE ATIVOS,False,ÍNDICE DE EFETIVIDADE DAS AÇÕES INVESTIGATIVAS,False,Percentual,,True,,98,False,98,False,98,False,,False,CONTROLADORIA-GERAL DO ESTADO,Anual,Estadual       ,ÍNDICE DE EFETIVIDADE DAS AÇÕES INVESTIGATIVAS = (NÚMERO DE JUÍZO DE ADMISSIBILIDADE FAVORÁVEL EMTIDO PELA COGE DAS AÇÕES REMETIDAS PELO NUCC / NÚMERO DE AÇÕES INVESTIGATIVAS REMETIDAS PELO NUCC PARA A COGE PARA APURAÇÃO DE RESPONSABILIDADE) * 100,,O ÍNDICE SERÁ APURADO NO EXERCÍCIO DE 2025.,,False,MAIOR
7,EDUCAÇÃO SUPERIOR,False,PERCENTUAL DE ALUNOS ENVOLVIDOS EM ATIVIDADE DE INICIAÇÃO CIENTÍFICA.,False,Porcentagem,6.9,False,31/12/2025,73,False,74,False,75,False,76,False,PRÓ-REITORIA DE PESQUISA,Anual,Regional       ,X/Y * 100                            X: SOMATÓRIA DOS ALUNOS DE GRADUAÇÃO ENVOLVIDOS NA INICIAÇÃO CIENTÍFICA (BOLSISTA OU NÃO).  Y: TOTAL DE ALUNOS MATRICULADOS NA GRADUAÇÃO.,,,,False,MAIOR
133,MINAS GERAÇÃO DE VALOR,False,TAXA DE OCUPAÇÃO,False,%,94.4,False,31/12/2024,954,False,956,False,955,False,957,False,INSTITUTO BRASILEIRO DE GEOGRAFIA E ESTATÍSTICA - IBGE E SECRETARIA DE DE ESTADO DE DESENVOLVIMENTO SOCIAL - SEDESE,Anual,Estadual       ,(Nº DE OCUPADOS / POPULAÇÃO ECONOMICAMENTE ATIVA) X 100 ,,,,False,MAIOR
64,ASSISTÊNCIA FARMACÊUTICA,False,NÚMERO DE MUNICÍPIOS COM DISPONIBILIDADE DE MEDICAMENTOS TRAÇADORES NO ÂMBITO DA ATENÇÃO PRIMÁRIA EM SAÚDE,False,município,720,False,31/12/2025,853,False,853,False,853,False,853,False,SUPERINTENDÊNCIA DA ASSISTÊNCIA FARMACÊUTICA VIA SISTEMA INTEGRADO DE GERENCIAMENTO DA ASSISTÊNCIA FARMACÊUTICA (SIGAF),Quadrimestral,Municipal      ,"DISPONIBILIDADE DE MEDICAMENTOS TRAÇADORES POR MÊS:  A: NÚMERO DE CATEGORIAS QUE APRESENTARAM ESTOQUE DE PELO MENOS UM MEDICAMENTO TRAÇADOR NO ÚLTIMO DIA DO MÊS, TENDO EM VISTA O TOTAL DE CATEGORIAS (10).  B: NÚMERO DE CATEGORIAS QUE APRESENTARAM DISPENSAÇÃO DE PELO MENOS UM MEDICAMENTO TRAÇADOR NO MÊS, TENDO EM VISTA O TOTAL DE CATEGORIAS (10).  DENOMINADOR: N = 20. VALOR DESEJÁVEL, CONSIDERANDO-SE O TOTAL A SER ATINGIDO NOS ITENS A E B PARA UM MÊS.  DISPONIBILIDADE DE MEDICAMENTOS TRAÇADORES POR MÊS = [(A + B) / 20] * 100  CRITÉRIOS DE CUMPRIMENTO:  SE A OU B = 0, O RESULTADO SERÁ 0% SE DISPONIBILIDADE POR MÊS FOR MENOR QUE 80%, O RESULTADO SERÁ 0%  SE DISPONIBILIDADE POR MÊS FOR MAIOR QUE 80% E NÃO HOUVER REGISTRO DISPENSAÇÕES E/OU ESTOQUE DE MEDICAMENTOS PARA AS CATEGORIAS DE ANTI-HIPERTENSIVOS OU ANTIDIABÉTICOS, O RESULTADO SERÁ 0%.  A RELAÇÃO DOS MEDICAMENTOS TRAÇADORES ESTÁ DEFINIDA NA RESOLUÇÃO SES/MG Nº 8.428, DE 09 DE NOVEMBRO DE 2022 E SUAS ATUALIZAÇÕES.",,,,False,MAIOR
122,FORTALECIMENTO DA GESTÃO DAS TRANSFERÊNCIAS ESTADUAIS,False,Percentual Médio de cumprimento do Nível de Acordo de Serviço - sistemas de informação,False,Percentual,99.99,False,31/12/2025,9689,False,9689,False,9689,False,9689,False,Superintendência Central de Convênios e Parceiras e Superintendência Central de Emendas Parlamentares Estaduais e Transferências,Anual,Estadual       ,(Valor médio Sigconv1 + Valor médio Sigconv2 + Valor médio CAGEC + Valor Médio Proecm SIGCON CAGEC) / 4 sistemas,,,,False,MAIOR
1,MINAS ÍNTEGRA E TRANSPARENTE,False,"PERCENTUAL DE CONSELHOS DE POLÍTICAS PÚBLICAS PREVISTOS NA LEI Nº 24.313, DE 2023 COM INFORMAÇÕES DIVULGADAS NO PORTAL DOS CONSELHOS",False,Percentual,65,False,31/12/2025,70,False,75,False,80,False,85,False,CONTROLADORIA-GERAL DO ESTADO,Anual,Estadual       ,"(Número de conselhos com informações no portal / Número de conselhos previstos na lei n° 24.313, de 2023) * 100",,,,False,MAIOR
117,"MOBILIDADE, TRANSPORTES E LOGÍSTICA",False,"PERCENTUAL DE EXECUÇÃO DE PLANEJAMENTOS, EVENTOGRAMAS E PROGRAMAS DE EXPLORAÇÃO DE RODOVIAS",False,%,65,False,29/08/2024,75,False,80,False,80,False,80,False,"SECRETARIA DE ESTADO DE INFRAESTRUTURA, MOBILIDADE E PARCERIAS - SEINFRA",Anual,Estadual       ,"{ [(QUANTIDADE DE INVESTIMENTOS DOS PROGRAMAS DE EXPLORAÇÃO RODOVIÁRIOS EXECUTADOS NO ANO ANALISADO DOS CONTRATOS DE CONCESSÃO RODOVIÁRIA VIGENTES) / (QUANTIDADE DE INESTIMENTOS PREVISTOS NOS PROGRAMAS DE EXPLORAÇÃO RODOVIÁRIOS DOS CONTRATOS DE CONCESSÃO RODOVIÁRIA VIGENTES NO ANO ANALISADO) *0,3] + [(QUANTIDADE AÇÕES DO EVENTOGRAMA DO METRÔ EXECUTADAS NO ANO ANALISADO) / (QUANTIDADE AÇÕES PREVISTAS NO EVENTOGRAMA CONTRATUAL DO METRÔ NO ANO ANALISADO) *0,35] + [(QUANTIDADE ATIVIDADES DO CRONOGRAMA DO PELT EXECUTADAS NO ANO ANALISADO) / (QUANTIDADE ATIVIDADES DO CRONOGRAMA DO PELT PREVISTAS NO ANO ANALISADO) *0,35] } *100",,,,False,MAIOR
165,"ORGANIZAÇÃO, AVALIAÇÃO E GESTÃO ESCOLAR",False,PROFICIÊNCIA MÉDIA DOS ESTUDANTES DA REDE ESTADUAL DO 5° ANO DO ENSINO FUNDAMENTAL EM LÍNGUA PORTUGUESA (SIMAVE),False,número absoluto,217.8,False,06/08/2026,23447,False,23779,False,24111,False,24443,False,SISTEMA MINEIRO DE AVALIAÇÃO E EQUIDADE DA EDUCAÇÃO PÚBLICA - SIMAVE,Anual,Estadual       ,MÉDIA DA PROFICIÊNCIA DOS ESTUDANTES AVALIADOS EM LÍNGUA PORTUGUESA.,,,,False,MAIOR
156,GESTÃO DA CIDADE ADMINISTRATIVA,False,ÍNDICE DE QUALIDADE DO SERVIÇO DE TRANSPORTE FRETADO DA CIDADE ADMINISTRATIVA ,False,%,100,False,31/12/2024,965,False,97,False,975,False,98,False,RELATÓRIO MENSAL DAS VIAGENS REALIZADAS PELA EMPRESA DE PRESTAÇÃO DO SERVIÇO DE TRANSPORTE FRETADO DA CIDADE ADMINISTRATIVA E RELATÓRIO DAS FISCALIZAÇÕES DO SERVIÇO ,Anual,Estadual       ,(NÚMERO DE VIAGENS REALIZADAS NO PRAZO / NÚMERO DE VIAGENS PLANEJADAS)*100 ,,,,False,MAIOR
760,CAPACITAÇÃO E ORIENTAÇÃO PARA MELHORAR A GESTÃO DOS RECURSOS PÚBLICOS,False,ÍNDICE DE APROVEITAMENTO DE PARTICIPANTES CERTIFICADOS COM TÍTULO DE PÓS-GRADUAÇÃO REALIZADA PELA ESCOLA DE CONTAS (PRESENCIAL),False,%,78.33,False,31/12/2024,68,False,68,False,68,False,68,False,ESCOLA DE CONTAS E CAPACITAÇÃO PROFESSOR PEDRO ALEIXO,Anual,Estadual       ,(NÚMERO DE PARTICIPANTES CERTIFICADOS COM TÍTULO DE PÓS-GRADUAÇÃO REALIZADA PELA ESCOLA DE CONTAS PRESENCIAL / TOTAL DE PARTICIPANTES INSCRITOS NA PÓS-GRADUAÇÃO REALIZADA PELA ESCOLA DE CONTAS PRESENCIAL) * 100,,,,False,MAIOR
69,"FOMENTO AO ESPORTE, À ATIVIDADE FÍSICA E AO LAZER",False,PERCENTUAL DE MUNICÍPIOS MINEIROS BENEFICIADOS POR AÇÕES DA SUBSECRETARIA DE ESPORTES,False,Percentual,49.71,False,28/07/2021,65,False,67,False,69,False,71,False,SUBSECRETARIA DE ESPORTES A PARTIR DO REGISTRO DE EXECUÇÃO FÍSICA NO SIGPLAN,Anual,Estadual       ,(NUMERO DE MUNICÍPIOS BENEFICIADOS POR NO MÍNIMO UMA AÇÃO DA SUBSECRETARIA DE ESPORTES NO ANO ANTERIOR / TOTAL DE MUNICÍPIOS MINEIROS)*100,,,,False,MAIOR
11,ASSESSORAMENTO TÉCNICO E ADMINISTRATIVO AO GOVERNADOR E VICE-GOVERNADOR,True,TAXA DE MATERIAIS TÉCNICOS DISPONIBILIZADOS ANTECIPADAMENTE PARA AGENDAS DO GOVERNADOR E DO VICE-GOVERNADOR,False,Percentual %                  ,,True,,100,False,100,False,100,False,,False,SUPERINTENDÊNCIA DE ASSESSORAMENTO TEMÁTICO,Anual,Estadual       ,(NÚMERO DE MATERIAIS TÉCNICOS DISPONIBILIZADOS PARA O GOVERNADOR E VICE-GOVERNADOR COM ANTECEDÊNCIA MÍNIMA / NÚMERO TOTAL DE MATERIAIS TÉCNICOS PREVISTOS) * 100 ,,O ÍNDICE SERÁ APURADO ANUALMENTE,,False,MAIOR
57,SOLUÇÕES EM SERVIÇOS DE APOIO TÉCNICO-OPERACIONAL,False,EFETIVIDADE NA REALIZAÇÃO DE INVESTIMENTOS,False,Percentagem %,23.01,False,31/12/2025,95,False,95,False,95,False,95,False,MGS - MINAS GERAIS ADMINISTRAÇÃO E SERVIÇOS S.A.,Anual,Estadual       ,(VALOR REALIZADO DOS INVESTIMENTOS / VALOR PREVISTO DE INVESTIMENTOS ) X 100,,,,False,MAIOR
119,Apoio ao Desenvolvimento Municipal e à Coordenação das Transferências Estaduais de Recursos Financeiros,False,PERCENTUAL DE INSTRUMENTOS CELEBRADOS QUE NÃO APRESENTEM IMPEDIMENTOS DE ORDEM TÉCNICA PARA PAGAMENTO PAGOS,False,Percentual %                  ,100,False,31/12/2025,100,False,100,False,100,False,100,False,Superintendência de Apoio ao Desenvolvimento Municipal,Anual,Estadual       ,(Número de instrumentos celebrados que tiveram como origem emenda parlamentar individual impositiva pagos) / Número de instrumentos celebrados que tiveram como origem emenda parlamentar individual impositiva) x 100,,,,False,MAIOR
163,ALIMENTAÇÃO ESCOLAR,False,PERCENTUAL DE ALIMENTOS ADQUIRIDOS DA AGRICULTURA FAMILIAR - PEAE,False,Percentual,30,False,28/07/2026,30,False,30,False,30,False,30,False,SUPERINTENDÊNCIA DE PLANEJAMENTO E FINANÇAS ,Anual,Estadual       ,(VALOR DA AQUISIÇÃO DE ALIMENTAÇÃO ESCOLAR ADVINDA DA AGRICULTURA FAMILIAR / VALOR DE TODAS AS AQUISIÇÕES) * 100,,,,False,MAIOR
135,PROTEÇÃO SOCIAL DOS MILITARES,False,CAPACIDADE DE ATENDIMENTO E PROCEDIMENTOS,False,índice,95,False,31/12/2025,94,False,94,False,94,False,94,False,DIRETORIA DE PROTEÇÃO SOCIAL - DPS,Anual,Estadual       ,"O CÁLCULO DA CAPACIDADE DE ATENDIMENTO DEVERÁ SER REALIZADO CONFORME A NATUREZA DA ASSISTÊNCIA (MÉDICO, ODONTOLÓGICO OU PSICOLÓGICO), DE ACORDO COM A SEGUINTE FÓRMULA: (TOTAL DE CONSULTAS REALIZADAS / TOTAL DE CONSULTAS PROJETADAS) *100 ONDE: CONSULTAS REALIZADAS = CONSULTAS EFETIVAMENTE PRESTADAS AO BENEFICIÁRIO (AGENDADAS OU DEMANDA LIVRE). CONSULTAS PROJETADAS = DISPONIBILIDADE DE CONSULTAS DAS UNIDADES DE SAÚDE DA PMMG GERADA PELA ESCALA DO SERVIDOR, CONSIDERANDO O SOMATÓRIO DAS VAGAS INCLUIDAS NA AGENDA DOS PROFISSIONAIS SUBTRAÍDO OS BLOQUEIOS.  DESCRIÇÃO: É UM INDICADOR DE EFICIÊNCIA QUE REPRESENTA O PERCENTUAL DA UTILIZAÇÃO DAS VAGAS DISPONIBILIZADAS PARA ATENDIMENTO ELETIVO E/OU CONSULTAS DE SAÚDE NA REDE ORGÂNICA. ESTE INDICADOR EXPRESSA O NÚMERO DE CONSULTAS EFETIVADAS EM RELAÇÃO ÀS CONSULTAS OFERTADAS NAS DIVERSAS ESPECIALIDADES, EM DETERMINADO PERÍODO DE TEMPO. ",,,,False,MAIOR
61,ATENÇÃO ESPECIALIZADA À SAÚDE,False,"Percentual de consultas, exames ou procedimentos das linhas de cuidado prioritárias realizados na Atenção Ambulatorial Especializada",True,US$ milhões,71,False,31/12/2023,85,False,85,False,85,False,85,False,SIA,Anual,Estadual       ,"Número de consultas, exames e/ou procedimentos realizados nos pontos da AAE financiados ou cofinanciados com recurso estadual/Número de consultas, exames e/ou previstos nas metas pactuadas com a SES/MG pelos pontos da AAE  financiados ou cofinanciados com recurso estadual) * 100",,,,True,MAIOR
51,ATENDIMENTO COMUNITÁRIO E PSICOPEDAGOGICO NA FUNDACÃO HELENA ANTIPOFF,False,ATENDIMENTO REALIZADO NAS OFICINAS PEDAGÓGICAS: UM OLHAR AO CIDADÃO,False,Aluno Atendido,20,False,25/07/2024,20,False,20,False,20,False,20,False,RELATÓRIO EXPEDIDO PELA GERÊNCIA DE EDUCAÇÃO BÁSICA ,Anual,Estadual       ,NUMERO DE ALUNOS QUE CONCLUIRAM O PROCESSO SELETIVO E SÃO ENCAMINHADOS PARA O INTERCAMBIO ESTUDANTIL.,,,,False,MAIOR
165,"ORGANIZAÇÃO, AVALIAÇÃO E GESTÃO ESCOLAR",False,PROFICIÊNCIA MÉDIA DOS ESTUDANTES DA REDE ESTADUAL  DO 3° ANO DO ENSINO MÉDIO EM MATEMÁTICA (SIMAVE) ,False,número absoluto,269.4,False,06/08/2026,26059,False,26158,False,26257,False,26356,False,SISTEMA MINEIRO DE AVALIAÇÃO E EQUIDADE DA EDUCAÇÃO PÚBLICA - SIMAVE,Anual,Estadual       ,MÉDIA DA PROFICIÊNCIA DOS ESTUDANTES AVALIADOS EM MATEMÁTICA.,,,,False,MAIOR
12,POLÍTICA PÚBLICA DE METROLOGIA E AVALIAÇÃO DA CONFORMIDADE,False,EXECUÇÃO DO CONTROLE METROLÓGICO LEGAL,False,UNIDADE,255336,False,12/08/2025,255336,False,255336,False,255336,False,25533,False,INSTITUTO DE METROLOGIA E QUALIDADE DO ESTADO DE MINAS GERAIS - IPEM - MG,Mensal,Estadual       ,"A APURAÇÃO É FEITA PELO SISTEMA DE GESTÃO INTEGRADA - SGI/INMETRO, COM RELATÓRIOS DAS VERIFICAÇÕES E FISCALIZAÇÕES REALIZADAS. TODAS AS ATIVIDADES SÃO REALIZADAS COM COLETORES DE DADOS INTEGRADOS AO SGI DE FORMA SINCRONIZADA, SENDO MENSALMENTE APURADO O NÚMERO DE  VERIFICAÇÕES E FISCALIZAÇÕES.",,ALTERAÇÃO SOLICITADA PELA DIRETORIA DE METROLOGIA E QUALIDADE,,False,MAIOR
39,GESTÃO DA ASSISTÊNCIA À SAÚDE,False,ÍNDICE DE COBERTURA EM CONSULTA MÉDICA,False,CONSULTA REALIZADA/BENEFICIÁRIO,1.9,False,31/12/2025,25,False,25,False,25,False,25,False,SISTEMA DE CADASTRO DOS BENEFICIÁRIOS (SICAD) E SISTEMA DE AUTORIZAÇÃO E FATURAMENTO ELETRÔNICO (SAFE) DO IPSEMG,Anual,Estadual       ,"[TOTAL ANUAL DE CONSULTAS MÉDICAS (ELETIVAS, DE URGÊNCIA E DE PRONTO SOCORRO) REALIZADAS / MÉDIA ANUAL DO NÚMERO MENSAL DE BENEFICIÁRIOS ATIVOS NO SISTEMA DE CADASTRO DOS BENEFICIÁRIOS (SICAD)]",,,,True,MAIOR
146,PROMOÇÃO DA POLÍTICA SOCIOEDUCATIVA PARA ATENDIMENTO AOS ADOLESCENTES EM CONFLITO COM A LEI,False,ÍNDICE GERENCIAMENTO TÉCNICO,False,%,151.57,False,16/07/2026,100,False,100,False,100,False,100,False,PAINEL SUASE ,Anual,Estadual       ,(MÉDIA ANUAL DO INDICADOR PSICOLOGIA + MÉDIA ANUAL DO INDICADOR SERVIÇO SOCIAL + MÉDIA ANUAL DO INDICADOR PEDAGOGIA + MÉDIA ANUAL DO INDICADOR TERAPIA OCUPACIONAL + MÉDIA ANUAL DO INDICADOR ASSISTENTE JURÍDICO) / 5,,,,False,MAIOR
7,EDUCAÇÃO SUPERIOR,False,PERCENTUAL DE DOCENTES COM TITULAÇÃO DE MESTRE E/OU DOUTOR.,False,Percentual,90,False,31/07/2024,88,False,89,False,92,False,93,False,PRÓ-REITORIA DE PÓS-GRADUAÇÃO,Anual,Regional       ,"(DM+DD)/TD*100, ONDE DM: DOCENTES MESTRES, DD: DOCENTES DOUTORES E TD: TOTAL DE DOCENTES",,,,False,MAIOR
21,SANEAMENTO E RESÍDUOS ESPECIAIS,False,"NÚMERO DE MUNICÍPIOS ATENDIDOS POR SOLUÇÃO DE DESTINAÇÃO DE RESÍDUOS SÓLIDOS URBANOS, DEVIDAMENTE LICENCIADOS ",False,município,510,False,31/12/2022,590,False,610,False,640,False,680,False,DIRETORIA DE RESÍDUOS SÓLIDOS URBANOS,Anual,Estadual       ,"NÚMERO DE MUNICÍPIOS, CONFORME LEVANTAMENTO FEITO PELA SEMAD",,,,False,MAIOR
58,POLÍTICAS DE ATENÇÃO HOSPITALAR,False,INCIDÊNCIA DE TUBERCULOSE POR 100.000 HABITANTES,True,1/100.000,4553,False,31/12/2024,4000,False,4000,False,4000,False,4000,False,HTTPS://SIDRA.IBGE.GOV.BR/TABELA/8417,Anual,Estadual       ,NÚMERO DE CASOS NOVOS CONFIRMADOS DE TUBERCULOSE (TODAS AS FORMAS) EM RESIDENTES,,,,False,MENOR
746,CONTROLE EXTERNO DA GESTÃO DOS RECURSOS PÚBLICOS,False,ÍNDICE DE IRREGULARIDADES SANADAS OU EVITADAS EM PROCESSOS LICITATÓRIOS DISPENSANDO A FORMALIZAÇÃO DE PROCESSO,False,%,2249,False,31/12/2025,78,False,78,False,78,False,78,False,TRIBUNAL DE CONTAS DO ESTADO DE MINAS GERAIS,Anual,Estadual       ,"PERCENTUAL DE IRREGULARIDADES EM PROCESSOS LICITATÓRIOS SANADAS OU EVITADAS DISPENSANDO A FORMALIZAÇÃO DE PROCESSO, POR MEIO DE AÇÕES DE INTELIGÊNCIA OU DE ANÁLISE DE DADOS",,O PRIMEIRO EXERCÍCIO DO INDICADOR SERÁ 2026.,,False,MAIOR
160,MELHORIA DA GESTÃO LOGÍSTICA E PATRIMONIAL,False,DEMANDAS DE LOGÍSTICA CORPORATIVA ATENDIDAS ,False,%,95,False,31/12/2023,98,False,98,False,98,False,98,False,SECRETARIA DE ESTADO DE PLANEJAMENTO E GESTÃO ,Anual,Estadual       ,"MÉDIA DAS FAIXAS DE ATENDIMENTO DAS DEMANDAS DE LOGÍSTICA CORPORATIVA.   AS FAIXAS SÃO DEFINIDAS A PARTIR DO CÁLCULO DA RAZÃO ENTRE O QUANTITATIVO REALIZADO E O ESTIMADO PARA O RESPECTIVO PROCESSO.   VALORES INFERIORES A 50% CORRESPONDEM À FAIXA 0%. JÁ OS VALORES IGUAIS OU SUPERIORES A 50% CORRESPONDEM À FAIXA DE DEZENA SEGUINTE AO SEU VALOR. POR FIM, OS VALORES SUPERIORES A 100% CORRESPONDEM À FAIXA DE 100%.",,,,False,MAIOR
165,"ORGANIZAÇÃO, AVALIAÇÃO E GESTÃO ESCOLAR",False,PROFICIÊNCIA MÉDIA DOS ESTUDANTES DA REDE ESTADUAL DO 9° ANO DO ENSINO FUNDAMENTAL EM LÍNGUA PORTUGUESA (SIMAVE),False,número absoluto,252.7,False,06/08/2026,25856,False,26242,False,26627,False,27013,False,SISTEMA MINEIRO DE AVALIAÇÃO E EQUIDADE DA EDUCAÇÃO PÚBLICA - SIMAVE,Anual,Estadual       ,MÉDIA DA PROFICIÊNCIA DOS ESTUDANTES AVALIADOS EM LÍNGUA PORTUGUESA.,,,,False,MAIOR
88,SERVIÇOS DE SAÚDE PRESTADOS PELO IPSEMG NA REDE PRÓPRIA,False,TAXA DE REINTERNAÇÃO - HGIP    ,False,Percentual,3.65,False,30/06/2026,39,False,38,False,37,False,36,False,RELATÓRIO DO SISTEMA DRG SIGCLINIC (DIAGNOSIS RELATED GROUP),Mensal,Municipal      ,(NÚMERO DE REINTERNAÇÕES NÃO PROGRAMADAS PELA MESMA CAUSA ATÉ 30 DIAS DA ALTA HOSPITALAR / TOTAL DE SAÍDAS) X 100    ,,,,False,MENOR
165,"ORGANIZAÇÃO, AVALIAÇÃO E GESTÃO ESCOLAR",False,PROFICIÊNCIA MÉDIA DOS ESTUDANTES DA REDE ESTADUAL NO 5° ANO DO ENSINO FUNDAMENTAL EM MATEMÁTICA (SIMAVE) ,False,número absoluto,227.2,False,06/08/2026,23541,False,23818,False,24095,False,24372,False,SISTEMA MINEIRO DE AVALIAÇÃO E EQUIDADE DA EDUCAÇÃO PÚBLICA - SIMAVE,Anual,Estadual       ,MÉDIA DA PROFICIÊNCIA DOS ESTUDANTES AVALIADOS EM MATEMÁTICA.,,,,False,MAIOR
746,CONTROLE EXTERNO DA GESTÃO DOS RECURSOS PÚBLICOS,False,"ÍNDICE DE DELIBERAÇÃO DE PROCESSOS  DE PCA E PEDIDO DE REEXAME, PARA TODOS OS ANOS REFERÊNCIA, E DE DEMAIS NATUREZAS, COM ANO REFERÊNCIA A PARTIR DE 2022.",False,%,80.42,False,31/12/2024,70,False,70,False,70,False,70,False,TRIBUNAL DE CONTAS DO ESTADO DE MINAS GERAIS,Anual,Estadual       ,"[(NÚMERO DE PROCESSOS DELIBERADOS DE PCA E PEDIDO DE REEXAME TODOS OS ANOS  REFERÊNCIA) + (NÚMERO DE PROCESSOS DELIBERADOS DE DEMAIS NATUREZAS COM ANO DE REFERÊNCIA DOS ÚLTIMOS 6 EXERCÍCIOS (2022 A 2027) / NÚMERO DE PROCESSOS DE PCA, PEDIDO DE REEXAME E DEMAIS NATUREZAS AUTUADOS NO EXERCÍCIO DE 2026] *100",,,,False,MAIOR
168,GESTÃO DA REDE FÍSICA ESTADUAL DE ENSINO,False,"PERCENTUAL DE ESCOLAS COM LABORATÓRIO DE INFORMÁTICA EM FUNCIONAMENTO, DE ACORDO COM O PADRÃO SEE/MG",False,Porcentagem,80,False,28/02/2022,95,False,100,False,100,False,100,False,DIRETORIA DE INFRAESTRUTURA TECNOLÓGICA,Anual,Estadual       ,(TOTAL DE ESCOLAS QUE ALCANCEM O NÍVEL DO PADRÃO SEE-MG/TOTAL DE ESCOLAS DA REDE) X 100,,,,False,MAIOR
157,GESTÃO DO PLANEJAMENTO ORÇAMENTÁRIO GOVERNAMENTAL ,False,ÍNDICE DE AVALIAÇÃO DO PLANEJAMENTO MINEIRO - IAPM ,False,%,50.3,False,20/02/2025,509,False,512,False,515,False,518,False,"DIRETORIA CENTRAL DE PLANEJAMENTO, PROGRAMAÇÃO E NORMAS (SEPLAG/DCPPN) ",Anual,Estadual       ,"O ÍNDICE É APURADO EM DUAS ETAPAS. A PRIMEIRA ETAPA CONSISTE NO CÁLCULO DAS TAXAS DE EXECUÇÃO FÍSICO-FINANCEIRA E DO ÍNDICE DE EQUILÍBRIO DA EXECUÇÃO ORÇAMENTÁRIA (IEEO) DE CADA AÇÃO, SEGUNDO AS SEGUINTES FÓRMULAS:     EFIN(A) = EXECUÇÃO FINANCEIRA(A)/DOTAÇÃO FINANCEIRA(A)     EFIS(A) = EXECUÇÃO FÍSICA(A)/META FÍSICA INICIAL(A)     IEEO(A) = EFIS(A)/EFIN(A)     ONDE (A) CORRESPONDE A CADA AÇÃO.     O PRÓXIMO PASSO CONSISTE NA APURAÇÃO DA PROPORÇÃO DE AÇÕES QUE TIVERAM DESEMPENHO ORÇAMENTÁRIO SATISFATÓRIO, OU SEJA, O NÚMERO DE AÇÕES QUE TIVERAM O CÁLCULO DA EFIN (TAXA DE EXECUÇÃO FINANCEIRA) E EFIS (TAXA DE EXECUÇÃO FÍSICA) ENTRE 70% E 130%, E IEEO ENTRE 0,7 E 1,3, DIVIDIDO PELO NÚMERO TOTAL DE AÇÕES.   O IAPM ENTÃO É CALCULADO A PARTIR DE MÉDIA SIMPLES DAS TRÊS FREQUÊNCIAS ENCONTRADAS E MULTIPLICADO POR 100. ",,,,False,MAIOR
100,MAIS TURISTAS,False,FLUXO TURÍSTICO EM MINAS GERAIS,False,turista,31636484,False,30/12/2025,34604231,False,35663120,False,36754411,False,37879100,False,SUBSECRETARIA DE TURISMO,Anual,Estadual       ,SOMATÓRIO [(Nº TOTAL DE VAGAS OFERTADAS EM HOTÉIS LEVANTADAS PELA RELAÇÃO ANUAL DE INFORMAÇÕES SOCIAIS (RAIS) E INVENTÁRIOS X TAXA DE OCUPAÇÃO MÉDIA DOS HOTÉIS LEVANTADOS PELOS BOLETINS DE OCUPAÇÃO HOTELEIRA (BOHS) X 100)/(PERCENTUAL DE OCUPAÇÃO EM HOTÉIS LEVANTADO PELA PESQUISA DE DEMANDA)],,,,False,MAIOR
115,Gestão do Processo Legislativo Estadual sob a responsabilidade do Poder Executivo.,False,Acompanhamento do Processo Legislativo,False,Percentual %                  ,100,False,16/07/2026,100,False,100,False,100,False,100,False,Superintendência de Gestão da Informação e Avaliação Legislativa,Bimestral,Estadual       ,(Somatório de todas as proposições acompanhadas no período (bimestre)/Total de Proposições que seguem premissas definidas no critério de aceitação naquele período) *100,,,,False,MAIOR
88,SERVIÇOS DE SAÚDE PRESTADOS PELO IPSEMG NA REDE PRÓPRIA,False,ÍNDICE DE REAPROVEITAMENTO DE CONSULTAS - GECEM    ,False,Percentual,35.18,False,30/06/2026,43,False,44,False,45,False,46,False,SISTEMA SIAS-AGENDA E RELATÓRIO DA GERÊNCIA DO CENTRO DE ESPECIALIDADES MÉDICAS.    ,Mensal,Municipal      ,(NÚMERO TOTAL DE PACIENTES REALOCADOS / NÚMERO TOTAL DE VAGAS PROVENIENTES DE ABSENTEÍSMO) X 100    ,,,,False,MAIOR
81,DESENVOLVIMENTO SUSTENTÁVEL DA INFRAESTRUTURA RODOVIÁRIA,False,EVOLUÇÃO DA QUALIDADE DA MALHA ,False,Percentagem %,86,False,31/12/2025,89,False,90,False,91,False,92,False,DEPARTAMENTO DE ESTRADAS DE RODAGEM DO ESTADO DE MINAS GERAIS - DER/MG. ,Anual,Estadual       ,QUILÔMETRO (KM) MELHORADO = (KM RODOVIA BOM + KM RODOVIA REGULAR) / (KM RODOVIA AVALIADA) X 100 SENDO:  KM RODOVIA BOM = QUILOMETRAGEM DE MALHA RODOVIÁRIA EM BOA CONDIÇÃO DO PAVIMENTO;  KM RODOVIA REGULAR = QUILOMETRAGEM DE MALHA RODOVIÁRIA EM CONDIÇÃO REGULAR DO PAVIMENTO;  KM RODOVIA AVALIADA = QUILOMETRAGEM DE MALHA RODOVIÁRIA AVALIADA NO ESTADO DE MINAS GERAIS ,,,,False,MAIOR
165,"ORGANIZAÇÃO, AVALIAÇÃO E GESTÃO ESCOLAR",False,IDEB ENSINO MÉDIO ,False,número absoluto,4,False,07/08/2026,469,False,1,False,486,False,,True,INEP - INSTITUTO NACIONAL DE ESTUDOS E PESQUISAS EDUCACIONAIS ANÍSIO TEIXEIRA,Bianual,Estadual       ,DESEMPENHO NAS AVALIAÇÕES DO SAEB X INDICADOR DE RENDIMENTO,"TRATA-SE DE INDICADOR BIANUAL, POR ISTO 2028 E 2030 NÃO É POSSÍVEL APRESENTAR OS ÍNDICES; BEM COMO AS METAS APRESENTADAS NÃO SÃO METAS OFICIAIS DO INEP, TRATANDO-SE DE REFERÊNCIAS TÉCNICAS PARA PLANEJAMENTO, JÁ QUE NÃO HÁ UM PLANO OFICIAL PARA 2027/2031 (BRASIL, 2026). PARA 2028, FOI LANÇADO O VALOR DE 0,01 COMO ÍNDICE, POSTO QUE O SISTEMA NÃO DEIXA SALVAR COMO 0,00.","TRATA-SE DE INDICADOR BIANUAL, POR ISTO 2028 E 2030 NÃO É POSSÍVEL APRESENTAR OS ÍNDICES; BEM COMO AS METAS APRESENTADAS NÃO SÃO METAS OFICIAIS DO INEP, TRATANDO-SE DE REFERÊNCIAS TÉCNICAS PARA PLANEJAMENTO, JÁ QUE NÃO HÁ UM PLANO OFICIAL PARA 2027/2031 (BRASIL, 2026). PARA 2028, FOI LANÇADO O VALOR DE 0,01 COMO ÍNDICE, POSTO QUE O SISTEMA NÃO DEIXA SALVAR COMO 0,00.",,False,MAIOR
133,MINAS GERAÇÃO DE VALOR,False,PARTICIPAÇÃO DE MINAS GERAIS NO PIB BRASILEIRO,False,%,9,False,31/12/2024,91,False,92,False,915,False,925,False,FUNDAÇÃO JOÃO PINHEIRO - FJP,Anual,Estadual       ,PIB DE MINAS GERAIS DIVIDIDO PELO PIB DO BRASIL,,,,False,MAIOR
149,TRANSFORMAÇÃO DIGITAL E ATENDIMENTO AO CIDADÃO,False,COEFICIENTE DE EFICIÊNCIA DAS UAIS,False,Percentual,97.9,False,01/01/2023,98,False,98,False,98,False,98,False,SISTEMA DE GESTÃO DE ATENDIMENTO,Anual,Estadual       ,"COEF = PGS*0,5 + TE*0,4 + QS*0,1  ONDE:  PGS= PONTUAÇÃO OBTIDA A PARTIR DO GRAU DE SATISFAÇÃO DO CIDADÃO, AVALIADO NO MOMENTO DO ATENDIMENTO NO GUICHÊ  TE = PONTUAÇÃO OBTIDA A PARTIR DO TEMPO DE ESPERA MÉDIO DE TODOS OS SERVIÇOS  QS = PONTUAÇÃO QUANTIDADE DE SENHAS ATENDIDAS EM RELAÇÃO A QUANTIDADE DE SENHAS EMITIDAS",,,,False,MAIOR
156,GESTÃO DA CIDADE ADMINISTRATIVA,False,ÍNDICE DE DISPONIBILIDADE DE ELEVADORES NA CIDADE ADMINISTRATIVA ,False,%,96.63,False,30/04/2025,90,False,91,False,92,False,93,False,RELATÓRIO TÉCNICO MENSAL DISPONIBILIZADO PELA EMPRESA DE MANUTENÇÃO DOS ELEVADORES ,Anual,Estadual       ,SOMATÓRIO DISPONIBILIDADE DOS ELEVADORES / SOMATÓRIO QUANTIDADE DE ELEVADORES ,,,,False,MAIOR
7,EDUCAÇÃO SUPERIOR,False,PERCENTUAL DE PROGRAMAS DE PÓS-GRADUAÇÃO STRICTO SENSU COM PADRÃO DE EXCELÊNCIA INTERNACIONAL ,False,%,6,False,31/07/2024,83,False,125,False,125,False,125,False,PRÓ-REITORIA DE PÓS-GRADUAÇÃO,Anual,Regional       ,"(X/Y)*100, X: NÚMERO DE PROGRAMAS DE PÓS-GRADUAÇÃO STRICTO SENSU COM CONCEITO 6 OU 7, Y: NÚMERO TOTAL DE PROGRAMAS DE PÓS-GRADUAÇÃO STRICTO SENSU",,,,False,MAIOR
167,PROGRAMA ESTADUAL DE DESENVOLVIMENTO DA EDUCAÇÃO BÁSICA,False,IDEB ANOS FINAIS DO ENSINO FUNDAMENTAL ,False,número absoluto,4.6,False,07/08/2026,556,False,1,False,578,False,,True,INEP - INSTITUTO NACIONAL DE ESTUDOS E PESQUISAS EDUCACIONAIS ANÍSIO TEIXEIRA,Bianual,Estadual       ,DESEMPENHO NAS AVALIAÇÕES DO SAEB X INDICADOR DE RENDIMENTO,"TRATA-SE DE INDICADOR BIANUAL, POR ISTO 2028 E 2030 NÃO É POSSÍVEL APRESENTAR OS ÍNDICES; BEM COMO AS METAS APRESENTADAS NÃO SÃO METAS OFICIAIS DO INEP, TRATANDO-SE DE REFERÊNCIAS TÉCNICAS PARA PLANEJAMENTO, JÁ QUE NÃO HÁ UM PLANO OFICIAL PARA 2027/2031 (BRASIL, 2026). PARA 2028, FOI LANÇADO O VALOR DE 0,01 COMO ÍNDICE, POSTO QUE O SISTEMA NÃO DEIXA SALVAR COMO 0,00.","TRATA-SE DE INDICADOR BIANUAL, POR ISTO 2028 E 2030 NÃO É POSSÍVEL APRESENTAR OS ÍNDICES; BEM COMO AS METAS APRESENTADAS NÃO SÃO METAS OFICIAIS DO INEP, TRATANDO-SE DE REFERÊNCIAS TÉCNICAS PARA PLANEJAMENTO, JÁ QUE NÃO HÁ UM PLANO OFICIAL PARA 2027/2031 (BRASIL, 2026). PARA 2028, FOI LANÇADO O VALOR DE 0,01 COMO ÍNDICE, POSTO QUE O SISTEMA NÃO DEIXA SALVAR COMO 0,00.",,False,MAIOR
29,REGISTRO PÚBLICO DE EMPRESAS MERCANTIS E ATIVIDADES AFINS,False,"TEMPO MÉDIO PARA DECISÃO SINGULAR REFERENTE ÀS CONSTITUIÇÕES DE EMPRESÁRIO, SOCIEDADE LTDA E COOPERATIVA PROTOCOLADAS EM HORA ÚTIL.",False,Hora,24,False,31/07/2024,7,False,64,False,62,False,6,False,JUCEMG,Anual,Estadual       ,FÓRMULA: SOMA DOS TEMPOS / TOTAL DE ENTRADAS,,,,False,MENOR
4,CGE INTEGRADA E EFICIENTE,False,PERCENTUAL DE EXECUÇÃO DO PLANO DE ATIVIDADE DE CONTROLE INTERNO,False,Percentual,74.95,False,31/05/2023,85,False,85,False,90,False,90,False,CONTROLADORIA-GERAL DO ESTADO,Anual,Estadual       ,"PERCENTUAL DE EXECUÇÃO DO PLANO DE ATIVIDADES DE CONTROLE INTERNO = (AÇÕES EXECUTADAS EM TRANSPARÊNCIA, INTEGRIDADE E CONTROLE SOCIAL + AÇÕES EXECUTADAS EM AUDITORIA + AÇÕES EXECUTADAS EM CORREIÇÃO) / (AÇÕES PLANEJADAS EM TRANSPARÊNCIA, INTEGRIDADE E CONTROLE SOCIAL + AÇÕES PLANEJADAS EM AUDITORIA + AÇÕES PLANEJADAS EM CORREIÇÃO) * 100",,,,False,MAIOR
167,PROGRAMA ESTADUAL DE DESENVOLVIMENTO DA EDUCAÇÃO BÁSICA,False,PROFICIÊNCIA MÉDIA DOS ESTUDANTES DA REDE ESTADUAL  DO 3° ANO DO ENSINO MÉDIO EM MATEMÁTICA (SIMAVE) ,False,número absoluto,269.4,False,08/06/2026,26059,False,26158,False,26257,False,26356,False,SISTEMA MINEIRO DE AVALIAÇÃO E EQUIDADE DA EDUCAÇÃO PÚBLICA - SIMAVE,Anual,Estadual       ,MÉDIA DA PROFICIÊNCIA DOS ESTUDANTES AVALIADOS EM MATEMÁTICA.,,,,False,MAIOR
42,DESENVOLVIMENTO DA EDUCAÇÃO BÁSICA,False,NÚMERO DE ALUNOS ATENDIDOS NA AMPLIAÇÃO DA JORNADA ESCOLAR COM CRESCIMENTO NAS AVALIAÇÕES ESCOLAR ,False,UNIDADE,520,False,20/07/2025,520,False,520,False,520,False,520,False,RELATÓRIO EXPEDIDO PELA GERÊNCIA DE ENSINO BÁSICO ,Mensal,Estadual       ,"SOMATÓRIO DE ALUNOS PARTICIPANTES DAS ATIVIDADES OFERTADAS NA JORNADA ESCOLAR QUE RESULTARAM CRESCIMENTO NAS AVALIAÇÕES ESCOLARES NAS DISCIPLINAS DE PORTUGUÊS, MATEMÁTICA OU CIÊNCIAS. CÁLCULO DE DESEMPENHO: FAIXAS DE DESEMPENHO RESULTADO DE 300 A 360 ALUNOS COM REGISTRO DE ÍNDICES DE CRESCIMENTO NAS AVALIÇÕES ESCOLARES: PORTUGUÊS, MATEMÁTICA OU CIÊNCIAS - NOTA: 10 DE 299 A 239 ALUNOS COM REGISTRO DE ÍNDICES DE CRESCIMENTO NAS AVALIÇÕES ESCOLARES: PORTUGUÊS, MATEMÁTICA OU CIÊNCIAS ",,,,False,MAIOR
7,EDUCAÇÃO SUPERIOR,False,TAXA DE PERMANÊNCIA HOSPITALAR (TPH),False,Dia,6.43,False,31/12/2024,65,False,65,False,65,False,65,False,HOSPITAL UNIVERSITÁRIO CLEMENTE DE FARIA - HUCF,Anual,Municipal      ,TAXA DE PERMANÊNCIA HOSPITALAR = (NÚMERO DE PACIENTES POR DIA)/TOTAL DE SAÍDAS,,,,False,MENOR
75,AMPLIAÇÃO E MODERNIZAÇÃO DA FUNDAÇÃO HELENA ANTIPOFF,False,PERCENTUAL DO COMPLEXO EXPORTIVO REVITALIZADO ,False,%,20,False,20/07/2025,20,False,30,False,30,False,30,False,GERÊNCIA DE LOGÍSTICA E SERVIÇOS GERAIS,Anual,Estadual       , PERCENTUAL EXECUTADO = CUSTO DA ETAPA CONCLUIDA / CUSTO TOTAL DA OBRA*100 ,,,,False,MAIOR
22,"CONSTRUINDO O FUTURO POR MEIO DA CIÊNCIA, DA TECNOLOGIA E DA INOVAÇÃO",False,VARIAÇÃO PERCENTUAL DO NÚMERO DE PUBLICAÇÕES DE ARTIGOS EM REVISTA INDEXADA DERIVADOS DE PROJETOS FINANCIADOS PELA FAPEMIG,False,%,1,False,31/12/2022,101,False,101,False,101,False,101,False,RELATÓRIO DE ATIVIDADES FAPEMIG,Anual,Estadual       ,NÚMERO DE PUBLICAÇÕES EM REVISTA INDEXADA NO ANO EM RELAÇÃO AO ANO ANTERIOR,,,,False,MAIOR
126,EXPLORAÇÃO DE JOGOS LOTÉRICOS E SIMILARES,False,INDICE DE SUSTENTABILIDADE DA EXPLORAÇÃO DOS JOGOS LOTÉRICOS E SIMILARES,False,Número Índice,2.99,False,21/08/2026,147,False,147,False,147,False,147,False,LOTERIA DO ESTADO DE MINAS GERAIS,Anual,Estadual       ,"VALOR ARRECADADO COM A EXPLORAÇÃO DE JOGOS LOTÉRICOS E SIMILARES, SOMADOS AOS RECURSOS FINACEIROS DISPONÍVEIS ATÉ O EXERCÍCIO ANTERIOR PARA LIVRE UTILIZAÇÃO, DEDUZINDO O VALOR TOTAL DESTINADO AO FUNCIONAMENTO DA LEMG, INCLUINDO PESSOAL ATIVO E INATIVO, DIVIDIDO PELO VALOR TOTAL DESTINADO AO FUNCIONAMENTO DA LEMG, INCLUINDO PESSOAL ATIVO E INATIVO. ",,,,False,MAIOR
48,PROTEÇÃO E DEFESA CIVIL,False,ÍNDICE DE ATENDIMENTO AOS MUNICÍPIOS,False,Percentual,100,False,03/01/2025,100,False,100,False,100,False,100,False,GABINETE MILITAR DO GOVERNADOR (SISTEMA DE DEFESA CIVIL DE MG),Anual,Estadual       ,TOTAL DE MUNICÍPIOS ATENDIDOS X 100 / TOTAL DE MUNICÍPIOS QUE SOLICITARAM APOIO,,,,False,MAIOR
42,DESENVOLVIMENTO DA EDUCAÇÃO BÁSICA,False,TAXA DE CONCLUSÃO DO 9º ANO DO ENSINO FUNDAMENTAL ,False,%,80,False,25/07/2024,88,False,87,False,88,False,88,False,RELATORIO EXPEDIDO PELA GERENCIA DE ENSINO BÁSICO ,Anual,Estadual       ,(Nº DE ALUNOS CONCLUINTES DO 9º ANO /Nº TOTAL DE ALUNO INGRESSANTES NO 9º ANO) X100,,,,False,MAIOR
146,PROMOÇÃO DA POLÍTICA SOCIOEDUCATIVA PARA ATENDIMENTO AOS ADOLESCENTES EM CONFLITO COM A LEI,False,ÍNDICE ENSINO,False,%,95.45,False,16/07/2026,96,False,96,False,96,False,96,False,PAINEL SUASE ,Anual,Estadual       ,((MÉDIA ANUAL DO INDICADOR MATRÍCULA * 2) + (MÉDIA ANUAL DO INDICADOR FREQUÊNCIA * 2) + (MÉDIA ANUAL DO INDICADOR OFICINA DE INCENTIVO AOS ESTUDOS * 1)) / 5.,,,,False,MAIOR
167,PROGRAMA ESTADUAL DE DESENVOLVIMENTO DA EDUCAÇÃO BÁSICA,False,PROFICIÊNCIA MÉDIA DOS ESTUDANTES DA REDE ESTADUAL NO 5° ANO DO ENSINO FUNDAMENTAL EM MATEMÁTICA (SIMAVE) ,False,número absoluto,227.2,False,06/08/2026,23541,False,23818,False,24095,False,24372,False,SISTEMA MINEIRO DE AVALIAÇÃO E EQUIDADE DA EDUCAÇÃO PÚBLICA - SIMAVE,Anual,Estadual       ,MÉDIA DA PROFICIÊNCIA DOS ESTUDANTES AVALIADOS EM MATEMÁTICA.,,,,False,MAIOR
39,GESTÃO DA ASSISTÊNCIA À SAÚDE,False,PERCENTUAL DE EXECUÇÃO DO TETO CONTRATUAL DE ATENDIMENTOS DA REDE DE PRESTADORES,False,Percentual,76.24,False,30/06/2026,90,False,90,False,90,False,90,False,SISTEMA DE AUTORIZAÇÃO E FATURAMENTO ELETRÔNICO (SAFE) E SISTEMA DE ASSISTÊNCIA DESCENTRALIZADA DE SAÚDE (SADS),Mensal,Estadual       ,(SOMATÓRIO DOS VALORES DE AUTORIZAÇÕES EXECUTADOS NOS CONTRATOS VIGENTES / SOMATÓRIO DOS TETOS DE EXECUÇÃO DOS CONTRATOS VIGENTES) × 100,,,,True,MAIOR
146,PROMOÇÃO DA POLÍTICA SOCIOEDUCATIVA PARA ATENDIMENTO AOS ADOLESCENTES EM CONFLITO COM A LEI,False,ÍNDICE GERAL DE ATENDIMENTO,False,%,89.61,False,16/07/2026,92,False,94,False,95,False,95,False,PAINEL SUASE ,Anual,Estadual       ,(MÉDIA ANUAL DO ÍNDICE ENSINO + MÉDIA ANUAL DO ÍNDICE ESPORTE E CULTURA + MÉDIA ANUAL DO ÍNDICE FAMÍLIA + MÉDIA ANUAL DO ÍNDICE SAÚDE + MÉDIA ANUAL DO ÍNDICE PROFISSIONALIZAÇÃO + MÉDIA ANUAL DO ÍNDICE ATENDIMENTO TÉCNICO + MÉDIA ANUAL DO ÍNDICE PIA PACTUADO) /7,,,,False,MAIOR
88,SERVIÇOS DE SAÚDE PRESTADOS PELO IPSEMG NA REDE PRÓPRIA,False,MÉDIA MENSAL DE PROCEDIMENTOS REALIZADOS - GEODONT    ,False,Procedimentos/mês,10547,False,30/06/2026,10294,False,10809,False,11349,False,11917,False,SAFE - SISTEMA DE AUTORIZAÇÃO E FATURAMENTO ELETRÔNICO DO IPSEMG.     ,Mensal,Municipal      ,NÚMERO DE PROCEDIMENTOS REALIZADOS NA GEODONT/ NÚMERO DE MESES APURADOS    ,,,,False,MAIOR
1,MINAS ÍNTEGRA E TRANSPARENTE,False,Percentual de cumprimento dos itens do ranking do Programa Nacional de Transparência Pública (PNTP),False,Percentual,85,False,31/12/2025,85,False,85,False,85,False,85,False,Controladoria-Geral do Estado de Minas Gerais,Anual,Regional       ,((Quantidade de itens disponíveis no Portal Transparência MG) / (Quantidade de itens do ranking PNTP)) * 100.,,,,True,MAIOR
90,ASSISTÊNCIA TECNICA E EXTENSÃO RURAL PARA O ESTADO DE MINAS GERAIS,False,ATENDIMENTOS REALIZADOS EM HORTALIÇAS E FRUTAS,False, Nº de Atendimentos Realizados,300000,False,31/12/2022,300000,False,300000,False,300000,False,,False,EMATER MG/DEPGE,Anual,Estadual       ,NÃO SE APLICA. VALOR ABSOLUTO.,,,,False,MAIOR
94,GERAÇÃO DE ENERGIA ELÉTRICA ,False,TAXA DE CRESCIMENTO ANUAL DA CAPACIDADE INSTALADA DE GERAÇÃO DE ENERGIA ELÉTRICA,False,%,-0.28,False,22/01/2026,-3713,False,1,False,1,False,1,False,GERÊNCIA DE PLANEJAMENTO ENERGÉTICO (EO/PE),Anual,Estadual       ,[(CAPACIDADE INSTALADA DE GERAÇÃO DE ENERGIA ELÉTRICA ATUAL - CAPACIDADE INSTALADA DO ANO ANTERIOR) / (CAPACIDADE INSTALADA DO ANO ANTERIOR)]*100,,,,False,MAIOR
6,ASSISTÊNCIA À SAÚDE DOS SEGURADOS E DOS SEUS DEPENDENTES,False,GASTO PER CAPITA COM A SAÚDE DO BENEFICIÁRIO DO IPSM,False,R$ mil por ano,3845.24,False,16/08/2023,542544,False,594657,False,651616,False,,False,DRAT/GAS/DS,Anual,Estadual       ,{ TOTAL DO PROCESSAMENTO COM AS DESPESAS DE ASSISTÊNCIA À SAÚDE SEM A RECE ORGÂNICA (DESPESAS EXECUTADAS + FATURAMENTO REDE CREDENCIADA COM ODONTO + PRÓ-LABORE REDE ORGÂNICA + LICITADOS + REDE 4 + TRIPARTITE) - COPARTICIPAÇÃO } / (PÚBLICO-ALVO TOTAL DE BENEFICIÁRIOS),,,,False,MAIOR
92,TRANSMISSÃO DE ENERGIA ELÉTRICA,False,TAXA DE EXPANSÃO DO SISTEMA DE TRANSMISSÃO,False,%,0.01,False,28/01/2026,328,False,1,False,1,False,-125,False,REFORÇOS E MELHORIAS TRANSMISSÃO EO/RM ,Anual,Estadual       ,[(POTÊNCIA ATUAL DE TRANSFORMAÇÃO INSTALADA (MVA) - POTÊNCIA TRANSFORMAÇÃO INSTALADA (MVA) ANO ANTERIOR)/ (POTÊNCIA TRANSFORMAÇÃO INSTALADA (MVA) ANO ANTERIOR)]*100,,RESULTADOS APURADOS DENTRO DO CRESCIMENTO PREVISTO PARA O SEGMENTO,,False,MAIOR
143,"MG TECH - POLÍTICAS DE CIÊNCIA, TECNOLOGIA E INOVAÇÃO",False,EXECUÇÃO INTEGRAL DO 1% CONSTITUCIONAL DE CT&I,False,%,100,False,31/12/2024,100,False,100,False,100,False,100,False,SISTEMA DE INTEGRADO DE ADMINISTRAÇÃO FINANCEIRA   SIAFI / FUNDAÇÃO DE AMPARO À PESQUISA DE MINAS GERAIS - FAPEMIG  ,Anual,Estadual       ,TOTAL DA DESPESA EMPENHADA EM FONTE 10 NA U.O. FAPEMIG / 1 (UM) POR CENTO DA RECEITA ORÇAMENTÁRIA CORRENTE ORDINÁRIA,,,,False,MAIOR
102,FOMENTO À ECONOMIA DA CRIATIVIDADE,False,PROJETOS ANUALMENTE APROVADOS PELO FEC E LEIC,False,Projeto Aprovado,1908,False,31/12/2025,1537,False,1577,False,1612,False,1591,False,"SECRETARIA DE ESTADO DE CULTURA E TURISMO - SECULT, FAOP, FCS, IEPHA, EMC",Anual,Estadual       ,SOMATÓRIO DE PROJETOS APROVADOS,,,,False,MAIOR
90,ASSISTÊNCIA TECNICA E EXTENSÃO RURAL PARA O ESTADO DE MINAS GERAIS,False,ATENDIMENTOS REALIZADOS EM INCLUSÃO PRODUTIVA,False, Nº de Atendimentos Realizados,480000,False,31/12/2022,480000,False,480000,False,480000,False,,False,EMATER MG/DEPGE,Anual,Estadual       ,NÃO SE APLICA. VALOR ABSOLUTO.,,,,False,MAIOR
129,PREVENÇÃO À CRIMINALIDADE,False,PERCENTUAL DE ALTERNATIVAS PENAIS CUMPRIDAS,False,%,73,False,30/06/2025,745,False,75,False,755,False,7575,False,SUBSECRETARIA DE PREVENÇÃO SOCIAL À CRIMINALIDADE,Anual,Estadual       ,(NÚMERO DE ALTERNATIVAS PENAIS QUE BAIXADAS POR CUMPRIMENTO INTEGRAL OU INDULTO / TOTAL DE PENAS BAIXADAS NO PROGRAMA NO PERÍODO) X 100,,,,False,MAIOR
746,CONTROLE EXTERNO DA GESTÃO DOS RECURSOS PÚBLICOS,False,ÍNDICE DE DELIBERAÇÃO DE PROCESSOS DE ATOS DE PESSOAL COM ANO REFERÊNCIA A PARTIR DE 2022,False,%,96.59,False,31/12/2024,80,False,80,False,80,False,80,False,TRIBUNAL DE CONTAS DO ESTADO DE MINAS GERAIS,Anual,Estadual       ,"(NÚMERO DE PROCESSOS DE ATOS DE PESSOAL CONCESSÓRIOS DELIBERADOS, COM ANO DE REFERÊNCIA DOS ÚLTIMOS 6 EXERCÍCIOS (2022 A 2027) / NÚMERO DE PROCESSOS DE ATOS DE PESSOAL CONCESSORIOS AUTUADOS NO EXERCÍCIO ANTERIOR 2026) * 100",,,,False,MAIOR
134,GESTÃO INTEGRADA DE SEGURANÇA PÚBLICA,False,ÍNDICE DE APURAÇÃO DE DENÚNCIAS RECEBIDAS NO DISQUE DENÚNCIA UNIFICADO,False,Percentual %                  ,82,False,18/07/2025,80,False,80,False,80,False,80,False,SISTEMA DE INFORMAÇÃO DO DISQUE DENÚNCIA UNIFICADO,Anual,Estadual       ,DENÚNCIAS APURADAS (DA) = DENÚNCIAS RESPONDIDAS/TOTAL DE DENÚNCIAS ACATADAS,,,,False,MAIOR
157,GESTÃO DO PLANEJAMENTO ORÇAMENTÁRIO GOVERNAMENTAL ,False,SUCESSO DO PLANEJAMENTO ORÇAMENTÁRIO,False,%,87.92,False,07/09/2025,89,False,90,False,91,False,92,False,SEPLAG / SPLOR,Anual,Estadual       ,DESPESA LIQUIDADA / DESPESA TOTAL ATUALIZADA ,,,,False,MAIOR
146,PROMOÇÃO DA POLÍTICA SOCIOEDUCATIVA PARA ATENDIMENTO AOS ADOLESCENTES EM CONFLITO COM A LEI,False,ÍNDICE FAMÍLIA,False,%,87.37,False,16/07/2026,90,False,92,False,93,False,95,False,PAINEL SUASE ,Anual,Estadual       ,(MÉDIA ANUAL DO INDICADOR ATENDIMENTO TÉCNICO FAMILIAR PRESENCIAL + MÉDIA ANUAL DO INDICADOR ATENDIMENTO TÉCNICO FAMILIAR REMOTO + MÉDIA ANUAL DO INDICADOR PARTICIPAÇÃO EM ENCAMINHAMENTOS + MÉDIA ANUAL DO INDICADOR CONTATO FAMILIAR REMOTO) / 4,,,,False,MAIOR
7,EDUCAÇÃO SUPERIOR,False,ÍNDICE DE PESQUISA E INOVAÇÃO POR DOCENTES DOUTORES,False,Produção por Doutor,0.5,False,31/12/2025,47,False,48,False,49,False,5,False,PRÓ-REITORIA DE PESQUISA,Anual,Regional       ,(X/Y) X= SOMATÓRIO DE PESQUISA E INOVAÇÃO INSTITUCIONALIZADOS VIGENTES Y= TOTAL DE DOCENTES DOUTORES,,,,False,MAIOR
28,DESENVOLVIMENTO DE AÇÕES DE EDUCAÇÃO E PESQUISA PARA O SISTEMA ÚNICO DE SAÚDE,False,PERCENTUAL DE ABRANGÊNCIA DAS AÇÕES DE ENSINO E PESQUISA DA ESP-MG ,False,%,99,False,31/12/2024,95,False,95,False,95,False,95,False,RELATÓRIO EMITIDO PELAS UNIDADES ADMINISTRATIVAS CONTENDO A REGIONALIZAÇÃO DAS AÇÕES DE ENSINO. ,Anual,Estadual       ,(NÚMERO DE MUNICÍPIOS COM PELO MENOS 1 ALUNO MATRICULADO / NÚMERO TOTAL DE MUNICÍOS DE MINAS GERAIS) X 100,,,,False,MAIOR
132,MINAS EMPREENDEDORA: ESTADO MAIS SIMPLES E LIVRE PARA SE EMPREENDER,False,PARTICIPAÇÃO DE MINAS GERAIS NO PIB BRASILEIRO,False,%,9,False,31/12/2024,91,False,92,False,915,False,925,False,FUNDAÇÃO JOÃO PINHEIRO (FJP),Anual,Estadual       ,PIB DE MINAS GERAIS DIVIDIDO PELO PIB DO BRASIL ,,,,False,MAIOR
91,APRIMORAMENTO DA GESTÃO PÚBLICA POR MEIO DE ENSINO DE EXCELÊNCIA,False,ARTIGOS ACADÊMICOS ACEITOS OU PUBLICADOS EM REVISTAS ESPECIALIZADAS PELOS DOSCENTES DO MESTRADO,False,número absoluto,,True,,11,False,11,False,11,False,11,False,ESCOLA DE GOVERNO PROFESSOR PAULO NEVES DE CARVALHO,Anual,Nacional ," NÚMERO DE ARTIGOS ACEITOS OU PUBLICADOS POR DOCENTES DO PROGRAMA DE MESTRADO EM ADMINISTRAÇÃO PÚBLICA EM REVISTAS ESPECIALIZADAS. EM CASO DE COAUTORIA ENTRE INTEGRANTES DO CORPO DOCENTE, O ARTIGO PODERÁ SER CONSIDERADO NO MÁXIMO DUAS VEZES PARA O CÁLCULO DO INDICADOR, SEGUINDO OS CRITÉRIOS ESTABELECIDOS PELA COORDENAÇÃO DE APERFEIÇOAMENTO DE PESSOAL DE NÍVEL SUPERIOR (CAPES), NA FICHA DE AVALIAÇÃO DA ÁREA DE ADMINISTRAÇÃO PÚBLICA E DE EMPRESAS, CIÊNCIAS CONTÁBEIS E TURISMO.",,"QUANTO À INEXISTÊNCIA DOS ÍNDICES DE REFERÊNCIA, OS MESMOS ESTÃO EM APURAÇÃO. TRATAM-SE DE INDICADORES NOVOS E NÃO CONSEGUIMOS APURAR O ""PARA TRÁS"" A TEMPO.",,True,MAIOR
12,POLÍTICA PÚBLICA DE METROLOGIA E AVALIAÇÃO DA CONFORMIDADE,False,"AVALIAÇÃO DA CONFORMIDADE DE INSUMOS, PRODUTOS E SERVIÇOS (VISITAS)",False,Número,645,False,12/08/2025,645,False,645,False,645,False,645,False,INSTITUTO DE METROLOGIA E QUALIDADE DO ESTADO DE MINAS GERAIS - IPEM - MG,Mensal,Estadual       ,"A APURAÇÃO É FEITA PELO SISTEMA DE GESTÃO INTEGRADA - SGI/INMETRO, COM RELATÓRIOS DAS FISCALIZAÇÕES REALIZADAS. TODA FISCALIZAÇÃO É FEITA COM COLETORES DE DADOS(NOTEBOOKS) INTEGRADOS AO SGI DE FORMA SINCRONIZADA, SENDO MENSALMENTE APURADO O NÚMERO DE  FISCALIZAÇÕES.",,ALTERAÇÃO SOLICITADA PELA DIRETORIA DE METROLOGIA E QUALIDADE,,False,MAIOR
42,DESENVOLVIMENTO DA EDUCAÇÃO BÁSICA,False,NUMERO DE ESTUDANTE SELECIONADO NO PROJETO CIDADÃO GLOBAL DE MINAS PARA O MUNDO PARA INTERCAMBIO,True,UNIDADE,20,False,25/07/2024,40,False,40,False,40,False,,False,RELATORIO EXPEDIDO PELA GERÊNCIA DE PROJETOS E RESULTADOS ,Anual,Estadual       ,NUMERO DE ESTUDANTES SELECIONADOS E ENVIADOS PARA REALIZAÇÃO DO ENTERCAMBIO ESTUDANTIL.,,,,False,MAIOR
760,CAPACITAÇÃO E ORIENTAÇÃO PARA MELHORAR A GESTÃO DOS RECURSOS PÚBLICOS,False,PERCENTUAL DE MUNICÍPIOS DO ESTADO DE MINAS GERAIS ABRANGIDOS PELAS AÇÕES DE CAPACITAÇÃO REALIZADAS PELO TRIBUNAL.,False,%,76,False,31/12/2024,76,False,76,False,76,False,76,False,ESCOLA DE CONTAS E CAPACITAÇÃO PROFESSOR PEDRO ALEIXO,Mensal,Estadual       ,(NÚMERO DE MUNICÍPIOS DO ESTADO DE MINAS GERAIS ABRANGIDOS PELAS AÇÕES DE CAPACITAÇÃO / TOTAL DE MUNICÍPIOS DO ESTADO DE MINAS GERAIS) * 100.,"Os índices correspondentes aos exercícios de 2029 e 2030 ainda não foram elaborados, uma vez que dependem de definições, levantamentos e consolidação de informações que serão estabelecidas em momento oportuno, conforme o processo de planejamento institucional. Assim, até a presente data, não existem parâmetros oficialmente definidos que permitam sua apuração e registro.",,,False,MAIOR
146,PROMOÇÃO DA POLÍTICA SOCIOEDUCATIVA PARA ATENDIMENTO AOS ADOLESCENTES EM CONFLITO COM A LEI,False,ÍNDICE PIA PACTUADO,False,%,83.96,False,16/07/2026,88,False,92,False,95,False,95,False,PAINEL SUASE ,Anual,Estadual       ,(MÉDIA ANUAL DO INDICADOR PIA PROTOCOLADO + MÉDIA ANUAL DO PARTICIPAÇÃO NO PIA) / 2,,,,False,MAIOR
87,"ASSISTÊNCIA EM HEMATOLOGIA, HEMOTERAPIA,CÉLULAS E TECIDOS BIOLÓGICOS",False,TAXA DE APROVEITAMENTO DE HEMOCOMPONENTES,False,%,60,False,31/12/2020,80,False,80,False,80,False,80,False,FUNDAÇÃO HEMOMINAS/DIRETORIA TÉCNICO CIENTÍFICA,Anual,Estadual       ,((PRODUÇÃO TOTAL DE BOLSAS DE HEMOCOMPONENTES ¿ PERDA TÉCNICA) / PRODUÇÃO TOTAL DE BOLSAS DE HEMOCOMPONENTES) * 100,,,,False,MAIOR
82,PROMOÇÃO DA SEGURANÇA VIÁRIA,False,NÚMERO DE ACIDENTES POR 10.000 HABITANTES ,False,UNIDADE,20,False,20/07/2026,17,False,16,False,15,False,14,False,DEPARTAMENTO DE ESTRADAS DE RODAGEM DO ESTADO DE MINAS GERAIS - DER/MG. ,Anual,Estadual       ,TAXA DE ACIDENTES = MÉDIA (NÚMERO DE ACIDENTES DO ESTADO DE MINAS GERAIS) / (POPULAÇÃO DE MINAS GERAIS) * 10.000 HAB.,,,,False,MENOR
34,SUPORTE ÀS AÇÕES DE TRANSPORTE RODOVIÁRIO,False,DISPONIBILIDADE DA FROTA,False,Percentual,95,False,31/05/2023,95,False,95,False,95,False,95,False,DIRETORIA DE TRANSPORTE TERRESTRE DO GMG,Anual,Estadual       ,VEÍCULOS DISPONÍVEIS/ X 100 FROTA DO GMG ,,,,False,MAIOR
165,"ORGANIZAÇÃO, AVALIAÇÃO E GESTÃO ESCOLAR",False,PROFICIÊNCIA MÉDIA DOS ESTUDANTES DA REDE ESTADUAL  DO 9° ANO DO ENSINO FUNDAMENTAL  EM MATEMÁTICA (SIMAVE) ,False,número absoluto,249.3,False,06/08/2026,25441,False,25653,False,25866,False,26078,False,SISTEMA MINEIRO DE AVALIAÇÃO E EQUIDADE DA EDUCAÇÃO PÚBLICA - SIMAVE,Anual,Estadual       ,MÉDIA DA PROFICIÊNCIA DOS ESTUDANTES AVALIADOS EM MATEMÁTICA. ,,,,False,MAIOR
71,FORTALECIMENTO DO SISTEMA ÚNICO DE ASSISTÊNCIA SOCIAL - SUAS,False,PERCENTUAL DE MUNICÍPIOS APOIADOS TÉCNICA E FINANCEIRAMENTE PELO ESTADO,False,Percentual,99,False,21/01/2026,99,False,99,False,100,False,100,False,"SUBSECRETARIA DE ASSISTÊNCIA SOCIAL DA SEDESE - SUPERINTENDÊNCIA DE GESTÃO DO SUAS, VIGILÂNCIA E CAPACITAÇÃO",Anual,Municipal      ,PERCENTUAL DE MUNICÍPIOS APOIADOS TÉCNICA E FINANCEIRAMENTE PELO ESTADO = QUANTIDADE DE MUNICÍPIOS APOIADOS TÉCNICA E FINANCEIRAMENTE/TOTAL DE MUNICÍPIOS DO ESTADO.,,,,False,MAIOR
62,ACESSO A SERVIÇOS DE SAÚDE,False,PACIENTES REGULADOS POR MEIO DAS CENTRAIS REGIONAIS DE REGULAÇÃO ASSISTENCIAL.,False,Paciente por ano,1392751,False,03/08/2023,1427914,False,1434959,False,1434959,False,,False,SUPERINTENDÊNCIA DE REGULAÇÃO DO ACESSO VIA SUSFÁCILMG OU SISTEMA QUE VIER A SUBSTITUÍ-LO,Anual,Estadual       ,"SOMATÓRIO DE SOLICITAÇÕES DE INTERNAÇÃO REGULADAS PELAS CENTRAIS REGIONAIS DE REGULAÇÃO ASSISTENCIAL (CRRA) E GERÊNCIA DE REGULAÇÃO DO ACESSO HOSPITALAR DE BELO HORIZONTE (GERAH/BH) REGISTRADAS NO SUSFÁCILMG OU SISTEMA QUE VIER A SUBSTITUÍ-LO, CONSIDERANDO AIH PRINCIPAL.",,,,False,MAIOR
41,REGULARIZAÇÃO AMBIENTAL,False,REDUÇÃO DO PASSIVO DE PROCESSOS DE LICENCIAMENTO AMBIENTAL,False,Percentual,85.4,False,31/12/2022,100,False,100,False,100,False,100,False,DIRETORIA DE APOIO À REGULARIZAÇÃO AMBIENTAL ,Anual,Estadual       ,(N° DE PROCESSOS FINALIZADOS - Nº DE ENTRADA DE PROCESSOS)/(PASSIVO TOTAL) X 100,,,,False,MAIOR
61,ATENÇÃO ESPECIALIZADA À SAÚDE,False,PONTOS DE ATENÇÃO DE MÉDIA COMPLEXIDADE FINANCIADOS OU COFINANCIADOS COM RECURSO ESTADUAL,False,UNIDADE,1435,False,31/07/2023,1722,False,1793,False,1793,False,1793,False,SUPERINTENDÊNCIA DE ATENÇÃO ESPECIALIZADA,Anual,Estadual       ,SOMA DOS PONTOS DE ATENÇÃO DE MÉDIA COMPLEXIDADE FINANCIADOS OU COFINANCIADOS COM RECURSOS ESTADUAIS.,,,,False,MAIOR
18,COMUNICAÇÃO INSTITUCIONAL E DE UTILIDADE PÚBLICA,False,NUMERO DE MATÉRIAS ESTRATÉGICAS ENVIADAS PARA IMPRENSA,False,UNIDADE,96,False,31/12/2025,97,False,98,False,98,False,98,False,SCP   SUPERINTENDÊNCIA CENTRAL DE Imprensa,Bimestral,Estadual       ,Nº DE MATÉRIAS ESTRATÉGICAS ENVIADAS PARA A IMPRENSA,,,,False,MAIOR
28,DESENVOLVIMENTO DE AÇÕES DE EDUCAÇÃO E PESQUISA PARA O SISTEMA ÚNICO DE SAÚDE,False,ÍNDICE DE SATISFAÇÃO DOS ALUNOS,False,%,98.41,False,31/12/2025,98,False,98,False,98,False,98,False,RELATÓRIO EMITIDO PELAS UNIDADES ADMINISTRATIVAS CONTENDO O COMPILADO DAS AVALIAÇÕES DE SATISFAÇÃO PREENCHIDAS PELOS ALUNOS,Bimestral,Estadual       ,"(SOMATÓRIO DO NÚMERO DE ALUNOS QUE AVALIARAM O CURSO COMO ""BOM"" E ""ÓTIMO"" / NÚMERO TOTAL DE ALUNOS QUE RESPONDERAM A AVALIAÇÃO) X 100 ",,,,False,MAIOR
167,PROGRAMA ESTADUAL DE DESENVOLVIMENTO DA EDUCAÇÃO BÁSICA,False,PROFICIÊNCIA MÉDIA DOS ESTUDANTES DA REDE ESTADUAL DO 5° ANO DO ENSINO FUND EM LÍNGUA PORTUGUESA (SIMAVE),False,número absoluto,217.8,False,08/06/2026,23447,False,23779,False,24111,False,24443,False,SISTEMA MINEIRO DE AVALIAÇÃO E EQUIDADE DA EDUCAÇÃO PÚBLICA - SIMAVE,Anual,Estadual       ,MÉDIA DA PROFICIÊNCIA DOS ESTUDANTES AVALIADOS EM LÍNGUA PORTUGUESA.,,,,False,MAIOR
75,AMPLIAÇÃO E MODERNIZAÇÃO DA FUNDAÇÃO HELENA ANTIPOFF,False,PERCENTUAL DE OBRA CONCLUIDA,False,%,15,False,25/07/2025,25,False,30,False,30,False,30,False,GERÊNCIA DE LOGÍSTICA E SERVIÇOS GERAIS / ENGENHARIA,Anual,Municipal      ,TOTAL ANUAL = PERCENTUAL EXECUTADO = CUSTO DA ETAPA CONCLUIDA / CUSTO TOTAL DA OBRA ,,,,False,MAIOR
